i,j
2635,2930
2926,2927
2926,3221
2927,2928
2927,3222
2928,2929
2928,3223
2929,2930
2929,3224
2930,2931
2930,3225
2931,2932
2931,3226
2932,3227
3220,3221
3220,3515
3221,3222
3221,3516
3222,3223
3222,3517
3223,3224
3223,3518
3224,3225
3224,3519
3225,3226
3225,3520
3226,3227
3226,3521
3227,3228
3227,3522
3228,3523
3514,3515
3514,3809
3515,3516
3515,3810
3516,3517
3516,3811
3517,3518
3517,3812
3518,3519
3518,3813
3519,3520
3519,3814
3520,3521
3520,3815
3521,3522
3521,3816
3522,3523
3522,3817
3523,3524
3523,3818
3524,3819
3809,3810
3809,4104
3810,3811
3810,4105
3811,3812
3811,4106
3812,3813
3812,4107
3813,3814
3813,4108
3814,3815
3814,4109
3815,3816
3815,4110
3816,3817
3816,4111
3817,3818
3817,4112
3818,3819
3818,4113
3819,4114
4103,4104
4103,4398
4104,4105
4104,4399
4105,4106
4105,4400
4106,4107
4106,4401
4107,4108
4107,4402
4108,4109
4108,4403
4109,4110
4109,4404
4110,4111
4110,4405
4111,4112
4111,4406
4112,4113
4112,4407
4113,4114
4113,4408
4114,4409
4398,4399
4398,4693
4399,4400
4399,4694
4400,4401
4400,4695
4401,4402
4401,4696
4402,4403
4402,4697
4403,4404
4403,4698
4404,4405
4404,4699
4405,4406
4405,4700
4406,4407
4406,4701
4407,4408
4407,4702
4408,4409
4408,4703
4409,4704
4693,4694
4693,4988
4694,4695
4694,4989
4695,4696
4695,4990
4696,4697
4696,4991
4697,4698
4697,4992
4698,4699
4698,4993
4699,4700
4699,4994
4700,4701
4700,4995
4701,4702
4701,4996
4702,4703
4702,4997
4703,4704
4703,4998
4988,4989
4988,5283
4989,4990
4989,5284
4990,4991
4990,5285
4991,4992
4991,5286
4992,4993
4992,5287
4993,4994
4993,5288
4994,4995
4994,5289
4995,4996
4995,5290
4996,4997
4996,5291
4997,4998
4997,5292
5282,5283
5283,5284
5283,5578
5284,5285
5284,5579
5285,5286
5285,5580
5286,5287
5286,5581
5287,5288
5287,5582
5288,5289
5288,5583
5289,5290
5289,5584
5290,5291
5290,5585
5291,5292
5291,5586
5292,5587
5298,5299
5298,5593
5299,5594
5578,5579
5578,5873
5579,5580
5579,5874
5580,5581
5580,5875
5581,5582
5581,5876
5582,5583
5582,5877
5583,5584
5583,5878
5584,5585
5584,5879
5585,5586
5585,5880
5586,5587
5586,5881
5592,5593
5593,5594
5593,5888
5594,5595
5594,5889
5595,5890
5873,5874
5873,6168
5874,5875
5874,6169
5875,5876
5875,6170
5876,5877
5876,6171
5877,5878
5877,6172
5878,5879
5878,6173
5879,5880
5879,6174
5880,5881
5880,6175
5888,5889
5888,6183
5889,5890
5889,6184
5890,5891
5890,6185
5891,6186
6165,6166
6166,6167
6166,6461
6167,6168
6167,6462
6168,6169
6168,6463
6169,6170
6169,6464
6170,6171
6170,6465
6171,6172
6171,6466
6172,6173
6172,6467
6173,6174
6173,6468
6174,6175
6174,6469
6175,6470
6183,6184
6183,6478
6184,6185
6184,6479
6185,6186
6186,6187
6186,6481
6187,6188
6187,6482
6188,6189
6188,6483
6189,6484
6461,6462
6461,6756
6462,6463
6462,6757
6463,6464
6463,6758
6464,6465
6464,6759
6465,6466
6465,6760
6466,6467
6466,6761
6467,6468
6467,6762
6468,6469
6468,6763
6469,6470
6469,6764
6478,6479
6478,6773
6479,6774
6481,6482
6481,6776
6482,6483
6482,6777
6483,6484
6483,6778
6484,6485
6484,6779
6485,6486
6485,6780
6486,6487
6486,6781
6754,6755
6755,6756
6755,7050
6756,6757
6756,7051
6757,6758
6757,7052
6758,6759
6758,7053
6759,6760
6759,7054
6760,6761
6760,7055
6761,6762
6761,7056
6762,6763
6762,7057
6763,6764
6763,7058
6764,7059
6773,6774
6773,7068
6774,7069
6776,6777
6777,6778
6777,7072
6778,6779
6778,7073
6779,6780
6779,7074
6780,6781
6780,7075
7050,7051
7050,7345
7051,7052
7051,7346
7052,7053
7052,7347
7053,7054
7053,7348
7054,7055
7054,7349
7055,7056
7055,7350
7056,7057
7056,7351
7057,7058
7057,7352
7058,7059
7058,7353
7068,7069
7068,7363
7069,7364
7072,7073
7073,7074
7073,7368
7074,7075
7074,7369
7344,7345
7344,7639
7345,7346
7345,7640
7346,7347
7346,7641
7347,7348
7347,7642
7348,7349
7348,7643
7349,7350
7349,7644
7350,7351
7350,7645
7351,7352
7351,7646
7352,7353
7352,7647
7363,7364
7363,7658
7364,7365
7364,7659
7365,7366
7365,7660
7366,7661
7368,7369
7637,7638
7638,7639
7638,7933
7639,7640
7639,7934
7640,7641
7640,7935
7641,7642
7641,7936
7642,7643
7642,7937
7643,7644
7643,7938
7644,7645
7644,7939
7645,7646
7645,7940
7646,7647
7646,7941
7647,7942
7658,7659
7658,7953
7659,7660
7659,7954
7660,7661
7660,7955
7661,7956
7933,7934
7933,8228
7934,7935
7934,8229
7935,7936
7935,8230
7936,7937
7936,8231
7937,7938
7937,8232
7938,7939
7938,8233
7939,7940
7939,8234
7940,7941
7941,7942
7952,7953
7952,8247
7953,7954
7953,8248
7954,7955
7954,8249
7955,7956
7955,8250
7956,8251
8224,8225
8224,8519
8225,8226
8225,8520
8226,8227
8226,8521
8227,8228
8227,8522
8228,8229
8228,8523
8229,8230
8229,8524
8230,8231
8230,8525
8231,8232
8231,8526
8232,8233
8232,8527
8233,8234
8233,8528
8246,8247
8246,8541
8247,8248
8247,8542
8248,8249
8248,8543
8249,8250
8249,8544
8250,8251
8518,8519
8518,8813
8519,8520
8519,8814
8520,8521
8520,8815
8521,8522
8521,8816
8522,8523
8522,8817
8523,8524
8523,8818
8524,8525
8524,8819
8525,8526
8525,8820
8526,8527
8526,8821
8527,8528
8527,8822
8540,8541
8540,8835
8541,8542
8541,8836
8542,8543
8542,8837
8543,8544
8543,8838
8544,8839
8813,8814
8813,9108
8814,8815
8814,9109
8815,8816
8815,9110
8816,8817
8816,9111
8817,8818
8817,9112
8818,8819
8818,9113
8819,8820
8819,9114
8820,8821
8820,9115
8821,8822
8821,9116
8834,8835
8834,9129
8835,8836
8835,9130
8836,8837
8836,9131
8837,8838
8837,9132
8838,8839
8838,9133
9107,9108
9107,9402
9108,9109
9109,9110
9109,9404
9110,9111
9110,9405
9111,9112
9112,9113
9112,9407
9113,9114
9113,9408
9114,9115
9114,9409
9115,9116
9115,9410
9116,9411
9129,9130
9129,9424
9130,9131
9130,9425
9131,9132
9131,9426
9132,9133
9132,9427
9404,9405
9404,9699
9405,9700
9407,9408
9407,9702
9408,9409
9408,9703
9409,9410
9410,9411
9423,9424
9423,9718
9424,9425
9424,9719
9425,9426
9425,9720
9426,9427
9699,9700
9699,9994
9700,9701
9700,9995
9701,9702
9701,9996
9702,9703
9702,9997
9703,9998
9717,9718
9717,10012
9718,9719
9718,10013
9719,9720
9719,10014
9720,10015
9992,9993
9992,10287
9993,9994
9993,10288
9994,9995
9994,10289
9995,9996
9995,10290
9996,9997
9996,10291
9997,9998
9997,10292
9998,10293
10010,10011
10010,10305
10011,10012
10011,10306
10012,10013
10012,10307
10013,10014
10014,10015
10287,10288
10287,10582
10288,10289
10288,10583
10289,10290
10289,10584
10290,10291
10290,10585
10291,10292
10291,10586
10292,10293
10292,10587
10293,10588
10304,10305
10304,10599
10305,10306
10305,10600
10306,10307
10306,10601
10307,10602
10582,10583
10583,10584
10583,10878
10584,10585
10584,10879
10585,10586
10585,10880
10586,10587
10586,10881
10587,10588
10587,10882
10588,10883
10597,10598
10597,10892
10598,10599
10598,10893
10599,10600
10599,10894
10600,10601
10600,10895
10601,10602
10601,10896
10602,10897
10878,10879
10878,11173
10879,10880
10879,11174
10880,10881
10880,11175
10881,10882
10881,11176
10882,10883
10882,11177
10883,11178
10892,10893
10892,11187
10893,10894
10893,11188
10894,10895
10894,11189
10895,10896
10895,11190
10896,10897
10896,11191
11169,11170
11169,11464
11170,11465
11172,11173
11172,11467
11173,11174
11173,11468
11174,11175
11174,11469
11175,11176
11175,11470
11176,11177
11176,11471
11177,11178
11177,11472
11186,11187
11186,11481
11187,11188
11187,11482
11188,11189
11188,11483
11189,11190
11189,11484
11190,11191
11190,11485
11191,11486
11463,11464
11463,11758
11464,11465
11464,11759
11465,11466
11465,11760
11466,11467
11466,11761
11467,11468
11467,11762
11468,11469
11468,11763
11469,11470
11469,11764
11470,11471
11470,11765
11471,11472
11471,11766
11472,11767
11481,11482
11481,11776
11482,11483
11482,11777
11483,11484
11483,11778
11484,11485
11484,11779
11485,11486
11486,11487
11757,11758
11757,12052
11758,11759
11758,12053
11759,11760
11759,12054
11760,11761
11760,12055
11761,11762
11761,12056
11762,11763
11762,12057
11763,11764
11763,12058
11764,11765
11764,12059
11765,11766
11765,12060
11766,11767
11766,12061
11767,12062
11775,11776
11775,12070
11776,11777
11776,12071
11777,11778
11777,12072
11778,11779
11778,12073
12051,12052
12051,12346
12052,12053
12053,12054
12053,12348
12054,12055
12054,12349
12055,12056
12055,12350
12056,12057
12056,12351
12057,12058
12057,12352
12058,12059
12058,12353
12059,12060
12059,12354
12060,12061
12060,12355
12061,12062
12061,12356
12070,12071
12070,12365
12071,12072
12071,12366
12072,12073
12072,12367
12073,12368
12346,12641
12348,12349
12348,12643
12349,12350
12349,12644
12350,12351
12350,12645
12351,12352
12351,12646
12352,12353
12352,12647
12353,12354
12353,12648
12354,12355
12354,12649
12355,12356
12355,12650
12356,12651
12364,12365
12364,12659
12365,12366
12366,12367
12366,12661
12367,12368
12367,12662
12368,12369
12368,12663
12369,12664
12640,12641
12640,12935
12641,12642
12642,12643
12642,12937
12643,12644
12643,12938
12644,12645
12644,12939
12645,12646
12645,12940
12646,12647
12646,12941
12647,12648
12647,12942
12648,12649
12648,12943
12649,12650
12649,12944
12650,12651
12650,12945
12651,12946
12658,12659
12658,12953
12659,12954
12661,12662
12661,12956
12662,12663
12662,12957
12663,12664
12663,12958
12664,12959
12935,13230
12937,12938
12938,12939
12938,13233
12939,12940
12939,13234
12940,12941
12940,13235
12941,12942
12941,13236
12942,12943
12942,13237
12943,12944
12944,12945
12944,13239
12945,12946
12945,13240
12952,12953
12952,13247
12953,12954
12953,13248
12954,12955
12954,13249
12955,12956
12955,13250
12956,12957
12956,13251
12957,12958
12957,13252
12958,12959
12958,13253
12959,13254
13230,13231
13233,13234
13233,13528
13234,13235
13234,13529
13235,13236
13235,13530
13236,13237
13236,13531
13237,13532
13239,13240
13247,13248
13248,13249
13248,13543
13249,13250
13249,13544
13250,13251
13250,13545
13251,13252
13251,13546
13252,13253
13252,13547
13253,13254
13253,13548
13254,13549
13527,13528
13527,13822
13528,13529
13528,13823
13529,13530
13529,13824
13530,13531
13530,13825
13531,13532
13531,13826
13543,13544
13543,13838
13544,13545
13544,13839
13545,13546
13545,13840
13546,13547
13546,13841
13547,13548
13547,13842
13548,13549
13548,13843
13822,13823
13823,13824
13823,14118
13824,13825
13824,14119
13825,13826
13825,14120
13826,14121
13838,13839
13838,14133
13839,13840
13839,14134
13840,13841
13840,14135
13841,13842
13841,14136
13842,13843
13842,14137
13843,14138
14118,14119
14118,14413
14119,14120
14119,14414
14120,14121
14120,14415
14121,14416
14133,14134
14133,14428
14134,14135
14134,14429
14135,14136
14135,14430
14136,14137
14136,14431
14137,14138
14137,14432
14138,14433
14413,14414
14413,14708
14414,14415
14414,14709
14415,14416
14415,14710
14426,14427
14426,14721
14427,14428
14427,14722
14428,14429
14428,14723
14429,14430
14429,14724
14430,14431
14430,14725
14431,14432
14431,14726
14432,14433
14432,14727
14433,14728
14708,14709
14708,15003
14709,14710
14709,15004
14710,15005
14720,14721
14720,15015
14721,14722
14721,15016
14722,14723
14722,15017
14723,14724
14723,15018
14724,14725
14724,15019
14725,14726
14725,15020
14726,14727
14726,15021
14727,14728
14727,15022
14728,15023
15003,15004
15003,15298
15004,15005
15004,15299
15005,15300
15014,15015
15014,15309
15015,15016
15015,15310
15016,15017
15016,15311
15017,15018
15017,15312
15018,15019
15018,15313
15019,15020
15019,15314
15020,15021
15020,15315
15021,15022
15021,15316
15022,15023
15022,15317
15298,15299
15298,15593
15299,15300
15299,15594
15300,15595
15308,15309
15308,15603
15309,15310
15309,15604
15310,15311
15310,15605
15311,15312
15311,15606
15312,15313
15312,15607
15313,15314
15313,15608
15314,15315
15314,15609
15315,15316
15315,15610
15316,15317
15316,15611
15317,15612
15593,15594
15593,15888
15594,15595
15594,15889
15595,15890
15603,15604
15603,15898
15604,15605
15604,15899
15605,15606
15605,15900
15606,15607
15606,15901
15607,15608
15607,15902
15608,15609
15608,15903
15609,15610
15609,15904
15610,15611
15610,15905
15611,15612
15611,15906
15612,15907
15886,16181
15888,15889
15888,16183
15889,15890
15889,16184
15890,16185
15896,15897
15896,16191
15897,15898
15897,16192
15898,15899
15898,16193
15899,15900
15899,16194
15900,15901
15900,16195
15901,15902
15901,16196
15902,15903
15902,16197
15903,15904
15903,16198
15904,15905
15904,16199
15905,15906
15905,16200
15906,15907
15906,16201
15907,16202
16177,16472
16180,16181
16180,16475
16181,16476
16183,16184
16183,16478
16184,16185
16184,16479
16185,16480
16191,16192
16191,16486
16192,16193
16192,16487
16193,16194
16193,16488
16194,16195
16194,16489
16195,16196
16195,16490
16196,16197
16196,16491
16197,16198
16197,16492
16198,16199
16198,16493
16199,16200
16199,16494
16200,16201
16200,16495
16201,16202
16201,16496
16472,16767
16475,16476
16475,16770
16476,16477
16476,16771
16477,16478
16477,16772
16478,16479
16478,16773
16479,16480
16479,16774
16486,16487
16486,16781
16487,16488
16487,16782
16488,16489
16488,16783
16489,16490
16489,16784
16490,16491
16490,16785
16491,16492
16491,16786
16492,16493
16492,16787
16493,16494
16493,16788
16494,16495
16494,16789
16495,16496
16495,16790
16496,16791
16767,16768
16768,16769
16768,17063
16769,16770
16769,17064
16770,16771
16770,17065
16771,16772
16771,17066
16772,16773
16772,17067
16773,16774
16773,17068
16774,17069
16781,16782
16781,17076
16782,16783
16782,17077
16783,16784
16783,17078
16784,16785
16784,17079
16785,16786
16785,17080
16786,16787
16786,17081
16787,16788
16787,17082
16788,16789
16788,17083
16789,16790
16789,17084
16790,16791
16790,17085
17063,17064
17063,17358
17064,17065
17064,17359
17065,17066
17065,17360
17066,17067
17066,17361
17067,17068
17067,17362
17068,17069
17068,17363
17069,17364
17076,17077
17076,17371
17077,17078
17077,17372
17078,17079
17078,17373
17079,17080
17079,17374
17080,17081
17080,17375
17081,17082
17081,17376
17082,17083
17082,17377
17083,17084
17083,17378
17084,17085
17084,17379
17085,17380
17358,17359
17359,17360
17359,17654
17360,17361
17360,17655
17361,17362
17361,17656
17362,17363
17362,17657
17363,17364
17363,17658
17364,17365
17364,17659
17365,17660
17371,17372
17371,17666
17372,17373
17372,17667
17373,17374
17373,17668
17374,17375
17374,17669
17375,17376
17375,17670
17376,17377
17376,17671
17377,17378
17377,17672
17378,17379
17378,17673
17379,17380
17379,17674
17654,17655
17655,17656
17655,17950
17656,17657
17656,17951
17657,17658
17657,17952
17658,17659
17658,17953
17659,17660
17659,17954
17660,17661
17660,17955
17661,17956
17666,17667
17666,17961
17667,17668
17667,17962
17668,17669
17668,17963
17669,17670
17669,17964
17670,17671
17670,17965
17671,17672
17671,17966
17672,17673
17672,17967
17673,17674
17673,17968
17950,17951
17950,18245
17951,17952
17951,18246
17952,17953
17952,18247
17953,17954
17953,18248
17954,17955
17954,18249
17955,17956
17955,18250
17961,17962
17961,18256
17962,17963
17962,18257
17963,17964
17963,18258
17964,17965
17964,18259
17965,17966
17965,18260
17966,17967
17966,18261
17967,17968
17967,18262
18245,18246
18246,18247
18246,18541
18247,18248
18248,18249
18248,18543
18249,18250
18249,18544
18250,18545
18256,18257
18256,18551
18257,18258
18257,18552
18258,18259
18258,18553
18259,18260
18259,18554
18260,18261
18260,18555
18261,18262
18261,18556
18543,18544
18544,18545
18551,18552
18551,18846
18552,18553
18552,18847
18553,18554
18553,18848
18554,18555
18554,18849
18555,18556
18555,18850
18841,18842
18841,19136
18842,19137
18846,18847
18846,19141
18847,18848
18847,19142
18848,18849
18848,19143
18849,18850
18849,19144
19135,19136
19135,19430
19136,19137
19136,19431
19137,19432
19141,19142
19142,19143
19143,19144
19143,19438
19144,19439
19429,19430
19430,19431
19430,19725
19431,19432
19431,19726
19432,19433
19432,19727
19433,19728
19438,19439
19438,19733
19725,19726
19725,20020
19726,19727
19726,20021
19727,19728
19727,20022
19728,20023
19732,19733
19732,20027
19733,20028
20020,20021
20020,20315
20021,20022
20021,20316
20022,20023
20022,20317
20027,20028
20027,20322
20028,20029
20028,20323
20029,20324
20311,20312
20311,20606
20312,20313
20312,20607
20313,20314
20313,20608
20314,20315
20314,20609
20315,20316
20315,20610
20316,20317
20316,20611
20317,20612
20322,20323
20322,20617
20323,20324
20323,20618
20324,20325
20324,20619
20325,20620
20604,20605
20604,20899
20605,20606
20605,20900
20606,20607
20607,20608
20608,20609
20608,20903
20609,20610
20609,20904
20610,20611
20610,20905
20611,20612
20611,20906
20612,20613
20612,20907
20613,20908
20617,20618
20618,20619
20618,20913
20619,20620
20619,20914
20620,20915
20899,20900
20900,21195
20903,20904
20903,21198
20904,20905
20904,21199
20905,20906
20905,21200
20906,20907
20906,21201
20907,20908
20907,21202
20908,21203
20913,20914
20913,21208
20914,20915
20914,21209
20915,20916
20915,21210
20916,20917
20916,21211
20917,20918
20917,21212
20918,20919
20918,21213
20919,20920
20919,21214
20920,20921
20920,21215
20921,20922
20921,21216
20922,21217
21195,21490
21198,21199
21198,21493
21199,21200
21199,21494
21200,21201
21200,21495
21201,21202
21201,21496
21202,21203
21202,21497
21203,21498
21208,21209
21208,21503
21209,21210
21209,21504
21210,21211
21210,21505
21211,21212
21211,21506
21212,21213
21212,21507
21213,21214
21213,21508
21214,21215
21214,21509
21215,21216
21215,21510
21216,21217
21216,21511
21217,21512
21490,21491
21491,21492
21491,21786
21492,21493
21492,21787
21493,21494
21493,21788
21494,21495
21494,21789
21495,21496
21495,21790
21496,21497
21496,21791
21497,21498
21497,21792
21498,21793
21503,21504
21503,21798
21504,21505
21504,21799
21505,21506
21505,21800
21506,21507
21506,21801
21507,21508
21507,21802
21508,21509
21508,21803
21509,21510
21509,21804
21510,21511
21510,21805
21511,21512
21511,21806
21512,21513
21512,21807
21513,21808
21786,21787
21786,22081
21787,21788
21787,22082
21788,21789
21788,22083
21789,21790
21789,22084
21790,21791
21790,22085
21791,21792
21791,22086
21792,21793
21792,22087
21793,22088
21798,21799
21799,21800
21799,22094
21800,21801
21800,22095
21801,21802
21801,22096
21802,21803
21802,22097
21803,21804
21803,22098
21804,21805
21804,22099
21805,21806
21805,22100
21806,21807
21806,22101
21807,21808
21807,22102
21808,21809
21808,22103
21809,21810
21809,22104
21810,21811
21810,22105
21811,22106
22081,22082
22082,22083
22082,22377
22083,22084
22083,22378
22084,22085
22084,22379
22085,22086
22085,22380
22086,22087
22086,22381
22087,22088
22087,22382
22088,22383
22094,22095
22094,22389
22095,22096
22095,22390
22096,22097
22096,22391
22097,22098
22097,22392
22098,22099
22098,22393
22099,22100
22099,22394
22100,22101
22100,22395
22101,22102
22101,22396
22102,22103
22102,22397
22103,22104
22103,22398
22104,22105
22104,22399
22105,22106
22105,22400
22106,22107
22106,22401
22107,22108
22107,22402
22108,22109
22108,22403
22109,22110
22109,22404
22110,22111
22110,22405
22111,22112
22111,22406
22112,22407
22377,22378
22377,22672
22378,22379
22378,22673
22379,22380
22379,22674
22380,22381
22380,22675
22381,22382
22381,22676
22382,22383
22382,22677
22383,22678
22389,22390
22389,22684
22390,22391
22390,22685
22391,22392
22391,22686
22392,22393
22392,22687
22393,22394
22393,22688
22394,22395
22394,22689
22395,22396
22395,22690
22396,22397
22396,22691
22397,22398
22397,22692
22398,22399
22398,22693
22399,22400
22399,22694
22400,22401
22400,22695
22401,22402
22401,22696
22402,22403
22402,22697
22403,22404
22403,22698
22404,22405
22404,22699
22405,22406
22405,22700
22406,22407
22406,22701
22407,22408
22407,22702
22408,22703
22672,22673
22672,22967
22673,22674
22673,22968
22674,22675
22674,22969
22675,22676
22675,22970
22676,22677
22676,22971
22677,22678
22677,22972
22678,22973
22684,22685
22684,22979
22685,22686
22685,22980
22686,22687
22686,22981
22687,22688
22687,22982
22688,22689
22688,22983
22689,22690
22689,22984
22690,22691
22690,22985
22691,22692
22691,22986
22692,22693
22692,22987
22693,22694
22693,22988
22694,22695
22694,22989
22695,22696
22695,22990
22696,22697
22696,22991
22697,22698
22697,22992
22698,22699
22698,22993
22699,22700
22699,22994
22700,22701
22700,22995
22701,22702
22701,22996
22702,22703
22702,22997
22703,22704
22703,22998
22966,22967
22966,23261
22967,22968
22967,23262
22968,22969
22968,23263
22969,22970
22969,23264
22970,22971
22970,23265
22971,22972
22971,23266
22972,22973
22972,23267
22979,22980
22979,23274
22980,22981
22980,23275
22981,22982
22981,23276
22982,22983
22982,23277
22983,22984
22983,23278
22984,22985
22984,23279
22985,22986
22985,23280
22986,22987
22986,23281
22987,22988
22987,23282
22988,22989
22989,22990
22990,22991
22991,22992
22992,22993
22993,22994
22994,22995
22995,22996
22996,22997
22997,22998
23260,23261
23260,23555
23261,23262
23261,23556
23262,23263
23262,23557
23263,23264
23263,23558
23264,23265
23264,23559
23265,23266
23265,23560
23266,23267
23266,23561
23267,23562
23274,23275
23274,23569
23275,23276
23275,23570
23276,23277
23276,23571
23277,23278
23277,23572
23278,23279
23278,23573
23279,23280
23279,23574
23280,23281
23280,23575
23281,23282
23281,23576
23554,23555
23555,23556
23555,23850
23556,23557
23556,23851
23557,23558
23557,23852
23558,23559
23558,23853
23559,23560
23559,23854
23560,23561
23560,23855
23561,23562
23561,23856
23562,23857
23569,23570
23569,23864
23570,23571
23570,23865
23571,23572
23571,23866
23572,23573
23572,23867
23573,23574
23573,23868
23574,23575
23574,23869
23575,23576
23575,23870
23576,23871
23850,23851
23851,23852
23851,24146
23852,23853
23852,24147
23853,23854
23853,24148
23854,23855
23854,24149
23855,23856
23855,24150
23856,23857
23856,24151
23864,23865
23864,24159
23865,23866
23865,24160
23866,23867
23866,24161
23867,23868
23867,24162
23868,23869
23868,24163
23869,23870
23869,24164
23870,23871
23870,24165
23871,23872
23871,24166
23872,23873
23872,24167
23873,23874
23873,24168
23874,23875
23874,24169
23875,23876
23875,24170
23876,23877
23876,24171
23877,23878
23877,24172
23878,23879
23878,24173
23879,23880
23879,24174
23880,24175
24146,24147
24146,24441
24147,24148
24147,24442
24148,24149
24148,24443
24149,24150
24149,24444
24150,24151
24150,24445
24151,24446
24158,24159
24158,24453
24159,24160
24159,24454
24160,24161
24160,24455
24161,24162
24161,24456
24162,24163
24162,24457
24163,24164
24163,24458
24164,24165
24164,24459
24165,24166
24165,24460
24166,24167
24166,24461
24167,24168
24167,24462
24168,24169
24168,24463
24169,24170
24169,24464
24170,24171
24170,24465
24171,24172
24171,24466
24172,24173
24172,24467
24173,24174
24173,24468
24174,24175
24174,24469
24175,24176
24175,24470
24176,24471
24441,24442
24441,24736
24442,24443
24442,24737
24443,24444
24443,24738
24444,24445
24444,24739
24445,24446
24445,24740
24453,24454
24453,24748
24454,24455
24454,24749
24455,24456
24455,24750
24456,24457
24456,24751
24457,24458
24457,24752
24458,24459
24458,24753
24459,24460
24459,24754
24460,24461
24460,24755
24461,24462
24461,24756
24462,24463
24462,24757
24463,24464
24463,24758
24464,24465
24464,24759
24465,24466
24465,24760
24466,24467
24466,24761
24467,24468
24467,24762
24468,24469
24468,24763
24469,24470
24469,24764
24470,24471
24470,24765
24471,24766
24700,24701
24700,24995
24701,24702
24701,24996
24702,24997
24736,24737
24736,25031
24737,24738
24737,25032
24738,24739
24738,25033
24739,24740
24739,25034
24740,25035
24748,24749
24748,25043
24749,24750
24749,25044
24750,24751
24750,25045
24751,24752
24751,25046
24752,24753
24752,25047
24753,24754
24753,25048
24754,24755
24754,25049
24755,24756
24755,25050
24756,24757
24756,25051
24757,24758
24757,25052
24758,24759
24758,25053
24759,24760
24759,25054
24760,24761
24760,25055
24761,24762
24761,25056
24762,24763
24762,25057
24763,24764
24763,25058
24764,24765
24764,25059
24765,24766
24765,25060
24766,24767
24766,25061
24767,24768
24767,25062
24768,25063
24992,24993
24992,25287
24993,24994
24993,25288
24994,24995
24994,25289
24995,24996
24995,25290
24996,24997
24996,25291
25031,25032
25031,25326
25032,25033
25032,25327
25033,25034
25033,25328
25034,25035
25034,25329
25035,25330
25042,25043
25042,25337
25043,25044
25043,25338
25044,25045
25044,25339
25045,25046
25045,25340
25046,25047
25046,25341
25047,25048
25047,25342
25048,25049
25048,25343
25049,25050
25049,25344
25050,25051
25050,25345
25051,25052
25051,25346
25052,25053
25052,25347
25053,25054
25053,25348
25054,25055
25054,25349
25055,25056
25055,25350
25056,25057
25056,25351
25057,25058
25057,25352
25058,25059
25058,25353
25059,25060
25059,25354
25060,25061
25060,25355
25061,25062
25061,25356
25062,25063
25062,25357
25063,25358
25069,25364
25287,25288
25288,25289
25288,25583
25289,25290
25289,25584
25290,25291
25318,25319
25318,25613
25319,25614
25321,25322
25321,25616
25322,25323
25322,25617
25323,25618
25325,25326
25325,25620
25326,25327
25326,25621
25327,25328
25327,25622
25328,25329
25328,25623
25329,25330
25329,25624
25330,25625
25337,25338
25337,25632
25338,25339
25338,25633
25339,25340
25339,25634
25340,25341
25340,25635
25341,25342
25341,25636
25342,25343
25342,25637
25343,25344
25343,25638
25344,25345
25344,25639
25345,25346
25345,25640
25346,25347
25346,25641
25347,25348
25347,25642
25348,25349
25348,25643
25349,25350
25349,25644
25350,25351
25350,25645
25351,25352
25351,25646
25352,25353
25352,25647
25353,25354
25353,25648
25354,25355
25354,25649
25355,25356
25355,25650
25356,25357
25356,25651
25357,25358
25357,25652
25358,25359
25358,25653
25359,25360
25359,25654
25360,25655
25363,25364
25363,25658
25364,25365
25364,25659
25365,25660
25583,25584
25583,25878
25584,25879
25603,25604
25604,25899
25606,25607
25606,25901
25607,25902
25611,25612
25611,25906
25612,25613
25612,25907
25613,25614
25613,25908
25614,25615
25614,25909
25615,25616
25615,25910
25616,25617
25616,25911
25617,25618
25617,25912
25618,25619
25618,25913
25619,25620
25619,25914
25620,25621
25620,25915
25621,25622
25621,25916
25622,25623
25622,25917
25623,25624
25623,25918
25624,25625
25624,25919
25625,25920
25632,25633
25632,25927
25633,25634
25633,25928
25634,25635
25634,25929
25635,25636
25635,25930
25636,25637
25636,25931
25637,25638
25637,25932
25638,25639
25638,25933
25639,25640
25639,25934
25640,25641
25640,25935
25641,25642
25641,25936
25642,25643
25642,25937
25643,25644
25643,25938
25644,25645
25644,25939
25645,25646
25645,25940
25646,25647
25646,25941
25647,25648
25647,25942
25648,25649
25648,25943
25649,25650
25649,25944
25650,25651
25650,25945
25651,25652
25651,25946
25652,25653
25652,25947
25653,25654
25653,25948
25654,25655
25654,25949
25655,25950
25657,25658
25657,25952
25658,25659
25658,25953
25659,25660
25659,25954
25660,25955
25877,25878
25877,26172
25878,25879
25878,26173
25899,25900
25899,26194
25900,25901
25900,26195
25901,25902
25901,26196
25902,25903
25902,26197
25903,25904
25903,26198
25904,25905
25904,26199
25905,25906
25905,26200
25906,25907
25906,26201
25907,25908
25907,26202
25908,25909
25908,26203
25909,25910
25909,26204
25910,25911
25910,26205
25911,25912
25911,26206
25912,25913
25912,26207
25913,25914
25913,26208
25914,25915
25914,26209
25915,25916
25915,26210
25916,25917
25916,26211
25917,25918
25917,26212
25918,25919
25918,26213
25919,25920
25919,26214
25920,26215
25927,25928
25928,25929
25928,26223
25929,25930
25929,26224
25930,25931
25930,26225
25931,25932
25931,26226
25932,25933
25932,26227
25933,25934
25933,26228
25934,25935
25934,26229
25935,25936
25935,26230
25936,25937
25936,26231
25937,25938
25937,26232
25938,25939
25938,26233
25939,25940
25939,26234
25940,25941
25940,26235
25941,25942
25941,26236
25942,25943
25942,26237
25943,25944
25943,26238
25944,25945
25944,26239
25945,25946
25945,26240
25946,25947
25946,26241
25947,25948
25947,26242
25948,25949
25948,26243
25949,25950
25950,25951
25950,26245
25951,25952
25951,26246
25952,25953
25952,26247
25953,25954
25953,26248
25954,25955
25954,26249
25955,25956
25955,26250
25956,26251
26172,26173
26172,26467
26193,26194
26193,26488
26194,26195
26194,26489
26195,26196
26195,26490
26196,26197
26196,26491
26197,26198
26197,26492
26198,26199
26198,26493
26199,26200
26199,26494
26200,26201
26200,26495
26201,26202
26201,26496
26202,26203
26202,26497
26203,26204
26203,26498
26204,26205
26204,26499
26205,26206
26205,26500
26206,26207
26206,26501
26207,26208
26207,26502
26208,26209
26208,26503
26209,26210
26209,26504
26210,26211
26210,26505
26211,26212
26211,26506
26212,26213
26212,26507
26213,26214
26213,26508
26214,26215
26214,26509
26223,26224
26224,26225
26224,26519
26225,26226
26225,26520
26226,26227
26226,26521
26227,26228
26227,26522
26228,26229
26228,26523
26229,26230
26229,26524
26230,26231
26230,26525
26231,26232
26231,26526
26232,26233
26232,26527
26233,26234
26233,26528
26234,26235
26234,26529
26235,26236
26235,26530
26236,26237
26236,26531
26237,26238
26237,26532
26238,26239
26238,26533
26239,26240
26239,26534
26240,26241
26240,26535
26241,26242
26241,26536
26242,26243
26242,26537
26243,26538
26245,26246
26245,26540
26246,26247
26246,26541
26247,26248
26247,26542
26248,26249
26248,26543
26249,26250
26249,26544
26250,26251
26250,26545
26251,26546
26466,26467
26466,26761
26484,26485
26484,26779
26485,26486
26485,26780
26486,26487
26487,26488
26487,26782
26488,26489
26488,26783
26489,26490
26489,26784
26490,26491
26490,26785
26491,26492
26491,26786
26492,26493
26492,26787
26493,26494
26493,26788
26494,26495
26494,26789
26495,26496
26495,26790
26496,26497
26496,26791
26497,26498
26497,26792
26498,26499
26498,26793
26499,26500
26499,26794
26500,26501
26500,26795
26501,26502
26501,26796
26502,26503
26502,26797
26503,26504
26503,26798
26504,26505
26504,26799
26505,26506
26505,26800
26506,26507
26506,26801
26507,26508
26507,26802
26508,26509
26508,26803
26509,26804
26519,26520
26520,26521
26521,26522
26521,26816
26522,26523
26522,26817
26523,26524
26523,26818
26524,26525
26524,26819
26525,26526
26525,26820
26526,26527
26526,26821
26527,26528
26527,26822
26528,26529
26528,26823
26529,26530
26529,26824
26530,26531
26530,26825
26531,26532
26531,26826
26532,26533
26532,26827
26533,26534
26533,26828
26534,26535
26534,26829
26535,26536
26535,26830
26536,26537
26536,26831
26537,26538
26537,26832
26538,26539
26538,26833
26539,26540
26539,26834
26540,26541
26540,26835
26541,26542
26541,26836
26542,26543
26542,26837
26543,26544
26543,26838
26544,26545
26544,26839
26545,26546
26545,26840
26546,26547
26546,26841
26547,26842
26778,26779
26778,27073
26779,26780
26779,27074
26780,27075
26782,26783
26782,27077
26783,26784
26783,27078
26784,26785
26784,27079
26785,26786
26785,27080
26786,26787
26786,27081
26787,26788
26787,27082
26788,26789
26788,27083
26789,26790
26789,27084
26790,26791
26790,27085
26791,26792
26791,27086
26792,26793
26792,27087
26793,26794
26793,27088
26794,26795
26794,27089
26795,26796
26795,27090
26796,26797
26796,27091
26797,26798
26797,27092
26798,26799
26798,27093
26799,26800
26799,27094
26800,26801
26800,27095
26801,26802
26801,27096
26802,26803
26802,27097
26803,26804
26816,26817
26817,26818
26817,27112
26818,26819
26818,27113
26819,26820
26819,27114
26820,26821
26821,26822
26822,26823
26823,26824
26824,26825
26825,26826
26825,27120
26826,26827
26826,27121
26827,26828
26827,27122
26828,26829
26828,27123
26829,26830
26829,27124
26830,26831
26830,27125
26831,26832
26832,26833
26832,27127
26833,26834
26833,27128
26834,26835
26834,27129
26835,26836
26835,27130
26836,26837
26836,27131
26837,26838
26837,27132
26838,26839
26838,27133
26839,26840
26839,27134
26840,26841
26840,27135
26841,26842
26841,27136
26842,27137
27062,27357
27071,27072
27071,27366
27072,27073
27072,27367
27073,27074
27073,27368
27074,27075
27074,27369
27075,27076
27075,27370
27076,27077
27076,27371
27077,27078
27077,27372
27078,27079
27078,27373
27079,27080
27079,27374
27080,27081
27080,27375
27081,27082
27081,27376
27082,27083
27082,27377
27083,27084
27083,27378
27084,27085
27084,27379
27085,27086
27085,27380
27086,27087
27086,27381
27087,27088
27087,27382
27088,27089
27088,27383
27089,27090
27089,27384
27090,27091
27090,27385
27091,27092
27092,27093
27093,27094
27094,27095
27095,27096
27096,27097
27102,27103
27102,27397
27103,27104
27103,27398
27104,27399
27112,27113
27113,27114
27120,27121
27121,27122
27122,27123
27123,27124
27124,27125
27127,27128
27127,27422
27128,27129
27128,27423
27129,27130
27129,27424
27130,27131
27130,27425
27131,27132
27131,27426
27132,27133
27132,27427
27133,27134
27133,27428
27134,27135
27134,27429
27135,27136
27135,27430
27136,27137
27136,27431
27137,27432
27357,27358
27357,27652
27358,27359
27358,27653
27359,27654
27365,27366
27365,27660
27366,27367
27366,27661
27367,27368
27367,27662
27368,27369
27368,27663
27369,27370
27369,27664
27370,27371
27370,27665
27371,27372
27371,27666
27372,27373
27372,27667
27373,27374
27373,27668
27374,27375
27374,27669
27375,27376
27375,27670
27376,27377
27376,27671
27377,27378
27377,27672
27378,27379
27378,27673
27379,27380
27379,27674
27380,27381
27380,27675
27381,27382
27381,27676
27382,27383
27382,27677
27383,27384
27383,27678
27384,27385
27397,27398
27397,27692
27398,27399
27398,27693
27399,27400
27399,27694
27400,27695
27422,27423
27423,27424
27424,27425
27425,27426
27426,27427
27427,27428
27427,27722
27428,27429
27428,27723
27429,27430
27429,27724
27430,27431
27430,27725
27431,27432
27431,27726
27432,27727
27619,27914
27651,27652
27651,27946
27652,27653
27652,27947
27653,27654
27653,27948
27654,27655
27654,27949
27655,27656
27656,27657
27659,27660
27659,27954
27660,27661
27660,27955
27661,27662
27661,27956
27662,27663
27662,27957
27663,27664
27663,27958
27664,27665
27664,27959
27665,27666
27665,27960
27666,27667
27666,27961
27667,27668
27667,27962
27668,27669
27668,27963
27669,27670
27669,27964
27670,27671
27670,27965
27671,27672
27671,27966
27672,27673
27672,27967
27673,27674
27673,27968
27674,27675
27674,27969
27675,27676
27675,27970
27676,27677
27676,27971
27677,27678
27678,27973
27681,27976
27687,27688
27687,27982
27688,27983
27692,27693
27692,27987
27693,27694
27694,27695
27695,27696
27695,27990
27696,27697
27696,27991
27697,27992
27710,27711
27710,28005
27711,28006
27722,27723
27722,28017
27723,27724
27724,27725
27725,27726
27726,27727
27942,27943
27942,28237
27943,27944
27943,28238
27946,27947
27947,27948
27948,27949
27954,27955
27955,27956
27956,27957
27956,28251
27957,27958
27957,28252
27958,27959
27958,28253
27959,27960
27959,28254
27960,27961
27960,28255
27961,27962
27961,28256
27962,27963
27962,28257
27963,27964
27963,28258
27964,27965
27964,28259
27965,27966
27965,28260
27966,27967
27966,28261
27967,27968
27967,28262
27968,27969
27968,28263
27969,27970
27969,28264
27970,27971
27971,28266
27973,27974
27973,28268
27974,27975
27974,28269
27975,27976
27975,28270
27976,28271
27981,27982
27981,28276
27982,27983
27982,28277
27983,28278
27986,27987
27986,28281
27987,28282
27990,27991
27990,28285
27991,27992
27991,28286
27992,27993
27992,28287
27993,28288
28002,28003
28002,28297
28003,28004
28003,28298
28004,28005
28004,28299
28005,28006
28005,28300
28006,28007
28007,28008
28007,28302
28008,28009
28008,28303
28016,28017
28016,28311
28017,28312
28236,28237
28237,28238
28251,28252
28251,28546
28252,28253
28252,28547
28253,28254
28253,28548
28254,28255
28254,28549
28255,28256
28255,28550
28256,28257
28256,28551
28257,28258
28257,28552
28258,28259
28258,28553
28259,28260
28259,28554
28260,28261
28260,28555
28261,28262
28261,28556
28262,28263
28263,28264
28266,28267
28266,28561
28267,28268
28267,28562
28268,28269
28268,28563
28269,28270
28269,28564
28270,28271
28270,28565
28271,28566
28273,28274
28273,28568
28274,28275
28274,28569
28275,28276
28275,28570
28276,28277
28276,28571
28277,28278
28277,28572
28280,28281
28280,28575
28281,28282
28281,28576
28282,28577
28284,28285
28285,28286
28285,28580
28286,28287
28286,28581
28287,28288
28287,28582
28288,28289
28288,28583
28289,28290
28289,28584
28290,28291
28290,28585
28291,28292
28291,28586
28292,28293
28292,28587
28293,28294
28293,28588
28294,28295
28294,28589
28295,28296
28295,28590
28296,28297
28296,28591
28297,28298
28297,28592
28298,28299
28298,28593
28299,28300
28299,28594
28300,28595
28302,28303
28302,28597
28303,28598
28305,28306
28305,28600
28306,28307
28306,28601
28307,28308
28307,28602
28308,28603
28311,28312
28311,28606
28312,28607
28526,28821
28546,28547
28547,28548
28547,28842
28548,28549
28548,28843
28549,28550
28549,28844
28550,28551
28550,28845
28551,28552
28551,28846
28552,28553
28552,28847
28553,28554
28553,28848
28554,28555
28554,28849
28555,28556
28555,28850
28560,28561
28560,28855
28561,28562
28561,28856
28562,28563
28562,28857
28563,28564
28563,28858
28564,28565
28564,28859
28565,28566
28565,28860
28566,28567
28566,28861
28567,28568
28567,28862
28568,28569
28569,28570
28569,28864
28570,28571
28570,28865
28571,28572
28571,28866
28572,28867
28574,28575
28574,28869
28575,28576
28576,28577
28580,28581
28581,28582
28582,28583
28582,28877
28583,28584
28583,28878
28584,28585
28585,28586
28586,28587
28586,28881
28587,28588
28587,28882
28588,28589
28588,28883
28589,28590
28589,28884
28590,28591
28591,28592
28592,28593
28593,28594
28594,28595
28595,28596
28596,28597
28596,28891
28597,28598
28597,28892
28598,28599
28598,28893
28599,28600
28599,28894
28600,28601
28600,28895
28601,28602
28601,28896
28602,28603
28602,28897
28603,28604
28603,28898
28604,28605
28604,28899
28605,28606
28605,28900
28606,28607
28606,28901
28607,28902
28610,28611
28610,28905
28611,28906
28834,28835
28834,29129
28835,29130
28842,28843
28842,29137
28843,28844
28843,29138
28844,28845
28844,29139
28845,28846
28845,29140
28846,28847
28846,29141
28847,28848
28847,29142
28848,28849
28848,29143
28849,28850
28853,28854
28853,29148
28854,28855
28854,29149
28855,28856
28855,29150
28856,28857
28856,29151
28857,28858
28857,29152
28858,28859
28858,29153
28859,28860
28859,29154
28860,28861
28860,29155
28861,28862
28861,29156
28864,28865
28864,29159
28865,28866
28866,28867
28874,29169
28877,28878
28881,28882
28881,29176
28882,28883
28882,29177
28883,28884
28883,29178
28891,28892
28892,28893
28892,29187
28893,28894
28894,28895
28895,28896
28896,28897
28896,29191
28897,28898
28898,28899
28898,29193
28899,28900
28899,29194
28900,28901
28900,29195
28901,28902
28901,29196
28902,28903
28902,29197
28903,28904
28903,29198
28904,28905
28904,29199
28905,28906
28905,29200
28906,29201
29095,29390
29099,29100
29099,29394
29100,29395
29129,29130
29129,29424
29130,29131
29130,29425
29131,29132
29131,29426
29132,29427
29137,29138
29138,29139
29138,29433
29139,29140
29139,29434
29140,29141
29140,29435
29141,29142
29141,29436
29142,29143
29142,29437
29146,29147
29146,29441
29147,29148
29147,29442
29148,29149
29148,29443
29149,29150
29149,29444
29150,29151
29150,29445
29151,29152
29152,29153
29152,29447
29153,29154
29153,29448
29154,29155
29154,29449
29155,29156
29155,29450
29168,29169
29175,29176
29175,29470
29176,29177
29176,29471
29177,29178
29177,29472
29178,29473
29180,29475
29193,29194
29194,29195
29194,29489
29195,29196
29195,29490
29196,29197
29196,29491
29197,29198
29197,29492
29198,29199
29198,29493
29199,29200
29199,29494
29200,29201
29200,29495
29389,29390
29389,29684
29390,29685
29393,29394
29393,29688
29394,29395
29394,29689
29395,29690
29424,29425
29424,29719
29425,29426
29425,29720
29426,29427
29426,29721
29427,29428
29427,29722
29428,29723
29433,29434
29434,29435
29435,29436
29436,29437
29439,29440
29439,29734
29440,29441
29440,29735
29441,29442
29441,29736
29442,29443
29442,29737
29443,29444
29443,29738
29444,29445
29444,29739
29447,29448
29447,29742
29448,29449
29448,29743
29449,29450
29449,29744
29450,29745
29469,29470
29469,29764
29470,29471
29470,29765
29471,29472
29471,29766
29472,29473
29472,29767
29473,29474
29473,29768
29474,29475
29474,29769
29475,29770
29478,29479
29478,29773
29479,29480
29479,29774
29480,29481
29480,29775
29481,29776
29489,29490
29490,29491
29490,29785
29491,29492
29491,29786
29492,29493
29492,29787
29493,29494
29493,29788
29494,29495
29494,29789
29495,29790
29683,29684
29683,29978
29684,29685
29684,29979
29687,29688
29687,29982
29688,29689
29689,29690
29690,29691
29707,30002
29715,29716
29716,29717
29716,30011
29717,30012
29719,29720
29719,30014
29720,29721
29720,30015
29721,29722
29722,29723
29722,30017
29723,29724
29723,30018
29724,30019
29733,29734
29733,30028
29734,29735
29734,30029
29735,29736
29735,30030
29736,29737
29736,30031
29737,29738
29737,30032
29738,29739
29738,30033
29741,29742
29741,30036
29742,29743
29742,30037
29743,29744
29743,30038
29744,29745
29744,30039
29745,30040
29764,29765
29764,30059
29765,29766
29765,30060
29766,29767
29766,30061
29767,29768
29767,30062
29768,29769
29768,30063
29769,29770
29769,30064
29770,29771
29770,30065
29771,29772
29771,30066
29772,29773
29772,30067
29773,29774
29773,30068
29774,29775
29774,30069
29775,29776
29775,30070
29776,30071
29785,29786
29785,30080
29786,29787
29786,30081
29787,29788
29787,30082
29788,29789
29788,30083
29789,29790
29789,30084
29978,29979
29978,30273
29979,30274
29981,29982
29981,30276
30002,30297
30011,30012
30012,30013
30013,30014
30014,30015
30017,30018
30018,30019
30022,30023
30022,30317
30023,30024
30023,30318
30024,30025
30024,30319
30025,30026
30025,30320
30026,30027
30026,30321
30027,30028
30027,30322
30028,30029
30028,30323
30029,30030
30029,30324
30030,30031
30030,30325
30031,30032
30031,30326
30032,30033
30032,30327
30035,30036
30036,30037
30037,30038
30038,30039
30039,30040
30040,30335
30059,30060
30060,30061
30061,30062
30062,30063
30062,30357
30063,30064
30063,30358
30064,30065
30064,30359
30065,30066
30065,30360
30066,30067
30066,30361
30067,30068
30067,30362
30068,30069
30068,30363
30069,30070
30069,30364
30070,30071
30070,30365
30071,30072
30071,30366
30072,30073
30072,30367
30073,30074
30073,30368
30074,30369
30079,30080
30079,30374
30080,30081
30080,30375
30081,30082
30081,30376
30082,30083
30082,30377
30083,30084
30083,30378
30271,30272
30271,30566
30272,30273
30272,30567
30273,30274
30273,30568
30274,30275
30274,30569
30275,30276
30275,30570
30278,30279
30297,30298
30297,30592
30298,30593
30315,30610
30317,30318
30317,30612
30318,30319
30319,30320
30320,30321
30321,30322
30322,30323
30322,30617
30323,30324
30323,30618
30324,30325
30324,30619
30325,30326
30325,30620
30326,30327
30326,30621
30327,30622
30357,30358
30357,30652
30358,30359
30358,30653
30359,30360
30359,30654
30360,30361
30360,30655
30361,30362
30361,30656
30362,30363
30362,30657
30363,30364
30363,30658
30364,30365
30364,30659
30365,30366
30365,30660
30366,30367
30367,30368
30367,30662
30368,30369
30368,30663
30369,30664
30373,30374
30373,30668
30374,30375
30375,30376
30375,30670
30376,30377
30376,30671
30377,30378
30566,30567
30566,30861
30567,30568
30567,30862
30568,30569
30568,30863
30569,30570
30569,30864
30592,30593
30592,30887
30610,30611
30610,30905
30611,30612
30611,30906
30612,30907
30617,30618
30617,30912
30618,30619
30618,30913
30619,30620
30619,30914
30620,30621
30620,30915
30621,30622
30621,30916
30622,30917
30652,30653
30652,30947
30653,30654
30653,30948
30654,30655
30654,30949
30655,30656
30655,30950
30656,30657
30656,30951
30657,30658
30657,30952
30658,30659
30658,30953
30659,30660
30659,30954
30660,30955
30662,30663
30662,30957
30663,30664
30663,30958
30664,30665
30664,30959
30665,30666
30665,30960
30666,30667
30666,30961
30667,30668
30667,30962
30668,30963
30670,30671
30859,30860
30860,30861
30861,30862
30861,31156
30862,30863
30862,31157
30863,30864
30863,31158
30864,31159
30904,30905
30904,31199
30905,30906
30905,31200
30906,30907
30907,30908
30907,31202
30908,30909
30908,31203
30909,31204
30911,30912
30911,31206
30912,30913
30912,31207
30913,30914
30913,31208
30914,30915
30914,31209
30915,30916
30915,31210
30916,30917
30916,31211
30947,30948
30948,30949
30948,31243
30949,30950
30949,31244
30950,30951
30951,30952
30952,30953
30953,30954
30954,30955
30955,30956
30956,30957
30957,30958
30958,30959
30959,30960
30960,30961
30961,30962
30962,30963
30963,30964
31156,31157
31156,31451
31157,31158
31157,31452
31158,31159
31158,31453
31159,31160
31159,31454
31160,31455
31165,31166
31165,31460
31166,31167
31166,31461
31167,31168
31167,31462
31168,31169
31168,31463
31169,31464
31198,31199
31199,31200
31199,31494
31200,31495
31202,31203
31202,31497
31203,31204
31203,31498
31204,31205
31204,31499
31205,31206
31205,31500
31206,31207
31206,31501
31207,31208
31207,31502
31208,31209
31208,31503
31209,31210
31210,31211
31210,31505
31243,31244
31448,31449
31449,31450
31450,31451
31451,31452
31451,31746
31452,31453
31452,31747
31453,31454
31453,31748
31454,31455
31454,31749
31455,31456
31455,31750
31456,31751
31460,31461
31460,31755
31461,31462
31461,31756
31462,31463
31462,31757
31463,31464
31463,31758
31464,31465
31464,31759
31465,31760
31494,31495
31495,31496
31495,31790
31496,31497
31497,31498
31498,31499
31498,31793
31499,31500
31499,31794
31500,31501
31500,31795
31501,31502
31501,31796
31502,31503
31502,31797
31503,31798
31505,31800
31746,31747
31747,31748
31747,32042
31748,31749
31748,32043
31749,31750
31749,32044
31750,31751
31750,32045
31751,32046
31755,31756
31755,32050
31756,31757
31756,32051
31757,31758
31758,31759
31759,31760
31760,31761
31761,31762
31761,32056
31762,32057
31793,31794
31793,32088
31794,31795
31794,32089
31795,31796
31796,31797
31796,32091
31797,31798
31797,32092
31798,31799
31799,31800
32042,32043
32043,32044
32043,32338
32044,32045
32044,32339
32045,32046
32045,32340
32046,32341
32048,32049
32049,32050
32049,32344
32050,32051
32056,32057
32088,32089
32091,32092
32338,32339
32338,32633
32339,32340
32339,32634
32340,32341
32340,32635
32341,32342
32341,32636
32342,32637
32632,32633
32632,32927
32633,32634
32633,32928
32634,32635
32634,32929
32635,32636
32635,32930
32636,32637
32636,32931
32637,32932
32927,32928
32927,33222
32928,32929
32928,33223
32929,32930
32929,33224
32930,32931
32931,32932
32932,32933
32932,33227
33217,33218
33217,33512
33218,33219
33218,33513
33219,33514
33221,33222
33221,33516
33222,33223
33222,33517
33223,33224
33223,33518
33224,33519
33227,33522
33511,33512
33512,33513
33513,33514
33514,33809
33516,33517
33516,33811
33517,33518
33517,33812
33518,33519
33518,33813
33521,33522
33521,33816
33809,33810
33809,34104
33810,33811
33810,34105
33811,33812
33811,34106
33812,33813
33812,34107
33813,34108
33815,33816
33815,34110
33816,34111
34104,34105
34105,34106
34106,34107
34106,34401
34107,34108
34107,34402
34108,34403
34110,34111
34110,34405
34394,34689
34401,34402
34402,34403
34402,34697
34403,34404
34403,34698
34404,34405
34404,34699
34689,34984
34697,34698
34697,34992
34698,34699
34698,34993
34983,34984
34983,35278
34984,34985
34984,35279
34985,35280
34991,34992
34991,35286
34992,34993
34992,35287
35278,35279
35278,35573
35279,35280
35279,35574
35280,35575
35286,35287
35286,35581
35287,35582
35573,35574
35573,35868
35574,35575
35574,35869
35580,35581
35580,35875
35581,35582
35581,35876
35582,35583
35582,35877
35583,35878
35854,35855
35854,36149
35855,35856
35855,36150
35856,35857
35856,36151
35857,36152
35867,35868
35867,36162
35868,35869
35868,36163
35869,36164
35874,35875
35874,36169
35875,35876
35875,36170
35876,35877
35876,36171
35877,35878
35877,36172
35878,36173
36149,36150
36149,36444
36150,36151
36150,36445
36151,36152
36151,36446
36152,36447
36162,36163
36162,36457
36163,36164
36163,36458
36164,36165
36168,36169
36169,36170
36169,36464
36170,36171
36170,36465
36171,36172
36171,36466
36172,36173
36172,36467
36173,36174
36173,36468
36174,36175
36174,36469
36175,36176
36175,36470
36176,36177
36176,36471
36177,36178
36177,36472
36178,36473
36442,36443
36442,36737
36443,36444
36443,36738
36444,36445
36444,36739
36445,36446
36445,36740
36446,36447
36446,36741
36447,36448
36447,36742
36448,36743
36455,36456
36455,36750
36456,36457
36456,36751
36457,36458
36464,36465
36464,36759
36465,36466
36465,36760
36466,36467
36466,36761
36467,36468
36467,36762
36468,36469
36468,36763
36469,36470
36469,36764
36470,36471
36470,36765
36471,36472
36471,36766
36472,36473
36472,36767
36737,36738
36737,37032
36738,36739
36738,37033
36739,36740
36739,37034
36740,36741
36740,37035
36741,36742
36741,37036
36742,36743
36742,37037
36743,36744
36743,37038
36744,37039
36749,36750
36749,37044
36750,36751
36757,36758
36757,37052
36758,36759
36758,37053
36759,36760
36759,37054
36760,36761
36760,37055
36761,36762
36761,37056
36762,36763
36762,37057
36763,36764
36763,37058
36764,36765
36764,37059
36765,36766
36765,37060
36766,36767
36766,37061
36767,37062
37031,37032
37031,37326
37032,37033
37032,37327
37033,37034
37033,37328
37034,37035
37034,37329
37035,37036
37035,37330
37036,37037
37036,37331
37037,37038
37037,37332
37038,37039
37038,37333
37039,37040
37039,37334
37040,37041
37040,37335
37041,37042
37041,37336
37042,37043
37042,37337
37043,37044
37048,37049
37048,37343
37049,37050
37049,37344
37050,37051
37050,37345
37051,37052
37051,37346
37052,37053
37052,37347
37053,37054
37053,37348
37054,37055
37055,37056
37055,37350
37056,37057
37056,37351
37057,37058
37057,37352
37058,37059
37058,37353
37059,37060
37059,37354
37060,37061
37060,37355
37061,37062
37061,37356
37326,37327
37326,37621
37327,37328
37327,37622
37328,37329
37328,37623
37329,37330
37329,37624
37330,37331
37330,37625
37331,37332
37331,37626
37332,37333
37332,37627
37333,37334
37333,37628
37334,37335
37334,37629
37335,37336
37335,37630
37336,37337
37342,37343
37342,37637
37343,37344
37343,37638
37344,37345
37344,37639
37345,37346
37345,37640
37346,37347
37346,37641
37347,37348
37350,37351
37351,37352
37351,37646
37352,37353
37352,37647
37353,37354
37353,37648
37354,37355
37354,37649
37355,37356
37621,37622
37622,37623
37622,37917
37623,37624
37623,37918
37624,37625
37624,37919
37625,37626
37625,37920
37626,37627
37627,37628
37627,37922
37628,37629
37629,37630
37633,37634
37633,37928
37634,37635
37634,37929
37635,37636
37635,37930
37636,37637
37636,37931
37637,37638
37637,37932
37638,37639
37638,37933
37639,37640
37639,37934
37640,37641
37640,37935
37641,37936
37646,37647
37646,37941
37647,37648
37647,37942
37648,37649
37648,37943
37917,37918
37918,37919
37918,38213
37919,37920
37919,38214
37920,38215
37928,37929
37928,38223
37929,37930
37929,38224
37930,37931
37931,37932
37932,37933
37933,37934
37934,37935
37934,38229
37935,37936
37935,38230
37941,37942
37941,38236
37942,37943
37942,38237
38213,38214
38213,38508
38214,38215
38214,38509
38215,38510
38221,38222
38221,38516
38222,38223
38222,38517
38223,38224
38229,38230
38235,38236
38235,38530
38236,38237
38236,38531
38494,38789
38508,38509
38509,38510
38509,38804
38515,38516
38515,38810
38516,38517
38516,38811
38529,38530
38529,38824
38530,38531
38759,39054
38771,39066
38780,38781
38781,38782
38782,39077
38789,38790
38789,39084
38790,39085
38804,39099
38809,38810
38809,39104
38810,38811
38810,39105
39052,39053
39052,39347
39053,39054
39053,39348
39066,39361
39073,39074
39073,39368
39074,39369
39077,39078
39077,39372
39078,39079
39078,39373
39079,39080
39079,39374
39080,39375
39082,39083
39082,39377
39083,39084
39083,39378
39084,39085
39084,39379
39085,39086
39085,39380
39086,39381
39099,39394
39104,39105
39104,39399
39105,39400
39347,39348
39348,39643
39351,39352
39351,39646
39352,39353
39352,39647
39353,39648
39361,39362
39361,39656
39362,39363
39362,39657
39363,39364
39363,39658
39364,39365
39364,39659
39365,39366
39365,39660
39366,39367
39366,39661
39367,39368
39367,39662
39368,39369
39368,39663
39369,39370
39369,39664
39370,39371
39370,39665
39371,39372
39371,39666
39372,39373
39372,39667
39373,39374
39373,39668
39374,39375
39374,39669
39375,39376
39375,39670
39376,39377
39376,39671
39377,39378
39377,39672
39378,39379
39378,39673
39379,39380
39379,39674
39380,39381
39380,39675
39381,39676
39394,39689
39397,39398
39397,39692
39398,39399
39399,39400
39399,39694
39400,39695
39643,39938
39645,39646
39645,39940
39646,39647
39646,39941
39647,39648
39647,39942
39648,39943
39652,39653
39652,39947
39653,39654
39653,39948
39654,39655
39654,39949
39655,39656
39655,39950
39656,39657
39656,39951
39657,39658
39657,39952
39658,39659
39658,39953
39659,39660
39659,39954
39660,39661
39660,39955
39661,39662
39661,39956
39662,39663
39662,39957
39663,39664
39663,39958
39664,39665
39664,39959
39665,39666
39665,39960
39666,39667
39666,39961
39667,39668
39667,39962
39668,39669
39668,39963
39669,39670
39669,39964
39670,39671
39670,39965
39671,39672
39671,39966
39672,39673
39672,39967
39673,39674
39673,39968
39674,39675
39674,39969
39675,39676
39675,39970
39676,39971
39691,39692
39691,39986
39694,39695
39694,39989
39695,39990
39933,39934
39933,40228
39934,40229
39936,39937
39936,40231
39937,39938
39937,40232
39938,39939
39938,40233
39939,39940
39939,40234
39940,39941
39940,40235
39941,39942
39941,40236
39942,39943
39942,40237
39943,39944
39943,40238
39944,39945
39944,40239
39945,39946
39946,39947
39946,40241
39947,39948
39947,40242
39948,39949
39948,40243
39949,39950
39949,40244
39950,39951
39950,40245
39951,39952
39952,39953
39952,40247
39953,39954
39953,40248
39954,39955
39954,40249
39955,39956
39955,40250
39956,39957
39956,40251
39957,39958
39957,40252
39958,39959
39958,40253
39959,39960
39959,40254
39960,39961
39960,40255
39961,39962
39961,40256
39962,39963
39962,40257
39963,39964
39964,39965
39965,39966
39966,39967
39967,39968
39968,39969
39968,40263
39969,39970
39969,40264
39970,39971
39970,40265
39971,40266
39989,39990
39989,40284
39990,40285
40222,40517
40227,40228
40227,40522
40228,40229
40228,40523
40229,40230
40229,40524
40230,40231
40230,40525
40231,40232
40231,40526
40232,40233
40232,40527
40233,40234
40233,40528
40234,40235
40234,40529
40235,40236
40235,40530
40236,40237
40236,40531
40237,40238
40237,40532
40238,40239
40238,40533
40239,40534
40241,40242
40242,40243
40243,40244
40244,40245
40247,40248
40248,40249
40249,40250
40249,40544
40250,40251
40250,40545
40251,40252
40251,40546
40252,40253
40253,40254
40253,40548
40254,40255
40254,40549
40255,40256
40256,40257
40256,40551
40263,40264
40263,40558
40264,40265
40264,40559
40265,40266
40265,40560
40266,40561
40284,40285
40284,40579
40285,40580
40517,40518
40517,40812
40518,40813
40521,40522
40521,40816
40522,40523
40522,40817
40523,40524
40523,40818
40524,40525
40524,40819
40525,40526
40525,40820
40526,40527
40526,40821
40527,40528
40527,40822
40528,40529
40528,40823
40529,40530
40530,40531
40530,40825
40531,40532
40531,40826
40532,40533
40533,40534
40533,40828
40544,40545
40545,40546
40548,40549
40549,40844
40551,40846
40556,40557
40557,40558
40558,40559
40559,40560
40560,40561
40560,40855
40561,40562
40561,40856
40577,40578
40577,40872
40578,40579
40578,40873
40579,40580
40579,40874
40580,40875
40812,40813
40813,40814
40814,40815
40814,41109
40815,40816
40815,41110
40816,40817
40816,41111
40817,40818
40817,41112
40818,40819
40818,41113
40819,40820
40819,41114
40820,40821
40820,41115
40821,40822
40821,41116
40822,40823
40822,41117
40823,41118
40825,40826
40825,41120
40826,41121
40844,40845
40844,41139
40845,40846
40845,41140
40846,41141
40848,40849
40848,41143
40849,40850
40855,40856
40855,41150
40856,41151
40872,40873
40872,41167
40873,40874
40873,41168
40874,40875
40874,41169
40875,41170
41109,41110
41110,41111
41110,41405
41111,41112
41111,41406
41112,41113
41112,41407
41113,41114
41113,41408
41114,41115
41114,41409
41115,41116
41115,41410
41116,41117
41116,41411
41117,41118
41117,41412
41118,41119
41119,41120
41120,41121
41124,41125
41124,41419
41125,41126
41125,41420
41126,41127
41136,41431
41138,41139
41138,41433
41139,41140
41139,41434
41140,41141
41140,41435
41141,41436
41143,41438
41150,41151
41150,41445
41151,41152
41151,41446
41152,41153
41152,41447
41153,41154
41153,41448
41154,41449
41167,41168
41167,41462
41168,41169
41168,41463
41169,41170
41169,41464
41170,41465
41403,41698
41405,41406
41405,41700
41406,41407
41406,41701
41407,41408
41407,41702
41408,41409
41408,41703
41409,41410
41409,41704
41410,41411
41410,41705
41411,41412
41411,41706
41412,41707
41418,41419
41418,41713
41419,41420
41419,41714
41420,41715
41428,41723
41431,41432
41431,41726
41432,41433
41432,41727
41433,41434
41433,41728
41434,41435
41434,41729
41435,41436
41436,41437
41437,41438
41437,41732
41438,41439
41438,41733
41439,41440
41439,41734
41440,41735
41442,41443
41442,41737
41443,41444
41443,41738
41444,41445
41445,41446
41446,41447
41446,41741
41447,41448
41447,41742
41448,41449
41448,41743
41449,41450
41449,41744
41450,41745
41461,41462
41461,41756
41462,41463
41462,41757
41463,41464
41463,41758
41464,41465
41464,41759
41465,41760
41677,41972
41694,41695
41694,41989
41695,41696
41695,41990
41696,41697
41696,41991
41697,41698
41697,41992
41698,41699
41698,41993
41699,41700
41699,41994
41700,41701
41701,41702
41701,41996
41702,41703
41702,41997
41703,41704
41703,41998
41704,41705
41704,41999
41705,41706
41705,42000
41706,41707
41706,42001
41707,42002
41710,41711
41710,42005
41711,41712
41711,42006
41712,41713
41712,42007
41713,41714
41713,42008
41714,41715
41714,42009
41715,42010
41722,41723
41726,41727
41726,42021
41727,41728
41727,42022
41728,41729
41728,42023
41732,41733
41733,41734
41734,41735
41734,42029
41735,41736
41735,42030
41736,41737
41736,42031
41737,41738
41737,42032
41738,42033
41741,41742
41741,42036
41742,41743
41742,42037
41743,41744
41743,42038
41744,41745
41744,42039
41745,41746
41745,42040
41746,41747
41746,42041
41747,41748
41747,42042
41748,42043
41755,41756
41755,42050
41756,41757
41756,42051
41757,41758
41758,41759
41759,41760
41759,42054
41971,41972
41972,42267
41987,41988
41987,42282
41988,41989
41988,42283
41989,41990
41989,42284
41990,41991
41991,41992
41992,41993
41993,41994
41993,42288
41994,42289
41996,41997
41996,42291
41997,41998
41997,42292
41998,41999
41998,42293
41999,42000
41999,42294
42000,42001
42000,42295
42001,42002
42001,42296
42002,42003
42002,42297
42003,42004
42003,42298
42004,42005
42004,42299
42005,42006
42005,42300
42006,42007
42007,42008
42008,42009
42009,42010
42010,42011
42011,42306
42013,42014
42014,42015
42021,42022
42021,42316
42022,42023
42022,42317
42023,42318
42029,42030
42029,42324
42030,42031
42030,42325
42031,42032
42031,42326
42032,42033
42032,42327
42033,42034
42033,42328
42034,42035
42034,42329
42035,42036
42035,42330
42036,42037
42036,42331
42037,42038
42037,42332
42038,42039
42038,42333
42039,42040
42039,42334
42040,42041
42040,42335
42041,42042
42041,42336
42042,42043
42042,42337
42043,42044
42043,42338
42044,42045
42045,42340
42050,42051
42050,42345
42051,42346
42054,42349
42267,42268
42267,42562
42268,42269
42268,42563
42269,42564
42278,42573
42281,42282
42281,42576
42282,42283
42282,42577
42283,42284
42283,42578
42284,42579
42288,42289
42288,42583
42289,42290
42289,42584
42290,42291
42290,42585
42291,42292
42291,42586
42292,42293
42292,42587
42293,42294
42293,42588
42294,42295
42294,42589
42295,42296
42295,42590
42296,42297
42296,42591
42297,42298
42297,42592
42298,42299
42299,42300
42306,42601
42314,42315
42314,42609
42315,42316
42315,42610
42316,42317
42317,42318
42317,42612
42324,42325
42325,42326
42325,42620
42326,42327
42326,42621
42327,42328
42327,42622
42328,42329
42328,42623
42329,42330
42329,42624
42330,42331
42330,42625
42331,42332
42331,42626
42332,42333
42332,42627
42333,42334
42333,42628
42334,42335
42334,42629
42335,42336
42335,42630
42336,42337
42336,42631
42337,42338
42337,42632
42338,42633
42344,42345
42344,42639
42345,42346
42345,42640
42346,42347
42346,42641
42347,42348
42347,42642
42348,42349
42348,42643
42349,42644
42561,42562
42561,42856
42562,42563
42562,42857
42563,42564
42563,42858
42573,42574
42573,42868
42574,42575
42574,42869
42575,42576
42575,42870
42576,42577
42576,42871
42577,42578
42577,42872
42578,42579
42578,42873
42579,42874
42583,42584
42583,42878
42584,42585
42584,42879
42585,42586
42585,42880
42586,42587
42586,42881
42587,42588
42587,42882
42588,42589
42588,42883
42589,42590
42589,42884
42590,42591
42590,42885
42591,42592
42591,42886
42601,42602
42608,42609
42608,42903
42609,42610
42612,42907
42620,42621
42621,42622
42622,42623
42622,42917
42623,42624
42623,42918
42624,42625
42625,42626
42625,42920
42626,42627
42626,42921
42627,42628
42627,42922
42628,42629
42628,42923
42629,42630
42629,42924
42630,42631
42630,42925
42631,42632
42631,42926
42632,42633
42632,42927
42633,42634
42633,42928
42634,42929
42638,42639
42638,42933
42639,42640
42639,42934
42640,42641
42640,42935
42641,42642
42641,42936
42642,42643
42642,42937
42643,42644
42643,42938
42644,42939
42856,42857
42857,42858
42868,42869
42868,43163
42869,42870
42869,43164
42870,42871
42870,43165
42871,42872
42871,43166
42872,42873
42873,42874
42874,43169
42877,42878
42877,43172
42878,42879
42878,43173
42879,42880
42879,43174
42880,42881
42880,43175
42881,42882
42881,43176
42882,42883
42882,43177
42883,42884
42883,43178
42884,42885
42884,43179
42885,42886
42885,43180
42903,43198
42907,42908
42917,42918
42918,43213
42920,42921
42920,43215
42921,42922
42921,43216
42922,42923
42923,42924
42923,43218
42924,42925
42924,43219
42925,42926
42925,43220
42926,42927
42926,43221
42927,42928
42927,43222
42928,42929
42928,43223
42929,42930
42929,43224
42930,42931
42930,43225
42931,42932
42931,43226
42932,42933
42932,43227
42933,42934
42933,43228
42934,42935
42934,43229
42935,42936
42935,43230
42936,42937
42936,43231
42937,42938
42937,43232
42938,42939
42938,43233
43142,43437
43161,43162
43161,43456
43162,43163
43162,43457
43163,43164
43164,43165
43165,43166
43165,43460
43166,43461
43169,43170
43169,43464
43170,43171
43170,43465
43171,43172
43171,43466
43172,43173
43172,43467
43173,43174
43173,43468
43174,43175
43174,43469
43175,43176
43175,43470
43176,43177
43176,43471
43177,43178
43177,43472
43178,43179
43178,43473
43179,43180
43179,43474
43180,43475
43198,43199
43199,43200
43200,43201
43213,43214
43214,43215
43214,43509
43215,43216
43215,43510
43216,43511
43218,43219
43219,43220
43219,43514
43220,43221
43220,43515
43221,43222
43221,43516
43222,43223
43222,43517
43223,43224
43223,43518
43224,43225
43224,43519
43225,43226
43225,43520
43226,43227
43226,43521
43227,43228
43227,43522
43228,43229
43228,43523
43229,43230
43229,43524
43230,43231
43230,43525
43231,43232
43231,43526
43232,43233
43232,43527
43437,43438
43437,43732
43438,43733
43456,43457
43456,43751
43457,43752
43460,43461
43460,43755
43461,43462
43461,43756
43462,43463
43462,43757
43463,43464
43463,43758
43464,43465
43464,43759
43465,43466
43465,43760
43466,43467
43466,43761
43467,43468
43467,43762
43468,43469
43468,43763
43469,43470
43469,43764
43470,43471
43470,43765
43471,43472
43471,43766
43472,43473
43472,43767
43473,43474
43474,43475
43474,43769
43475,43476
43475,43770
43476,43771
43509,43510
43509,43804
43510,43511
43510,43805
43514,43515
43514,43809
43515,43516
43515,43810
43516,43517
43516,43811
43517,43518
43517,43812
43518,43519
43518,43813
43519,43520
43519,43814
43520,43521
43520,43815
43521,43522
43521,43816
43522,43523
43522,43817
43523,43524
43523,43818
43524,43525
43524,43819
43525,43526
43525,43820
43526,43527
43526,43821
43732,43733
43732,44027
43733,43734
43733,44028
43734,43735
43734,44029
43735,44030
43748,43749
43748,44043
43749,43750
43749,44044
43750,43751
43750,44045
43751,43752
43752,44047
43754,43755
43754,44049
43755,43756
43755,44050
43756,43757
43756,44051
43757,43758
43757,44052
43758,43759
43758,44053
43759,43760
43759,44054
43760,43761
43760,44055
43761,43762
43761,44056
43762,43763
43762,44057
43763,43764
43764,43765
43765,43766
43766,43767
43769,43770
43770,43771
43770,44065
43771,43772
43771,44066
43772,43773
43772,44067
43773,43774
43773,44068
43774,43775
43803,43804
43803,44098
43804,43805
43804,44099
43805,44100
43809,43810
43810,43811
43811,43812
43811,44106
43812,43813
43812,44107
43813,43814
43814,43815
43815,43816
43816,43817
43816,44111
43817,43818
43817,44112
43818,43819
43818,44113
43819,43820
43819,44114
43820,43821
43820,44115
44027,44028
44027,44322
44028,44029
44028,44323
44029,44030
44029,44324
44042,44043
44043,44044
44044,44045
44047,44048
44048,44049
44048,44343
44049,44050
44050,44051
44051,44052
44051,44346
44052,44053
44052,44347
44053,44054
44053,44348
44054,44055
44054,44349
44055,44056
44055,44350
44056,44057
44065,44066
44066,44067
44067,44068
44098,44099
44099,44100
44100,44101
44106,44107
44111,44112
44111,44406
44112,44113
44112,44407
44113,44114
44113,44408
44114,44115
44115,44410
44321,44322
44321,44616
44322,44323
44322,44617
44323,44324
44323,44618
44324,44619
44333,44628
44343,44638
44346,44347
44346,44641
44347,44348
44347,44642
44348,44349
44348,44643
44349,44350
44405,44406
44406,44407
44407,44408
44407,44702
44408,44703
44410,44411
44410,44705
44411,44706
44615,44616
44615,44910
44616,44617
44616,44911
44617,44618
44617,44912
44618,44619
44618,44913
44619,44914
44625,44626
44625,44920
44626,44627
44626,44921
44627,44628
44627,44922
44628,44923
44638,44639
44638,44933
44639,44640
44639,44934
44640,44641
44641,44642
44641,44936
44642,44643
44702,44703
44703,44998
44705,44706
44706,44707
44706,45001
44707,45002
44909,44910
44909,45204
44910,44911
44910,45205
44911,44912
44912,44913
44912,45207
44913,44914
44913,45208
44914,44915
44914,45209
44915,44916
44915,45210
44916,44917
44916,45211
44917,44918
44917,45212
44918,45213
44920,44921
44920,45215
44921,44922
44921,45216
44922,44923
44922,45217
44923,45218
44931,44932
44931,45226
44932,44933
44932,45227
44933,44934
44998,44999
45001,45002
45203,45204
45203,45498
45204,45205
45204,45499
45205,45500
45207,45208
45207,45502
45208,45209
45208,45503
45209,45210
45209,45504
45210,45211
45210,45505
45211,45212
45211,45506
45212,45213
45212,45507
45213,45214
45213,45508
45214,45215
45214,45509
45215,45216
45215,45510
45216,45217
45216,45511
45217,45218
45217,45512
45218,45513
45226,45227
45496,45497
45496,45791
45497,45498
45497,45792
45498,45499
45498,45793
45499,45500
45499,45794
45500,45501
45500,45795
45501,45502
45501,45796
45502,45503
45502,45797
45503,45504
45503,45798
45504,45505
45505,45506
45506,45507
45507,45508
45507,45802
45508,45509
45508,45803
45509,45510
45509,45804
45510,45511
45510,45805
45511,45512
45511,45806
45512,45513
45512,45807
45513,45514
45513,45808
45514,45515
45514,45809
45515,45810
45785,45786
45785,46080
45786,46081
45791,45792
45791,46086
45792,45793
45793,45794
45793,46088
45794,45795
45794,46089
45795,45796
45795,46090
45796,45797
45796,46091
45797,45798
45797,46092
45798,46093
45802,45803
45802,46097
45803,45804
45803,46098
45804,45805
45804,46099
45805,45806
45805,46100
45806,45807
45806,46101
45807,45808
45807,46102
45808,45809
45808,46103
45809,45810
45819,45820
45823,45824
45824,45825
46079,46080
46079,46374
46080,46081
46080,46375
46081,46082
46081,46376
46085,46086
46085,46380
46086,46381
46088,46089
46089,46090
46089,46384
46090,46091
46090,46385
46091,46092
46092,46093
46092,46387
46093,46094
46093,46388
46094,46095
46094,46389
46095,46096
46095,46390
46096,46097
46096,46391
46097,46098
46097,46392
46098,46099
46098,46393
46099,46100
46099,46394
46100,46101
46100,46395
46101,46102
46101,46396
46102,46103
46102,46397
46374,46375
46374,46669
46375,46376
46375,46670
46376,46671
46378,46673
46380,46381
46380,46675
46384,46385
46384,46679
46385,46680
46387,46388
46387,46682
46388,46389
46388,46683
46389,46390
46389,46684
46390,46391
46390,46685
46391,46392
46392,46393
46393,46394
46394,46395
46395,46396
46396,46397
46669,46670
46669,46964
46670,46671
46670,46965
46671,46672
46672,46673
46673,46674
46674,46675
46675,46970
46677,46678
46677,46972
46678,46679
46679,46680
46679,46974
46680,46681
46680,46975
46681,46682
46681,46976
46682,46683
46682,46977
46683,46684
46683,46978
46684,46685
46684,46979
46685,46980
46963,46964
46963,47258
46964,46965
46970,46971
46970,47265
46971,46972
46971,47266
46972,47267
46974,46975
46974,47269
46975,46976
46975,47270
46976,46977
46976,47271
46977,46978
46977,47272
46978,46979
46978,47273
46979,46980
46979,47274
46980,46981
46980,47275
46981,46982
46981,47276
46982,47277
47257,47258
47257,47552
47265,47266
47265,47560
47266,47267
47266,47561
47267,47268
47267,47562
47268,47269
47269,47270
47269,47564
47270,47271
47270,47565
47271,47272
47271,47566
47272,47273
47272,47567
47273,47274
47273,47568
47274,47275
47274,47569
47275,47276
47275,47570
47276,47277
47276,47571
47277,47278
47278,47573
47551,47552
47551,47846
47559,47560
47560,47561
47561,47562
47564,47565
47565,47566
47565,47860
47566,47567
47566,47861
47567,47568
47567,47862
47568,47569
47568,47863
47569,47570
47569,47864
47570,47571
47570,47865
47573,47574
47574,47575
47575,47576
47576,47577
47846,48141
47848,47849
47849,47850
47860,47861
47860,48155
47861,47862
47861,48156
47862,47863
47862,48157
47863,47864
47864,47865
47864,48159
47865,48160
48140,48141
48141,48142
48146,48147
48146,48441
48147,48148
48147,48442
48148,48149
48148,48443
48149,48150
48154,48155
48154,48449
48155,48156
48155,48450
48156,48157
48156,48451
48157,48452
48159,48160
48159,48454
48440,48441
48441,48442
48441,48736
48442,48443
48448,48449
48448,48743
48449,48450
48449,48744
48450,48451
48450,48745
48451,48452
48451,48746
48452,48453
48452,48747
48453,48454
48453,48748
48743,48744
48743,49038
48744,48745
48744,49039
48745,48746
48746,48747
48747,48748
48747,49042
48748,49043
49037,49038
49037,49332
49038,49039
49038,49333
49042,49043
49043,49044
49044,49339
49323,49324
49323,49618
49324,49619
49331,49332
49331,49626
49332,49333
49332,49627
49333,49628
49618,49619
49618,49913
49619,49914
49625,49626
49625,49920
49626,49627
49626,49921
49627,49628
49627,49922
49628,49923
49913,49914
49913,50208
49914,49915
49914,50209
49920,49921
49920,50215
49921,49922
49921,50216
49922,49923
49922,50217
50208,50209
50208,50503
50209,50504
50215,50216
50215,50510
50216,50217
50216,50511
50217,50512
50503,50504
50503,50798
50510,50511
50510,50805
50511,50512
50511,50806
50512,50807
50805,50806
50805,51100
50806,50807
50806,51101
50807,50808
50807,51102
50808,51103
51099,51100
51099,51394
51100,51101
51100,51395
51101,51102
51101,51396
51102,51103
51102,51397
51389,51684
51394,51395
51394,51689
51395,51396
51395,51690
51396,51397
51396,51691
51397,51692
51682,51683
51683,51684
51683,51978
51684,51979
51689,51690
51689,51984
51690,51691
51690,51985
51691,51692
51691,51986
51692,51987
51978,51979
51978,52273
51979,52274
51984,51985
51984,52279
51985,51986
51985,52280
51986,51987
51986,52281
51987,51988
51987,52282
51988,52283
52273,52274
52273,52568
52274,52569
52279,52280
52279,52574
52280,52281
52280,52575
52281,52282
52281,52576
52282,52283
52282,52577
52568,52569
52569,52570
52569,52864
52570,52865
52574,52575
52575,52576
52575,52870
52576,52577
52576,52871
52577,52872
52598,52893
52864,52865
52864,53159
52865,52866
52865,53160
52870,52871
52871,52872
52871,53166
52872,52873
52872,53167
52873,53168
52888,52889
52888,53183
52889,52890
52889,53184
52890,52891
52890,53185
52891,52892
52891,53186
52892,52893
52892,53187
52893,52894
52893,53188
52894,52895
52894,53189
52895,53190
53159,53160
53160,53455
53166,53167
53167,53168
53167,53462
53168,53463
53181,53182
53181,53476
53182,53183
53182,53477
53183,53184
53183,53478
53184,53185
53185,53186
53186,53187
53186,53481
53187,53188
53187,53482
53188,53189
53188,53483
53189,53190
53189,53484
53190,53191
53190,53485
53191,53486
53455,53456
53456,53751
53462,53463
53463,53464
53463,53758
53464,53465
53464,53759
53465,53466
53465,53760
53466,53761
53473,53474
53473,53768
53474,53475
53475,53476
53476,53477
53477,53478
53481,53482
53482,53483
53482,53777
53483,53484
53484,53485
53484,53779
53485,53486
53485,53780
53486,53487
53486,53781
53487,53488
53487,53782
53488,53783
53751,53752
53751,54046
53752,54047
53758,53759
53759,53760
53759,54054
53760,53761
53760,54055
53761,53762
53761,54056
53762,53763
53762,54057
53763,54058
53766,53767
53767,53768
53775,54070
53779,53780
53780,53781
53780,54075
53781,53782
53781,54076
53782,53783
53782,54077
53783,53784
53783,54078
53784,53785
53784,54079
53785,53786
53785,54080
53786,53787
53786,54081
53787,54082
53789,54084
54045,54046
54046,54047
54054,54055
54055,54056
54055,54350
54056,54057
54056,54351
54057,54058
54057,54352
54058,54059
54065,54066
54065,54360
54066,54067
54066,54361
54067,54068
54067,54362
54068,54069
54068,54363
54069,54070
54069,54364
54070,54365
54075,54076
54076,54077
54076,54371
54077,54078
54077,54372
54078,54079
54078,54373
54079,54080
54079,54374
54080,54081
54080,54375
54081,54082
54081,54376
54082,54083
54082,54377
54083,54084
54083,54378
54084,54379
54350,54351
54351,54352
54357,54652
54359,54360
54360,54361
54360,54655
54361,54362
54361,54656
54362,54363
54362,54657
54363,54364
54363,54658
54364,54365
54365,54366
54366,54367
54366,54661
54367,54662
54369,54664
54371,54372
54371,54666
54372,54373
54372,54667
54373,54374
54373,54668
54374,54375
54374,54669
54375,54376
54375,54670
54376,54377
54376,54671
54377,54378
54377,54672
54378,54379
54378,54673
54379,54380
54379,54674
54649,54944
54651,54652
54651,54946
54652,54653
54652,54947
54653,54948
54655,54656
54655,54950
54656,54657
54656,54951
54657,54658
54658,54953
54661,54662
54664,54665
54664,54959
54665,54666
54665,54960
54666,54667
54667,54668
54667,54962
54668,54669
54668,54963
54669,54670
54669,54964
54670,54671
54670,54965
54671,54672
54671,54966
54672,54673
54672,54967
54673,54674
54673,54968
54674,54969
54942,54943
54942,55237
54943,54944
54943,55238
54944,54945
54944,55239
54945,54946
54945,55240
54946,54947
54946,55241
54947,54948
54948,55243
54950,54951
54950,55245
54951,55246
54959,54960
54959,55254
54960,55255
54962,54963
54962,55257
54963,54964
54963,55258
54964,54965
54964,55259
54965,54966
54965,55260
54966,54967
54966,55261
54967,54968
54967,55262
54968,54969
54968,55263
54969,54970
54969,55264
54970,55265
55227,55228
55227,55522
55228,55229
55228,55523
55229,55524
55236,55237
55237,55238
55237,55532
55238,55239
55238,55533
55239,55240
55239,55534
55240,55241
55240,55535
55241,55536
55243,55244
55243,55538
55244,55245
55245,55246
55246,55247
55254,55255
55255,55256
55256,55257
55256,55551
55257,55258
55258,55259
55258,55553
55259,55260
55259,55554
55260,55261
55260,55555
55261,55262
55261,55556
55262,55263
55262,55557
55263,55264
55263,55558
55264,55265
55264,55559
55265,55560
55520,55521
55521,55522
55521,55816
55522,55523
55522,55817
55523,55524
55523,55818
55524,55819
55532,55533
55533,55534
55534,55535
55534,55829
55535,55536
55535,55830
55536,55537
55536,55831
55537,55538
55537,55832
55538,55833
55551,55846
55553,55554
55553,55848
55554,55555
55554,55849
55555,55556
55555,55850
55556,55557
55557,55558
55558,55559
55559,55560
55816,55817
55817,55818
55818,55819
55829,55830
55829,56124
55830,55831
55830,56125
55831,55832
55831,56126
55832,55833
55832,56127
55833,55834
55833,56128
55834,56129
55848,55849
55848,56143
55849,55850
55849,56144
55850,56145
56124,56125
56124,56419
56125,56126
56126,56127
56127,56128
56128,56129
56143,56144
56143,56438
56144,56145
56144,56439
56145,56440
56147,56148
56147,56442
56148,56149
56148,56443
56149,56150
56149,56444
56432,56433
56437,56438
56437,56732
56438,56439
56438,56733
56439,56440
56439,56734
56440,56441
56440,56735
56441,56442
56441,56736
56442,56443
56442,56737
56443,56444
56443,56738
56726,57021
56730,56731
56730,57025
56731,56732
56731,57026
56732,56733
56732,57027
56733,56734
56733,57028
56734,56735
56734,57029
56735,56736
56735,57030
56736,56737
56736,57031
56737,56738
56737,57032
57019,57020
57019,57314
57020,57021
57020,57315
57021,57022
57021,57316
57022,57023
57023,57024
57023,57318
57024,57025
57024,57319
57025,57026
57025,57320
57026,57027
57026,57321
57027,57028
57027,57322
57028,57029
57028,57323
57029,57030
57029,57324
57030,57031
57030,57325
57031,57032
57313,57314
57313,57608
57314,57315
57314,57609
57315,57316
57315,57610
57316,57611
57318,57319
57318,57613
57319,57320
57319,57614
57320,57321
57320,57615
57321,57322
57321,57616
57322,57323
57322,57617
57323,57324
57323,57618
57324,57325
57608,57609
57608,57903
57609,57610
57609,57904
57610,57611
57610,57905
57611,57612
57611,57906
57612,57613
57612,57907
57613,57614
57613,57908
57614,57615
57614,57909
57615,57616
57615,57910
57616,57617
57616,57911
57617,57618
57618,57913
57903,57904
57903,58198
57904,57905
57904,58199
57905,57906
57905,58200
57906,57907
57906,58201
57907,57908
57907,58202
57908,57909
57908,58203
57909,57910
57909,58204
57910,57911
57910,58205
57911,58206
58197,58198
58197,58492
58198,58199
58198,58493
58199,58200
58199,58494
58200,58201
58201,58202
58201,58496
58202,58203
58202,58497
58203,58204
58203,58498
58204,58205
58204,58499
58205,58206
58205,58500
58206,58501
58491,58492
58491,58786
58492,58493
58493,58494
58496,58497
58496,58791
58497,58498
58497,58792
58498,58499
58498,58793
58499,58500
58499,58794
58500,58501
58500,58795
58501,58796
58784,58785
58784,59079
58785,58786
58785,59080
58790,58791
58790,59085
58791,58792
58791,59086
58792,58793
58793,58794
58794,58795
58794,59089
58795,58796
58795,59090
58796,59091
59078,59079
59078,59373
59079,59080
59079,59374
59080,59375
59084,59085
59084,59379
59085,59086
59085,59380
59086,59381
59089,59090
59090,59091
59091,59386
59373,59374
59374,59375
59374,59669
59375,59376
59375,59670
59376,59671
59379,59380
59379,59674
59380,59381
59380,59675
59381,59676
59386,59681
59669,59670
59669,59964
59670,59671
59670,59965
59671,59966
59673,59674
59673,59968
59674,59675
59674,59969
59675,59676
59675,59970
59676,59677
59676,59971
59677,59972
59680,59681
59680,59975
59962,59963
59963,59964
59964,59965
59965,59966
59965,60260
59966,59967
59966,60261
59967,59968
59967,60262
59968,59969
59968,60263
59969,59970
59969,60264
59970,59971
59970,60265
59971,59972
59971,60266
59975,60270
60260,60261
60261,60262
60261,60556
60262,60263
60262,60557
60263,60264
60263,60558
60264,60265
60264,60559
60265,60266
60265,60560
60266,60561
60270,60565
60556,60557
60556,60851
60557,60558
60557,60852
60558,60559
60558,60853
60559,60560
60559,60854
60560,60561
60848,60849
60849,61144
60851,60852
60851,61146
60852,60853
60852,61147
60853,60854
60853,61148
60854,61149
61144,61145
61145,61146
61146,61147
61146,61441
61147,61148
61147,61442
61148,61149
61148,61443
61149,61444
61154,61155
61437,61438
61437,61732
61441,61442
61441,61736
61442,61443
61442,61737
61443,61444
61443,61738
61444,61445
61444,61739
61445,61446
61445,61740
61446,61447
61446,61741
61447,61742
61736,61737
61736,62031
61737,61738
61737,62032
61738,61739
61738,62033
61739,61740
61739,62034
61740,61741
61740,62035
61741,61742
61741,62036
61742,62037
62031,62032
62032,62033
62032,62327
62033,62034
62033,62328
62034,62035
62034,62329
62035,62036
62035,62330
62036,62037
62036,62331
62037,62038
62037,62332
62038,62333
62327,62328
62327,62622
62328,62329
62328,62623
62329,62330
62329,62624
62330,62331
62330,62625
62331,62332
62331,62626
62332,62333
62332,62627
62333,62334
62333,62628
62334,62629
62621,62622
62621,62916
62622,62623
62622,62917
62623,62624
62623,62918
62624,62625
62624,62919
62625,62626
62625,62920
62626,62627
62626,62921
62627,62628
62627,62922
62628,62629
62629,62924
62916,62917
62916,63211
62917,62918
62917,63212
62918,62919
62918,63213
62919,62920
62919,63214
62920,62921
62920,63215
62921,62922
62921,63216
62922,63217
62924,62925
62924,63219
62925,62926
62925,63220
62926,63221
63211,63212
63212,63213
63212,63507
63213,63214
63213,63508
63214,63215
63214,63509
63215,63216
63215,63510
63216,63217
63216,63511
63217,63218
63217,63512
63218,63219
63218,63513
63219,63220
63219,63514
63220,63221
63220,63515
63221,63516
63507,63508
63507,63802
63508,63509
63508,63803
63509,63510
63509,63804
63510,63511
63510,63805
63511,63512
63511,63806
63512,63513
63512,63807
63513,63514
63513,63808
63514,63515
63514,63809
63515,63516
63515,63810
63516,63811
63801,63802
63802,63803
63802,64097
63803,63804
63803,64098
63804,63805
63804,64099
63805,63806
63805,64100
63806,63807
63806,64101
63807,63808
63807,64102
63808,63809
63808,64103
63809,63810
63809,64104
63810,63811
63810,64105
63811,64106
64097,64098
64098,64099
64098,64393
64099,64100
64099,64394
64100,64101
64100,64395
64101,64102
64101,64396
64102,64103
64102,64397
64103,64104
64103,64398
64104,64105
64105,64106
64105,64400
64106,64107
64106,64401
64107,64402
64393,64394
64393,64688
64394,64395
64394,64689
64395,64396
64395,64690
64396,64397
64396,64691
64397,64398
64397,64692
64398,64693
64400,64401
64400,64695
64401,64402
64401,64696
64402,64697
64688,64689
64688,64983
64689,64690
64689,64984
64690,64691
64690,64985
64691,64692
64691,64986
64692,64693
64692,64987
64693,64988
64695,64696
64695,64990
64696,64697
64696,64991
64697,64698
64697,64992
64698,64699
64698,64993
64699,64994
64983,64984
64984,64985
64985,64986
64986,64987
64986,65281
64987,64988
64987,65282
64988,65283
64990,64991
64990,65285
64991,64992
64991,65286
64992,64993
64992,65287
64993,64994
64993,65288
64994,64995
64994,65289
64995,65290
65281,65282
65281,65576
65282,65283
65282,65577
65283,65578
65285,65286
65285,65580
65286,65287
65286,65581
65287,65288
65287,65582
65288,65289
65288,65583
65289,65290
65289,65584
65290,65585
65576,65577
65577,65578
65577,65872
65578,65873
65580,65581
65581,65582
65581,65876
65582,65583
65582,65877
65583,65584
65583,65878
65584,65585
65584,65879
65585,65586
65585,65880
65586,65881
65872,65873
65872,66167
65873,65874
65873,66168
65874,66169
65876,65877
65876,66171
65877,65878
65877,66172
65878,65879
65878,66173
65879,65880
65879,66174
65880,65881
65880,66175
65881,66176
66166,66167
66166,66461
66167,66168
66167,66462
66168,66169
66168,66463
66169,66170
66169,66464
66170,66171
66170,66465
66171,66172
66171,66466
66172,66173
66172,66467
66173,66174
66173,66468
66174,66175
66174,66469
66175,66176
66175,66470
66455,66456
66455,66750
66456,66457
66456,66751
66457,66458
66457,66752
66458,66753
66460,66461
66460,66755
66461,66462
66461,66756
66462,66463
66462,66757
66463,66464
66463,66758
66464,66465
66464,66759
66465,66466
66466,66467
66466,66761
66467,66468
66467,66762
66468,66469
66468,66763
66469,66470
66469,66764
66470,66765
66750,66751
66751,66752
66751,67046
66752,66753
66752,67047
66753,66754
66753,67048
66754,66755
66754,67049
66755,66756
66755,67050
66756,66757
66756,67051
66757,66758
66757,67052
66758,66759
66758,67053
66759,67054
66761,66762
66761,67056
66762,66763
66762,67057
66763,66764
66763,67058
66764,66765
66764,67059
66765,66766
67046,67047
67047,67048
67047,67342
67048,67049
67048,67343
67049,67050
67049,67344
67050,67051
67050,67345
67051,67052
67051,67346
67052,67053
67052,67347
67053,67054
67053,67348
67054,67349
67056,67057
67056,67351
67057,67058
67057,67352
67058,67059
67058,67353
67059,67354
67342,67343
67343,67344
67344,67345
67345,67346
67346,67347
67347,67348
67348,67349
67348,67643
67349,67644
67351,67352
67351,67646
67352,67353
67352,67647
67353,67354
67353,67648
67354,67649
67643,67644
67643,67938
67644,67645
67644,67939
67645,67646
67645,67940
67646,67647
67646,67941
67647,67648
67647,67942
67648,67649
67648,67943
67649,67650
67649,67944
67650,67945
67937,67938
67937,68232
67938,67939
67938,68233
67939,67940
67939,68234
67940,67941
67940,68235
67941,67942
67941,68236
67942,67943
67942,68237
67943,67944
67943,68238
67944,67945
67944,68239
67945,68240
68231,68232
68231,68526
68232,68233
68232,68527
68233,68234
68233,68528
68234,68235
68235,68236
68235,68530
68236,68237
68236,68531
68237,68238
68237,68532
68238,68239
68238,68533
68239,68240
68239,68534
68240,68535
68525,68526
68526,68527
68526,68821
68527,68528
68527,68822
68528,68823
68530,68531
68530,68825
68531,68532
68531,68826
68532,68533
68532,68827
68533,68534
68533,68828
68534,68535
68534,68829
68535,68830
68821,68822
68821,69116
68822,68823
68823,68824
68823,69118
68824,68825
68824,69119
68825,68826
68825,69120
68826,68827
68826,69121
68827,68828
68827,69122
68828,68829
68828,69123
68829,68830
68829,69124
68830,69125
69116,69411
69118,69119
69118,69413
69119,69120
69119,69414
69120,69121
69120,69415
69121,69122
69121,69416
69122,69123
69122,69417
69123,69124
69123,69418
69124,69125
69124,69419
69125,69420
69410,69411
69411,69412
69411,69706
69412,69413
69412,69707
69413,69414
69413,69708
69414,69415
69415,69416
69415,69710
69416,69417
69416,69711
69417,69418
69417,69712
69418,69419
69418,69713
69419,69420
69419,69714
69420,69715
69706,69707
69707,69708
69707,70002
69708,70003
69710,69711
69711,69712
69712,69713
69713,69714
69713,70008
69714,69715
70002,70003
70002,70297
70008,70303
70296,70297
70296,70591
70302,70303
70302,70597
70303,70304
70303,70598
70304,70599
70307,70602
70590,70591
70595,70596
70595,70890
70596,70597
70596,70891
70597,70598
70597,70892
70598,70599
70598,70893
70599,70600
70600,70601
70601,70602
70602,70897
70876,71171
70889,70890
70889,71184
70890,70891
70890,71185
70891,70892
70891,71186
70892,70893
70892,71187
71170,71171
71170,71465
71171,71466
71182,71183
71182,71477
71183,71184
71183,71478
71184,71185
71184,71479
71185,71186
71185,71480
71186,71187
71186,71481
71187,71482
71465,71466
71465,71760
71466,71761
71468,71469
71468,71763
71469,71470
71469,71764
71470,71471
71470,71765
71471,71766
71476,71477
71476,71771
71477,71478
71477,71772
71478,71479
71478,71773
71479,71480
71479,71774
71480,71481
71480,71775
71481,71482
71481,71776
71482,71483
71483,71778
71760,71761
71760,72055
71761,71762
71761,72056
71762,71763
71762,72057
71763,71764
71763,72058
71764,71765
71765,71766
71765,72060
71766,71767
71766,72061
71767,72062
71770,71771
71770,72065
71771,71772
71771,72066
71772,71773
71772,72067
71773,71774
71773,72068
71774,71775
71774,72069
71775,71776
71775,72070
71776,72071
71778,71779
72055,72056
72056,72057
72057,72058
72060,72061
72061,72062
72061,72356
72062,72357
72065,72066
72065,72360
72066,72067
72066,72361
72067,72068
72067,72362
72068,72069
72068,72363
72069,72070
72069,72364
72070,72071
72070,72365
72356,72357
72357,72652
72359,72360
72359,72654
72360,72361
72360,72655
72361,72362
72361,72656
72362,72363
72362,72657
72363,72364
72363,72658
72364,72365
72364,72659
72365,72660
72652,72947
72654,72655
72655,72656
72655,72950
72656,72657
72656,72951
72657,72658
72657,72952
72658,72659
72658,72953
72659,72660
72659,72954
72660,72955
72947,72948
72947,73242
72948,73243
72950,72951
72950,73245
72951,72952
72951,73246
72952,72953
72952,73247
72953,72954
72953,73248
72954,72955
72954,73249
72955,73250
73242,73243
73242,73537
73243,73538
73245,73246
73246,73247
73246,73541
73247,73248
73247,73542
73248,73249
73248,73543
73249,73250
73249,73544
73537,73538
73537,73832
73538,73833
73541,73542
73541,73836
73542,73543
73542,73837
73543,73544
73543,73838
73544,73839
73831,73832
73831,74126
73832,73833
73832,74127
73833,74128
73836,73837
73837,73838
73837,74132
73838,73839
73838,74133
74124,74125
74124,74419
74125,74126
74125,74420
74126,74127
74126,74421
74127,74128
74127,74422
74128,74423
74132,74133
74132,74427
74133,74428
74418,74419
74418,74713
74419,74420
74420,74421
74421,74422
74421,74716
74422,74423
74422,74717
74426,74427
74426,74721
74427,74428
74428,74723
74712,74713
74712,75007
74713,75008
74716,74717
74716,75011
74717,75012
74719,74720
74720,74721
74720,75015
74723,74724
74724,75019
75006,75007
75006,75301
75007,75008
75007,75302
75008,75009
75008,75303
75009,75304
75011,75012
75011,75306
75019,75020
75020,75315
75022,75317
75300,75301
75300,75595
75301,75302
75301,75596
75302,75303
75302,75597
75303,75304
75303,75598
75304,75305
75304,75599
75305,75306
75315,75316
75315,75610
75316,75317
75316,75611
75585,75586
75586,75881
75594,75595
75594,75889
75595,75596
75596,75597
75597,75598
75598,75599
75602,75603
75602,75897
75603,75898
75610,75611
75610,75905
75861,75862
75861,76156
75887,75888
75888,75889
75895,75896
75895,76190
75896,75897
75896,76191
75897,75898
75897,76192
75898,75899
75905,76200
76190,76191
76190,76485
76191,76192
76191,76486
76192,76487
76199,76200
76199,76494
76200,76495
76478,76479
76484,76485
76484,76779
76485,76486
76485,76780
76486,76487
76486,76781
76494,76495
76494,76789
76771,76772
76775,76776
76775,77070
76776,76777
76776,77071
76777,77072
76779,76780
76779,77074
76780,76781
76780,77075
76781,77076
77042,77043
77042,77337
77043,77044
77043,77338
77044,77045
77044,77339
77054,77055
77064,77065
77065,77360
77068,77069
77068,77363
77069,77070
77069,77364
77070,77071
77070,77365
77071,77072
77071,77366
77072,77073
77072,77367
77073,77074
77073,77368
77074,77075
77074,77369
77075,77076
77075,77370
77076,77371
77335,77336
77336,77337
77336,77631
77337,77338
77338,77339
77351,77646
77354,77355
77354,77649
77355,77356
77355,77650
77356,77357
77356,77651
77357,77358
77357,77652
77358,77653
77360,77655
77362,77363
77362,77657
77363,77364
77363,77658
77364,77365
77364,77659
77365,77366
77365,77660
77366,77367
77367,77368
77367,77662
77368,77369
77368,77663
77369,77370
77369,77664
77370,77371
77370,77665
77646,77647
77647,77648
77647,77942
77648,77649
77648,77943
77649,77650
77649,77944
77650,77651
77650,77945
77651,77652
77651,77946
77652,77653
77652,77947
77653,77948
77655,77950
77657,77658
77657,77952
77658,77659
77659,77660
77659,77954
77660,77955
77662,77663
77662,77957
77663,77664
77663,77958
77664,77665
77664,77959
77939,77940
77942,77943
77943,77944
77943,78238
77944,77945
77944,78239
77945,77946
77945,78240
77946,77947
77946,78241
77947,77948
77947,78242
77948,77949
77948,78243
77949,77950
77949,78244
77950,77951
77950,78245
77951,77952
77951,78246
77952,78247
77954,77955
77957,77958
77957,78252
77958,77959
78238,78239
78239,78240
78239,78534
78240,78241
78240,78535
78241,78242
78241,78536
78242,78243
78242,78537
78243,78244
78243,78538
78244,78245
78244,78539
78245,78246
78245,78540
78246,78247
78246,78541
78247,78542
78251,78252
78252,78547
78534,78535
78535,78536
78535,78830
78536,78537
78536,78831
78537,78538
78537,78832
78538,78539
78538,78833
78539,78540
78539,78834
78540,78541
78540,78835
78541,78542
78541,78836
78542,78543
78542,78837
78543,78838
78821,79116
78830,78831
78831,78832
78832,78833
78832,79127
78833,78834
78833,79128
78834,78835
78834,79129
78835,78836
78835,79130
78836,78837
78836,79131
78837,78838
78837,79132
78838,78839
79116,79117
79116,79411
79117,79118
79117,79412
79118,79413
79127,79128
79128,79129
79129,79130
79130,79131
79131,79132
79405,79700
79407,79702
79411,79412
79412,79413
79412,79707
79413,79414
79413,79708
79700,79701
79700,79995
79701,79702
79701,79996
79702,79997
79707,79708
79707,80002
79708,80003
79710,79711
79710,80005
79711,80006
79995,79996
79996,79997
79996,80291
80002,80003
80002,80297
80003,80004
80003,80298
80004,80005
80004,80299
80005,80006
80005,80300
80006,80007
80006,80301
80007,80302
80293,80588
80295,80296
80296,80297
80296,80591
80297,80298
80297,80592
80298,80299
80299,80300
80299,80594
80300,80301
80300,80595
80301,80302
80301,80596
80302,80303
80302,80597
80303,80598
80587,80588
80588,80589
80591,80592
80591,80886
80594,80595
80595,80596
80596,80597
80596,80891
80597,80598
80597,80892
80598,80599
80598,80893
80599,80894
80891,80892
80892,80893
80893,80894
80894,80895
80895,80896
80896,81191
81177,81178
81178,81473
81182,81183
81182,81477
81191,81192
81192,81193
81193,81194
81193,81488
81194,81489
81473,81768
81476,81477
81476,81771
81477,81772
81479,81480
81479,81774
81480,81481
81481,81776
81488,81489
81494,81789
81767,81768
81771,81772
81772,81773
81772,82067
81773,81774
81773,82068
81774,82069
81776,82071
81787,81788
81787,82082
81788,81789
81788,82083
81789,81790
81789,82084
81790,81791
81790,82085
81791,81792
81791,82086
81792,82087
82067,82068
82068,82069
82068,82363
82069,82070
82070,82071
82070,82365
82071,82072
82071,82366
82072,82367
82082,82083
82083,82084
82083,82378
82084,82085
82084,82379
82085,82086
82086,82087
82087,82088
82087,82382
82088,82089
82088,82383
82089,82090
82089,82384
82090,82385
82365,82366
82365,82660
82366,82367
82367,82368
82367,82662
82368,82663
82378,82379
82382,82383
82382,82677
82383,82384
82383,82678
82384,82385
82384,82679
82385,82386
82385,82680
82386,82387
82386,82681
82387,82682
82659,82660
82660,82955
82662,82663
82663,82664
82663,82958
82664,82959
82666,82961
82676,82677
82677,82678
82678,82679
82679,82680
82679,82974
82680,82681
82680,82975
82681,82682
82681,82976
82682,82683
82682,82977
82683,82978
82958,82959
82959,82960
82960,82961
82961,82962
82961,83256
82962,83257
82974,82975
82974,83269
82975,82976
82975,83270
82976,82977
82976,83271
82977,82978
82977,83272
82978,83273
83256,83257
83256,83551
83257,83258
83257,83552
83258,83553
83265,83266
83265,83560
83266,83561
83269,83270
83270,83271
83271,83272
83271,83566
83272,83273
83272,83567
83273,83274
83273,83568
83274,83275
83274,83569
83275,83276
83275,83570
83276,83571
83542,83543
83550,83551
83551,83552
83551,83846
83552,83553
83552,83847
83553,83848
83560,83561
83566,83567
83567,83568
83567,83862
83568,83569
83568,83863
83569,83570
83569,83864
83570,83571
83570,83865
83571,83866
83592,83887
83841,83842
83841,84136
83842,83843
83842,84137
83843,84138
83846,83847
83847,83848
83848,83849
83859,83860
83862,83863
83863,83864
83863,84158
83864,83865
83864,84159
83865,83866
83865,84160
83866,83867
83866,84161
83867,83868
83867,84162
83868,84163
83874,84169
83887,83888
83887,84182
83888,84183
84136,84137
84136,84431
84137,84138
84137,84432
84138,84433
84158,84159
84159,84160
84159,84454
84160,84161
84160,84455
84161,84162
84161,84456
84162,84163
84162,84457
84163,84164
84164,84165
84165,84166
84166,84167
84167,84168
84168,84169
84168,84463
84169,84170
84169,84464
84170,84465
84182,84183
84182,84477
84183,84184
84183,84478
84184,84479
84430,84431
84431,84432
84432,84433
84433,84434
84443,84444
84443,84738
84444,84445
84444,84739
84445,84446
84445,84740
84446,84741
84448,84449
84448,84743
84449,84450
84449,84744
84450,84745
84454,84455
84454,84749
84455,84456
84456,84457
84463,84464
84464,84465
84465,84466
84466,84761
84477,84478
84477,84772
84478,84479
84478,84773
84479,84480
84479,84774
84480,84775
84731,85026
84734,85029
84736,84737
84736,85031
84737,84738
84737,85032
84738,84739
84739,84740
84740,84741
84741,84742
84742,84743
84742,85037
84743,84744
84743,85038
84744,84745
84744,85039
84745,84746
84745,85040
84746,85041
84772,84773
84772,85067
84773,84774
84773,85068
84774,84775
84774,85069
84775,84776
84775,85070
84776,85071
85024,85025
85024,85319
85025,85026
85026,85027
85027,85028
85028,85029
85028,85323
85029,85030
85030,85031
85031,85032
85037,85038
85037,85332
85038,85039
85038,85333
85039,85040
85039,85334
85040,85041
85041,85042
85042,85337
85052,85053
85053,85054
85053,85348
85054,85349
85057,85058
85058,85059
85059,85060
85059,85354
85067,85068
85067,85362
85068,85069
85068,85363
85069,85070
85070,85071
85070,85365
85071,85366
85318,85319
85323,85618
85330,85331
85331,85332
85332,85333
85333,85334
85334,85629
85337,85632
85348,85349
85354,85649
85360,85361
85360,85655
85361,85362
85361,85656
85362,85363
85362,85657
85363,85658
85365,85366
85365,85660
85366,85661
85616,85617
85617,85618
85617,85912
85618,85619
85618,85913
85619,85620
85619,85914
85620,85621
85620,85915
85621,85916
85631,85632
85632,85633
85632,85927
85633,85928
85654,85655
85654,85949
85655,85656
85656,85657
85657,85658
85657,85952
85658,85659
85658,85953
85659,85660
85659,85954
85660,85661
85660,85955
85661,85956
85912,85913
85912,86207
85913,85914
85913,86208
85914,85915
85914,86209
85915,85916
85915,86210
85916,85917
85917,85918
85917,86212
85918,86213
85927,85928
85927,86222
85928,85929
85929,85930
85930,85931
85930,86225
85949,86244
85952,85953
85952,86247
85953,85954
85953,86248
85954,85955
85954,86249
85955,85956
85955,86250
86207,86208
86208,86209
86208,86503
86209,86210
86209,86504
86210,86505
86212,86213
86213,86214
86213,86508
86214,86509
86221,86222
86221,86516
86222,86517
86227,86228
86227,86522
86228,86229
86228,86523
86229,86524
86241,86242
86241,86536
86242,86537
86244,86539
86247,86248
86248,86249
86248,86543
86249,86250
86249,86544
86503,86504
86504,86505
86505,86506
86508,86509
86509,86510
86510,86511
86510,86805
86511,86806
86516,86517
86522,86523
86523,86524
86524,86525
86524,86819
86525,86820
86536,86537
86543,86544
86805,86806
86806,86807
86807,86808
86807,87102
86819,86820
86819,87114
86820,86821
86821,86822
86821,87116
86822,86823
86822,87117
86823,87118
86830,87125
86835,87130
87113,87114
87113,87408
87114,87409
87116,87117
87116,87411
87117,87118
87117,87412
87118,87119
87118,87413
87119,87414
87123,87124
87123,87418
87124,87125
87124,87419
87125,87420
87130,87131
87130,87425
87131,87132
87132,87427
87134,87135
87135,87136
87135,87430
87136,87431
87408,87409
87411,87412
87411,87706
87412,87413
87412,87707
87413,87414
87414,87415
87415,87416
87416,87417
87416,87711
87417,87418
87417,87712
87418,87419
87418,87713
87419,87420
87419,87714
87420,87421
87420,87715
87421,87716
87423,87424
87423,87718
87424,87425
87424,87719
87425,87720
87427,87428
87427,87722
87428,87723
87430,87431
87430,87725
87431,87726
87705,87706
87706,87707
87711,87712
87712,87713
87713,87714
87713,88008
87714,87715
87714,88009
87715,87716
87715,88010
87716,87717
87716,88011
87717,87718
87717,88012
87718,87719
87718,88013
87719,87720
87719,88014
87720,88015
87722,87723
87723,87724
87723,88018
87724,87725
87724,88019
87725,87726
87725,88020
87726,88021
88008,88009
88009,88010
88009,88304
88010,88011
88010,88305
88011,88012
88011,88306
88012,88013
88012,88307
88013,88014
88013,88308
88014,88015
88014,88309
88015,88310
88018,88019
88019,88020
88019,88314
88020,88021
88021,88316
88026,88027
88304,88305
88305,88306
88305,88600
88306,88307
88306,88601
88307,88308
88307,88602
88308,88309
88308,88603
88309,88310
88309,88604
88310,88605
88314,88609
88316,88611
88318,88613
88600,88601
88600,88895
88601,88602
88601,88896
88602,88603
88602,88897
88603,88604
88603,88898
88604,88605
88604,88899
88605,88606
88605,88900
88606,88901
88609,88610
88609,88904
88610,88611
88610,88905
88611,88612
88611,88906
88612,88613
88612,88907
88895,88896
88896,88897
88896,89191
88897,88898
88897,89192
88898,88899
88898,89193
88899,88900
88899,89194
88900,88901
88900,89195
88901,89196
88903,88904
88904,88905
88904,89199
88905,88906
88905,89200
88906,88907
88906,89201
88907,89202
89191,89192
89191,89486
89192,89193
89192,89487
89193,89194
89193,89488
89194,89195
89194,89489
89195,89196
89195,89490
89196,89491
89199,89200
89200,89201
89200,89495
89201,89202
89212,89213
89213,89214
89213,89508
89486,89487
89487,89488
89487,89782
89488,89489
89488,89783
89489,89490
89489,89784
89490,89491
89490,89785
89491,89786
89782,89783
89782,90077
89783,89784
89783,90078
89784,89785
89784,90079
89785,89786
89785,90080
89786,89787
89786,90081
89787,90082
90077,90078
90077,90372
90078,90079
90078,90373
90079,90080
90079,90374
90080,90081
90080,90375
90081,90082
90081,90376
90082,90377
90372,90373
90372,90667
90373,90374
90373,90668
90374,90375
90374,90669
90375,90376
90375,90670
90376,90377
90376,90671
90377,90378
90377,90672
90378,90379
90378,90673
90379,90380
90379,90674
90380,90381
90380,90675
90381,90382
90381,90676
90382,90383
90382,90677
90383,90384
90383,90678
90384,90385
90384,90679
90385,90386
90385,90680
90386,90681
90667,90668
90667,90962
90668,90669
90668,90963
90669,90670
90669,90964
90670,90671
90670,90965
90671,90672
90672,90673
90673,90674
90673,90968
90674,90675
90675,90676
90675,90970
90676,90677
90676,90971
90677,90678
90678,90679
90679,90680
90679,90974
90680,90681
90680,90975
90681,90682
90681,90976
90682,90977
90962,90963
90962,91257
90963,90964
90963,91258
90964,90965
90964,91259
90970,90971
90971,91266
90974,90975
90975,90976
90975,91270
90976,90977
90976,91271
90977,91272
91257,91258
91258,91259
91270,91271
91271,91272
91271,91566
91272,91567
91566,91567
91566,91861
91567,91862
91861,91862
91861,92156
91862,92157
91867,92162
92156,92157
92156,92451
92157,92452
92160,92161
92161,92162
92161,92456
92162,92163
92162,92457
92163,92164
92163,92458
92164,92459
92451,92452
92452,92747
92456,92457
92457,92458
92458,92459
92459,92460
92459,92754
92460,92461
92460,92755
92461,92756
92747,93042
92749,93044
92754,92755
92755,92756
92756,93051
93042,93043
93042,93337
93043,93044
93043,93338
93044,93045
93044,93339
93045,93046
93051,93052
93052,93053
93052,93347
93053,93348
93330,93331
93331,93626
93337,93338
93337,93632
93338,93339
93338,93633
93339,93634
93343,93638
93347,93348
93348,93349
93626,93921
93631,93632
93631,93926
93632,93633
93633,93634
93634,93929
93636,93637
93636,93931
93637,93638
93637,93932
93638,93639
93638,93933
93639,93640
93639,93934
93640,93935
93911,94206
93917,93918
93917,94212
93918,93919
93918,94213
93919,93920
93919,94214
93920,93921
93920,94215
93921,93922
93921,94216
93922,93923
93922,94217
93923,93924
93923,94218
93924,93925
93924,94219
93925,93926
93929,94224
93931,93932
93931,94226
93932,93933
93932,94227
93933,93934
93934,93935
93935,93936
93936,94231
94201,94202
94201,94496
94202,94497
94206,94207
94211,94212
94211,94506
94212,94213
94212,94507
94213,94214
94213,94508
94214,94215
94215,94216
94216,94217
94216,94511
94217,94218
94217,94512
94218,94219
94218,94513
94219,94514
94224,94519
94226,94227
94226,94521
94227,94522
94231,94232
94496,94497
94496,94791
94497,94498
94497,94792
94503,94504
94503,94798
94504,94505
94504,94799
94505,94506
94505,94800
94506,94507
94506,94801
94507,94508
94507,94802
94511,94512
94511,94806
94512,94513
94512,94807
94513,94514
94513,94808
94519,94814
94521,94522
94522,94817
94790,94791
94790,95085
94791,94792
94791,95086
94792,95087
94796,94797
94796,95091
94797,94798
94797,95092
94798,94799
94798,95093
94799,94800
94799,95094
94800,94801
94800,95095
94801,94802
94801,95096
94806,94807
94807,94808
94810,94811
94811,94812
94812,94813
94813,94814
95084,95085
95085,95086
95085,95380
95086,95087
95086,95381
95087,95088
95087,95382
95088,95383
95090,95091
95090,95385
95091,95092
95091,95386
95092,95093
95092,95387
95093,95094
95093,95388
95094,95095
95094,95389
95095,95096
95095,95390
95096,95391
95111,95406
95380,95381
95381,95382
95382,95383
95382,95677
95383,95678
95385,95386
95386,95387
95387,95388
95387,95682
95388,95389
95388,95683
95389,95390
95389,95684
95390,95391
95390,95685
95391,95686
95406,95701
95677,95678
95677,95972
95678,95973
95682,95683
95683,95684
95683,95978
95684,95685
95685,95686
95686,95687
95686,95981
95687,95982
95701,95996
95965,95966
95965,96260
95966,95967
95966,96261
95967,95968
95967,96262
95968,95969
95968,96263
95969,95970
95969,96264
95970,95971
95970,96265
95971,95972
95971,96266
95972,95973
95972,96267
95973,95974
95973,96268
95974,96269
95978,96273
95981,95982
95981,96276
95982,95983
95982,96277
95983,96278
95988,95989
95993,96288
95995,95996
95995,96290
95996,96291
96258,96259
96259,96260
96259,96554
96260,96261
96260,96555
96261,96262
96261,96556
96262,96263
96262,96557
96263,96264
96263,96558
96264,96265
96265,96266
96266,96267
96266,96561
96267,96268
96267,96562
96268,96269
96269,96270
96273,96274
96273,96568
96274,96275
96274,96569
96275,96276
96276,96277
96276,96571
96277,96278
96277,96572
96278,96279
96278,96573
96279,96574
96288,96289
96288,96583
96289,96290
96289,96584
96290,96291
96290,96585
96291,96292
96291,96586
96292,96293
96292,96587
96293,96588
96554,96555
96554,96849
96555,96556
96555,96850
96556,96557
96556,96851
96557,96558
96557,96852
96558,96853
96561,96562
96567,96568
96567,96862
96568,96569
96568,96863
96571,96572
96572,96573
96573,96574
96574,96575
96581,96582
96581,96876
96582,96583
96582,96877
96583,96584
96583,96878
96584,96585
96584,96879
96585,96586
96585,96880
96586,96587
96586,96881
96587,96588
96587,96882
96588,96589
96588,96883
96589,96884
96849,96850
96850,96851
96850,97145
96851,96852
96851,97146
96852,96853
96852,97147
96853,97148
96862,96863
96862,97157
96863,97158
96876,96877
96877,96878
96877,97172
96878,96879
96878,97173
96879,96880
96879,97174
96880,96881
96880,97175
96881,96882
96881,97176
96882,96883
96882,97177
96883,96884
96884,96885
96885,96886
96885,97180
97145,97146
97146,97147
97146,97441
97147,97148
97148,97149
97152,97153
97152,97447
97157,97158
97157,97452
97158,97159
97158,97453
97159,97160
97172,97173
97173,97174
97174,97175
97175,97176
97176,97177
97435,97436
97435,97730
97436,97731
97447,97742
97452,97453
97457,97458
97458,97459
97458,97753
97728,97729
97728,98023
97729,97730
97729,98024
97730,97731
97730,98025
97731,98026
97738,97739
97738,98033
97739,97740
97739,98034
97742,97743
98023,98024
98023,98318
98024,98025
98024,98319
98025,98026
98030,98031
98030,98325
98031,98032
98031,98326
98032,98033
98032,98327
98033,98034
98318,98319
98318,98613
98319,98614
98325,98326
98325,98620
98326,98327
98326,98621
98612,98613
98612,98907
98613,98614
98613,98908
98614,98909
98616,98617
98616,98911
98617,98912
98620,98621
98620,98915
98621,98916
98907,98908
98908,98909
98908,99203
98909,99204
98911,98912
98912,98913
98912,99207
98913,99208
98915,98916
98916,99211
99203,99204
99204,99499
99207,99208
99207,99502
99208,99209
99208,99503
99209,99504
99211,99506
99222,99223
99222,99517
99223,99518
99499,99794
99502,99503
99502,99797
99503,99504
99503,99798
99504,99505
99504,99799
99505,99506
99506,99801
99517,99518
99518,99519
99792,99793
99792,100087
99793,99794
99793,100088
99794,99795
99794,100089
99795,99796
99795,100090
99796,99797
99796,100091
99797,99798
99797,100092
99798,99799
99798,100093
99799,100094
99801,99802
99801,100096
99802,100097
99815,99816
100087,100088
100087,100382
100088,100089
100088,100383
100089,100090
100089,100384
100090,100091
100090,100385
100091,100092
100091,100386
100092,100093
100093,100094
100093,100388
100094,100095
100094,100389
100095,100096
100095,100390
100096,100097
100096,100391
100097,100392
100382,100383
100383,100384
100384,100385
100385,100386
100385,100680
100386,100681
100388,100389
100389,100390
100389,100684
100390,100391
100390,100685
100391,100392
100391,100686
100392,100393
100393,100688
100680,100681
100681,100682
100681,100976
100682,100977
100684,100685
100685,100686
100685,100980
100686,100981
100688,100689
100688,100983
100689,100984
100976,100977
100977,101272
100980,100981
100981,100982
100981,101276
100982,100983
100982,101277
100983,100984
100983,101278
100984,100985
100984,101279
100985,101280
101272,101567
101276,101277
101276,101571
101277,101278
101277,101572
101278,101279
101278,101573
101279,101280
101279,101574
101280,101575
101567,101568
101568,101569
101568,101863
101569,101864
101571,101572
101572,101573
101572,101867
101573,101574
101573,101868
101574,101575
101574,101869
101575,101576
101576,101871
101863,101864
101864,101865
101864,102159
101865,102160
101867,101868
101868,101869
101868,102163
101869,102164
101871,101872
101871,102166
101872,102167
102159,102160
102159,102454
102160,102455
102163,102164
102164,102165
102164,102459
102165,102166
102165,102460
102166,102167
102166,102461
102167,102168
102167,102462
102168,102463
102454,102455
102455,102750
102459,102460
102459,102754
102460,102461
102460,102755
102461,102462
102461,102756
102462,102463
102462,102757
102463,102464
102463,102758
102464,102759
102750,102751
102750,103045
102751,103046
102753,102754
102753,103048
102754,102755
102754,103049
102755,102756
102755,103050
102756,102757
102756,103051
102757,102758
102757,103052
102758,102759
102758,103053
102759,102760
102760,103055
102767,103062
103045,103046
103045,103340
103046,103047
103046,103341
103047,103048
103048,103049
103049,103050
103049,103344
103050,103051
103050,103345
103051,103052
103051,103346
103052,103053
103052,103347
103053,103348
103055,103056
103055,103350
103056,103057
103056,103351
103057,103352
103059,103060
103059,103354
103060,103061
103060,103355
103061,103062
103061,103356
103062,103357
103340,103341
103344,103345
103345,103346
103345,103640
103346,103347
103346,103641
103347,103348
103347,103642
103348,103349
103349,103350
103350,103351
103350,103645
103351,103352
103351,103646
103352,103353
103352,103647
103353,103354
103353,103648
103354,103355
103354,103649
103355,103356
103355,103650
103356,103357
103356,103651
103357,103652
103637,103638
103638,103933
103640,103641
103640,103935
103641,103642
103641,103936
103642,103937
103645,103646
103645,103940
103646,103647
103646,103941
103647,103648
103647,103942
103648,103649
103648,103943
103649,103650
103650,103651
103651,103652
103651,103946
103933,103934
103933,104228
103934,103935
103934,104229
103935,103936
103935,104230
103936,103937
103936,104231
103937,104232
103940,103941
103940,104235
103941,103942
103941,104236
103942,103943
103942,104237
103943,104238
103946,104241
104228,104229
104229,104230
104230,104231
104230,104525
104231,104232
104231,104526
104232,104527
104235,104236
104236,104237
104236,104531
104237,104238
104237,104532
104525,104526
104525,104820
104526,104527
104526,104821
104527,104822
104531,104532
104532,104827
104534,104535
104534,104829
104535,104830
104820,104821
104820,105115
104821,104822
104821,105116
104822,105117
104825,105120
104827,104828
104827,105122
104828,104829
104828,105123
104829,104830
104829,105124
104830,105125
105114,105115
105114,105409
105115,105116
105115,105410
105116,105117
105117,105412
105122,105123
105122,105417
105123,105124
105123,105418
105124,105125
105124,105419
105125,105420
105402,105403
105402,105697
105403,105404
105403,105698
105404,105405
105404,105699
105405,105406
105405,105700
105406,105407
105406,105701
105407,105408
105407,105702
105408,105409
105408,105703
105409,105410
105409,105704
105410,105705
105412,105707
105417,105418
105417,105712
105418,105419
105418,105713
105419,105420
105419,105714
105420,105715
105697,105698
105697,105992
105698,105699
105698,105993
105699,105700
105699,105994
105700,105701
105700,105995
105701,105702
105701,105996
105702,105703
105702,105997
105703,105704
105703,105998
105704,105705
105704,105999
105705,106000
105707,106002
105709,105710
105709,106004
105710,105711
105711,105712
105712,105713
105712,106007
105713,105714
105713,106008
105714,105715
105992,105993
105993,105994
105993,106288
105994,105995
105994,106289
105995,105996
105996,105997
105997,105998
105998,105999
105998,106293
105999,106000
105999,106294
106000,106295
106002,106003
106002,106297
106003,106004
106003,106298
106004,106299
106007,106008
106007,106302
106008,106303
106288,106289
106293,106294
106294,106295
106295,106590
106297,106298
106298,106299
106298,106593
106299,106594
106302,106303
106302,106597
106303,106598
106590,106885
106593,106594
106594,106595
106594,106889
106595,106890
106597,106598
106885,106886
106885,107180
106886,107181
106889,106890
106889,107184
106890,107185
107180,107181
107180,107475
107181,107182
107181,107476
107182,107477
107184,107185
107185,107186
107185,107480
107186,107481
107188,107189
107188,107483
107189,107190
107189,107484
107190,107485
107474,107475
107475,107476
107476,107477
107476,107771
107477,107478
107477,107772
107478,107773
107480,107481
107480,107775
107481,107482
107481,107776
107482,107483
107482,107777
107483,107484
107483,107778
107484,107485
107484,107779
107485,107780
107771,107772
107772,107773
107772,108067
107773,108068
107775,107776
107775,108070
107776,107777
107776,108071
107777,107778
107778,107779
107778,108073
107779,107780
107779,108074
107780,107781
107780,108075
107781,108076
108067,108068
108067,108362
108068,108363
108070,108071
108073,108074
108073,108368
108074,108075
108074,108369
108075,108076
108076,108077
108076,108371
108077,108078
108077,108372
108078,108079
108079,108374
108362,108363
108362,108657
108363,108364
108363,108658
108364,108659
108367,108368
108367,108662
108368,108369
108368,108663
108371,108372
108371,108666
108372,108667
108374,108669
108657,108658
108657,108952
108658,108659
108658,108953
108659,108660
108659,108954
108660,108955
108662,108663
108662,108957
108663,108958
108666,108667
108666,108961
108667,108668
108667,108962
108668,108669
108668,108963
108669,108964
108951,108952
108951,109246
108952,108953
108952,109247
108953,108954
108953,109248
108954,108955
108954,109249
108955,108956
108955,109250
108956,108957
108956,109251
108957,108958
108957,109252
108958,109253
108961,108962
108961,109256
108962,108963
108962,109257
108963,108964
108964,109259
109246,109247
109246,109541
109247,109248
109247,109542
109248,109249
109248,109543
109249,109250
109249,109544
109250,109251
109250,109545
109251,109252
109251,109546
109252,109253
109252,109547
109253,109254
109253,109548
109254,109255
109254,109549
109255,109256
109255,109550
109256,109257
109540,109541
109540,109835
109541,109542
109541,109836
109542,109543
109542,109837
109543,109544
109543,109838
109544,109545
109544,109839
109545,109546
109545,109840
109546,109547
109546,109841
109547,109548
109547,109842
109548,109549
109548,109843
109549,109550
109549,109844
109550,109845
109833,109834
109834,109835
109834,110129
109835,109836
109835,110130
109836,109837
109836,110131
109837,109838
109837,110132
109838,109839
109838,110133
109839,109840
109839,110134
109840,109841
109840,110135
109841,109842
109841,110136
109842,109843
109843,109844
109843,110138
109844,109845
109844,110139
110129,110130
110130,110131
110130,110425
110131,110132
110131,110426
110132,110133
110132,110427
110133,110134
110133,110428
110134,110135
110134,110429
110135,110136
110135,110430
110136,110431
110138,110139
110138,110433
110425,110426
110425,110720
110426,110427
110426,110721
110427,110428
110427,110722
110428,110429
110428,110723
110429,110430
110429,110724
110430,110431
110433,110728
110720,110721
110721,110722
110721,111016
110722,110723
110722,111017
110723,110724
110723,111018
110727,110728
110727,111022
110728,110729
110728,111023
110729,111024
111016,111017
111016,111311
111017,111018
111017,111312
111018,111313
111021,111022
111021,111316
111022,111023
111023,111024
111023,111318
111024,111319
111311,111312
111311,111606
111312,111313
111312,111607
111313,111608
111315,111316
111315,111610
111316,111611
111318,111319
111318,111613
111319,111614
111594,111889
111606,111607
111606,111901
111607,111608
111608,111609
111608,111903
111609,111610
111609,111904
111610,111611
111610,111905
111611,111612
111611,111906
111612,111613
111612,111907
111613,111614
111613,111908
111614,111909
111889,112184
111896,112191
111898,112193
111900,111901
111900,112195
111901,112196
111903,111904
111903,112198
111904,111905
111904,112199
111905,111906
111905,112200
111906,111907
111906,112201
111907,111908
111907,112202
111908,111909
112183,112184
112183,112478
112184,112479
112190,112191
112190,112485
112191,112192
112191,112486
112192,112193
112192,112487
112193,112194
112193,112488
112194,112195
112195,112196
112195,112490
112196,112491
112198,112199
112198,112493
112199,112200
112199,112494
112200,112201
112200,112495
112201,112202
112201,112496
112478,112479
112478,112773
112479,112774
112484,112485
112484,112779
112485,112486
112485,112780
112486,112487
112486,112781
112487,112488
112487,112782
112488,112783
112490,112491
112490,112785
112491,112492
112491,112786
112492,112493
112492,112787
112493,112494
112493,112788
112494,112495
112494,112789
112495,112496
112495,112790
112496,112791
112772,112773
112772,113067
112773,112774
112773,113068
112774,113069
112779,112780
112779,113074
112780,112781
112780,113075
112781,112782
112781,113076
112782,112783
112782,113077
112783,112784
112783,113078
112784,112785
112784,113079
112785,112786
112785,113080
112786,112787
112786,113081
112787,112788
112787,113082
112788,112789
112789,112790
112790,112791
113067,113068
113067,113362
113068,113069
113068,113363
113069,113364
113072,113073
113072,113367
113073,113074
113073,113368
113074,113075
113074,113369
113075,113076
113075,113370
113076,113077
113076,113371
113077,113078
113077,113372
113078,113079
113078,113373
113079,113080
113079,113374
113080,113081
113080,113375
113081,113082
113361,113362
113361,113656
113362,113363
113362,113657
113363,113364
113363,113658
113364,113659
113366,113367
113366,113661
113367,113368
113367,113662
113368,113369
113368,113663
113369,113370
113369,113664
113370,113371
113370,113665
113371,113372
113371,113666
113372,113373
113372,113667
113373,113374
113373,113668
113374,113375
113374,113669
113651,113946
113655,113656
113655,113950
113656,113657
113656,113951
113657,113658
113657,113952
113658,113659
113658,113953
113659,113660
113659,113954
113660,113661
113660,113955
113661,113662
113661,113956
113662,113663
113662,113957
113663,113664
113663,113958
113664,113665
113664,113959
113665,113666
113665,113960
113666,113667
113666,113961
113667,113668
113667,113962
113668,113669
113668,113963
113669,113964
113946,113947
113946,114241
113947,113948
113947,114242
113948,114243
113950,113951
113950,114245
113951,113952
113951,114246
113952,113953
113952,114247
113953,113954
113953,114248
113954,113955
113954,114249
113955,113956
113955,114250
113956,113957
113956,114251
113957,113958
113957,114252
113958,113959
113958,114253
113959,113960
113959,114254
113960,113961
113960,114255
113961,113962
113961,114256
113962,113963
113962,114257
113963,113964
113963,114258
113964,113965
113964,114259
113965,114260
114240,114241
114241,114242
114242,114243
114243,114244
114243,114538
114244,114245
114244,114539
114245,114246
114245,114540
114246,114247
114246,114541
114247,114248
114248,114249
114248,114543
114249,114250
114249,114544
114250,114251
114250,114545
114251,114252
114251,114546
114252,114253
114252,114547
114253,114254
114253,114548
114254,114255
114254,114549
114255,114256
114255,114550
114256,114257
114256,114551
114257,114258
114257,114552
114258,114259
114258,114553
114259,114260
114259,114554
114260,114555
114538,114539
114539,114540
114540,114541
114543,114544
114543,114838
114544,114545
114544,114839
114545,114546
114545,114840
114546,114547
114546,114841
114547,114548
114547,114842
114548,114549
114548,114843
114549,114550
114550,114551
114551,114552
114551,114846
114552,114553
114553,114554
114554,114555
114838,114839
114838,115133
114839,114840
114839,115134
114840,114841
114840,115135
114841,114842
114841,115136
114842,114843
114842,115137
114846,115141
114851,114852
114851,115146
114852,115147
115132,115133
115132,115427
115133,115134
115133,115428
115134,115135
115134,115429
115135,115136
115135,115430
115136,115137
115139,115140
115139,115434
115140,115141
115140,115435
115141,115142
115141,115436
115142,115143
115142,115437
115143,115144
115144,115145
115144,115439
115145,115146
115146,115147
115147,115148
115147,115442
115148,115443
115423,115424
115423,115718
115424,115425
115424,115719
115425,115426
115425,115720
115426,115427
115426,115721
115427,115428
115427,115722
115428,115429
115428,115723
115429,115430
115429,115724
115434,115435
115434,115729
115435,115436
115435,115730
115436,115437
115436,115731
115437,115732
115442,115443
115712,116007
115716,115717
115717,115718
115718,115719
115718,116013
115719,115720
115719,116014
115720,115721
115721,115722
115721,116016
115722,115723
115722,116017
115723,115724
115723,116018
115724,116019
115729,115730
115729,116024
115730,115731
115730,116025
115731,115732
115731,116026
116006,116007
116006,116301
116007,116008
116007,116302
116008,116303
116013,116014
116013,116308
116014,116309
116016,116017
116016,116311
116017,116018
116017,116312
116018,116019
116018,116313
116019,116020
116019,116314
116020,116021
116020,116315
116021,116022
116021,116316
116022,116023
116022,116317
116023,116024
116023,116318
116024,116025
116024,116319
116025,116026
116025,116320
116026,116321
116301,116302
116301,116596
116302,116303
116303,116598
116306,116307
116306,116601
116307,116308
116307,116602
116308,116309
116308,116603
116309,116604
116311,116312
116312,116313
116312,116607
116313,116314
116313,116608
116314,116315
116314,116609
116315,116316
116315,116610
116316,116317
116316,116611
116317,116318
116318,116319
116319,116320
116320,116321
116320,116615
116321,116616
116596,116891
116598,116599
116598,116893
116599,116600
116599,116894
116600,116601
116600,116895
116601,116602
116601,116896
116602,116603
116602,116897
116603,116604
116603,116898
116604,116605
116604,116899
116605,116900
116607,116608
116607,116902
116608,116609
116608,116903
116609,116610
116609,116904
116610,116611
116610,116905
116615,116616
116891,116892
116891,117186
116892,116893
116892,117187
116893,116894
116894,116895
116894,117189
116895,116896
116895,117190
116896,116897
116896,117191
116897,116898
116897,117192
116898,116899
116898,117193
116899,116900
116899,117194
116900,117195
116902,116903
116902,117197
116903,116904
116903,117198
116904,116905
117184,117185
117184,117479
117185,117186
117185,117480
117186,117187
117186,117481
117187,117482
117189,117190
117189,117484
117190,117191
117190,117485
117191,117192
117191,117486
117192,117193
117192,117487
117193,117194
117193,117488
117194,117195
117194,117489
117197,117198
117479,117480
117480,117481
117481,117482
117482,117483
117482,117777
117483,117484
117483,117778
117484,117485
117484,117779
117485,117486
117485,117780
117486,117487
117486,117781
117487,117488
117487,117782
117488,117489
117488,117783
117489,117784
117491,117786
117777,117778
117777,118072
117778,117779
117778,118073
117779,117780
117779,118074
117780,117781
117780,118075
117781,117782
117781,118076
117782,117783
117782,118077
117783,117784
117783,118078
117784,117785
117784,118079
117785,117786
117785,118080
118072,118073
118072,118367
118073,118074
118073,118368
118074,118075
118074,118369
118075,118076
118075,118370
118076,118077
118076,118371
118077,118078
118077,118372
118078,118079
118078,118373
118079,118080
118079,118374
118080,118375
118366,118367
118366,118661
118367,118368
118367,118662
118368,118369
118368,118663
118369,118370
118369,118664
118370,118371
118370,118665
118371,118372
118371,118666
118372,118373
118372,118667
118373,118374
118373,118668
118374,118375
118374,118669
118375,118670
118660,118661
118660,118955
118661,118662
118661,118956
118662,118663
118662,118957
118663,118664
118663,118958
118664,118665
118664,118959
118665,118666
118666,118667
118667,118668
118667,118962
118668,118669
118669,118670
118670,118671
118670,118965
118671,118672
118671,118966
118672,118967
118951,119246
118953,118954
118953,119248
118954,118955
118954,119249
118955,118956
118955,119250
118956,118957
118956,119251
118957,118958
118957,119252
118958,118959
118958,119253
118959,119254
118965,118966
118966,118967
118966,119261
118967,118968
118968,118969
118968,119263
118969,118970
118969,119264
118970,118971
118970,119265
118971,118972
118971,119266
118972,119267
119246,119247
119246,119541
119247,119248
119247,119542
119248,119249
119248,119543
119249,119250
119249,119544
119250,119251
119250,119545
119251,119252
119251,119546
119252,119253
119252,119547
119253,119254
119253,119548
119263,119264
119263,119558
119264,119265
119264,119559
119265,119266
119265,119560
119266,119267
119266,119561
119541,119542
119542,119543
119542,119837
119543,119544
119543,119838
119544,119545
119544,119839
119545,119546
119545,119840
119546,119547
119546,119841
119547,119548
119547,119842
119548,119843
119557,119558
119557,119852
119558,119559
119558,119853
119559,119560
119559,119854
119560,119561
119560,119855
119837,119838
119837,120132
119838,119839
119838,120133
119839,119840
119839,120134
119840,119841
119840,120135
119841,119842
119841,120136
119842,119843
119842,120137
119843,119844
119843,120138
119844,120139
119852,119853
119852,120147
119853,119854
119853,120148
119854,119855
120131,120132
120132,120133
120133,120134
120133,120428
120134,120135
120134,120429
120135,120136
120135,120430
120136,120137
120136,120431
120137,120138
120137,120432
120138,120139
120138,120433
120139,120434
120147,120148
120148,120443
120428,120429
120429,120430
120430,120431
120430,120725
120431,120432
120431,120726
120432,120433
120432,120727
120433,120434
120433,120728
120434,120729
120725,120726
120725,121020
120726,120727
120726,121021
120727,120728
120728,120729
120728,121023
120729,121024
120959,121254
121020,121021
121020,121315
121021,121316
121023,121024
121023,121318
121024,121025
121024,121319
121025,121320
121254,121255
121255,121550
121315,121316
121315,121610
121316,121317
121316,121611
121317,121318
121317,121612
121318,121319
121318,121613
121319,121320
121319,121614
121320,121615
121610,121611
121610,121905
121611,121612
121611,121906
121612,121613
121613,121614
121613,121908
121614,121615
121614,121909
121615,121910
121904,121905
121904,122199
121905,121906
121905,122200
121908,121909
121908,122203
121909,121910
121909,122204
121910,122205
122199,122200
122199,122494
122200,122495
122202,122203
122202,122497
122203,122204
122203,122498
122204,122205
122204,122499
122205,122500
122427,122428
122428,122429
122429,122430
122430,122431
122431,122726
122434,122729
122436,122731
122491,122492
122491,122786
122492,122493
122492,122787
122493,122494
122493,122788
122494,122495
122494,122789
122495,122496
122495,122790
122496,122497
122496,122791
122497,122498
122497,122792
122498,122499
122498,122793
122499,122500
122499,122794
122500,122501
122500,122795
122501,122796
122726,122727
122726,123021
122727,122728
122727,123022
122728,122729
122728,123023
122729,123024
122731,122732
122731,123026
122774,122775
122775,123070
122784,122785
122784,123079
122785,122786
122785,123080
122786,122787
122786,123081
122787,122788
122787,123082
122788,122789
122788,123083
122789,122790
122789,123084
122790,122791
122790,123085
122791,122792
122791,123086
122792,122793
122792,123087
122793,122794
122794,122795
122795,122796
122795,123090
122796,122797
122796,123091
122797,123092
123021,123022
123021,123316
123022,123023
123022,123317
123023,123024
123023,123318
123024,123025
123024,123319
123025,123026
123025,123320
123030,123325
123070,123071
123070,123365
123071,123366
123077,123078
123077,123372
123078,123079
123078,123373
123079,123080
123079,123374
123080,123081
123080,123375
123081,123082
123081,123376
123082,123083
123082,123377
123083,123084
123083,123378
123084,123085
123084,123379
123085,123086
123085,123380
123086,123087
123086,123381
123087,123382
123090,123091
123090,123385
123091,123092
123091,123386
123092,123093
123092,123387
123093,123094
123094,123389
123315,123316
123316,123317
123317,123318
123318,123319
123318,123613
123319,123320
123319,123614
123320,123615
123325,123326
123325,123620
123326,123327
123326,123621
123327,123328
123327,123622
123365,123366
123365,123660
123366,123367
123366,123661
123367,123662
123369,123370
123370,123371
123370,123665
123371,123372
123371,123666
123372,123373
123372,123667
123373,123374
123373,123668
123374,123375
123374,123669
123375,123376
123375,123670
123376,123377
123376,123671
123377,123378
123377,123672
123378,123379
123378,123673
123379,123380
123379,123674
123380,123381
123380,123675
123381,123382
123381,123676
123385,123386
123386,123387
123613,123614
123613,123908
123614,123615
123614,123909
123615,123910
123618,123619
123618,123913
123619,123620
123619,123914
123620,123621
123620,123915
123621,123622
123622,123917
123627,123628
123627,123922
123628,123923
123658,123953
123660,123661
123660,123955
123661,123662
123665,123666
123665,123960
123666,123667
123666,123961
123667,123668
123667,123962
123668,123669
123668,123963
123669,123670
123670,123671
123670,123965
123671,123672
123671,123966
123672,123673
123673,123674
123674,123675
123675,123676
123675,123970
123676,123971
123908,123909
123908,124203
123909,123910
123910,123911
123910,124205
123911,123912
123911,124206
123912,123913
123912,124207
123913,123914
123913,124208
123914,123915
123914,124209
123915,124210
123921,123922
123921,124216
123922,123923
123922,124217
123923,124218
123926,124221
123952,123953
123952,124247
123953,123954
123954,123955
123954,124249
123955,124250
123960,123961
123960,124255
123961,123962
123961,124256
123962,123963
123963,124258
123965,123966
123965,124260
123970,123971
123971,123972
123972,124267
124202,124203
124202,124497
124203,124498
124205,124206
124205,124500
124206,124207
124207,124208
124208,124209
124209,124210
124209,124504
124210,124211
124210,124505
124211,124506
124213,124214
124213,124508
124214,124509
124216,124217
124216,124511
124217,124218
124217,124512
124218,124513
124220,124221
124220,124515
124221,124516
124246,124247
124247,124542
124249,124250
124249,124544
124250,124251
124250,124545
124251,124546
124255,124256
124255,124550
124256,124551
124258,124259
124258,124553
124259,124260
124496,124497
124497,124498
124497,124792
124498,124499
124499,124500
124500,124795
124504,124505
124504,124799
124505,124506
124505,124800
124506,124801
124508,124509
124509,124510
124509,124804
124510,124511
124510,124805
124511,124512
124511,124806
124512,124513
124512,124807
124513,124514
124513,124808
124514,124515
124514,124809
124515,124516
124515,124810
124542,124543
124542,124837
124543,124544
124543,124838
124544,124545
124544,124839
124545,124546
124545,124840
124546,124547
124546,124841
124547,124548
124547,124842
124548,124843
124550,124551
124551,124552
124551,124846
124552,124553
124552,124847
124798,124799
124799,124800
124799,125094
124800,124801
124800,125095
124801,124802
124801,125096
124802,125097
124804,124805
124804,125099
124805,124806
124805,125100
124806,124807
124806,125101
124807,124808
124807,125102
124808,124809
124808,125103
124809,124810
124809,125104
124810,125105
124836,124837
124837,124838
124837,125132
124838,124839
124838,125133
124839,124840
124839,125134
124840,124841
124840,125135
124841,124842
124841,125136
124842,124843
124842,125137
124843,124844
124843,125138
124844,125139
124846,124847
125094,125095
125094,125389
125095,125096
125095,125390
125096,125097
125096,125391
125097,125098
125097,125392
125098,125099
125098,125393
125099,125100
125100,125101
125100,125395
125101,125102
125101,125396
125102,125103
125102,125397
125103,125104
125103,125398
125104,125105
125104,125399
125105,125106
125105,125400
125106,125401
125132,125133
125132,125427
125133,125134
125133,125428
125134,125135
125134,125429
125135,125136
125135,125430
125136,125137
125136,125431
125137,125138
125137,125432
125138,125139
125138,125433
125139,125140
125139,125434
125140,125435
125389,125390
125389,125684
125390,125391
125390,125685
125391,125392
125391,125686
125392,125393
125392,125687
125393,125688
125395,125396
125395,125690
125396,125397
125396,125691
125397,125398
125397,125692
125398,125399
125398,125693
125399,125400
125399,125694
125400,125401
125400,125695
125401,125696
125426,125427
125426,125721
125427,125428
125427,125722
125428,125429
125428,125723
125429,125430
125430,125431
125431,125432
125431,125726
125432,125433
125433,125434
125434,125435
125434,125729
125684,125685
125684,125979
125685,125686
125686,125687
125687,125688
125690,125691
125690,125985
125691,125692
125691,125986
125692,125693
125692,125987
125693,125694
125693,125988
125694,125695
125694,125989
125695,125696
125695,125990
125696,125991
125719,125720
125719,126014
125720,125721
125720,126015
125721,125722
125721,126016
125722,125723
125722,126017
125723,126018
125726,126021
125978,125979
125985,125986
125985,126280
125986,125987
125987,125988
125987,126282
125988,125989
125988,126283
125989,125990
125989,126284
125990,125991
125990,126285
125991,126286
126014,126015
126014,126309
126015,126016
126015,126310
126016,126017
126016,126311
126017,126018
126017,126312
126018,126019
126018,126313
126019,126314
126282,126283
126282,126577
126283,126284
126283,126578
126284,126285
126284,126579
126285,126286
126285,126580
126286,126581
126308,126309
126308,126603
126309,126310
126309,126604
126310,126311
126310,126605
126311,126312
126311,126606
126312,126313
126313,126314
126313,126608
126314,126609
126576,126577
126577,126578
126577,126872
126578,126579
126578,126873
126579,126580
126579,126874
126580,126581
126580,126875
126581,126876
126598,126599
126598,126893
126599,126600
126599,126894
126600,126601
126600,126895
126601,126602
126601,126896
126602,126603
126602,126897
126603,126604
126603,126898
126604,126605
126604,126899
126605,126606
126608,126609
126872,126873
126872,127167
126873,126874
126873,127168
126874,126875
126875,126876
126876,126877
126876,127171
126877,127172
126892,126893
126892,127187
126893,126894
126893,127188
126894,126895
126894,127189
126895,126896
126895,127190
126896,126897
126896,127191
126897,126898
126897,127192
126898,126899
126898,127193
126899,127194
126914,127209
127163,127164
127163,127458
127164,127459
127167,127168
127167,127462
127168,127463
127171,127172
127171,127466
127172,127173
127172,127467
127173,127174
127173,127468
127174,127469
127185,127186
127185,127480
127186,127187
127186,127481
127187,127188
127187,127482
127188,127189
127188,127483
127189,127190
127189,127484
127190,127191
127190,127485
127191,127192
127191,127486
127192,127193
127192,127487
127193,127194
127193,127488
127209,127210
127209,127504
127210,127505
127457,127458
127458,127459
127459,127460
127459,127754
127460,127461
127460,127755
127461,127462
127461,127756
127462,127463
127462,127757
127463,127464
127463,127758
127464,127759
127466,127467
127467,127468
127468,127469
127468,127763
127469,127764
127478,127479
127479,127480
127479,127774
127480,127481
127480,127775
127481,127482
127481,127776
127482,127483
127482,127777
127483,127484
127483,127778
127484,127485
127484,127779
127485,127486
127485,127780
127486,127487
127487,127488
127487,127782
127504,127505
127505,127506
127505,127800
127506,127801
127754,127755
127754,128049
127755,127756
127755,128050
127756,127757
127756,128051
127757,127758
127757,128052
127758,127759
127758,128053
127759,128054
127763,127764
127764,127765
127764,128059
127765,128060
127774,127775
127774,128069
127775,127776
127775,128070
127776,127777
127776,128071
127777,127778
127777,128072
127778,127779
127778,128073
127779,127780
127779,128074
127780,128075
127782,128077
127800,127801
127800,128095
127801,128096
128049,128050
128049,128344
128050,128051
128050,128345
128051,128052
128051,128346
128052,128053
128053,128054
128053,128348
128054,128055
128054,128349
128055,128350
128059,128060
128059,128354
128060,128061
128060,128355
128061,128356
128069,128070
128069,128364
128070,128071
128070,128365
128071,128072
128071,128366
128072,128073
128072,128367
128073,128074
128073,128368
128074,128075
128074,128369
128075,128076
128075,128370
128076,128077
128076,128371
128077,128078
128077,128372
128078,128373
128092,128093
128092,128387
128093,128094
128093,128388
128094,128095
128094,128389
128095,128096
128095,128390
128344,128345
128345,128346
128345,128640
128346,128641
128348,128349
128348,128643
128349,128350
128349,128644
128350,128645
128354,128355
128354,128649
128355,128356
128355,128650
128356,128651
128363,128364
128363,128658
128364,128365
128364,128659
128365,128366
128365,128660
128366,128367
128366,128661
128367,128368
128367,128662
128368,128369
128368,128663
128369,128370
128369,128664
128370,128371
128370,128665
128371,128372
128371,128666
128372,128373
128372,128667
128383,128678
128386,128387
128386,128681
128387,128388
128387,128682
128388,128389
128388,128683
128389,128390
128389,128684
128640,128641
128640,128935
128641,128642
128641,128936
128642,128643
128642,128937
128643,128644
128643,128938
128644,128645
128644,128939
128645,128646
128645,128940
128646,128647
128646,128941
128647,128942
128649,128650
128649,128944
128650,128651
128655,128950
128658,128659
128658,128953
128659,128660
128659,128954
128660,128661
128660,128955
128661,128662
128661,128956
128662,128663
128662,128957
128663,128664
128663,128958
128664,128665
128664,128959
128665,128666
128665,128960
128666,128667
128681,128682
128681,128976
128682,128683
128682,128977
128683,128684
128683,128978
128684,128979
128935,128936
128935,129230
128936,128937
128936,129231
128937,128938
128937,129232
128938,128939
128938,129233
128939,128940
128939,129234
128940,128941
128940,129235
128941,128942
128941,129236
128942,128943
128942,129237
128943,128944
128943,129238
128944,129239
128950,129245
128952,128953
128953,128954
128953,129248
128954,128955
128954,129249
128955,128956
128955,129250
128956,128957
128956,129251
128957,128958
128957,129252
128958,128959
128958,129253
128959,128960
128959,129254
128974,128975
128974,129269
128975,128976
128975,129270
128976,128977
128976,129271
128977,128978
128977,129272
128978,128979
128978,129273
129230,129231
129231,129232
129232,129233
129232,129527
129233,129234
129233,129528
129234,129235
129234,129529
129235,129236
129235,129530
129236,129237
129236,129531
129237,129238
129237,129532
129238,129239
129238,129533
129239,129534
129245,129540
129248,129249
129248,129543
129249,129250
129249,129544
129250,129251
129250,129545
129251,129252
129251,129546
129252,129253
129252,129547
129253,129254
129253,129548
129268,129269
129268,129563
129269,129270
129269,129564
129270,129271
129270,129565
129271,129272
129271,129566
129272,129273
129272,129567
129273,129568
129527,129528
129528,129529
129528,129823
129529,129530
129529,129824
129530,129531
129530,129825
129531,129532
129531,129826
129532,129533
129532,129827
129533,129534
129533,129828
129534,129829
129539,129540
129543,129544
129544,129545
129545,129546
129545,129840
129546,129547
129546,129841
129547,129548
129548,129843
129553,129848
129557,129558
129557,129852
129558,129853
129562,129563
129562,129857
129563,129564
129564,129565
129565,129566
129565,129860
129566,129567
129566,129861
129567,129568
129567,129862
129823,129824
129823,130118
129824,129825
129824,130119
129825,129826
129825,130120
129826,129827
129826,130121
129827,129828
129827,130122
129828,129829
129828,130123
129829,130124
129840,129841
129843,129844
129843,130138
129844,129845
129844,130139
129845,129846
129848,129849
129849,130144
129852,129853
129860,129861
129861,129862
130118,130119
130119,130120
130120,130121
130121,130122
130122,130123
130122,130417
130123,130124
130123,130418
130124,130125
130124,130419
130125,130420
130138,130139
130138,130433
130139,130434
130150,130445
130417,130418
130417,130712
130418,130419
130418,130713
130419,130420
130419,130714
130420,130421
130420,130715
130421,130422
130421,130716
130422,130423
130422,130717
130423,130718
130429,130430
130433,130434
130438,130733
130444,130445
130444,130739
130445,130740
130712,130713
130713,130714
130713,131008
130714,130715
130714,131009
130715,130716
130715,131010
130716,130717
130716,131011
130717,130718
130717,131012
130718,130719
130718,131013
130719,131014
130733,130734
130733,131028
130734,130735
130734,131029
130735,130736
130735,131030
130736,131031
130739,130740
130739,131034
130740,131035
131008,131009
131009,131010
131010,131011
131011,131012
131012,131013
131013,131014
131014,131015
131014,131309
131015,131016
131015,131310
131016,131311
131024,131025
131024,131319
131025,131320
131028,131029
131028,131323
131029,131030
131030,131031
131031,131032
131032,131033
131032,131327
131033,131034
131033,131328
131034,131035
131034,131329
131309,131310
131310,131311
131311,131312
131312,131313
131312,131607
131313,131608
131317,131318
131317,131612
131318,131319
131318,131613
131319,131320
131319,131614
131320,131615
131327,131328
131327,131622
131328,131329
131607,131608
131607,131902
131608,131609
131608,131903
131609,131610
131609,131904
131610,131611
131611,131612
131612,131613
131613,131614
131614,131615
131615,131910
131619,131620
131902,131903
131902,132197
131903,131904
131903,132198
131904,132199
132197,132198
132198,132199
132199,132200
132199,132494
132200,132201
132200,132495
132201,132496
132494,132495
132495,132496
132496,132497
