coarse_cell_id,NatureHa,AgricultureHa,ProductionForestHa,EligibleAreaHa,UncoveredEligibleHa,IsCandidate,ProductionForestShare,IsProductionForestCell
2635,0,1.060000000000001,0,1.060000000000001,0,TRUE,0,0
2926,0,1.6100000000000014,0,1.6100000000000014,0,TRUE,0,0
2927,0,1.7700000000000016,0.27000000000000024,2.040000000000002,0,TRUE,0.1323529411764706,0
2928,0,3.440000000000003,0.09000000000000008,3.530000000000003,0,TRUE,0.0254957507082153,0
2929,0,3.8300000000000036,0,3.8300000000000036,0,TRUE,0,0
2930,0,3.9900000000000038,0,3.9900000000000038,0,TRUE,0,0
2931,0,3.9200000000000035,0,3.9200000000000035,0,TRUE,0,0
2932,0,1.160000000000001,0.5000000000000004,1.6600000000000015,0,TRUE,0.30120481927710846,0
3220,0,3.9500000000000037,0,3.9500000000000037,0,TRUE,0,0
3221,0,3.9400000000000035,0,3.9400000000000035,0,TRUE,0,0
3222,0,2.4700000000000024,0.5800000000000005,3.0500000000000025,0,TRUE,0.19016393442622953,0
3223,0,3.2900000000000027,0.40000000000000036,3.690000000000003,0,TRUE,0.10840108401084012,0
3224,0,3.730000000000003,0,3.730000000000003,0,TRUE,0,0
3225,0,2.7000000000000024,1.070000000000001,3.770000000000003,0,TRUE,0.2838196286472149,0
3226,0,3.9900000000000038,0,3.9900000000000038,0,TRUE,0,0
3227,0,2.990000000000003,0.4800000000000004,3.4700000000000033,0,TRUE,0.13832853025936598,0
3228,0,2.7500000000000027,0,2.7500000000000027,0,TRUE,0,0
3514,0,2.9600000000000026,0,2.9600000000000026,0,TRUE,0,0
3515,0,4.0000000000000036,0,4.0000000000000036,0,TRUE,0,0
3516,0,3.9400000000000035,0,3.9400000000000035,0,TRUE,0,0
3517,0,2.490000000000002,0.7200000000000006,3.2100000000000026,0,TRUE,0.22429906542056077,0
3518,0,2.9300000000000024,0.8000000000000007,3.730000000000003,0,TRUE,0.21447721179624665,0
3519,0,3.380000000000003,0,3.380000000000003,0,TRUE,0,0
3520,0,2.500000000000002,1.030000000000001,3.530000000000003,0,TRUE,0.2917847025495751,0
3521,0,3.650000000000003,0,3.650000000000003,0,TRUE,0,0
3522,0,3.1300000000000026,0,3.1300000000000026,0,TRUE,0,0
3523,0,3.7000000000000033,0,3.7000000000000033,0,TRUE,0,0
3524,0,3.1700000000000026,0,3.1700000000000026,0,TRUE,0,0
3809,0,3.320000000000003,0,3.320000000000003,0,TRUE,0,0
3810,0,3.6600000000000033,0,3.6600000000000033,0,TRUE,0,0
3811,0,3.4300000000000033,0,3.4300000000000033,0,TRUE,0,0
3812,0,3.180000000000003,0.29000000000000026,3.4700000000000033,0,TRUE,0.08357348703170028,0
3813,0,3.540000000000003,0.040000000000000036,3.580000000000003,0,TRUE,0.0111731843575419,0
3814,0,3.600000000000003,0,3.600000000000003,0,TRUE,0,0
3815,0,3.9700000000000033,0,3.9700000000000033,0,TRUE,0,0
3816,0,3.8000000000000034,0,3.8000000000000034,0,TRUE,0,0
3817,0,3.9800000000000035,0,3.9800000000000035,0,TRUE,0,0
3818,0,3.8400000000000034,0,3.8400000000000034,0,TRUE,0,0
3819,0,3.300000000000003,0,3.300000000000003,0,TRUE,0,0
3821,0,2.180000000000002,0,2.180000000000002,0,TRUE,0,0
4103,0.09000000000000008,0,1.6000000000000014,1.6000000000000014,0,TRUE,1,1
4104,0,2.460000000000002,0.050000000000000044,2.5100000000000025,0,TRUE,0.0199203187250996,0
4105,0,4.0000000000000036,0,4.0000000000000036,0,TRUE,0,0
4106,0,3.7500000000000036,0,3.7500000000000036,0,TRUE,0,0
4107,0,4.0000000000000036,0,4.0000000000000036,0,TRUE,0,0
4108,0,3.7400000000000033,0,3.7400000000000033,0,TRUE,0,0
4109,0,3.6300000000000034,0,3.6300000000000034,0,TRUE,0,0
4110,0,3.9700000000000033,0,3.9700000000000033,0,TRUE,0,0
4111,0,4.0000000000000036,0,4.0000000000000036,0,TRUE,0,0
4112,0,3.9200000000000035,0,3.9200000000000035,0,TRUE,0,0
4113,0,3.9300000000000033,0,3.9300000000000033,0,TRUE,0,0
4114,0,2.0000000000000018,0,2.0000000000000018,0,TRUE,0,0
4398,0,0.2400000000000002,2.2500000000000018,2.490000000000002,0,TRUE,0.9036144578313253,1
4399,0,2.380000000000002,1.060000000000001,3.440000000000003,0,TRUE,0.3081395348837209,0
4400,0,3.8600000000000034,0,3.8600000000000034,0,TRUE,0,0
4401,0,3.7400000000000033,0,3.7400000000000033,0,TRUE,0,0
4402,0,3.7800000000000034,0,3.7800000000000034,0,TRUE,0,0
4403,0,4.0000000000000036,0,4.0000000000000036,0,TRUE,0,0
4404,0,3.9700000000000033,0,3.9700000000000033,0,TRUE,0,0
4405,0,3.9800000000000035,0,3.9800000000000035,0,TRUE,0,0
4406,0,3.7200000000000033,0,3.7200000000000033,0,TRUE,0,0
4407,0,3.3900000000000032,0,3.3900000000000032,0,TRUE,0,0
4408,0,3.2100000000000026,0,3.2100000000000026,0,TRUE,0,0
4409,0,2.0000000000000018,0,2.0000000000000018,0,TRUE,0,0
4693,0,2.260000000000002,0,2.260000000000002,0,TRUE,0,0
4694,0,3.6300000000000034,0,3.6300000000000034,0,TRUE,0,0
4695,0,3.9100000000000037,0,3.9100000000000037,0,TRUE,0,0
4696,0,3.7100000000000035,0,3.7100000000000035,0,TRUE,0,0
4697,0,3.7800000000000034,0,3.7800000000000034,0,TRUE,0,0
4698,0,3.6600000000000033,0,3.6600000000000033,0,TRUE,0,0
4699,0,3.6400000000000032,0,3.6400000000000032,0,TRUE,0,0
4700,0,3.540000000000003,0,3.540000000000003,0,TRUE,0,0
4701,0,3.8400000000000034,0,3.8400000000000034,0,TRUE,0,0
4702,0,3.8200000000000034,0,3.8200000000000034,0,TRUE,0,0
4703,0,3.7900000000000036,0,3.7900000000000036,0.16000000000000014,TRUE,0,0
4704,0.1200000000000001,1.6100000000000014,0,1.6100000000000014,0.27000000000000024,TRUE,0,0
4988,0,3.450000000000003,0,3.450000000000003,0,TRUE,0,0
4989,0,3.520000000000003,0,3.520000000000003,0,TRUE,0,0
4990,0,3.200000000000003,0.3600000000000003,3.560000000000003,0,TRUE,0.10112359550561797,0
4991,0,2.950000000000003,0.5500000000000005,3.500000000000003,0,TRUE,0.15714285714285714,0
4992,0,2.7400000000000024,0.9800000000000009,3.7200000000000033,0,TRUE,0.26344086021505375,0
4993,0,4.0000000000000036,0,4.0000000000000036,0,TRUE,0,0
4994,0,4.0000000000000036,0,4.0000000000000036,0,TRUE,0,0
4995,0,3.9000000000000035,0,3.9000000000000035,0,TRUE,0,0
4996,0,3.9700000000000033,0,3.9700000000000033,0,TRUE,0,0
4997,0,3.7800000000000034,0,3.7800000000000034,0,TRUE,0,0
4998,0.1200000000000001,1.8400000000000016,0,1.8400000000000016,1.8300000000000016,TRUE,0,0
5282,0,0.19000000000000017,1.5200000000000014,1.7100000000000015,0,TRUE,0.8888888888888888,1
5283,0,1.200000000000001,1.9700000000000017,3.1700000000000026,0,TRUE,0.6214511041009464,1
5284,0,3.6600000000000033,0,3.6600000000000033,0,TRUE,0,0
5285,0,3.540000000000003,0,3.540000000000003,0,TRUE,0,0
5286,0,3.9400000000000035,0,3.9400000000000035,0,TRUE,0,0
5287,0,3.6800000000000033,0.2100000000000002,3.8900000000000032,0,TRUE,0.053984575835475584,0
5288,0,4.0000000000000036,0,4.0000000000000036,0,TRUE,0,0
5289,0,4.0000000000000036,0,4.0000000000000036,0,TRUE,0,0
5290,0,3.9100000000000037,0,3.9100000000000037,0,TRUE,0,0
5291,0,3.7200000000000033,0,3.7200000000000033,0,TRUE,0,0
5292,0.040000000000000036,2.7800000000000025,0,2.7800000000000025,0.9500000000000008,TRUE,0,0
5298,0.5700000000000005,3.0500000000000025,0,3.0500000000000025,0,TRUE,0,0
5299,1.220000000000001,2.7800000000000025,0,2.7800000000000025,0,TRUE,0,0
5578,0,0.9900000000000009,1.3900000000000012,2.380000000000002,0,TRUE,0.5840336134453782,1
5579,0,3.8000000000000034,0,3.8000000000000034,0,TRUE,0,0
5580,0,3.850000000000003,0,3.850000000000003,0,TRUE,0,0
5581,0,3.9000000000000035,0,3.9000000000000035,0,TRUE,0,0
5582,0,3.9700000000000033,0,3.9700000000000033,0,TRUE,0,0
5583,0,4.0000000000000036,0,4.0000000000000036,0,TRUE,0,0
5584,0,4.0000000000000036,0,4.0000000000000036,0,TRUE,0,0
5585,0,3.7400000000000033,0,3.7400000000000033,0,TRUE,0,0
5586,0,3.7900000000000036,0,3.7900000000000036,0,TRUE,0,0
5587,1.030000000000001,1.8400000000000016,0,1.8400000000000016,0.20000000000000018,TRUE,0,0
5592,1.6600000000000015,0.040000000000000036,1.170000000000001,1.210000000000001,0,TRUE,0.9669421487603306,1
5593,0,0.7500000000000007,1.250000000000001,2.0000000000000018,0,TRUE,0.625,1
5594,0,3.8900000000000032,0,3.8900000000000032,0,TRUE,0,0
5595,2.230000000000002,1.4000000000000012,0,1.4000000000000012,0,TRUE,0,0
5873,0,2.610000000000002,0,2.610000000000002,0,TRUE,0,0
5874,0,3.6300000000000034,0,3.6300000000000034,0,TRUE,0,0
5875,0,3.530000000000003,0,3.530000000000003,0,TRUE,0,0
5876,0,3.730000000000003,0,3.730000000000003,0,TRUE,0,0
5877,0,3.650000000000003,0,3.650000000000003,0,TRUE,0,0
5878,0,3.610000000000003,0,3.610000000000003,0,TRUE,0,0
5879,0,3.3700000000000028,0,3.3700000000000028,0,TRUE,0,0
5880,0,3.520000000000003,0,3.520000000000003,0,TRUE,0,0
5881,0.5300000000000005,2.650000000000002,0,2.650000000000002,0.1200000000000001,TRUE,0,0
5888,0,0,3.260000000000003,3.260000000000003,0,TRUE,1,1
5889,0,0.7900000000000007,0.6500000000000006,1.4400000000000013,0,TRUE,0.4513888888888889,0
5890,0.18000000000000016,1.4600000000000013,0,1.4600000000000013,0.28000000000000025,TRUE,0,0
5891,1.6700000000000015,1.150000000000001,0,1.150000000000001,0.09000000000000008,TRUE,0,0
6165,0,1.6600000000000015,0.08000000000000007,1.7400000000000015,0,TRUE,0.04597701149425287,0
6166,0,1.7200000000000015,1.040000000000001,2.7600000000000025,0,TRUE,0.37681159420289856,0
6167,0,1.6300000000000014,0.10000000000000009,1.7300000000000015,0,TRUE,0.057803468208092484,0
6168,0,3.8700000000000037,0.020000000000000018,3.8900000000000032,0,TRUE,0.0051413881748071984,0
6169,0,3.9100000000000037,0,3.9100000000000037,0,TRUE,0,0
6170,0,3.9000000000000035,0,3.9000000000000035,0,TRUE,0,0
6171,0,4.0000000000000036,0,4.0000000000000036,0,TRUE,0,0
6172,0,3.9900000000000038,0,3.9900000000000038,0,TRUE,0,0
6173,0,3.7800000000000034,0,3.7800000000000034,0,TRUE,0,0
6174,0,3.9200000000000035,0,3.9200000000000035,0,TRUE,0,0
6175,0,2.8500000000000023,0,2.8500000000000023,1.010000000000001,TRUE,0,0
6183,0.18000000000000016,0,3.450000000000003,3.450000000000003,0,TRUE,1,1
6184,0,0.020000000000000018,2.6300000000000026,2.650000000000002,0,TRUE,0.9924528301886794,1
6185,0,3.1000000000000028,0.020000000000000018,3.1200000000000028,0,TRUE,0.00641025641025641,0
6186,0,3.570000000000003,0.10000000000000009,3.6700000000000035,0.1200000000000001,TRUE,0.027247956403269755,0
6187,0.3200000000000003,0.4500000000000004,2.2700000000000022,2.7200000000000024,0,TRUE,0.8345588235294118,1
6188,0.7400000000000007,2.5800000000000023,0.19000000000000017,2.7700000000000022,0,TRUE,0.06859205776173286,0
6189,0.8600000000000008,1.3200000000000012,0,1.3200000000000012,0.010000000000000009,TRUE,0,0
6461,0,2.5800000000000023,0,2.5800000000000023,0,TRUE,0,0
6462,0,3.730000000000003,0.1200000000000001,3.850000000000003,0,TRUE,0.031168831168831172,0
6463,0,3.7100000000000035,0.07000000000000006,3.7800000000000034,0,TRUE,0.018518518518518517,0
6464,0,3.9400000000000035,0,3.9400000000000035,0,TRUE,0,0
6465,0,3.770000000000003,0,3.770000000000003,0,TRUE,0,0
6466,0,4.0000000000000036,0,4.0000000000000036,0,TRUE,0,0
6467,0,3.8300000000000036,0,3.8300000000000036,0,TRUE,0,0
6468,0,3.8700000000000037,0,3.8700000000000037,0,TRUE,0,0
6469,0,3.9000000000000035,0,3.9000000000000035,0.10000000000000009,TRUE,0,0
6470,0.9200000000000008,2.0100000000000016,0,2.0100000000000016,0.6400000000000006,TRUE,0,0
6478,0.9100000000000008,1.250000000000001,1.5900000000000014,2.8400000000000025,0,TRUE,0.5598591549295775,1
6479,0,1.130000000000001,2.8700000000000028,4.0000000000000036,0,TRUE,0.7175,1
6481,0,1.5900000000000014,0.8100000000000007,2.400000000000002,0,TRUE,0.3375,0
6482,0,2.5500000000000025,0.6500000000000006,3.200000000000003,0,TRUE,0.203125,0
6483,0,1.220000000000001,0.4600000000000004,1.6800000000000015,0,TRUE,0.27380952380952384,0
6484,0,3.6300000000000034,0,3.6300000000000034,0,TRUE,0,0
6485,0,3.9000000000000035,0,3.9000000000000035,0,TRUE,0,0
6486,0.10000000000000009,3.6800000000000033,0,3.6800000000000033,0,TRUE,0,0
6487,0.5700000000000005,1.5100000000000013,0,1.5100000000000013,0.1100000000000001,TRUE,0,0
6754,0,1.150000000000001,0,1.150000000000001,0,TRUE,0,0
6755,0,2.180000000000002,0,2.180000000000002,0,TRUE,0,0
6756,0,2.9800000000000026,0,2.9800000000000026,0,TRUE,0,0
6757,0,3.8200000000000034,0,3.8200000000000034,0,TRUE,0,0
6758,0,3.8800000000000034,0,3.8800000000000034,0,TRUE,0,0
6759,0,3.9400000000000035,0,3.9400000000000035,0,TRUE,0,0
6760,0,3.8300000000000036,0,3.8300000000000036,0,TRUE,0,0
6761,0,3.8400000000000034,0,3.8400000000000034,0,TRUE,0,0
6762,0,3.8300000000000036,0,3.8300000000000036,0,TRUE,0,0
6763,0,4.0000000000000036,0,4.0000000000000036,0,TRUE,0,0
6764,0.2300000000000002,3.110000000000003,0,3.110000000000003,0.5200000000000005,TRUE,0,0
6773,1.200000000000001,2.7400000000000024,0,2.7400000000000024,0,TRUE,0,0
6774,0,3.6800000000000033,0,3.6800000000000033,0,TRUE,0,0
6776,0,1.110000000000001,0.13000000000000012,1.240000000000001,0,TRUE,0.10483870967741936,0
6777,0,1.9500000000000017,0.17000000000000015,2.120000000000002,0,TRUE,0.08018867924528301,0
6778,0,3.030000000000003,0.6200000000000006,3.650000000000003,0,TRUE,0.16986301369863016,0
6779,0,3.8700000000000037,0,3.8700000000000037,0,TRUE,0,0
6780,0,3.8400000000000034,0,3.8400000000000034,0,TRUE,0,0
6781,0,3.4700000000000033,0,3.4700000000000033,0,TRUE,0,0
7050,0,1.3100000000000012,0,1.3100000000000012,0,TRUE,0,0
7051,0,2.280000000000002,0,2.280000000000002,0,TRUE,0,0
7052,0,2.9700000000000024,0,2.9700000000000024,0,TRUE,0,0
7053,0,3.8700000000000037,0,3.8700000000000037,0,TRUE,0,0
7054,0,3.9500000000000037,0,3.9500000000000037,0,TRUE,0,0
7055,0,3.7900000000000036,0,3.7900000000000036,0,TRUE,0,0
7056,0,3.6300000000000034,0,3.6300000000000034,0,TRUE,0,0
7057,0,3.9000000000000035,0,3.9000000000000035,0,TRUE,0,0
7058,0,3.9500000000000037,0,3.9500000000000037,0,TRUE,0,0
7059,0.6400000000000006,2.080000000000002,0,2.080000000000002,0.2400000000000002,TRUE,0,0
7068,1.110000000000001,2.7200000000000024,0,2.7200000000000024,0,TRUE,0,0
7069,0,3.690000000000003,0,3.690000000000003,0,TRUE,0,0
7072,0,1.7500000000000016,0.8300000000000007,2.5800000000000023,0,TRUE,0.32170542635658916,0
7073,0,3.7900000000000036,0,3.7900000000000036,0,TRUE,0,0
7074,0,3.8200000000000034,0,3.8200000000000034,0,TRUE,0,0
7075,0,3.320000000000003,0,3.320000000000003,0,TRUE,0,0
7341,0.07000000000000006,1.100000000000001,0,1.100000000000001,0,TRUE,0,0
7344,0,1.4200000000000013,0,1.4200000000000013,0,TRUE,0,0
7345,0,2.4300000000000024,0,2.4300000000000024,0,TRUE,0,0
7346,0,3.3700000000000028,0,3.3700000000000028,0,TRUE,0,0
7347,0,2.340000000000002,0.8400000000000007,3.180000000000003,0,TRUE,0.2641509433962264,0
7348,0,3.500000000000003,0,3.500000000000003,0,TRUE,0,0
7349,0,3.560000000000003,0,3.560000000000003,0,TRUE,0,0
7350,0,3.4700000000000033,0,3.4700000000000033,0,TRUE,0,0
7351,0,3.8300000000000036,0,3.8300000000000036,0,TRUE,0,0
7352,0,3.9100000000000037,0,3.9100000000000037,0,TRUE,0,0
7353,0.29000000000000026,2.480000000000002,0,2.480000000000002,0.9500000000000008,TRUE,0,0
7363,0.4500000000000004,1.150000000000001,1.3400000000000012,2.490000000000002,0,TRUE,0.5381526104417671,1
7364,0,2.180000000000002,1.3800000000000012,3.560000000000003,0,TRUE,0.38764044943820225,0
7365,0,0.18000000000000016,1.3900000000000012,1.5700000000000014,0,TRUE,0.8853503184713376,1
7366,0,0,1.0000000000000009,1.0000000000000009,0,TRUE,1,1
7368,0,2.190000000000002,0,2.190000000000002,0,TRUE,0,0
7369,0,2.8200000000000025,0,2.8200000000000025,0,TRUE,0,0
7637,0,2.1300000000000017,0,2.1300000000000017,0,TRUE,0,0
7638,0,2.110000000000002,0,2.110000000000002,0,TRUE,0,0
7639,0,1.180000000000001,0,1.180000000000001,0,TRUE,0,0
7640,0,1.7800000000000016,0,1.7800000000000016,0,TRUE,0,0
7641,0,3.270000000000003,0,3.270000000000003,0,TRUE,0,0
7642,0,2.140000000000002,1.6700000000000015,3.810000000000003,0,TRUE,0.4383202099737533,0
7643,0,2.8500000000000023,0.9300000000000008,3.7800000000000034,0,TRUE,0.24603174603174602,0
7644,0,3.440000000000003,0,3.440000000000003,0,TRUE,0,0
7645,0,3.6400000000000032,0,3.6400000000000032,0,TRUE,0,0
7646,0,3.8600000000000034,0,3.8600000000000034,0,TRUE,0,0
7647,0,3.560000000000003,0,3.560000000000003,0.30000000000000027,TRUE,0,0
7658,0,0.4300000000000004,3.0100000000000025,3.440000000000003,0,TRUE,0.8749999999999999,1
7659,0,1.7000000000000015,0.7800000000000007,2.480000000000002,0,TRUE,0.31451612903225806,0
7660,0,2.8900000000000023,0.6700000000000006,3.560000000000003,0,TRUE,0.18820224719101122,0
7661,0,2.5100000000000025,0.06000000000000005,2.570000000000002,0,TRUE,0.023346303501945526,0
7933,0,1.2600000000000011,0,1.2600000000000011,0,TRUE,0,0
7934,0,2.320000000000002,0.29000000000000026,2.610000000000002,0,TRUE,0.11111111111111112,0
7935,0,3.270000000000003,0.4500000000000004,3.7200000000000033,0,TRUE,0.12096774193548387,0
7936,0.19000000000000017,3.140000000000003,0.2500000000000002,3.3900000000000032,0,TRUE,0.07374631268436578,0
7937,0.49000000000000044,3.200000000000003,0,3.200000000000003,0,TRUE,0,0
7938,0,3.6800000000000033,0.2500000000000002,3.9300000000000033,0,TRUE,0.06361323155216285,0
7939,0,3.530000000000003,0,3.530000000000003,0,TRUE,0,0
7940,0.09000000000000008,2.6000000000000023,0,2.6000000000000023,1.160000000000001,TRUE,0,0
7941,0.030000000000000027,2.0000000000000018,0,2.0000000000000018,1.7800000000000016,TRUE,0,0
7942,0.17000000000000015,1.3900000000000012,0,1.3900000000000012,0.6200000000000006,TRUE,0,0
7952,1.6000000000000014,2.2100000000000017,0,2.2100000000000017,0,TRUE,0,0
7953,0,3.770000000000003,0.1200000000000001,3.8900000000000032,0,TRUE,0.03084832904884319,0
7954,0,3.480000000000003,0,3.480000000000003,0,TRUE,0,0
7955,0,3.6300000000000034,0,3.6300000000000034,0,TRUE,0,0
7956,0.2500000000000002,2.020000000000002,0.37000000000000033,2.3900000000000023,0,TRUE,0.15481171548117154,0
8224,0,2.360000000000002,0,2.360000000000002,0,TRUE,0,0
8225,0,1.8700000000000017,0,1.8700000000000017,0,TRUE,0,0
8226,0,3.0600000000000027,0,3.0600000000000027,0,TRUE,0,0
8227,0,3.9000000000000035,0,3.9000000000000035,0,TRUE,0,0
8228,0,3.1000000000000028,0,3.1000000000000028,0,TRUE,0,0
8229,0,1.5700000000000014,0.6100000000000005,2.180000000000002,0,TRUE,0.2798165137614679,0
8230,0.050000000000000044,2.4300000000000024,0.49000000000000044,2.9200000000000026,0,TRUE,0.1678082191780822,0
8231,1.6600000000000015,1.9900000000000018,0,1.9900000000000018,0,TRUE,0,0
8232,0,3.7200000000000033,0,3.7200000000000033,0,TRUE,0,0
8233,0,3.620000000000003,0,3.620000000000003,0,TRUE,0,0
8234,0.10000000000000009,3.6600000000000033,0,3.6600000000000033,0,TRUE,0,0
8246,2.030000000000002,1.8400000000000016,0,1.8400000000000016,0,TRUE,0,0
8247,0.030000000000000027,3.8900000000000032,0,3.8900000000000032,0,TRUE,0,0
8248,0,3.8000000000000034,0,3.8000000000000034,0,TRUE,0,0
8249,0,2.610000000000002,0.030000000000000027,2.6400000000000023,0,TRUE,0.011363636363636364,0
8250,0.2100000000000002,2.8300000000000027,0.1100000000000001,2.9400000000000026,0,TRUE,0.03741496598639456,0
8251,0,2.1700000000000017,0.08000000000000007,2.2500000000000018,0,TRUE,0.03555555555555556,0
8518,0,1.020000000000001,0,1.020000000000001,0,TRUE,0,0
8519,0,3.7100000000000035,0,3.7100000000000035,0,TRUE,0,0
8520,0,3.580000000000003,0,3.580000000000003,0,TRUE,0,0
8521,0,1.8200000000000016,0,1.8200000000000016,0,TRUE,0,0
8522,0,2.060000000000002,0,2.060000000000002,0,TRUE,0,0
8523,0,3.1300000000000026,0,3.1300000000000026,0,TRUE,0,0
8524,0.7300000000000006,1.5300000000000014,0.3400000000000003,1.8700000000000017,0,TRUE,0.18181818181818182,0
8525,0.6700000000000006,2.7500000000000027,0.020000000000000018,2.7700000000000022,0,TRUE,0.007220216606498195,0
8526,0,3.1700000000000026,0,3.1700000000000026,0,TRUE,0,0
8527,0,3.410000000000003,0,3.410000000000003,0.10000000000000009,TRUE,0,0
8528,0.020000000000000018,3.200000000000003,0,3.200000000000003,0.7500000000000007,TRUE,0,0
8540,2.150000000000002,1.7000000000000015,0,1.7000000000000015,0,TRUE,0,0
8541,0,3.8000000000000034,0,3.8000000000000034,0,TRUE,0,0
8542,0,3.7800000000000034,0,3.7800000000000034,0,TRUE,0,0
8543,0,3.9000000000000035,0,3.9000000000000035,0,TRUE,0,0
8544,0.3200000000000003,3.200000000000003,0.1200000000000001,3.320000000000003,0,TRUE,0.03614457831325301,0
8813,0,3.280000000000003,0,3.280000000000003,0,TRUE,0,0
8814,0,1.230000000000001,0,1.230000000000001,0,TRUE,0,0
8815,0,2.730000000000002,0,2.730000000000002,0,TRUE,0,0
8816,0,4.0000000000000036,0,4.0000000000000036,0,TRUE,0,0
8817,0,3.6600000000000033,0,3.6600000000000033,0,TRUE,0,0
8818,0,3.280000000000003,0,3.280000000000003,0,TRUE,0,0
8819,0.3100000000000003,2.5200000000000022,0.6000000000000005,3.1200000000000028,0,TRUE,0.19230769230769232,0
8820,0.40000000000000036,3.3900000000000032,0,3.3900000000000032,0,TRUE,0,0
8821,0,3.8800000000000034,0,3.8800000000000034,0,TRUE,0,0
8822,0.2100000000000002,1.9600000000000017,0,1.9600000000000017,1.2600000000000011,TRUE,0,0
8834,0.28000000000000025,2.9300000000000024,0.37000000000000033,3.300000000000003,0,TRUE,0.11212121212121212,0
8835,0.10000000000000009,3.5900000000000034,0.06000000000000005,3.650000000000003,0,TRUE,0.016438356164383564,0
8836,0,3.8200000000000034,0,3.8200000000000034,0,TRUE,0,0
8837,0,3.7600000000000033,0,3.7600000000000033,0,TRUE,0,0
8838,0,3.650000000000003,0,3.650000000000003,0,TRUE,0,0
8839,0.7100000000000006,2.4700000000000024,0.10000000000000009,2.570000000000002,0,TRUE,0.038910505836575876,0
9107,0,2.200000000000002,0,2.200000000000002,0,TRUE,0,0
9108,0,3.7500000000000036,0,3.7500000000000036,0,TRUE,0,0
9109,0,2.0500000000000016,0,2.0500000000000016,0,TRUE,0,0
9110,0,2.100000000000002,0,2.100000000000002,0,TRUE,0,0
9111,0,3.3300000000000027,0,3.3300000000000027,0,TRUE,0,0
9112,0,2.610000000000002,0,2.610000000000002,0,TRUE,0,0
9113,0,2.8800000000000026,0,2.8800000000000026,0,TRUE,0,0
9114,0,3.5900000000000034,0.20000000000000018,3.7900000000000036,0,TRUE,0.05277044854881266,0
9115,0,3.7600000000000033,0,3.7600000000000033,0,TRUE,0,0
9116,0,3.9800000000000035,0,3.9800000000000035,0,TRUE,0,0
9129,0,3.850000000000003,0,3.850000000000003,0,TRUE,0,0
9130,0,4.0000000000000036,0,4.0000000000000036,0,TRUE,0,0
9131,0,3.7200000000000033,0,3.7200000000000033,0,TRUE,0,0
9132,0,3.500000000000003,0.050000000000000044,3.5500000000000034,0,TRUE,0.01408450704225352,0
9133,0.3100000000000003,2.8500000000000023,0.38000000000000034,3.230000000000003,0,TRUE,0.11764705882352941,0
9402,0,2.160000000000002,0,2.160000000000002,0,TRUE,0,0
9404,0,3.3700000000000028,0,3.3700000000000028,0,TRUE,0,0
9405,0,3.0600000000000027,0,3.0600000000000027,0,TRUE,0,0
9407,0,2.910000000000003,0.16000000000000014,3.070000000000003,0,TRUE,0.052117263843648204,0
9408,0.3500000000000003,2.500000000000002,0.14000000000000012,2.6400000000000023,0,TRUE,0.05303030303030303,0
9409,0.8400000000000007,2.6300000000000026,0,2.6300000000000026,0.06000000000000005,TRUE,0,0
9410,0.29000000000000026,3.3300000000000027,0,3.3300000000000027,0.19000000000000017,TRUE,0,0
9411,0.030000000000000027,3.3900000000000032,0,3.3900000000000032,0.5100000000000005,TRUE,0,0
9423,1.2800000000000011,2.6000000000000023,0,2.6000000000000023,0,TRUE,0,0
9424,0,3.850000000000003,0,3.850000000000003,0,TRUE,0,0
9425,0,3.7800000000000034,0,3.7800000000000034,0,TRUE,0,0
9426,0.4400000000000004,3.320000000000003,0,3.320000000000003,0,TRUE,0,0
9427,0.010000000000000009,2.8700000000000028,0.7800000000000007,3.650000000000003,0,TRUE,0.2136986301369863,0
9699,0,3.530000000000003,0,3.530000000000003,0,TRUE,0,0
9700,0,3.7000000000000033,0,3.7000000000000033,0,TRUE,0,0
9701,0,2.5400000000000023,0.08000000000000007,2.6200000000000023,0,TRUE,0.030534351145038167,0
9702,0,1.060000000000001,2.2700000000000022,3.3300000000000027,0,TRUE,0.6816816816816818,1
9703,0.10000000000000009,3.1700000000000026,0.2500000000000002,3.420000000000003,0,TRUE,0.07309941520467836,0
9717,0.7400000000000007,3.190000000000003,0,3.190000000000003,0,TRUE,0,0
9718,0,3.8700000000000037,0,3.8700000000000037,0,TRUE,0,0
9719,1.250000000000001,2.360000000000002,0.06000000000000005,2.420000000000002,0,TRUE,0.024793388429752067,0
9720,2.190000000000002,1.230000000000001,0.14000000000000012,1.3700000000000012,0,TRUE,0.10218978102189781,0
9992,0,1.3700000000000012,0,1.3700000000000012,0,TRUE,0,0
9993,0,3.1700000000000026,0,3.1700000000000026,0,TRUE,0,0
9994,0,3.9100000000000037,0,3.9100000000000037,0,TRUE,0,0
9995,0,3.770000000000003,0,3.770000000000003,0,TRUE,0,0
9996,0,2.7200000000000024,0.7400000000000007,3.460000000000003,0,TRUE,0.2138728323699422,0
9997,0,0.4600000000000004,2.420000000000002,2.8800000000000026,0,TRUE,0.8402777777777778,1
9998,0,2.8900000000000023,0.4500000000000004,3.340000000000003,0,TRUE,0.1347305389221557,0
10010,2.030000000000002,1.9400000000000017,0,1.9400000000000017,0,TRUE,0,0
10011,0.010000000000000009,3.8800000000000034,0,3.8800000000000034,0,TRUE,0,0
10012,0,3.8800000000000034,0,3.8800000000000034,0,TRUE,0,0
10013,0,2.6200000000000023,0.37000000000000033,2.990000000000003,0,TRUE,0.1237458193979933,0
10014,0.1100000000000001,1.5400000000000014,1.3900000000000012,2.9300000000000024,0,TRUE,0.4744027303754267,0
10015,0.14000000000000012,2.5800000000000023,0.030000000000000027,2.610000000000002,0,TRUE,0.01149425287356322,0
10287,0,1.6300000000000014,0.08000000000000007,1.7100000000000015,0,TRUE,0.04678362573099415,0
10288,0,3.690000000000003,0,3.690000000000003,0,TRUE,0,0
10289,0,3.810000000000003,0,3.810000000000003,0,TRUE,0,0
10290,0,3.690000000000003,0,3.690000000000003,0,TRUE,0,0
10291,0,2.8300000000000027,0.7500000000000007,3.580000000000003,0,TRUE,0.20949720670391062,0
10292,0,3.240000000000003,0.28000000000000025,3.520000000000003,0,TRUE,0.07954545454545454,0
10293,0.28000000000000025,2.7000000000000024,0.49000000000000044,3.190000000000003,0.020000000000000018,TRUE,0.1536050156739812,0
10304,0.7900000000000007,2.9000000000000026,0,2.9000000000000026,0,TRUE,0,0
10305,0.010000000000000009,3.8200000000000034,0,3.8200000000000034,0,TRUE,0,0
10306,0,3.7400000000000033,0.030000000000000027,3.770000000000003,0,TRUE,0.007957559681697613,0
10307,0,1.3100000000000012,1.110000000000001,2.420000000000002,0,TRUE,0.45867768595041325,0
10582,0.13000000000000012,3.6700000000000035,0,3.6700000000000035,0,TRUE,0,0
10583,0,3.6800000000000033,0,3.6800000000000033,0,TRUE,0,0
10584,0,3.7400000000000033,0,3.7400000000000033,0,TRUE,0,0
10585,0,3.2500000000000027,0,3.2500000000000027,0,TRUE,0,0
10586,0,3.6300000000000034,0,3.6300000000000034,0,TRUE,0,0
10587,0,4.0000000000000036,0,4.0000000000000036,0,TRUE,0,0
10588,0.20000000000000018,3.400000000000003,0,3.400000000000003,0.19000000000000017,TRUE,0,0
10597,0.8600000000000008,1.3400000000000012,0,1.3400000000000012,0.2500000000000002,TRUE,0,0
10598,0.7300000000000006,3.0100000000000025,0,3.0100000000000025,0,TRUE,0,0
10599,0,3.620000000000003,0.06000000000000005,3.6800000000000033,0,TRUE,0.016304347826086956,0
10600,0,3.0100000000000025,0.4200000000000004,3.4300000000000033,0,TRUE,0.12244897959183673,0
10601,0,2.7900000000000027,0.5400000000000005,3.3300000000000027,0,TRUE,0.16216216216216217,0
10602,0,1.9900000000000018,1.4700000000000013,3.460000000000003,0,TRUE,0.42485549132947975,0
10878,2.020000000000002,1.3600000000000012,0,1.3600000000000012,0,TRUE,0,0
10879,1.140000000000001,2.370000000000002,0,2.370000000000002,0,TRUE,0,0
10880,0,3.8600000000000034,0,3.8600000000000034,0,TRUE,0,0
10881,0,3.7000000000000033,0,3.7000000000000033,0,TRUE,0,0
10882,0,3.9600000000000035,0,3.9600000000000035,0,TRUE,0,0
10883,0.26000000000000023,3.460000000000003,0,3.460000000000003,0.13000000000000012,TRUE,0,0
10892,0.2400000000000002,2.990000000000003,0,2.990000000000003,0.6900000000000006,TRUE,0,0
10893,0,3.810000000000003,0,3.810000000000003,0,TRUE,0,0
10894,0,2.400000000000002,1.150000000000001,3.5500000000000034,0,TRUE,0.32394366197183094,0
10895,0,0.3100000000000003,3.350000000000003,3.6600000000000033,0,TRUE,0.9153005464480874,1
10896,0,1.5900000000000014,1.7700000000000016,3.360000000000003,0,TRUE,0.5267857142857143,1
10897,0,0.09000000000000008,1.6300000000000014,1.7200000000000015,0,TRUE,0.9476744186046512,1
11169,0.4400000000000004,1.9200000000000017,0.09000000000000008,2.0100000000000016,0,TRUE,0.04477611940298508,0
11170,1.010000000000001,2.440000000000002,0,2.440000000000002,0,TRUE,0,0
11172,0.9300000000000008,2.7200000000000024,0,2.7200000000000024,0,TRUE,0,0
11173,0.4400000000000004,2.5600000000000023,0,2.5600000000000023,0,TRUE,0,0
11174,0,1.8000000000000016,0,1.8000000000000016,0,TRUE,0,0
11175,0,3.7800000000000034,0,3.7800000000000034,0,TRUE,0,0
11176,0,3.9700000000000033,0,3.9700000000000033,0,TRUE,0,0
11177,0,4.0000000000000036,0,4.0000000000000036,0,TRUE,0,0
11178,1.7500000000000016,1.9200000000000017,0,1.9200000000000017,0.050000000000000044,TRUE,0,0
11186,0.8300000000000007,1.2800000000000011,0,1.2800000000000011,0.4800000000000004,TRUE,0,0
11187,0,3.8200000000000034,0,3.8200000000000034,0,TRUE,0,0
11188,0,3.9100000000000037,0,3.9100000000000037,0,TRUE,0,0
11189,0,1.3800000000000012,2.290000000000002,3.6700000000000035,0,TRUE,0.6239782016348773,1
11190,0,0,3.5900000000000034,3.5900000000000034,0,TRUE,1,1
11191,0,0.8800000000000008,2.7500000000000027,3.6300000000000034,0,TRUE,0.7575757575757576,1
11463,0,0.8500000000000008,0.8800000000000008,1.7300000000000015,0,TRUE,0.5086705202312138,1
11464,0,1.9300000000000017,1.060000000000001,2.990000000000003,0,TRUE,0.35451505016722407,0
11465,0,1.7500000000000016,1.6900000000000015,3.440000000000003,0,TRUE,0.49127906976744184,0
11466,0,3.280000000000003,0.3200000000000003,3.600000000000003,0,TRUE,0.08888888888888889,0
11467,0,3.8600000000000034,0,3.8600000000000034,0,TRUE,0,0
11468,0,3.7900000000000036,0,3.7900000000000036,0,TRUE,0,0
11469,0,3.7100000000000035,0,3.7100000000000035,0,TRUE,0,0
11470,0,3.8200000000000034,0,3.8200000000000034,0,TRUE,0,0
11471,0,3.8200000000000034,0,3.8200000000000034,0,TRUE,0,0
11472,0,4.0000000000000036,0,4.0000000000000036,0,TRUE,0,0
11481,0.3300000000000003,2.6000000000000023,0,2.6000000000000023,0.9200000000000008,TRUE,0,0
11482,0,3.8200000000000034,0,3.8200000000000034,0,TRUE,0,0
11483,0,3.9200000000000035,0,3.9200000000000035,0,TRUE,0,0
11484,0,1.0000000000000009,2.8300000000000027,3.8300000000000036,0,TRUE,0.7389033942558747,1
11485,0,2.1300000000000017,1.4200000000000013,3.5500000000000034,0,TRUE,0.39999999999999997,0
11486,0,0.020000000000000018,2.480000000000002,2.500000000000002,0,TRUE,0.992,1
11487,0,0.37000000000000033,1.3600000000000012,1.7300000000000015,0,TRUE,0.7861271676300579,1
11757,0,0.9100000000000008,0.39000000000000035,1.3000000000000012,0,TRUE,0.3,0
11758,0.4200000000000004,3.0200000000000027,0,3.0200000000000027,0,TRUE,0,0
11759,0.6300000000000006,1.9000000000000017,1.130000000000001,3.030000000000003,0,TRUE,0.3729372937293729,0
11760,0,1.3700000000000012,1.7900000000000016,3.160000000000003,0,TRUE,0.5664556962025317,1
11761,0,3.2900000000000027,0.4400000000000004,3.730000000000003,0,TRUE,0.11796246648793567,0
11762,0,3.560000000000003,0,3.560000000000003,0,TRUE,0,0
11763,0,3.8800000000000034,0,3.8800000000000034,0,TRUE,0,0
11764,0,3.8700000000000037,0,3.8700000000000037,0,TRUE,0,0
11765,0,3.9600000000000035,0,3.9600000000000035,0,TRUE,0,0
11766,0,3.8000000000000034,0,3.8000000000000034,0,TRUE,0,0
11767,0,3.9900000000000038,0,3.9900000000000038,0,TRUE,0,0
11775,0.9100000000000008,1.070000000000001,0,1.070000000000001,0.38000000000000034,TRUE,0,0
11776,0,3.500000000000003,0,3.500000000000003,0.4200000000000004,TRUE,0,0
11777,0,3.8200000000000034,0,3.8200000000000034,0,TRUE,0,0
11778,0,3.0600000000000027,0.3100000000000003,3.3700000000000028,0,TRUE,0.09198813056379823,0
11779,0,0.5000000000000004,1.8700000000000017,2.370000000000002,0,TRUE,0.7890295358649789,1
12051,0.41000000000000036,1.240000000000001,0.10000000000000009,1.3400000000000012,0,TRUE,0.07462686567164178,0
12052,2.5500000000000025,0.030000000000000027,1.060000000000001,1.090000000000001,0,TRUE,0.9724770642201835,1
12053,2.5500000000000025,1.160000000000001,0,1.160000000000001,0,TRUE,0,0
12054,0.5200000000000005,3.190000000000003,0,3.190000000000003,0,TRUE,0,0
12055,0.5700000000000005,3.230000000000003,0,3.230000000000003,0,TRUE,0,0
12056,0.7600000000000007,3.1700000000000026,0,3.1700000000000026,0,TRUE,0,0
12057,0,3.5900000000000034,0,3.5900000000000034,0,TRUE,0,0
12058,0,3.7900000000000036,0,3.7900000000000036,0,TRUE,0,0
12059,0,3.850000000000003,0,3.850000000000003,0,TRUE,0,0
12060,0,3.8200000000000034,0,3.8200000000000034,0,TRUE,0,0
12061,0,3.9600000000000035,0,3.9600000000000035,0,TRUE,0,0
12062,0.5700000000000005,2.6800000000000024,0,2.6800000000000024,0.3600000000000003,TRUE,0,0
12070,0.8700000000000008,2.8700000000000028,0,2.8700000000000028,0.010000000000000009,TRUE,0,0
12071,0,3.770000000000003,0,3.770000000000003,0,TRUE,0,0
12072,0,3.8700000000000037,0,3.8700000000000037,0,TRUE,0,0
12073,0,1.6200000000000014,0,1.6200000000000014,0,TRUE,0,0
12346,2.2100000000000017,1.150000000000001,0,1.150000000000001,0,TRUE,0,0
12348,1.210000000000001,2.6800000000000024,0,2.6800000000000024,0,TRUE,0,0
12349,0.19000000000000017,3.7200000000000033,0,3.7200000000000033,0,TRUE,0,0
12350,0.010000000000000009,3.810000000000003,0,3.810000000000003,0,TRUE,0,0
12351,0,3.7500000000000036,0,3.7500000000000036,0,TRUE,0,0
12352,0,3.810000000000003,0,3.810000000000003,0,TRUE,0,0
12353,0,3.8400000000000034,0,3.8400000000000034,0,TRUE,0,0
12354,0,3.770000000000003,0,3.770000000000003,0,TRUE,0,0
12355,0,3.8000000000000034,0,3.8000000000000034,0,TRUE,0,0
12356,0,3.9600000000000035,0,3.9600000000000035,0,TRUE,0,0
12364,0.6800000000000006,2.8500000000000023,0,2.8500000000000023,0,TRUE,0,0
12365,0,3.9300000000000033,0,3.9300000000000033,0,TRUE,0,0
12366,0,3.8300000000000036,0,3.8300000000000036,0,TRUE,0,0
12367,0,4.0000000000000036,0,4.0000000000000036,0,TRUE,0,0
12368,0,2.8100000000000023,0,2.8100000000000023,0,TRUE,0,0
12369,0,2.9600000000000026,0,2.9600000000000026,0,TRUE,0,0
12640,0.030000000000000027,1.240000000000001,0,1.240000000000001,0,TRUE,0,0
12641,2.040000000000002,1.8600000000000017,0,1.8600000000000017,0,TRUE,0,0
12642,0.6000000000000005,2.460000000000002,0,2.460000000000002,0,TRUE,0,0
12643,0.9000000000000008,2.480000000000002,0,2.480000000000002,0,TRUE,0,0
12644,1.9500000000000017,1.7700000000000016,0,1.7700000000000016,0,TRUE,0,0
12645,1.020000000000001,2.8500000000000023,0,2.8500000000000023,0,TRUE,0,0
12646,0,3.8000000000000034,0,3.8000000000000034,0,TRUE,0,0
12647,0.050000000000000044,3.070000000000003,0,3.070000000000003,0,TRUE,0,0
12648,0.5400000000000005,3.2900000000000027,0,3.2900000000000027,0,TRUE,0,0
12649,0,3.8900000000000032,0,3.8900000000000032,0,TRUE,0,0
12650,0,3.8400000000000034,0,3.8400000000000034,0,TRUE,0,0
12651,0.2200000000000002,3.500000000000003,0,3.500000000000003,0.040000000000000036,TRUE,0,0
12658,0.26000000000000023,2.380000000000002,0,2.380000000000002,0.9000000000000008,TRUE,0,0
12659,1.6700000000000015,2.200000000000002,0,2.200000000000002,0,TRUE,0,0
12661,0.5300000000000005,3.1000000000000028,0,3.1000000000000028,0,TRUE,0,0
12662,0,3.9000000000000035,0,3.9000000000000035,0,TRUE,0,0
12663,0,3.850000000000003,0.040000000000000036,3.8900000000000032,0,TRUE,0.010282776349614397,0
12664,0,2.8700000000000028,0.8600000000000008,3.730000000000003,0,TRUE,0.23056300268096516,0
12935,0.09000000000000008,1.9900000000000018,0.8600000000000008,2.8500000000000023,0,TRUE,0.30175438596491233,0
12937,1.020000000000001,2.1300000000000017,0.5000000000000004,2.6300000000000026,0,TRUE,0.19011406844106463,0
12938,0,3.360000000000003,0.07000000000000006,3.4300000000000033,0,TRUE,0.02040816326530612,0
12939,0.06000000000000005,3.3700000000000028,0,3.3700000000000028,0,TRUE,0,0
12940,0,3.1700000000000026,0,3.1700000000000026,0,TRUE,0,0
12941,0,2.9400000000000026,0,2.9400000000000026,0,TRUE,0,0
12942,0.3100000000000003,2.070000000000002,0,2.070000000000002,0,TRUE,0,0
12943,2.0500000000000016,1.5000000000000013,0,1.5000000000000013,0,TRUE,0,0
12944,0,3.9500000000000037,0,3.9500000000000037,0,TRUE,0,0
12945,0,3.8900000000000032,0,3.8900000000000032,0,TRUE,0,0
12946,1.3000000000000012,2.3100000000000023,0,2.3100000000000023,0,TRUE,0,0
12952,0.8700000000000008,1.180000000000001,0,1.180000000000001,0.5300000000000005,TRUE,0,0
12953,0,3.850000000000003,0,3.850000000000003,0,TRUE,0,0
12954,0.09000000000000008,3.560000000000003,0,3.560000000000003,0,TRUE,0,0
12955,2.140000000000002,1.5100000000000013,0,1.5100000000000013,0,TRUE,0,0
12956,0.09000000000000008,3.1300000000000026,0,3.1300000000000026,0,TRUE,0,0
12957,0,3.0600000000000027,0,3.0600000000000027,0,TRUE,0,0
12958,0,1.8200000000000016,0,1.8200000000000016,0,TRUE,0,0
12959,0.040000000000000036,0.8700000000000008,2.0000000000000018,2.8700000000000028,0,TRUE,0.6968641114982578,1
13230,0,0.010000000000000009,1.4500000000000013,1.4600000000000013,0,TRUE,0.9931506849315068,1
13231,1.2900000000000011,0,2.360000000000002,2.360000000000002,0,TRUE,1,1
13233,2.3500000000000023,0.050000000000000044,1.3800000000000012,1.4300000000000013,0,TRUE,0.965034965034965,1
13234,1.5600000000000014,1.6000000000000014,0.41000000000000036,2.0100000000000016,0,TRUE,0.20398009950248758,0
13235,0,3.140000000000003,0,3.140000000000003,0,TRUE,0,0
13236,0,3.0200000000000027,0,3.0200000000000027,0,TRUE,0,0
13237,0.37000000000000033,2.990000000000003,0,2.990000000000003,0,TRUE,0,0
13239,0.18000000000000016,3.570000000000003,0,3.570000000000003,0,TRUE,0,0
13240,0.4500000000000004,3.280000000000003,0,3.280000000000003,0.010000000000000009,TRUE,0,0
13247,0.7600000000000007,1.120000000000001,0,1.120000000000001,0.6700000000000006,TRUE,0,0
13248,0,3.7600000000000033,0,3.7600000000000033,0,TRUE,0,0
13249,0,3.7000000000000033,0,3.7000000000000033,0,TRUE,0,0
13250,0.8600000000000008,2.7600000000000025,0,2.7600000000000025,0,TRUE,0,0
13251,0,3.7600000000000033,0,3.7600000000000033,0,TRUE,0,0
13252,0,3.300000000000003,0,3.300000000000003,0,TRUE,0,0
13253,0,3.8200000000000034,0,3.8200000000000034,0,TRUE,0,0
13254,0.4200000000000004,1.3600000000000012,0.6000000000000005,1.9600000000000017,0,TRUE,0.30612244897959184,0
13527,0.4600000000000004,0,2.8300000000000027,2.8300000000000027,0,TRUE,1,1
13528,0.8300000000000007,1.5100000000000013,1.4900000000000013,3.0000000000000027,0,TRUE,0.49666666666666665,0
13529,0.28000000000000025,2.0100000000000016,1.6200000000000014,3.6300000000000034,0,TRUE,0.44628099173553715,0
13530,0,3.5500000000000034,0.14000000000000012,3.690000000000003,0,TRUE,0.03794037940379404,0
13531,0,3.5500000000000034,0,3.5500000000000034,0,TRUE,0,0
13532,1.8500000000000016,1.230000000000001,0,1.230000000000001,0,TRUE,0,0
13543,0.2200000000000002,2.9800000000000026,0,2.9800000000000026,0.26000000000000023,TRUE,0,0
13544,0,3.6300000000000034,0,3.6300000000000034,0,TRUE,0,0
13545,0,3.7600000000000033,0,3.7600000000000033,0,TRUE,0,0
13546,0,3.7500000000000036,0,3.7500000000000036,0,TRUE,0,0
13547,0,3.460000000000003,0,3.460000000000003,0,TRUE,0,0
13548,0,3.1200000000000028,0,3.1200000000000028,0,TRUE,0,0
13549,0,1.240000000000001,0,1.240000000000001,0,TRUE,0,0
13822,0,0,2.1300000000000017,2.1300000000000017,0,TRUE,1,1
13823,0,3.450000000000003,0.4400000000000004,3.8900000000000032,0,TRUE,0.11311053984575836,0
13824,0,3.650000000000003,0,3.650000000000003,0,TRUE,0,0
13825,0,3.9100000000000037,0,3.9100000000000037,0,TRUE,0,0
13826,0.3200000000000003,2.6000000000000023,0,2.6000000000000023,0.7400000000000007,TRUE,0,0
13838,1.6300000000000014,2.080000000000002,0,2.080000000000002,0,TRUE,0,0
13839,0,4.0000000000000036,0,4.0000000000000036,0,TRUE,0,0
13840,0,3.7600000000000033,0,3.7600000000000033,0,TRUE,0,0
13841,0,3.620000000000003,0,3.620000000000003,0,TRUE,0,0
13842,0,3.3900000000000032,0,3.3900000000000032,0,TRUE,0,0
13843,0,2.8700000000000028,0.050000000000000044,2.9200000000000026,0,TRUE,0.017123287671232876,0
14118,0,3.230000000000003,0.6900000000000006,3.9200000000000035,0,TRUE,0.1760204081632653,0
14119,0,3.8000000000000034,0,3.8000000000000034,0,TRUE,0,0
14120,0,3.6800000000000033,0,3.6800000000000033,0,TRUE,0,0
14121,1.3800000000000012,1.9400000000000017,0,1.9400000000000017,0.1200000000000001,TRUE,0,0
14133,0.10000000000000009,3.7200000000000033,0,3.7200000000000033,0,TRUE,0,0
14134,0,3.9500000000000037,0,3.9500000000000037,0,TRUE,0,0
14135,0,4.0000000000000036,0,4.0000000000000036,0,TRUE,0,0
14136,0,4.0000000000000036,0,4.0000000000000036,0,TRUE,0,0
14137,0,3.7400000000000033,0,3.7400000000000033,0,TRUE,0,0
14138,0,1.5600000000000014,1.4100000000000013,2.9700000000000024,0,TRUE,0.4747474747474748,0
14413,0.15000000000000013,2.8800000000000026,0.1200000000000001,3.0000000000000027,0,TRUE,0.04,0
14414,0,3.5500000000000034,0,3.5500000000000034,0,TRUE,0,0
14415,0,3.9300000000000033,0,3.9300000000000033,0,TRUE,0,0
14416,2.0500000000000016,1.2900000000000011,0,1.2900000000000011,0,TRUE,0,0
14426,0.7300000000000006,1.3600000000000012,0,1.3600000000000012,0.15000000000000013,TRUE,0,0
14427,0.030000000000000027,2.7200000000000024,0,2.7200000000000024,1.130000000000001,TRUE,0,0
14428,0,4.0000000000000036,0,4.0000000000000036,0,TRUE,0,0
14429,0,3.9600000000000035,0,3.9600000000000035,0,TRUE,0,0
14430,0,3.9000000000000035,0,3.9000000000000035,0,TRUE,0,0
14431,0,3.9300000000000033,0,3.9300000000000033,0,TRUE,0,0
14432,0,3.7600000000000033,0.06000000000000005,3.8200000000000034,0,TRUE,0.015706806282722512,0
14433,0,1.3100000000000012,0.9900000000000009,2.300000000000002,0,TRUE,0.43043478260869567,0
14708,2.020000000000002,1.4500000000000013,0.2300000000000002,1.6800000000000015,0,TRUE,0.13690476190476192,0
14709,0,3.9800000000000035,0,3.9800000000000035,0,TRUE,0,0
14710,0,3.9400000000000035,0,3.9400000000000035,0,TRUE,0,0
14720,0.2300000000000002,3.220000000000003,0,3.220000000000003,0.27000000000000024,TRUE,0,0
14721,0,3.8800000000000034,0,3.8800000000000034,0.09000000000000008,TRUE,0,0
14722,0,3.9500000000000037,0,3.9500000000000037,0,TRUE,0,0
14723,0,4.0000000000000036,0,4.0000000000000036,0,TRUE,0,0
14724,0,4.0000000000000036,0,4.0000000000000036,0,TRUE,0,0
14725,0,4.0000000000000036,0,4.0000000000000036,0,TRUE,0,0
14726,0,3.8000000000000034,0,3.8000000000000034,0,TRUE,0,0
14727,0,2.8700000000000028,0.9600000000000009,3.8300000000000036,0,TRUE,0.2506527415143603,0
14728,0.28000000000000025,0.30000000000000027,1.6700000000000015,1.9700000000000017,0,TRUE,0.8477157360406091,1
15003,1.5500000000000014,1.9700000000000017,0,1.9700000000000017,0,TRUE,0,0
15004,0,3.9600000000000035,0,3.9600000000000035,0,TRUE,0,0
15005,0.16000000000000014,3.7000000000000033,0,3.7000000000000033,0,TRUE,0,0
15014,0.08000000000000007,3.690000000000003,0,3.690000000000003,0,TRUE,0,0
15015,0,3.9600000000000035,0,3.9600000000000035,0,TRUE,0,0
15016,0,4.0000000000000036,0,4.0000000000000036,0,TRUE,0,0
15017,0,3.7900000000000036,0,3.7900000000000036,0,TRUE,0,0
15018,0,3.7900000000000036,0,3.7900000000000036,0,TRUE,0,0
15019,0,4.0000000000000036,0,4.0000000000000036,0,TRUE,0,0
15020,0,4.0000000000000036,0,4.0000000000000036,0,TRUE,0,0
15021,0,3.770000000000003,0,3.770000000000003,0,TRUE,0,0
15022,0.14000000000000012,1.8300000000000016,2.020000000000002,3.850000000000003,0,TRUE,0.5246753246753247,1
15023,0,1.240000000000001,0.3200000000000003,1.5600000000000014,0,TRUE,0.20512820512820512,0
15298,0,2.340000000000002,0,2.340000000000002,0,TRUE,0,0
15299,0,3.9100000000000037,0,3.9100000000000037,0,TRUE,0,0
15300,0.8000000000000007,3.0000000000000027,0,3.0000000000000027,0,TRUE,0,0
15308,0.5700000000000005,1.7400000000000015,0,1.7400000000000015,0.06000000000000005,TRUE,0,0
15309,0,3.9900000000000038,0,3.9900000000000038,0,TRUE,0,0
15310,0,3.9500000000000037,0,3.9500000000000037,0,TRUE,0,0
15311,0,3.9300000000000033,0,3.9300000000000033,0,TRUE,0,0
15312,0,3.9600000000000035,0,3.9600000000000035,0,TRUE,0,0
15313,0,3.9400000000000035,0,3.9400000000000035,0,TRUE,0,0
15314,0,3.7800000000000034,0,3.7800000000000034,0,TRUE,0,0
15315,0,3.7000000000000033,0,3.7000000000000033,0,TRUE,0,0
15316,0,3.9200000000000035,0,3.9200000000000035,0,TRUE,0,0
15317,0.4500000000000004,2.320000000000002,1.150000000000001,3.4700000000000033,0,TRUE,0.3314121037463977,0
15593,0,1.0000000000000009,0,1.0000000000000009,0,TRUE,0,0
15594,0,2.5400000000000023,0.5100000000000005,3.0500000000000025,0,TRUE,0.16721311475409836,0
15595,0.8300000000000007,2.100000000000002,0,2.100000000000002,0.010000000000000009,TRUE,0,0
15603,0.2300000000000002,2.7900000000000027,0,2.7900000000000027,0.7300000000000006,TRUE,0,0
15604,0,3.9600000000000035,0,3.9600000000000035,0,TRUE,0,0
15605,0,3.9900000000000038,0,3.9900000000000038,0,TRUE,0,0
15606,0,3.9400000000000035,0,3.9400000000000035,0,TRUE,0,0
15607,0,3.9300000000000033,0,3.9300000000000033,0,TRUE,0,0
15608,0,3.9100000000000037,0,3.9100000000000037,0,TRUE,0,0
15609,0,3.9000000000000035,0,3.9000000000000035,0,TRUE,0,0
15610,0.06000000000000005,3.7400000000000033,0,3.7400000000000033,0,TRUE,0,0
15611,0.5600000000000005,3.140000000000003,0,3.140000000000003,0,TRUE,0,0
15612,0.7200000000000006,1.6000000000000014,0.17000000000000015,1.7700000000000016,0,TRUE,0.096045197740113,0
15881,0,1.5400000000000014,0.010000000000000009,1.5500000000000014,0,TRUE,0.0064516129032258064,0
15886,0,2.3500000000000023,0,2.3500000000000023,0,TRUE,0,0
15888,0,1.4900000000000013,1.160000000000001,2.650000000000002,0,TRUE,0.4377358490566038,0
15889,0.7000000000000006,1.4000000000000012,1.6500000000000015,3.0500000000000025,0,TRUE,0.5409836065573771,1
15890,0.38000000000000034,2.650000000000002,0,2.650000000000002,0,TRUE,0,0
15896,1.9100000000000017,1.3900000000000012,0,1.3900000000000012,0.20000000000000018,TRUE,0,0
15897,0.8700000000000008,2.500000000000002,0,2.500000000000002,0,TRUE,0,0
15898,0,3.8300000000000036,0,3.8300000000000036,0,TRUE,0,0
15899,0,3.9300000000000033,0,3.9300000000000033,0,TRUE,0,0
15900,0,3.9200000000000035,0,3.9200000000000035,0,TRUE,0,0
15901,0,3.850000000000003,0,3.850000000000003,0,TRUE,0,0
15902,0,4.0000000000000036,0,4.0000000000000036,0,TRUE,0,0
15903,0,3.9900000000000038,0,3.9900000000000038,0,TRUE,0,0
15904,0,3.9100000000000037,0,3.9100000000000037,0,TRUE,0,0
15905,0,3.9300000000000033,0,3.9300000000000033,0,TRUE,0,0
15906,0.7500000000000007,2.8200000000000025,0.1100000000000001,2.9300000000000024,0,TRUE,0.03754266211604096,0
15907,0,1.6900000000000015,0.37000000000000033,2.060000000000002,0,TRUE,0.1796116504854369,0
16177,0,1.4600000000000013,0.09000000000000008,1.5500000000000014,0,TRUE,0.05806451612903226,0
16180,0,3.1000000000000028,0,3.1000000000000028,0,TRUE,0,0
16181,0,3.620000000000003,0,3.620000000000003,0,TRUE,0,0
16183,0.2400000000000002,3.5500000000000034,0,3.5500000000000034,0,TRUE,0,0
16184,2.180000000000002,1.3600000000000012,0.19000000000000017,1.5500000000000014,0,TRUE,0.12258064516129032,0
16185,0.19000000000000017,2.990000000000003,0,2.990000000000003,0,TRUE,0,0
16191,0,3.0000000000000027,0,3.0000000000000027,0.8000000000000007,TRUE,0,0
16192,0,3.8200000000000034,0,3.8200000000000034,0,TRUE,0,0
16193,0,4.0000000000000036,0,4.0000000000000036,0,TRUE,0,0
16194,0,4.0000000000000036,0,4.0000000000000036,0,TRUE,0,0
16195,0,4.0000000000000036,0,4.0000000000000036,0,TRUE,0,0
16196,0,3.8700000000000037,0,3.8700000000000037,0,TRUE,0,0
16197,0,4.0000000000000036,0,4.0000000000000036,0,TRUE,0,0
16198,0,4.0000000000000036,0,4.0000000000000036,0,TRUE,0,0
16199,0,3.8600000000000034,0,3.8600000000000034,0,TRUE,0,0
16200,0,3.9600000000000035,0,3.9600000000000035,0,TRUE,0,0
16201,0.5200000000000005,2.300000000000002,0.6900000000000006,2.990000000000003,0,TRUE,0.23076923076923075,0
16202,0.10000000000000009,0.7700000000000007,0.2300000000000002,1.0000000000000009,0,TRUE,0.23,0
16472,0,0.8400000000000007,1.3000000000000012,2.140000000000002,0,TRUE,0.6074766355140186,1
16475,0,3.030000000000003,0,3.030000000000003,0,TRUE,0,0
16476,0,1.6300000000000014,0,1.6300000000000014,0,TRUE,0,0
16477,0,1.6400000000000015,0,1.6400000000000015,0,TRUE,0,0
16478,0.7600000000000007,2.6400000000000023,0.020000000000000018,2.6600000000000024,0,TRUE,0.007518796992481203,0
16479,1.030000000000001,1.220000000000001,0.30000000000000027,1.5200000000000014,0,TRUE,0.19736842105263158,0
16480,0,2.190000000000002,0.3600000000000003,2.5500000000000025,0,TRUE,0.1411764705882353,0
16486,0,2.9200000000000026,0,2.9200000000000026,0.7500000000000007,TRUE,0,0
16487,0,3.810000000000003,0,3.810000000000003,0,TRUE,0,0
16488,0,4.0000000000000036,0,4.0000000000000036,0,TRUE,0,0
16489,0,4.0000000000000036,0,4.0000000000000036,0,TRUE,0,0
16490,0,3.9900000000000038,0,3.9900000000000038,0,TRUE,0,0
16491,0.4400000000000004,3.320000000000003,0,3.320000000000003,0,TRUE,0,0
16492,0,3.9400000000000035,0,3.9400000000000035,0,TRUE,0,0
16493,0,3.9900000000000038,0,3.9900000000000038,0,TRUE,0,0
16494,0,3.9400000000000035,0,3.9400000000000035,0,TRUE,0,0
16495,0.6000000000000005,3.310000000000003,0,3.310000000000003,0,TRUE,0,0
16496,0.06000000000000005,2.200000000000002,1.030000000000001,3.230000000000003,0,TRUE,0.31888544891640863,0
16767,0,1.8000000000000016,0,1.8000000000000016,0,TRUE,0,0
16768,0,2.9400000000000026,0.3200000000000003,3.260000000000003,0,TRUE,0.09815950920245399,0
16769,0.8100000000000007,0.7500000000000007,0.9400000000000008,1.6900000000000015,0,TRUE,0.5562130177514792,1
16770,1.5100000000000013,2.300000000000002,0.040000000000000036,2.340000000000002,0,TRUE,0.017094017094017096,0
16771,0.8300000000000007,2.380000000000002,0,2.380000000000002,0,TRUE,0,0
16772,0,2.6200000000000023,0,2.6200000000000023,0,TRUE,0,0
16773,0.39000000000000035,2.8600000000000025,0.08000000000000007,2.9400000000000026,0,TRUE,0.027210884353741496,0
16774,1.9100000000000017,0.7700000000000007,0.9200000000000008,1.6900000000000015,0,TRUE,0.5443786982248521,1
16781,0,2.8400000000000025,0,2.8400000000000025,0.8800000000000008,TRUE,0,0
16782,0,1.6500000000000015,2.060000000000002,3.7100000000000035,0,TRUE,0.555256064690027,1
16783,0,3.7600000000000033,0,3.7600000000000033,0,TRUE,0,0
16784,0,3.7600000000000033,0,3.7600000000000033,0,TRUE,0,0
16785,0.06000000000000005,3.520000000000003,0,3.520000000000003,0,TRUE,0,0
16786,0.29000000000000026,3.620000000000003,0,3.620000000000003,0,TRUE,0,0
16787,0,3.9000000000000035,0,3.9000000000000035,0,TRUE,0,0
16788,0,3.8900000000000032,0,3.8900000000000032,0,TRUE,0,0
16789,0,3.8700000000000037,0,3.8700000000000037,0,TRUE,0,0
16790,1.7200000000000015,1.120000000000001,0.6800000000000006,1.8000000000000016,0,TRUE,0.37777777777777777,0
16791,0,0.29000000000000026,2.240000000000002,2.530000000000002,0,TRUE,0.8853754940711464,1
17063,0,2.440000000000002,0.3500000000000003,2.7900000000000027,0,TRUE,0.12544802867383512,0
17064,0.08000000000000007,3.6600000000000033,0,3.6600000000000033,0,TRUE,0,0
17065,0.3500000000000003,3.650000000000003,0,3.650000000000003,0,TRUE,0,0
17066,2.280000000000002,1.7000000000000015,0,1.7000000000000015,0,TRUE,0,0
17067,1.7300000000000015,2.2700000000000022,0,2.2700000000000022,0,TRUE,0,0
17068,0.19000000000000017,3.240000000000003,0.06000000000000005,3.300000000000003,0,TRUE,0.01818181818181818,0
17069,0.5600000000000005,3.070000000000003,0.2500000000000002,3.320000000000003,0,TRUE,0.07530120481927711,0
17076,0,2.8000000000000025,0,2.8000000000000025,1.190000000000001,TRUE,0,0
17077,0,2.3500000000000023,1.3900000000000012,3.7400000000000033,0,TRUE,0.3716577540106952,0
17078,0,4.0000000000000036,0,4.0000000000000036,0,TRUE,0,0
17079,0,3.8900000000000032,0,3.8900000000000032,0,TRUE,0,0
17080,0,3.8400000000000034,0,3.8400000000000034,0,TRUE,0,0
17081,0,3.9700000000000033,0,3.9700000000000033,0,TRUE,0,0
17082,0,3.9400000000000035,0,3.9400000000000035,0,TRUE,0,0
17083,0,3.9500000000000037,0,3.9500000000000037,0,TRUE,0,0
17084,0,3.5100000000000033,0.2400000000000002,3.7500000000000036,0,TRUE,0.064,0
17085,0.4300000000000004,2.020000000000002,1.190000000000001,3.2100000000000026,0,TRUE,0.37071651090342683,0
17358,0,1.6200000000000014,0,1.6200000000000014,0,TRUE,0,0
17359,0,3.7400000000000033,0,3.7400000000000033,0,TRUE,0,0
17360,0,3.8600000000000034,0,3.8600000000000034,0,TRUE,0,0
17361,0.1100000000000001,3.6700000000000035,0,3.6700000000000035,0,TRUE,0,0
17362,0.13000000000000012,3.6400000000000032,0,3.6400000000000032,0,TRUE,0,0
17363,0.2200000000000002,3.0600000000000027,0.1100000000000001,3.1700000000000026,0,TRUE,0.03470031545741325,0
17364,0,3.500000000000003,0,3.500000000000003,0,TRUE,0,0
17365,0.4200000000000004,0.9600000000000009,0.19000000000000017,1.150000000000001,0,TRUE,0.16521739130434782,0
17371,0.20000000000000018,2.6600000000000024,0,2.6600000000000024,0.7400000000000007,TRUE,0,0
17372,0,3.400000000000003,0.40000000000000036,3.8000000000000034,0,TRUE,0.10526315789473684,0
17373,0,3.7800000000000034,0,3.7800000000000034,0,TRUE,0,0
17374,0,3.730000000000003,0,3.730000000000003,0,TRUE,0,0
17375,0,3.8200000000000034,0,3.8200000000000034,0,TRUE,0,0
17376,0,3.8900000000000032,0,3.8900000000000032,0,TRUE,0,0
17377,0,3.9700000000000033,0,3.9700000000000033,0,TRUE,0,0
17378,0,3.7500000000000036,0,3.7500000000000036,0,TRUE,0,0
17379,0,3.500000000000003,0,3.500000000000003,0,TRUE,0,0
17380,0,0.7700000000000007,0.7000000000000006,1.4700000000000013,0,TRUE,0.47619047619047616,0
17654,0,2.8800000000000026,0,2.8800000000000026,0,TRUE,0,0
17655,0,3.2100000000000026,0,3.2100000000000026,0,TRUE,0,0
17656,0,3.7900000000000036,0,3.7900000000000036,0,TRUE,0,0
17657,0,4.0000000000000036,0,4.0000000000000036,0,TRUE,0,0
17658,0,3.6700000000000035,0.09000000000000008,3.7600000000000033,0,TRUE,0.023936170212765957,0
17659,0,3.7800000000000034,0,3.7800000000000034,0,TRUE,0,0
17660,0,2.6200000000000023,0.8500000000000008,3.4700000000000033,0,TRUE,0.24495677233429394,0
17661,2.0100000000000016,0.6600000000000006,0.5300000000000005,1.190000000000001,0.06000000000000005,TRUE,0.44537815126050423,0
17666,0.030000000000000027,2.6800000000000024,0,2.6800000000000024,1.180000000000001,TRUE,0,0
17667,0,3.9500000000000037,0,3.9500000000000037,0,TRUE,0,0
17668,0,3.9200000000000035,0,3.9200000000000035,0,TRUE,0,0
17669,0,3.9800000000000035,0,3.9800000000000035,0,TRUE,0,0
17670,0,3.8800000000000034,0,3.8800000000000034,0,TRUE,0,0
17671,0,3.7500000000000036,0,3.7500000000000036,0,TRUE,0,0
17672,0,2.2700000000000022,0.9900000000000009,3.260000000000003,0,TRUE,0.30368098159509205,0
17673,0.040000000000000036,3.4700000000000033,0.1100000000000001,3.580000000000003,0,TRUE,0.030726256983240222,0
17674,0,1.180000000000001,0,1.180000000000001,0,TRUE,0,0
17950,0,2.220000000000002,0,2.220000000000002,0,TRUE,0,0
17951,0,3.0500000000000025,0,3.0500000000000025,0,TRUE,0,0
17952,0,3.770000000000003,0,3.770000000000003,0,TRUE,0,0
17953,0,3.310000000000003,0.050000000000000044,3.360000000000003,0,TRUE,0.01488095238095238,0
17954,0,3.2900000000000027,0.2500000000000002,3.540000000000003,0,TRUE,0.07062146892655367,0
17955,0.010000000000000009,2.610000000000002,0.020000000000000018,2.6300000000000026,0,TRUE,0.007604562737642585,0
17956,2.0000000000000018,1.9700000000000017,0,1.9700000000000017,0,TRUE,0,0
17961,0,2.6000000000000023,0,2.6000000000000023,1.3900000000000012,TRUE,0,0
17962,0,4.0000000000000036,0,4.0000000000000036,0,TRUE,0,0
17963,0,3.770000000000003,0,3.770000000000003,0,TRUE,0,0
17964,0,3.9900000000000038,0,3.9900000000000038,0,TRUE,0,0
17965,0,3.9300000000000033,0,3.9300000000000033,0,TRUE,0,0
17966,0,2.3100000000000023,0.6800000000000006,2.990000000000003,0,TRUE,0.22742474916387959,0
17967,0,2.6800000000000024,1.010000000000001,3.690000000000003,0,TRUE,0.27371273712737126,0
17968,0,1.3400000000000012,0,1.3400000000000012,0,TRUE,0,0
18245,0,1.7700000000000016,0.020000000000000018,1.7900000000000016,0,TRUE,0.0111731843575419,0
18246,0,2.9200000000000026,0.9500000000000008,3.8700000000000037,0,TRUE,0.24547803617571057,0
18247,0,3.7200000000000033,0.07000000000000006,3.7900000000000036,0,TRUE,0.018469656992084433,0
18248,0,2.7100000000000026,0.030000000000000027,2.7400000000000024,0,TRUE,0.010948905109489052,0
18249,0,2.7700000000000022,0.27000000000000024,3.0400000000000027,0,TRUE,0.08881578947368421,0
18250,0,1.8200000000000016,0.29000000000000026,2.110000000000002,0,TRUE,0.13744075829383884,0
18256,0,2.6000000000000023,0,2.6000000000000023,1.4000000000000012,TRUE,0,0
18257,0,3.9800000000000035,0,3.9800000000000035,0,TRUE,0,0
18258,0,3.9800000000000035,0,3.9800000000000035,0,TRUE,0,0
18259,0,3.9600000000000035,0,3.9600000000000035,0,TRUE,0,0
18260,0,3.2100000000000026,0.6900000000000006,3.9000000000000035,0,TRUE,0.17692307692307693,0
18261,0,2.7400000000000024,1.0000000000000009,3.7400000000000033,0,TRUE,0.26737967914438504,0
18262,0,1.0000000000000009,0.4200000000000004,1.4200000000000013,0,TRUE,0.29577464788732394,0
18541,0,1.010000000000001,0,1.010000000000001,0,TRUE,0,0
18543,0,2.8900000000000023,0.07000000000000006,2.9600000000000026,0,TRUE,0.02364864864864865,0
18544,0,1.110000000000001,1.3000000000000012,2.410000000000002,0,TRUE,0.5394190871369295,1
18545,0,1.010000000000001,0,1.010000000000001,0,TRUE,0,0
18551,0,2.440000000000002,0,2.440000000000002,1.5600000000000014,TRUE,0,0
18552,0,3.8700000000000037,0,3.8700000000000037,0,TRUE,0,0
18553,0,4.0000000000000036,0,4.0000000000000036,0,TRUE,0,0
18554,0,2.8300000000000027,0.9100000000000008,3.7400000000000033,0,TRUE,0.24331550802139038,0
18555,0,2.1300000000000017,1.4800000000000013,3.610000000000003,0,TRUE,0.4099722991689751,0
18556,0,1.4000000000000012,0,1.4000000000000012,0,TRUE,0,0
18841,0,1.4600000000000013,0,1.4600000000000013,0,TRUE,0,0
18842,0,3.160000000000003,0,3.160000000000003,0,TRUE,0,0
18846,0,2.3900000000000023,0,2.3900000000000023,1.6000000000000014,TRUE,0,0
18847,0,3.8300000000000036,0,3.8300000000000036,0,TRUE,0,0
18848,0,3.7800000000000034,0.17000000000000015,3.9500000000000037,0,TRUE,0.043037974683544304,0
18849,0,1.150000000000001,1.9100000000000017,3.0600000000000027,0,TRUE,0.6241830065359477,1
18850,0,1.150000000000001,0.27000000000000024,1.4200000000000013,0,TRUE,0.19014084507042253,0
19135,0,3.110000000000003,0.06000000000000005,3.1700000000000026,0,TRUE,0.01892744479495268,0
19136,0,3.8400000000000034,0,3.8400000000000034,0,TRUE,0,0
19137,0,4.0000000000000036,0,4.0000000000000036,0,TRUE,0,0
19141,0.020000000000000018,3.2500000000000027,0,3.2500000000000027,0.4800000000000004,TRUE,0,0
19142,0,4.0000000000000036,0,4.0000000000000036,0,TRUE,0,0
19143,0.2400000000000002,1.4100000000000013,1.4300000000000013,2.8400000000000025,0,TRUE,0.5035211267605634,1
19144,0,3.0000000000000027,0,3.0000000000000027,0,TRUE,0,0
19429,0.050000000000000044,0.27000000000000024,1.100000000000001,1.3700000000000012,0,TRUE,0.8029197080291971,1
19430,0,2.020000000000002,0,2.020000000000002,0,TRUE,0,0
19431,0,2.9300000000000024,0,2.9300000000000024,0,TRUE,0,0
19432,0,4.0000000000000036,0,4.0000000000000036,0,TRUE,0,0
19433,1.060000000000001,1.8900000000000017,0,1.8900000000000017,0.5200000000000005,TRUE,0,0
19438,0.06000000000000005,1.030000000000001,0,1.030000000000001,0,TRUE,0,0
19439,0,1.4600000000000013,0,1.4600000000000013,0,TRUE,0,0
19725,0,1.4400000000000013,0,1.4400000000000013,0,TRUE,0,0
19726,0,3.490000000000003,0,3.490000000000003,0,TRUE,0,0
19727,0,4.0000000000000036,0,4.0000000000000036,0,TRUE,0,0
19728,0.7600000000000007,2.200000000000002,0,2.200000000000002,0.6900000000000006,TRUE,0,0
19732,0.5000000000000004,3.1200000000000028,0,3.1200000000000028,0.3100000000000003,TRUE,0,0
19733,0,3.7600000000000033,0,3.7600000000000033,0,TRUE,0,0
20020,0,1.3400000000000012,0.5600000000000005,1.9000000000000017,0,TRUE,0.29473684210526313,0
20021,0,2.7000000000000024,0.7800000000000007,3.480000000000003,0,TRUE,0.22413793103448276,0
20022,0,3.850000000000003,0,3.850000000000003,0,TRUE,0,0
20023,1.180000000000001,1.8700000000000017,0,1.8700000000000017,0.06000000000000005,TRUE,0,0
20027,0.5700000000000005,2.7800000000000025,0,2.7800000000000025,0.6300000000000006,TRUE,0,0
20028,0,3.620000000000003,0.050000000000000044,3.6700000000000035,0,TRUE,0.013623978201634877,0
20029,0,3.030000000000003,0,3.030000000000003,0,TRUE,0,0
20311,0,0,1.4900000000000013,1.4900000000000013,0,TRUE,1,1
20312,0,0,1.070000000000001,1.070000000000001,0,TRUE,1,1
20313,0,0.2400000000000002,1.4000000000000012,1.6400000000000015,0,TRUE,0.8536585365853658,1
20314,0,3.380000000000003,0,3.380000000000003,0,TRUE,0,0
20315,0,2.9600000000000026,0.16000000000000014,3.1200000000000028,0,TRUE,0.05128205128205128,0
20316,2.530000000000002,0.6300000000000006,0.5900000000000005,1.220000000000001,0,TRUE,0.48360655737704916,0
20317,0.5100000000000005,1.4400000000000013,0,1.4400000000000013,0,TRUE,0,0
20322,0.8400000000000007,2.7400000000000024,0,2.7400000000000024,0.30000000000000027,TRUE,0,0
20323,0,2.7900000000000027,0.5100000000000005,3.300000000000003,0,TRUE,0.15454545454545454,0
20324,0,4.0000000000000036,0,4.0000000000000036,0,TRUE,0,0
20325,0,1.4500000000000013,0,1.4500000000000013,0,TRUE,0,0
20604,0,0.14000000000000012,1.4400000000000013,1.5800000000000014,0,TRUE,0.9113924050632911,1
20605,0,0,1.5500000000000014,1.5500000000000014,0,TRUE,1,1
20606,0,0,3.0000000000000027,3.0000000000000027,0,TRUE,1,1
20607,0,0,2.9000000000000026,2.9000000000000026,0,TRUE,1,1
20608,0,1.080000000000001,2.190000000000002,3.270000000000003,0,TRUE,0.6697247706422018,1
20609,0,3.9200000000000035,0,3.9200000000000035,0,TRUE,0,0
20610,0,3.9400000000000035,0,3.9400000000000035,0,TRUE,0,0
20611,0.3300000000000003,3.6700000000000035,0,3.6700000000000035,0,TRUE,0,0
20612,0,3.140000000000003,0,3.140000000000003,0,TRUE,0,0
20613,1.8500000000000016,1.6400000000000015,0,1.6400000000000015,0,TRUE,0,0
20617,1.4500000000000013,2.100000000000002,0,2.100000000000002,0,TRUE,0,0
20618,0,2.5800000000000023,0.5600000000000005,3.140000000000003,0,TRUE,0.17834394904458598,0
20619,0,3.7100000000000035,0.2100000000000002,3.9200000000000035,0,TRUE,0.05357142857142857,0
20620,0,3.5900000000000034,0.030000000000000027,3.620000000000003,0,TRUE,0.008287292817679558,0
20899,0,0.010000000000000009,2.240000000000002,2.2500000000000018,0,TRUE,0.9955555555555556,1
20900,0,0,3.600000000000003,3.600000000000003,0,TRUE,1,1
20903,0,1.8600000000000017,1.7000000000000015,3.560000000000003,0,TRUE,0.47752808988764045,0
20904,0,4.0000000000000036,0,4.0000000000000036,0,TRUE,0,0
20905,0,3.810000000000003,0,3.810000000000003,0,TRUE,0,0
20906,0,3.360000000000003,0,3.360000000000003,0,TRUE,0,0
20907,0,3.8600000000000034,0,3.8600000000000034,0,TRUE,0,0
20908,1.6700000000000015,2.150000000000002,0,2.150000000000002,0,TRUE,0,0
20913,0,3.9400000000000035,0,3.9400000000000035,0,TRUE,0,0
20914,0,3.600000000000003,0.09000000000000008,3.690000000000003,0,TRUE,0.024390243902439025,0
20915,0,4.0000000000000036,0,4.0000000000000036,0,TRUE,0,0
20916,0,3.5500000000000034,0,3.5500000000000034,0,TRUE,0,0
20917,0,2.690000000000002,0,2.690000000000002,0,TRUE,0,0
20918,0,2.9200000000000026,0,2.9200000000000026,0,TRUE,0,0
20919,0,1.4000000000000012,0,1.4000000000000012,0,TRUE,0,0
20920,0,2.200000000000002,0,2.200000000000002,0,TRUE,0,0
20921,0,2.9000000000000026,0,2.9000000000000026,0,TRUE,0,0
20922,0,2.9000000000000026,0,2.9000000000000026,0,TRUE,0,0
21195,0,0,1.3300000000000012,1.3300000000000012,0,TRUE,1,1
21198,0,2.7500000000000027,0.7000000000000006,3.450000000000003,0,TRUE,0.2028985507246377,0
21199,0,3.260000000000003,0,3.260000000000003,0,TRUE,0,0
21200,0,2.8300000000000027,0,2.8300000000000027,0,TRUE,0,0
21201,0,3.9800000000000035,0,3.9800000000000035,0,TRUE,0,0
21202,0,3.7900000000000036,0,3.7900000000000036,0,TRUE,0,0
21203,2.190000000000002,1.5400000000000014,0,1.5400000000000014,0,TRUE,0,0
21208,0.6300000000000006,3.2900000000000027,0,3.2900000000000027,0,TRUE,0,0
21209,0,3.8700000000000037,0,3.8700000000000037,0,TRUE,0,0
21210,0,3.490000000000003,0,3.490000000000003,0,TRUE,0,0
21211,0,3.9900000000000038,0,3.9900000000000038,0,TRUE,0,0
21212,0,3.9900000000000038,0,3.9900000000000038,0,TRUE,0,0
21213,0,3.9100000000000037,0,3.9100000000000037,0,TRUE,0,0
21214,0,3.7500000000000036,0,3.7500000000000036,0,TRUE,0,0
21215,0,3.9400000000000035,0,3.9400000000000035,0,TRUE,0,0
21216,0,4.0000000000000036,0,4.0000000000000036,0,TRUE,0,0
21217,0,3.9100000000000037,0,3.9100000000000037,0,TRUE,0,0
21490,0,0,1.5100000000000013,1.5100000000000013,0,TRUE,1,1
21491,0,0,3.180000000000003,3.180000000000003,0,TRUE,1,1
21492,0,0.15000000000000013,2.4700000000000024,2.6200000000000023,0,TRUE,0.9427480916030535,1
21493,0,3.9000000000000035,0.020000000000000018,3.9200000000000035,0,TRUE,0.00510204081632653,0
21494,0,3.8300000000000036,0,3.8300000000000036,0,TRUE,0,0
21495,0,3.7600000000000033,0,3.7600000000000033,0,TRUE,0,0
21496,0,3.730000000000003,0,3.730000000000003,0,TRUE,0,0
21497,0,3.530000000000003,0,3.530000000000003,0,TRUE,0,0
21498,1.7800000000000016,1.6500000000000015,0,1.6500000000000015,0,TRUE,0,0
21503,1.6500000000000015,1.8300000000000016,0,1.8300000000000016,0,TRUE,0,0
21504,0,3.7200000000000033,0,3.7200000000000033,0,TRUE,0,0
21505,0,3.9800000000000035,0,3.9800000000000035,0,TRUE,0,0
21506,0,3.610000000000003,0,3.610000000000003,0,TRUE,0,0
21507,0,3.7000000000000033,0,3.7000000000000033,0,TRUE,0,0
21508,0,3.8900000000000032,0,3.8900000000000032,0,TRUE,0,0
21509,0,3.9200000000000035,0,3.9200000000000035,0,TRUE,0,0
21510,0,3.8600000000000034,0,3.8600000000000034,0,TRUE,0,0
21511,0,4.0000000000000036,0,4.0000000000000036,0,TRUE,0,0
21512,0,3.9000000000000035,0,3.9000000000000035,0,TRUE,0,0
21513,0,2.030000000000002,0,2.030000000000002,0,TRUE,0,0
21786,0,0,2.030000000000002,2.030000000000002,0,TRUE,1,1
21787,0,0.5100000000000005,2.440000000000002,2.950000000000003,0,TRUE,0.8271186440677966,1
21788,0,3.9400000000000035,0,3.9400000000000035,0,TRUE,0,0
21789,0,3.770000000000003,0,3.770000000000003,0,TRUE,0,0
21790,0,3.7500000000000036,0,3.7500000000000036,0,TRUE,0,0
21791,0,3.9800000000000035,0,3.9800000000000035,0,TRUE,0,0
21792,0,3.7400000000000033,0,3.7400000000000033,0,TRUE,0,0
21793,2.6400000000000023,1.020000000000001,0,1.020000000000001,0,TRUE,0,0
21798,1.7600000000000016,1.9800000000000018,0,1.9800000000000018,0,TRUE,0,0
21799,0,4.0000000000000036,0,4.0000000000000036,0,TRUE,0,0
21800,0,4.0000000000000036,0,4.0000000000000036,0,TRUE,0,0
21801,0,4.0000000000000036,0,4.0000000000000036,0,TRUE,0,0
21802,0,3.9200000000000035,0,3.9200000000000035,0,TRUE,0,0
21803,0,3.560000000000003,0,3.560000000000003,0,TRUE,0,0
21804,0,3.6800000000000033,0,3.6800000000000033,0,TRUE,0,0
21805,0,3.600000000000003,0,3.600000000000003,0,TRUE,0,0
21806,0,3.7100000000000035,0,3.7100000000000035,0,TRUE,0,0
21807,0,3.7100000000000035,0,3.7100000000000035,0,TRUE,0,0
21808,0,3.540000000000003,0,3.540000000000003,0,TRUE,0,0
21809,0,2.7900000000000027,0,2.7900000000000027,0,TRUE,0,0
21810,0,2.2700000000000022,0,2.2700000000000022,0,TRUE,0,0
21811,0,1.6000000000000014,0,1.6000000000000014,0,TRUE,0,0
22081,0,0,1.090000000000001,1.090000000000001,0,TRUE,1,1
22082,0,0.8300000000000007,1.5100000000000013,2.340000000000002,0,TRUE,0.6452991452991453,1
22083,0,3.690000000000003,0,3.690000000000003,0,TRUE,0,0
22084,0,3.8400000000000034,0.020000000000000018,3.8600000000000034,0,TRUE,0.0051813471502590676,0
22085,0,3.6300000000000034,0.050000000000000044,3.6800000000000033,0,TRUE,0.01358695652173913,0
22086,0,3.7100000000000035,0,3.7100000000000035,0,TRUE,0,0
22087,0,3.9300000000000033,0,3.9300000000000033,0,TRUE,0,0
22088,2.1300000000000017,1.5900000000000014,0,1.5900000000000014,0,TRUE,0,0
22094,0,3.9600000000000035,0,3.9600000000000035,0,TRUE,0,0
22095,0,4.0000000000000036,0,4.0000000000000036,0,TRUE,0,0
22096,0,3.9400000000000035,0,3.9400000000000035,0,TRUE,0,0
22097,0,3.8700000000000037,0,3.8700000000000037,0,TRUE,0,0
22098,0,3.8800000000000034,0,3.8800000000000034,0,TRUE,0,0
22099,0,4.0000000000000036,0,4.0000000000000036,0,TRUE,0,0
22100,0,4.0000000000000036,0,4.0000000000000036,0,TRUE,0,0
22101,0,4.0000000000000036,0,4.0000000000000036,0,TRUE,0,0
22102,0,4.0000000000000036,0,4.0000000000000036,0,TRUE,0,0
22103,0,4.0000000000000036,0,4.0000000000000036,0,TRUE,0,0
22104,0,4.0000000000000036,0,4.0000000000000036,0,TRUE,0,0
22105,0,3.9400000000000035,0,3.9400000000000035,0,TRUE,0,0
22106,0,4.0000000000000036,0,4.0000000000000036,0,TRUE,0,0
22107,0,4.0000000000000036,0,4.0000000000000036,0,TRUE,0,0
22108,0,4.0000000000000036,0,4.0000000000000036,0,TRUE,0,0
22109,0,3.3300000000000027,0,3.3300000000000027,0,TRUE,0,0
22110,0,2.9000000000000026,0,2.9000000000000026,0,TRUE,0,0
22111,0,2.300000000000002,0,2.300000000000002,0,TRUE,0,0
22112,0,1.6400000000000015,0,1.6400000000000015,0,TRUE,0,0
22377,0,0.7800000000000007,0.28000000000000025,1.060000000000001,0,TRUE,0.2641509433962264,0
22378,0,2.6000000000000023,0.14000000000000012,2.7400000000000024,0,TRUE,0.051094890510948905,0
22379,0,3.070000000000003,0.7100000000000006,3.7800000000000034,0,TRUE,0.18783068783068782,0
22380,0,3.140000000000003,0.7100000000000006,3.850000000000003,0,TRUE,0.18441558441558442,0
22381,0,3.0800000000000027,0.5800000000000005,3.6600000000000033,0,TRUE,0.15846994535519127,0
22382,0,3.9500000000000037,0,3.9500000000000037,0,TRUE,0,0
22383,1.8000000000000016,1.9800000000000018,0,1.9800000000000018,0,TRUE,0,0
22389,0.7300000000000006,2.8100000000000023,0,2.8100000000000023,0,TRUE,0,0
22390,0,3.7500000000000036,0,3.7500000000000036,0,TRUE,0,0
22391,0,3.9000000000000035,0,3.9000000000000035,0,TRUE,0,0
22392,0,4.0000000000000036,0,4.0000000000000036,0,TRUE,0,0
22393,0,4.0000000000000036,0,4.0000000000000036,0,TRUE,0,0
22394,0,4.0000000000000036,0,4.0000000000000036,0,TRUE,0,0
22395,0,4.0000000000000036,0,4.0000000000000036,0,TRUE,0,0
22396,0,4.0000000000000036,0,4.0000000000000036,0,TRUE,0,0
22397,0,3.9600000000000035,0,3.9600000000000035,0,TRUE,0,0
22398,0,3.8800000000000034,0,3.8800000000000034,0,TRUE,0,0
22399,0,3.8600000000000034,0,3.8600000000000034,0,TRUE,0,0
22400,0,3.9700000000000033,0,3.9700000000000033,0,TRUE,0,0
22401,0,3.9400000000000035,0,3.9400000000000035,0,TRUE,0,0
22402,0,3.7200000000000033,0,3.7200000000000033,0,TRUE,0,0
22403,0,3.7500000000000036,0,3.7500000000000036,0,TRUE,0,0
22404,0,3.8300000000000036,0,3.8300000000000036,0,TRUE,0,0
22405,0,3.610000000000003,0,3.610000000000003,0,TRUE,0,0
22406,1.4300000000000013,1.9300000000000017,0,1.9300000000000017,0,TRUE,0,0
22407,0,3.8300000000000036,0,3.8300000000000036,0,TRUE,0,0
22408,0,3.560000000000003,0.20000000000000018,3.7600000000000033,0,TRUE,0.05319148936170213,0
22672,0,2.950000000000003,0.6800000000000006,3.6300000000000034,0,TRUE,0.18732782369146003,0
22673,0,2.8000000000000025,0.9800000000000009,3.7800000000000034,0,TRUE,0.25925925925925924,0
22674,0,2.320000000000002,1.5100000000000013,3.8300000000000036,0,TRUE,0.3942558746736292,0
22675,0,4.0000000000000036,0,4.0000000000000036,0,TRUE,0,0
22676,0,3.8200000000000034,0,3.8200000000000034,0,TRUE,0,0
22677,0,4.0000000000000036,0,4.0000000000000036,0,TRUE,0,0
22678,2.260000000000002,1.5800000000000014,0,1.5800000000000014,0,TRUE,0,0
22684,2.0000000000000018,1.6000000000000014,0,1.6000000000000014,0,TRUE,0,0
22685,0,4.0000000000000036,0,4.0000000000000036,0,TRUE,0,0
22686,0,4.0000000000000036,0,4.0000000000000036,0,TRUE,0,0
22687,0,4.0000000000000036,0,4.0000000000000036,0,TRUE,0,0
22688,0,4.0000000000000036,0,4.0000000000000036,0,TRUE,0,0
22689,0,4.0000000000000036,0,4.0000000000000036,0,TRUE,0,0
22690,0,3.9700000000000033,0,3.9700000000000033,0,TRUE,0,0
22691,0,3.8900000000000032,0,3.8900000000000032,0,TRUE,0,0
22692,0,3.8900000000000032,0,3.8900000000000032,0,TRUE,0,0
22693,0,3.8600000000000034,0,3.8600000000000034,0,TRUE,0,0
22694,0,4.0000000000000036,0,4.0000000000000036,0,TRUE,0,0
22695,0,4.0000000000000036,0,4.0000000000000036,0,TRUE,0,0
22696,0,4.0000000000000036,0,4.0000000000000036,0,TRUE,0,0
22697,0,3.310000000000003,0,3.310000000000003,0,TRUE,0,0
22698,0,3.8700000000000037,0,3.8700000000000037,0,TRUE,0,0
22699,0,4.0000000000000036,0,4.0000000000000036,0,TRUE,0,0
22700,0,3.810000000000003,0,3.810000000000003,0,TRUE,0,0
22701,0.09000000000000008,3.8800000000000034,0,3.8800000000000034,0,TRUE,0,0
22702,0,3.9700000000000033,0,3.9700000000000033,0,TRUE,0,0
22703,0,3.9200000000000035,0,3.9200000000000035,0,TRUE,0,0
22704,0,1.3100000000000012,0,1.3100000000000012,0,TRUE,0,0
22966,0,0.4200000000000004,1.6800000000000015,2.100000000000002,0,TRUE,0.8,1
22967,0,3.6800000000000033,0.20000000000000018,3.8800000000000034,0,TRUE,0.05154639175257732,0
22968,0,3.9400000000000035,0,3.9400000000000035,0,TRUE,0,0
22969,0,3.8900000000000032,0,3.8900000000000032,0,TRUE,0,0
22970,0,4.0000000000000036,0,4.0000000000000036,0,TRUE,0,0
22971,0,3.9000000000000035,0,3.9000000000000035,0,TRUE,0,0
22972,0,4.0000000000000036,0,4.0000000000000036,0,TRUE,0,0
22973,2.040000000000002,1.8000000000000016,0,1.8000000000000016,0,TRUE,0,0
22979,1.4200000000000013,2.0500000000000016,0,2.0500000000000016,0,TRUE,0,0
22980,0,3.9400000000000035,0,3.9400000000000035,0,TRUE,0,0
22981,0,3.9400000000000035,0,3.9400000000000035,0,TRUE,0,0
22982,0,3.9300000000000033,0,3.9300000000000033,0,TRUE,0,0
22983,0,3.8400000000000034,0,3.8400000000000034,0,TRUE,0,0
22984,0,3.8400000000000034,0,3.8400000000000034,0,TRUE,0,0
22985,0,3.9200000000000035,0,3.9200000000000035,0,TRUE,0,0
22986,0,4.0000000000000036,0,4.0000000000000036,0,TRUE,0,0
22987,0,3.8700000000000037,0,3.8700000000000037,0,TRUE,0,0
22988,0,3.9200000000000035,0,3.9200000000000035,0,TRUE,0,0
22989,0,3.6300000000000034,0,3.6300000000000034,0,TRUE,0,0
22990,0,2.480000000000002,0,2.480000000000002,0,TRUE,0,0
22991,0,2.950000000000003,0,2.950000000000003,0,TRUE,0,0
22992,0,3.200000000000003,0,3.200000000000003,0,TRUE,0,0
22993,0,3.340000000000003,0,3.340000000000003,0,TRUE,0,0
22994,0,3.360000000000003,0,3.360000000000003,0,TRUE,0,0
22995,0,3.230000000000003,0,3.230000000000003,0,TRUE,0,0
22996,0,3.380000000000003,0,3.380000000000003,0,TRUE,0,0
22997,0,3.190000000000003,0,3.190000000000003,0,TRUE,0,0
22998,0,1.8800000000000017,0,1.8800000000000017,0,TRUE,0,0
23260,0,0,1.8500000000000016,1.8500000000000016,0,TRUE,1,1
23261,0,0.8600000000000008,2.300000000000002,3.160000000000003,0,TRUE,0.7278481012658228,1
23262,0,3.770000000000003,0.010000000000000009,3.7800000000000034,0,TRUE,0.0026455026455026454,0
23263,0,3.810000000000003,0,3.810000000000003,0,TRUE,0,0
23264,0,3.850000000000003,0,3.850000000000003,0,TRUE,0,0
23265,0,3.730000000000003,0,3.730000000000003,0,TRUE,0,0
23266,0,3.8400000000000034,0,3.8400000000000034,0,TRUE,0,0
23267,0,3.9800000000000035,0,3.9800000000000035,0,TRUE,0,0
23274,0.5700000000000005,3.0500000000000025,0,3.0500000000000025,0,TRUE,0,0
23275,0,4.0000000000000036,0,4.0000000000000036,0,TRUE,0,0
23276,0,3.8800000000000034,0,3.8800000000000034,0,TRUE,0,0
23277,0,3.8900000000000032,0,3.8900000000000032,0,TRUE,0,0
23278,0,3.9600000000000035,0,3.9600000000000035,0,TRUE,0,0
23279,0,3.9100000000000037,0,3.9100000000000037,0,TRUE,0,0
23280,0,3.9200000000000035,0,3.9200000000000035,0,TRUE,0,0
23281,0,3.9100000000000037,0,3.9100000000000037,0,TRUE,0,0
23282,0.6400000000000006,1.7000000000000015,0.9900000000000009,2.690000000000002,0,TRUE,0.3680297397769517,0
23554,0,0,1.040000000000001,1.040000000000001,0,TRUE,1,1
23555,0,0,2.500000000000002,2.500000000000002,0,TRUE,1,1
23556,0,0,3.450000000000003,3.450000000000003,0,TRUE,1,1
23557,0,2.080000000000002,1.5300000000000014,3.610000000000003,0,TRUE,0.42382271468144045,0
23558,0,3.9400000000000035,0,3.9400000000000035,0,TRUE,0,0
23559,0,4.0000000000000036,0,4.0000000000000036,0,TRUE,0,0
23560,0,3.9100000000000037,0,3.9100000000000037,0,TRUE,0,0
23561,0,3.7100000000000035,0,3.7100000000000035,0,TRUE,0,0
23562,1.0000000000000009,2.6700000000000026,0,2.6700000000000026,0,TRUE,0,0
23569,0.040000000000000036,3.7100000000000035,0,3.7100000000000035,0,TRUE,0,0
23570,0,3.230000000000003,0,3.230000000000003,0,TRUE,0,0
23571,0,3.8700000000000037,0,3.8700000000000037,0,TRUE,0,0
23572,0,3.8700000000000037,0,3.8700000000000037,0,TRUE,0,0
23573,0,3.8900000000000032,0,3.8900000000000032,0,TRUE,0,0
23574,0,3.7900000000000036,0,3.7900000000000036,0,TRUE,0,0
23575,0,3.7000000000000033,0,3.7000000000000033,0,TRUE,0,0
23576,0,3.8600000000000034,0,3.8600000000000034,0,TRUE,0,0
23850,0,0,2.7600000000000025,2.7600000000000025,0,TRUE,1,1
23851,0,0,3.4300000000000033,3.4300000000000033,0,TRUE,1,1
23852,0,0,3.7400000000000033,3.7400000000000033,0,TRUE,1,1
23853,0,1.060000000000001,2.6700000000000026,3.730000000000003,0,TRUE,0.7158176943699733,1
23854,0,3.2100000000000026,0.7200000000000006,3.9300000000000033,0,TRUE,0.183206106870229,0
23855,0,4.0000000000000036,0,4.0000000000000036,0,TRUE,0,0
23856,0,3.8700000000000037,0,3.8700000000000037,0,TRUE,0,0
23857,2.3900000000000023,1.160000000000001,0,1.160000000000001,0,TRUE,0,0
23864,0,3.230000000000003,0,3.230000000000003,0,TRUE,0,0
23865,0,3.770000000000003,0,3.770000000000003,0,TRUE,0,0
23866,0,4.0000000000000036,0,4.0000000000000036,0,TRUE,0,0
23867,0,4.0000000000000036,0,4.0000000000000036,0,TRUE,0,0
23868,0,3.9200000000000035,0,3.9200000000000035,0,TRUE,0,0
23869,0,3.7800000000000034,0,3.7800000000000034,0,TRUE,0,0
23870,0,3.9300000000000033,0,3.9300000000000033,0,TRUE,0,0
23871,0,3.770000000000003,0,3.770000000000003,0,TRUE,0,0
23872,0,1.7800000000000016,0,1.7800000000000016,0,TRUE,0,0
23873,0,3.320000000000003,0,3.320000000000003,0,TRUE,0,0
23874,0,3.9900000000000038,0,3.9900000000000038,0,TRUE,0,0
23875,0,4.0000000000000036,0,4.0000000000000036,0,TRUE,0,0
23876,0,3.850000000000003,0,3.850000000000003,0,TRUE,0,0
23877,0,3.6800000000000033,0,3.6800000000000033,0,TRUE,0,0
23878,0,3.480000000000003,0,3.480000000000003,0,TRUE,0,0
23879,0,3.360000000000003,0,3.360000000000003,0,TRUE,0,0
23880,0,0.9800000000000009,0.18000000000000016,1.160000000000001,0,TRUE,0.15517241379310345,0
24146,0,0,3.340000000000003,3.340000000000003,0,TRUE,1,1
24147,0,0,4.0000000000000036,4.0000000000000036,0,TRUE,1,1
24148,0,0.30000000000000027,3.6700000000000035,3.9700000000000033,0,TRUE,0.9244332493702772,1
24149,0,3.770000000000003,0.09000000000000008,3.8600000000000034,0,TRUE,0.023316062176165803,0
24150,0,4.0000000000000036,0,4.0000000000000036,0,TRUE,0,0
24151,0.28000000000000025,3.5900000000000034,0,3.5900000000000034,0,TRUE,0,0
24158,2.140000000000002,1.3000000000000012,0,1.3000000000000012,0,TRUE,0,0
24159,0,4.0000000000000036,0,4.0000000000000036,0,TRUE,0,0
24160,0,3.9700000000000033,0,3.9700000000000033,0,TRUE,0,0
24161,0,3.8900000000000032,0,3.8900000000000032,0,TRUE,0,0
24162,0,3.8400000000000034,0,3.8400000000000034,0,TRUE,0,0
24163,0,3.7400000000000033,0,3.7400000000000033,0,TRUE,0,0
24164,0,3.9500000000000037,0,3.9500000000000037,0,TRUE,0,0
24165,0,4.0000000000000036,0,4.0000000000000036,0,TRUE,0,0
24166,0,3.9100000000000037,0,3.9100000000000037,0,TRUE,0,0
24167,0,2.490000000000002,0,2.490000000000002,0,TRUE,0,0
24168,0,2.490000000000002,0,2.490000000000002,0,TRUE,0,0
24169,0,2.6700000000000026,0,2.6700000000000026,0,TRUE,0,0
24170,0,3.110000000000003,0,3.110000000000003,0,TRUE,0,0
24171,0,3.490000000000003,0,3.490000000000003,0,TRUE,0,0
24172,0,3.9000000000000035,0,3.9000000000000035,0,TRUE,0,0
24173,0,3.410000000000003,0,3.410000000000003,0,TRUE,0,0
24174,0,3.8700000000000037,0,3.8700000000000037,0,TRUE,0,0
24175,0,3.2100000000000026,0.040000000000000036,3.2500000000000027,0,TRUE,0.012307692307692308,0
24176,0,1.020000000000001,0,1.020000000000001,0,TRUE,0,0
24441,0,0,2.2100000000000017,2.2100000000000017,0,TRUE,1,1
24442,0,0,3.7800000000000034,3.7800000000000034,0,TRUE,1,1
24443,0,1.5400000000000014,2.240000000000002,3.7800000000000034,0,TRUE,0.5925925925925926,1
24444,0,3.9800000000000035,0,3.9800000000000035,0,TRUE,0,0
24445,0,3.8200000000000034,0,3.8200000000000034,0,TRUE,0,0
24446,1.5100000000000013,2.320000000000002,0,2.320000000000002,0,TRUE,0,0
24453,1.4900000000000013,2.3100000000000023,0,2.3100000000000023,0,TRUE,0,0
24454,0,4.0000000000000036,0,4.0000000000000036,0,TRUE,0,0
24455,0,3.9000000000000035,0,3.9000000000000035,0,TRUE,0,0
24456,0,3.620000000000003,0,3.620000000000003,0,TRUE,0,0
24457,0,3.7600000000000033,0,3.7600000000000033,0,TRUE,0,0
24458,0,3.9800000000000035,0,3.9800000000000035,0,TRUE,0,0
24459,0,4.0000000000000036,0,4.0000000000000036,0,TRUE,0,0
24460,0,4.0000000000000036,0,4.0000000000000036,0,TRUE,0,0
24461,0,3.6800000000000033,0,3.6800000000000033,0,TRUE,0,0
24462,0,3.7200000000000033,0,3.7200000000000033,0,TRUE,0,0
24463,0,4.0000000000000036,0,4.0000000000000036,0,TRUE,0,0
24464,0,4.0000000000000036,0,4.0000000000000036,0,TRUE,0,0
24465,0,4.0000000000000036,0,4.0000000000000036,0,TRUE,0,0
24466,0,3.2500000000000027,0,3.2500000000000027,0,TRUE,0,0
24467,0,4.0000000000000036,0,4.0000000000000036,0,TRUE,0,0
24468,0,3.600000000000003,0,3.600000000000003,0,TRUE,0,0
24469,0,3.8900000000000032,0,3.8900000000000032,0,TRUE,0,0
24470,0,4.0000000000000036,0,4.0000000000000036,0,TRUE,0,0
24471,0,3.7200000000000033,0,3.7200000000000033,0,TRUE,0,0
24700,0,1.030000000000001,0,1.030000000000001,0,TRUE,0,0
24701,0,1.3200000000000012,0,1.3200000000000012,0,TRUE,0,0
24702,0,1.220000000000001,0,1.220000000000001,0,TRUE,0,0
24736,0,0,2.480000000000002,2.480000000000002,0,TRUE,1,1
24737,0,0,4.0000000000000036,4.0000000000000036,0,TRUE,1,1
24738,0,1.8400000000000016,2.160000000000002,4.0000000000000036,0,TRUE,0.54,1
24739,0,4.0000000000000036,0,4.0000000000000036,0,TRUE,0,0
24740,0.030000000000000027,3.850000000000003,0,3.850000000000003,0,TRUE,0,0
24748,0.3400000000000003,3.500000000000003,0,3.500000000000003,0,TRUE,0,0
24749,0,4.0000000000000036,0,4.0000000000000036,0,TRUE,0,0
24750,0,4.0000000000000036,0,4.0000000000000036,0,TRUE,0,0
24751,0,3.520000000000003,0,3.520000000000003,0,TRUE,0,0
24752,0,3.9500000000000037,0,3.9500000000000037,0,TRUE,0,0
24753,0,4.0000000000000036,0,4.0000000000000036,0,TRUE,0,0
24754,0,4.0000000000000036,0,4.0000000000000036,0,TRUE,0,0
24755,0,3.7800000000000034,0,3.7800000000000034,0,TRUE,0,0
24756,0,3.8800000000000034,0,3.8800000000000034,0,TRUE,0,0
24757,0,3.7400000000000033,0,3.7400000000000033,0,TRUE,0,0
24758,0,4.0000000000000036,0,4.0000000000000036,0,TRUE,0,0
24759,0,4.0000000000000036,0,4.0000000000000036,0,TRUE,0,0
24760,0,4.0000000000000036,0,4.0000000000000036,0,TRUE,0,0
24761,0,3.580000000000003,0,3.580000000000003,0,TRUE,0,0
24762,0,3.600000000000003,0,3.600000000000003,0,TRUE,0,0
24763,0,3.7000000000000033,0,3.7000000000000033,0,TRUE,0,0
24764,0,4.0000000000000036,0,4.0000000000000036,0,TRUE,0,0
24765,0,3.9500000000000037,0,3.9500000000000037,0,TRUE,0,0
24766,0,3.8900000000000032,0,3.8900000000000032,0,TRUE,0,0
24767,0,3.9000000000000035,0,3.9000000000000035,0,TRUE,0,0
24768,0,1.7900000000000016,0,1.7900000000000016,0,TRUE,0,0
24992,0,0,1.8200000000000016,1.8200000000000016,0,TRUE,1,1
24993,1.210000000000001,0.3400000000000003,2.3500000000000023,2.690000000000002,0,TRUE,0.8736059479553905,1
24994,0.5600000000000005,3.440000000000003,0,3.440000000000003,0,TRUE,0,0
24995,0,3.9700000000000033,0,3.9700000000000033,0,TRUE,0,0
24996,0,4.0000000000000036,0,4.0000000000000036,0,TRUE,0,0
24997,0,2.290000000000002,0,2.290000000000002,0,TRUE,0,0
25022,0,0.5100000000000005,0.6600000000000006,1.170000000000001,0,TRUE,0.5641025641025641,1
25031,0,0,2.8600000000000025,2.8600000000000025,0,TRUE,1,1
25032,0,0,4.0000000000000036,4.0000000000000036,0,TRUE,1,1
25033,0,1.7400000000000015,1.9500000000000017,3.690000000000003,0,TRUE,0.5284552845528455,1
25034,0,3.9200000000000035,0,3.9200000000000035,0,TRUE,0,0
25035,1.2900000000000011,2.4300000000000024,0,2.4300000000000024,0,TRUE,0,0
25042,2.460000000000002,1.230000000000001,0,1.230000000000001,0,TRUE,0,0
25043,0,4.0000000000000036,0,4.0000000000000036,0,TRUE,0,0
25044,0,3.9200000000000035,0,3.9200000000000035,0,TRUE,0,0
25045,0,3.9000000000000035,0,3.9000000000000035,0,TRUE,0,0
25046,0,3.600000000000003,0,3.600000000000003,0,TRUE,0,0
25047,0,3.7800000000000034,0,3.7800000000000034,0,TRUE,0,0
25048,0,4.0000000000000036,0,4.0000000000000036,0,TRUE,0,0
25049,0,3.9300000000000033,0,3.9300000000000033,0,TRUE,0,0
25050,0,3.7900000000000036,0,3.7900000000000036,0,TRUE,0,0
25051,0,3.9100000000000037,0,3.9100000000000037,0,TRUE,0,0
25052,0,3.8000000000000034,0,3.8000000000000034,0,TRUE,0,0
25053,0,4.0000000000000036,0,4.0000000000000036,0,TRUE,0,0
25054,0,4.0000000000000036,0,4.0000000000000036,0,TRUE,0,0
25055,0,4.0000000000000036,0,4.0000000000000036,0,TRUE,0,0
25056,0,3.7800000000000034,0,3.7800000000000034,0,TRUE,0,0
25057,0,2.9600000000000026,0,2.9600000000000026,0,TRUE,0,0
25058,0,2.7900000000000027,0,2.7900000000000027,0,TRUE,0,0
25059,0,4.0000000000000036,0,4.0000000000000036,0,TRUE,0,0
25060,0,3.480000000000003,0,3.480000000000003,0,TRUE,0,0
25061,0,3.850000000000003,0,3.850000000000003,0,TRUE,0,0
25062,0,3.9300000000000033,0,3.9300000000000033,0,TRUE,0,0
25063,0,3.580000000000003,0,3.580000000000003,0,TRUE,0,0
25069,0,1.9900000000000018,0,1.9900000000000018,0,TRUE,0,0
25287,0,0,1.8100000000000016,1.8100000000000016,0,TRUE,1,1
25288,0.010000000000000009,0.020000000000000018,3.9300000000000033,3.9500000000000037,0,TRUE,0.9949367088607594,1
25289,0.4300000000000004,3.150000000000003,0.13000000000000012,3.280000000000003,0,TRUE,0.039634146341463415,0
25290,0,3.9600000000000035,0,3.9600000000000035,0,TRUE,0,0
25291,0,3.9800000000000035,0,3.9800000000000035,0,TRUE,0,0
25313,0.20000000000000018,0.8500000000000008,0.3400000000000003,1.190000000000001,0,TRUE,0.2857142857142857,0
25318,0,1.6400000000000015,0.7900000000000007,2.4300000000000024,0,TRUE,0.3251028806584362,0
25319,0,0.9100000000000008,1.3500000000000012,2.260000000000002,0,TRUE,0.5973451327433629,1
25321,0,0.41000000000000036,0.8100000000000007,1.220000000000001,0,TRUE,0.6639344262295082,1
25322,0,0.020000000000000018,1.180000000000001,1.200000000000001,0,TRUE,0.9833333333333333,1
25323,0,0,1.120000000000001,1.120000000000001,0,TRUE,1,1
25325,0,1.3000000000000012,1.2700000000000011,2.570000000000002,0,TRUE,0.49416342412451364,0
25326,0,1.3300000000000012,2.440000000000002,3.770000000000003,0,TRUE,0.6472148541114059,1
25327,0,0,3.530000000000003,3.530000000000003,0,TRUE,1,1
25328,0,1.6200000000000014,1.5100000000000013,3.1300000000000026,0,TRUE,0.4824281150159745,0
25329,0,4.0000000000000036,0,4.0000000000000036,0,TRUE,0,0
25330,1.6300000000000014,2.140000000000002,0,2.140000000000002,0,TRUE,0,0
25337,0.15000000000000013,3.540000000000003,0,3.540000000000003,0,TRUE,0,0
25338,0,3.8400000000000034,0,3.8400000000000034,0,TRUE,0,0
25339,0,3.9800000000000035,0,3.9800000000000035,0,TRUE,0,0
25340,0,4.0000000000000036,0,4.0000000000000036,0,TRUE,0,0
25341,0,4.0000000000000036,0,4.0000000000000036,0,TRUE,0,0
25342,0,3.7200000000000033,0,3.7200000000000033,0,TRUE,0,0
25343,0,3.610000000000003,0,3.610000000000003,0,TRUE,0,0
25344,0,3.380000000000003,0,3.380000000000003,0,TRUE,0,0
25345,0,3.9100000000000037,0,3.9100000000000037,0,TRUE,0,0
25346,0,3.9900000000000038,0,3.9900000000000038,0,TRUE,0,0
25347,0,3.8000000000000034,0,3.8000000000000034,0,TRUE,0,0
25348,0,4.0000000000000036,0,4.0000000000000036,0,TRUE,0,0
25349,0,3.8900000000000032,0,3.8900000000000032,0,TRUE,0,0
25350,0,3.320000000000003,0,3.320000000000003,0,TRUE,0,0
25351,0,3.7900000000000036,0,3.7900000000000036,0,TRUE,0,0
25352,0,3.9300000000000033,0,3.9300000000000033,0,TRUE,0,0
25353,0,2.7800000000000025,0,2.7800000000000025,0,TRUE,0,0
25354,0,3.2500000000000027,0,3.2500000000000027,0,TRUE,0,0
25355,0,2.9400000000000026,0,2.9400000000000026,0,TRUE,0,0
25356,0,3.180000000000003,0,3.180000000000003,0,TRUE,0,0
25357,0,3.9600000000000035,0,3.9600000000000035,0,TRUE,0,0
25358,0,3.8600000000000034,0,3.8600000000000034,0,TRUE,0,0
25359,0,2.440000000000002,0,2.440000000000002,0,TRUE,0,0
25360,0,2.260000000000002,0,2.260000000000002,0,TRUE,0,0
25363,0,1.7700000000000016,0,1.7700000000000016,0,TRUE,0,0
25364,0,3.9400000000000035,0,3.9400000000000035,0,TRUE,0,0
25365,0,1.8700000000000017,0,1.8700000000000017,0,TRUE,0,0
25583,0,1.4700000000000013,2.5100000000000025,3.9800000000000035,0,TRUE,0.6306532663316583,1
25584,0,3.7900000000000036,0,3.7900000000000036,0,TRUE,0,0
25603,0,1.4600000000000013,0,1.4600000000000013,0,TRUE,0,0
25604,0.6700000000000006,1.3000000000000012,0.06000000000000005,1.3600000000000012,0,TRUE,0.04411764705882353,0
25606,0,2.2700000000000022,0,2.2700000000000022,0,TRUE,0,0
25607,0,1.150000000000001,0.06000000000000005,1.210000000000001,0,TRUE,0.049586776859504134,0
25611,0,2.9600000000000026,0,2.9600000000000026,0,TRUE,0,0
25612,0,3.8200000000000034,0,3.8200000000000034,0,TRUE,0,0
25613,0,3.360000000000003,0,3.360000000000003,0,TRUE,0,0
25614,0,3.770000000000003,0,3.770000000000003,0,TRUE,0,0
25615,0,3.440000000000003,0,3.440000000000003,0,TRUE,0,0
25616,0,3.340000000000003,0,3.340000000000003,0,TRUE,0,0
25617,0,2.7900000000000027,0,2.7900000000000027,0,TRUE,0,0
25618,0,2.950000000000003,0.2400000000000002,3.190000000000003,0,TRUE,0.07523510971786833,0
25619,0,2.8000000000000025,0.3100000000000003,3.110000000000003,0,TRUE,0.09967845659163986,0
25620,0,3.500000000000003,0,3.500000000000003,0,TRUE,0,0
25621,0,3.400000000000003,0.14000000000000012,3.540000000000003,0,TRUE,0.03954802259887006,0
25622,0,1.8800000000000017,0.6900000000000006,2.570000000000002,0,TRUE,0.2684824902723736,0
25623,0,2.730000000000002,0,2.730000000000002,0,TRUE,0,0
25624,0,3.0800000000000027,0,3.0800000000000027,0,TRUE,0,0
25625,1.9100000000000017,1.4600000000000013,0,1.4600000000000013,0,TRUE,0,0
25632,0,3.620000000000003,0,3.620000000000003,0.15000000000000013,TRUE,0,0
25633,0,4.0000000000000036,0,4.0000000000000036,0,TRUE,0,0
25634,0,4.0000000000000036,0,4.0000000000000036,0,TRUE,0,0
25635,0,4.0000000000000036,0,4.0000000000000036,0,TRUE,0,0
25636,0,4.0000000000000036,0,4.0000000000000036,0,TRUE,0,0
25637,0,3.9000000000000035,0,3.9000000000000035,0,TRUE,0,0
25638,0,3.7400000000000033,0,3.7400000000000033,0,TRUE,0,0
25639,0,3.3900000000000032,0,3.3900000000000032,0,TRUE,0,0
25640,0,3.400000000000003,0,3.400000000000003,0,TRUE,0,0
25641,0,3.540000000000003,0,3.540000000000003,0,TRUE,0,0
25642,0,3.6400000000000032,0,3.6400000000000032,0,TRUE,0,0
25643,0,3.730000000000003,0,3.730000000000003,0,TRUE,0,0
25644,0,3.810000000000003,0.06000000000000005,3.8700000000000037,0,TRUE,0.015503875968992248,0
25645,0,2.7600000000000025,1.220000000000001,3.9800000000000035,0,TRUE,0.3065326633165829,0
25646,0,3.7400000000000033,0.07000000000000006,3.810000000000003,0,TRUE,0.01837270341207349,0
25647,0,3.9800000000000035,0,3.9800000000000035,0,TRUE,0,0
25648,0,2.5500000000000025,0,2.5500000000000025,0,TRUE,0,0
25649,0,2.5200000000000022,0,2.5200000000000022,0,TRUE,0,0
25650,0,3.9700000000000033,0,3.9700000000000033,0,TRUE,0,0
25651,0,3.8800000000000034,0,3.8800000000000034,0,TRUE,0,0
25652,0,3.7500000000000036,0,3.7500000000000036,0,TRUE,0,0
25653,0,3.350000000000003,0.1200000000000001,3.4700000000000033,0,TRUE,0.034582132564841495,0
25654,0,3.450000000000003,0,3.450000000000003,0,TRUE,0,0
25655,0,2.5100000000000025,0,2.5100000000000025,0,TRUE,0,0
25657,0,1.7500000000000016,0,1.7500000000000016,0,TRUE,0,0
25658,0,3.600000000000003,0,3.600000000000003,0,TRUE,0,0
25659,0,2.7900000000000027,0,2.7900000000000027,0,TRUE,0,0
25660,0,3.240000000000003,0,3.240000000000003,0,TRUE,0,0
25877,0,1.6100000000000014,0.020000000000000018,1.6300000000000014,0,TRUE,0.012269938650306749,0
25878,0,4.0000000000000036,0,4.0000000000000036,0,TRUE,0,0
25879,0,3.0400000000000027,0,3.0400000000000027,0,TRUE,0,0
25899,0.27000000000000024,1.3900000000000012,0.07000000000000006,1.4600000000000013,0,TRUE,0.04794520547945205,0
25900,0,1.8900000000000017,0.4600000000000004,2.3500000000000023,0,TRUE,0.1957446808510638,0
25901,0,1.7700000000000016,0,1.7700000000000016,0,TRUE,0,0
25902,0,3.530000000000003,0,3.530000000000003,0,TRUE,0,0
25903,0,3.070000000000003,0.3100000000000003,3.380000000000003,0,TRUE,0.09171597633136094,0
25904,0,3.450000000000003,0,3.450000000000003,0,TRUE,0,0
25905,0,3.9100000000000037,0,3.9100000000000037,0,TRUE,0,0
25906,0,3.690000000000003,0,3.690000000000003,0,TRUE,0,0
25907,0,3.7400000000000033,0,3.7400000000000033,0,TRUE,0,0
25908,0,3.9000000000000035,0,3.9000000000000035,0,TRUE,0,0
25909,0,3.9200000000000035,0,3.9200000000000035,0,TRUE,0,0
25910,0,3.8700000000000037,0,3.8700000000000037,0,TRUE,0,0
25911,0,3.9000000000000035,0,3.9000000000000035,0,TRUE,0,0
25912,0,3.9600000000000035,0,3.9600000000000035,0,TRUE,0,0
25913,0,3.9900000000000038,0,3.9900000000000038,0,TRUE,0,0
25914,0,3.9700000000000033,0,3.9700000000000033,0,TRUE,0,0
25915,0,3.8800000000000034,0,3.8800000000000034,0,TRUE,0,0
25916,0,3.8700000000000037,0,3.8700000000000037,0,TRUE,0,0
25917,0,3.9700000000000033,0,3.9700000000000033,0,TRUE,0,0
25918,0,3.9400000000000035,0,3.9400000000000035,0,TRUE,0,0
25919,0,4.0000000000000036,0,4.0000000000000036,0,TRUE,0,0
25920,1.090000000000001,2.7200000000000024,0,2.7200000000000024,0,TRUE,0,0
25927,1.140000000000001,2.060000000000002,0,2.060000000000002,0.18000000000000016,TRUE,0,0
25928,0,4.0000000000000036,0,4.0000000000000036,0,TRUE,0,0
25929,0,4.0000000000000036,0,4.0000000000000036,0,TRUE,0,0
25930,0,4.0000000000000036,0,4.0000000000000036,0,TRUE,0,0
25931,0,3.9200000000000035,0,3.9200000000000035,0,TRUE,0,0
25932,0,3.730000000000003,0,3.730000000000003,0,TRUE,0,0
25933,0,3.8200000000000034,0,3.8200000000000034,0,TRUE,0,0
25934,0,3.8700000000000037,0,3.8700000000000037,0,TRUE,0,0
25935,0,3.8700000000000037,0,3.8700000000000037,0,TRUE,0,0
25936,0,3.6300000000000034,0,3.6300000000000034,0,TRUE,0,0
25937,0,3.9500000000000037,0,3.9500000000000037,0,TRUE,0,0
25938,0,3.9300000000000033,0,3.9300000000000033,0,TRUE,0,0
25939,0,3.490000000000003,0.030000000000000027,3.520000000000003,0,TRUE,0.008522727272727272,0
25940,0,1.7800000000000016,0.9600000000000009,2.7400000000000024,0,TRUE,0.35036496350364965,0
25941,0,3.9100000000000037,0,3.9100000000000037,0,TRUE,0,0
25942,0,3.850000000000003,0,3.850000000000003,0,TRUE,0,0
25943,0,4.0000000000000036,0,4.0000000000000036,0,TRUE,0,0
25944,0,3.9600000000000035,0,3.9600000000000035,0,TRUE,0,0
25945,0,3.9600000000000035,0,3.9600000000000035,0,TRUE,0,0
25946,0,2.340000000000002,1.5300000000000014,3.8700000000000037,0,TRUE,0.3953488372093023,0
25947,0,3.9100000000000037,0,3.9100000000000037,0,TRUE,0,0
25948,0,1.3200000000000012,0.4200000000000004,1.7400000000000015,0,TRUE,0.2413793103448276,0
25949,0,2.450000000000002,0,2.450000000000002,0,TRUE,0,0
25950,0,3.580000000000003,0,3.580000000000003,0,TRUE,0,0
25951,0,1.6400000000000015,0,1.6400000000000015,0,TRUE,0,0
25952,0,3.6700000000000035,0,3.6700000000000035,0,TRUE,0,0
25953,0,3.520000000000003,0,3.520000000000003,0,TRUE,0,0
25954,0,2.6400000000000023,0,2.6400000000000023,0,TRUE,0,0
25955,0,3.9300000000000033,0,3.9300000000000033,0,TRUE,0,0
25956,0,2.6200000000000023,0,2.6200000000000023,0,TRUE,0,0
26172,0,3.200000000000003,0.1100000000000001,3.310000000000003,0,TRUE,0.03323262839879154,0
26173,0,3.440000000000003,0,3.440000000000003,0,TRUE,0,0
26175,0,1.9200000000000017,0,1.9200000000000017,0,TRUE,0,0
26193,0,2.7500000000000027,0,2.7500000000000027,0,TRUE,0,0
26194,0,2.8300000000000027,0,2.8300000000000027,0,TRUE,0,0
26195,0,3.850000000000003,0,3.850000000000003,0,TRUE,0,0
26196,0,2.3500000000000023,0,2.3500000000000023,0,TRUE,0,0
26197,0,3.9000000000000035,0,3.9000000000000035,0,TRUE,0,0
26198,0,3.420000000000003,0,3.420000000000003,0,TRUE,0,0
26199,0,3.7100000000000035,0,3.7100000000000035,0,TRUE,0,0
26200,0,3.9000000000000035,0,3.9000000000000035,0,TRUE,0,0
26201,0,4.0000000000000036,0,4.0000000000000036,0,TRUE,0,0
26202,0,3.9500000000000037,0,3.9500000000000037,0,TRUE,0,0
26203,0,3.9700000000000033,0,3.9700000000000033,0,TRUE,0,0
26204,0,4.0000000000000036,0,4.0000000000000036,0,TRUE,0,0
26205,0,4.0000000000000036,0,4.0000000000000036,0,TRUE,0,0
26206,0,3.9100000000000037,0,3.9100000000000037,0,TRUE,0,0
26207,0,3.8400000000000034,0,3.8400000000000034,0,TRUE,0,0
26208,0,3.9200000000000035,0,3.9200000000000035,0,TRUE,0,0
26209,0,3.9000000000000035,0,3.9000000000000035,0,TRUE,0,0
26210,0,3.8400000000000034,0,3.8400000000000034,0,TRUE,0,0
26211,0,3.9700000000000033,0,3.9700000000000033,0,TRUE,0,0
26212,0.19000000000000017,3.540000000000003,0,3.540000000000003,0,TRUE,0,0
26213,0.06000000000000005,3.610000000000003,0,3.610000000000003,0,TRUE,0,0
26214,0,3.9200000000000035,0,3.9200000000000035,0,TRUE,0,0
26215,1.7200000000000015,1.8200000000000016,0,1.8200000000000016,0,TRUE,0,0
26223,1.4300000000000013,2.340000000000002,0,2.340000000000002,0,TRUE,0,0
26224,0,4.0000000000000036,0,4.0000000000000036,0,TRUE,0,0
26225,0,3.9600000000000035,0,3.9600000000000035,0,TRUE,0,0
26226,0,3.8300000000000036,0,3.8300000000000036,0,TRUE,0,0
26227,0,3.7500000000000036,0,3.7500000000000036,0,TRUE,0,0
26228,0,3.7500000000000036,0,3.7500000000000036,0,TRUE,0,0
26229,0,4.0000000000000036,0,4.0000000000000036,0,TRUE,0,0
26230,0,3.9600000000000035,0,3.9600000000000035,0,TRUE,0,0
26231,0,3.770000000000003,0,3.770000000000003,0,TRUE,0,0
26232,0,3.8600000000000034,0,3.8600000000000034,0,TRUE,0,0
26233,0,4.0000000000000036,0,4.0000000000000036,0,TRUE,0,0
26234,0,3.8000000000000034,0,3.8000000000000034,0,TRUE,0,0
26235,0,3.850000000000003,0,3.850000000000003,0,TRUE,0,0
26236,0,3.230000000000003,0,3.230000000000003,0,TRUE,0,0
26237,0,3.360000000000003,0,3.360000000000003,0,TRUE,0,0
26238,0,3.6400000000000032,0,3.6400000000000032,0,TRUE,0,0
26239,0,2.9600000000000026,0,2.9600000000000026,0,TRUE,0,0
26240,0,2.300000000000002,1.2600000000000011,3.560000000000003,0,TRUE,0.3539325842696629,0
26241,0,1.5800000000000014,1.7200000000000015,3.300000000000003,0,TRUE,0.5212121212121212,1
26242,0,4.0000000000000036,0,4.0000000000000036,0,TRUE,0,0
26243,0,1.4000000000000012,0,1.4000000000000012,0,TRUE,0,0
26245,0,2.2500000000000018,0,2.2500000000000018,0,TRUE,0,0
26246,0,3.650000000000003,0,3.650000000000003,0,TRUE,0,0
26247,0,3.460000000000003,0,3.460000000000003,0,TRUE,0,0
26248,0,3.280000000000003,0,3.280000000000003,0,TRUE,0,0
26249,0,2.9400000000000026,0,2.9400000000000026,0,TRUE,0,0
26250,0,2.420000000000002,0,2.420000000000002,0,TRUE,0,0
26251,0,3.260000000000003,0,3.260000000000003,0,TRUE,0,0
26466,0,1.2900000000000011,0,1.2900000000000011,0,TRUE,0,0
26467,0,1.8200000000000016,0,1.8200000000000016,0,TRUE,0,0
26484,0,1.030000000000001,0,1.030000000000001,0,TRUE,0,0
26485,0,2.280000000000002,0,2.280000000000002,0,TRUE,0,0
26486,0.4200000000000004,1.6500000000000015,0,1.6500000000000015,0,TRUE,0,0
26487,0.4700000000000004,2.5100000000000025,0,2.5100000000000025,0,TRUE,0,0
26488,0,3.6400000000000032,0,3.6400000000000032,0,TRUE,0,0
26489,0,3.8700000000000037,0,3.8700000000000037,0,TRUE,0,0
26490,0,3.610000000000003,0,3.610000000000003,0,TRUE,0,0
26491,0,3.7000000000000033,0,3.7000000000000033,0,TRUE,0,0
26492,0,3.9000000000000035,0,3.9000000000000035,0,TRUE,0,0
26493,0,4.0000000000000036,0,4.0000000000000036,0,TRUE,0,0
26494,0,3.7600000000000033,0,3.7600000000000033,0,TRUE,0,0
26495,0,3.9300000000000033,0,3.9300000000000033,0,TRUE,0,0
26496,0,4.0000000000000036,0,4.0000000000000036,0,TRUE,0,0
26497,0,4.0000000000000036,0,4.0000000000000036,0,TRUE,0,0
26498,0,3.9100000000000037,0,3.9100000000000037,0,TRUE,0,0
26499,0,3.9300000000000033,0,3.9300000000000033,0,TRUE,0,0
26500,0,3.7400000000000033,0,3.7400000000000033,0,TRUE,0,0
26501,0,3.9000000000000035,0,3.9000000000000035,0,TRUE,0,0
26502,0,3.8800000000000034,0,3.8800000000000034,0,TRUE,0,0
26503,0,3.9100000000000037,0,3.9100000000000037,0,TRUE,0,0
26504,0,3.8700000000000037,0,3.8700000000000037,0,TRUE,0,0
26505,0,3.9300000000000033,0,3.9300000000000033,0,TRUE,0,0
26506,0,3.9400000000000035,0,3.9400000000000035,0,TRUE,0,0
26507,1.250000000000001,2.460000000000002,0,2.460000000000002,0,TRUE,0,0
26508,0.28000000000000025,3.520000000000003,0,3.520000000000003,0,TRUE,0,0
26509,0,3.350000000000003,0,3.350000000000003,0,TRUE,0,0
26519,1.6700000000000015,1.8000000000000016,0,1.8000000000000016,0.20000000000000018,TRUE,0,0
26520,0,3.4700000000000033,0,3.4700000000000033,0.4500000000000004,TRUE,0,0
26521,0,3.7600000000000033,0,3.7600000000000033,0,TRUE,0,0
26522,0,3.9000000000000035,0,3.9000000000000035,0,TRUE,0,0
26523,0,3.8700000000000037,0,3.8700000000000037,0,TRUE,0,0
26524,0,4.0000000000000036,0,4.0000000000000036,0,TRUE,0,0
26525,0,3.9000000000000035,0,3.9000000000000035,0,TRUE,0,0
26526,0,3.8200000000000034,0,3.8200000000000034,0,TRUE,0,0
26527,0,3.9100000000000037,0,3.9100000000000037,0,TRUE,0,0
26528,0,3.8400000000000034,0,3.8400000000000034,0,TRUE,0,0
26529,0,4.0000000000000036,0,4.0000000000000036,0,TRUE,0,0
26530,0,3.9600000000000035,0,3.9600000000000035,0,TRUE,0,0
26531,0,3.8000000000000034,0,3.8000000000000034,0,TRUE,0,0
26532,0,4.0000000000000036,0,4.0000000000000036,0,TRUE,0,0
26533,0,3.9200000000000035,0,3.9200000000000035,0,TRUE,0,0
26534,0,3.8400000000000034,0,3.8400000000000034,0,TRUE,0,0
26535,0,2.6800000000000024,0,2.6800000000000024,0,TRUE,0,0
26536,0,3.230000000000003,0,3.230000000000003,0,TRUE,0,0
26537,0,2.1300000000000017,0.40000000000000036,2.530000000000002,0,TRUE,0.15810276679841898,0
26538,0.020000000000000018,3.530000000000003,0.08000000000000007,3.610000000000003,0,TRUE,0.0221606648199446,0
26539,0,3.5100000000000033,0,3.5100000000000033,0,TRUE,0,0
26540,0,1.190000000000001,0,1.190000000000001,0,TRUE,0,0
26541,0,3.500000000000003,0,3.500000000000003,0,TRUE,0,0
26542,0,1.8200000000000016,0,1.8200000000000016,0,TRUE,0,0
26543,0,2.120000000000002,0,2.120000000000002,0,TRUE,0,0
26544,0,1.9200000000000017,0,1.9200000000000017,0,TRUE,0,0
26545,0,2.910000000000003,0,2.910000000000003,0,TRUE,0,0
26546,0,3.9400000000000035,0,3.9400000000000035,0,TRUE,0,0
26547,0,1.7900000000000016,0,1.7900000000000016,0,TRUE,0,0
26761,0.2200000000000002,2.2700000000000022,0.030000000000000027,2.300000000000002,0,TRUE,0.013043478260869565,0
26778,0.050000000000000044,0.7400000000000007,1.010000000000001,1.7500000000000016,0,TRUE,0.5771428571428572,1
26779,0.6400000000000006,1.9100000000000017,0.07000000000000006,1.9800000000000018,0,TRUE,0.03535353535353535,0
26780,1.7700000000000016,1.3000000000000012,0,1.3000000000000012,0,TRUE,0,0
26782,1.6700000000000015,1.8200000000000016,0,1.8200000000000016,0,TRUE,0,0
26783,0,3.9400000000000035,0,3.9400000000000035,0,TRUE,0,0
26784,0,3.9800000000000035,0,3.9800000000000035,0,TRUE,0,0
26785,0,3.540000000000003,0,3.540000000000003,0,TRUE,0,0
26786,0,3.9800000000000035,0,3.9800000000000035,0,TRUE,0,0
26787,0,3.9600000000000035,0,3.9600000000000035,0,TRUE,0,0
26788,0,3.9800000000000035,0,3.9800000000000035,0,TRUE,0,0
26789,0,3.770000000000003,0,3.770000000000003,0,TRUE,0,0
26790,0,3.810000000000003,0,3.810000000000003,0,TRUE,0,0
26791,0,3.8900000000000032,0,3.8900000000000032,0,TRUE,0,0
26792,0,3.9700000000000033,0,3.9700000000000033,0,TRUE,0,0
26793,0,3.9100000000000037,0,3.9100000000000037,0,TRUE,0,0
26794,0,4.0000000000000036,0,4.0000000000000036,0,TRUE,0,0
26795,0,3.9700000000000033,0,3.9700000000000033,0,TRUE,0,0
26796,0,3.9000000000000035,0,3.9000000000000035,0,TRUE,0,0
26797,0,4.0000000000000036,0,4.0000000000000036,0,TRUE,0,0
26798,0,3.9800000000000035,0,3.9800000000000035,0,TRUE,0,0
26799,0,3.8400000000000034,0,3.8400000000000034,0,TRUE,0,0
26800,0,3.9700000000000033,0,3.9700000000000033,0,TRUE,0,0
26801,0,4.0000000000000036,0,4.0000000000000036,0,TRUE,0,0
26802,0,3.7600000000000033,0,3.7600000000000033,0,TRUE,0,0
26803,0.020000000000000018,3.180000000000003,0.10000000000000009,3.280000000000003,0.2400000000000002,TRUE,0.03048780487804878,0
26804,1.7800000000000016,1.4100000000000013,0,1.4100000000000013,0.030000000000000027,TRUE,0,0
26816,0.15000000000000013,2.8600000000000025,0.40000000000000036,3.260000000000003,0.020000000000000018,TRUE,0.12269938650306748,0
26817,0,2.9400000000000026,0.9100000000000008,3.850000000000003,0,TRUE,0.2363636363636364,0
26818,0,3.810000000000003,0,3.810000000000003,0,TRUE,0,0
26819,0,4.0000000000000036,0,4.0000000000000036,0,TRUE,0,0
26820,0,3.9300000000000033,0,3.9300000000000033,0,TRUE,0,0
26821,0.40000000000000036,3.2900000000000027,0,3.2900000000000027,0,TRUE,0,0
26822,0.9000000000000008,2.9200000000000026,0,2.9200000000000026,0,TRUE,0,0
26823,0,3.770000000000003,0,3.770000000000003,0,TRUE,0,0
26824,0,3.8200000000000034,0,3.8200000000000034,0,TRUE,0,0
26825,0,3.7500000000000036,0,3.7500000000000036,0,TRUE,0,0
26826,0,3.9200000000000035,0,3.9200000000000035,0,TRUE,0,0
26827,0,3.9600000000000035,0,3.9600000000000035,0,TRUE,0,0
26828,0,3.850000000000003,0,3.850000000000003,0,TRUE,0,0
26829,0,3.8300000000000036,0,3.8300000000000036,0,TRUE,0,0
26830,0,3.8600000000000034,0,3.8600000000000034,0,TRUE,0,0
26831,1.6200000000000014,1.9000000000000017,0,1.9000000000000017,0,TRUE,0,0
26832,0.06000000000000005,3.1200000000000028,0,3.1200000000000028,0,TRUE,0,0
26833,0.040000000000000036,3.6400000000000032,0,3.6400000000000032,0,TRUE,0,0
26834,0,3.9100000000000037,0,3.9100000000000037,0,TRUE,0,0
26835,0,3.540000000000003,0,3.540000000000003,0,TRUE,0,0
26836,0,2.7400000000000024,0,2.7400000000000024,0,TRUE,0,0
26837,0,2.5400000000000023,0,2.5400000000000023,0,TRUE,0,0
26838,0,3.9400000000000035,0,3.9400000000000035,0,TRUE,0,0
26839,0,3.3700000000000028,0,3.3700000000000028,0,TRUE,0,0
26840,0,3.7200000000000033,0,3.7200000000000033,0,TRUE,0,0
26841,0,3.8400000000000034,0,3.8400000000000034,0,TRUE,0,0
26842,0,2.910000000000003,0,2.910000000000003,0,TRUE,0,0
27062,0,0.9400000000000008,0.07000000000000006,1.010000000000001,0,TRUE,0.06930693069306931,0
27071,0,1.6000000000000014,0.3300000000000003,1.9300000000000017,0,TRUE,0.17098445595854922,0
27072,0,1.4100000000000013,0.7500000000000007,2.160000000000002,0,TRUE,0.3472222222222222,0
27073,0,2.300000000000002,0.8500000000000008,3.150000000000003,0,TRUE,0.2698412698412698,0
27074,1.3500000000000012,1.9900000000000018,0,1.9900000000000018,0,TRUE,0,0
27075,0.8600000000000008,3.0800000000000027,0,3.0800000000000027,0,TRUE,0,0
27076,0.2200000000000002,3.6600000000000033,0,3.6600000000000033,0,TRUE,0,0
27077,0.06000000000000005,3.8400000000000034,0,3.8400000000000034,0,TRUE,0,0
27078,0,3.8600000000000034,0,3.8600000000000034,0,TRUE,0,0
27079,0,3.9200000000000035,0,3.9200000000000035,0,TRUE,0,0
27080,0,3.560000000000003,0,3.560000000000003,0,TRUE,0,0
27081,0,3.690000000000003,0,3.690000000000003,0,TRUE,0,0
27082,0,3.9200000000000035,0,3.9200000000000035,0,TRUE,0,0
27083,0,3.9900000000000038,0,3.9900000000000038,0,TRUE,0,0
27084,0,3.9100000000000037,0,3.9100000000000037,0,TRUE,0,0
27085,0,3.9500000000000037,0,3.9500000000000037,0,TRUE,0,0
27086,0,4.0000000000000036,0,4.0000000000000036,0,TRUE,0,0
27087,0,3.9200000000000035,0,3.9200000000000035,0,TRUE,0,0
27088,0,3.8900000000000032,0,3.8900000000000032,0,TRUE,0,0
27089,0,3.8300000000000036,0,3.8300000000000036,0,TRUE,0,0
27090,0,3.9600000000000035,0,3.9600000000000035,0,TRUE,0,0
27091,0.040000000000000036,2.500000000000002,0,2.500000000000002,0.5200000000000005,TRUE,0,0
27092,0.3200000000000003,2.490000000000002,0,2.490000000000002,0.7000000000000006,TRUE,0,0
27093,0.38000000000000034,2.290000000000002,0,2.290000000000002,0.26000000000000023,TRUE,0,0
27094,0.4200000000000004,2.370000000000002,0,2.370000000000002,0,TRUE,0,0
27095,0.7100000000000006,1.140000000000001,0.7300000000000006,1.8700000000000017,0.3100000000000003,TRUE,0.39037433155080214,0
27096,0.4400000000000004,0.2300000000000002,1.6500000000000015,1.8800000000000017,1.110000000000001,TRUE,0.8776595744680851,1
27097,0.6100000000000005,0.2200000000000002,1.8700000000000017,2.0900000000000016,0.6100000000000005,TRUE,0.8947368421052633,1
27102,1.6300000000000014,1.3500000000000012,0,1.3500000000000012,0.10000000000000009,TRUE,0,0
27103,1.2600000000000011,2.530000000000002,0,2.530000000000002,0.08000000000000007,TRUE,0,0
27104,2.100000000000002,1.7400000000000015,0,1.7400000000000015,0,TRUE,0,0
27112,1.4800000000000013,0.39000000000000035,0.7700000000000007,1.160000000000001,0.09000000000000008,TRUE,0.6637931034482759,1
27113,1.240000000000001,1.020000000000001,0,1.020000000000001,0.08000000000000007,TRUE,0,0
27114,1.150000000000001,1.140000000000001,0,1.140000000000001,0.1200000000000001,TRUE,0,0
27120,0.7300000000000006,1.250000000000001,0,1.250000000000001,0.5600000000000005,TRUE,0,0
27121,0.3500000000000003,3.2900000000000027,0,3.2900000000000027,0.17000000000000015,TRUE,0,0
27122,0.6400000000000006,3.0400000000000027,0,3.0400000000000027,0,TRUE,0,0
27123,0.7000000000000006,2.300000000000002,0,2.300000000000002,0,TRUE,0,0
27124,1.090000000000001,2.0900000000000016,0,2.0900000000000016,0,TRUE,0,0
27125,1.4500000000000013,1.9000000000000017,0,1.9000000000000017,0,TRUE,0,0
27127,0.010000000000000009,3.770000000000003,0,3.770000000000003,0,TRUE,0,0
27128,0,3.8900000000000032,0,3.8900000000000032,0,TRUE,0,0
27129,0,3.9100000000000037,0,3.9100000000000037,0,TRUE,0,0
27130,0,3.9000000000000035,0,3.9000000000000035,0,TRUE,0,0
27131,0,3.690000000000003,0,3.690000000000003,0,TRUE,0,0
27132,0,3.280000000000003,0,3.280000000000003,0,TRUE,0,0
27133,0,3.0100000000000025,0,3.0100000000000025,0,TRUE,0,0
27134,0,3.460000000000003,0,3.460000000000003,0,TRUE,0,0
27135,0,4.0000000000000036,0,4.0000000000000036,0,TRUE,0,0
27136,0,2.450000000000002,0.030000000000000027,2.480000000000002,0,TRUE,0.012096774193548387,0
27137,0,3.490000000000003,0,3.490000000000003,0,TRUE,0,0
27357,0,2.9300000000000024,0,2.9300000000000024,0,TRUE,0,0
27358,0.5800000000000005,2.030000000000002,0,2.030000000000002,0,TRUE,0,0
27359,0,1.090000000000001,0,1.090000000000001,0,TRUE,0,0
27365,0,2.060000000000002,0,2.060000000000002,0,TRUE,0,0
27366,0,3.530000000000003,0,3.530000000000003,0,TRUE,0,0
27367,0,3.7900000000000036,0,3.7900000000000036,0,TRUE,0,0
27368,0,3.9600000000000035,0,3.9600000000000035,0,TRUE,0,0
27369,0,3.8900000000000032,0,3.8900000000000032,0,TRUE,0,0
27370,0,3.9000000000000035,0,3.9000000000000035,0,TRUE,0,0
27371,0,3.9400000000000035,0,3.9400000000000035,0,TRUE,0,0
27372,0,3.9400000000000035,0,3.9400000000000035,0,TRUE,0,0
27373,0,3.7600000000000033,0,3.7600000000000033,0,TRUE,0,0
27374,0,3.8300000000000036,0,3.8300000000000036,0,TRUE,0,0
27375,0,3.8800000000000034,0,3.8800000000000034,0,TRUE,0,0
27376,0,3.320000000000003,0,3.320000000000003,0,TRUE,0,0
27377,0,3.9700000000000033,0,3.9700000000000033,0,TRUE,0,0
27378,0,4.0000000000000036,0,4.0000000000000036,0,TRUE,0,0
27379,0,3.7800000000000034,0,3.7800000000000034,0,TRUE,0,0
27380,0,3.9100000000000037,0,3.9100000000000037,0,TRUE,0,0
27381,0,3.9500000000000037,0,3.9500000000000037,0,TRUE,0,0
27382,0,3.9500000000000037,0,3.9500000000000037,0,TRUE,0,0
27383,0,3.730000000000003,0,3.730000000000003,0,TRUE,0,0
27384,0.06000000000000005,3.620000000000003,0,3.620000000000003,0.2500000000000002,TRUE,0,0
27385,0.6200000000000006,1.6000000000000014,0,1.6000000000000014,0.5600000000000005,TRUE,0,0
27397,0,2.8600000000000025,0,2.8600000000000025,0.040000000000000036,TRUE,0,0
27398,0,3.9700000000000033,0,3.9700000000000033,0,TRUE,0,0
27399,0,3.9100000000000037,0,3.9100000000000037,0,TRUE,0,0
27400,0.050000000000000044,1.060000000000001,0,1.060000000000001,0,TRUE,0,0
27422,0.26000000000000023,3.480000000000003,0,3.480000000000003,0,TRUE,0,0
27423,0.5700000000000005,3.190000000000003,0,3.190000000000003,0,TRUE,0,0
27424,1.9000000000000017,1.6600000000000015,0,1.6600000000000015,0,TRUE,0,0
27425,1.9100000000000017,1.4400000000000013,0,1.4400000000000013,0,TRUE,0,0
27426,0,2.7000000000000024,0,2.7000000000000024,0,TRUE,0,0
27427,0,3.6700000000000035,0,3.6700000000000035,0,TRUE,0,0
27428,0,3.2100000000000026,0,3.2100000000000026,0,TRUE,0,0
27429,0,2.5200000000000022,0,2.5200000000000022,0,TRUE,0,0
27430,0,2.7700000000000022,0,2.7700000000000022,0,TRUE,0,0
27431,0,2.8800000000000026,0.4200000000000004,3.300000000000003,0,TRUE,0.12727272727272726,0
27432,0,3.520000000000003,0,3.520000000000003,0,TRUE,0,0
27619,0,1.100000000000001,0,1.100000000000001,0,TRUE,0,0
27642,0,0,1.030000000000001,1.030000000000001,0,TRUE,1,1
27651,0,1.2900000000000011,0,1.2900000000000011,0,TRUE,0,0
27652,0,3.5500000000000034,0,3.5500000000000034,0,TRUE,0,0
27653,0.5300000000000005,2.9000000000000026,0.20000000000000018,3.1000000000000028,0,TRUE,0.06451612903225806,0
27654,1.7600000000000016,1.6500000000000015,0,1.6500000000000015,0,TRUE,0,0
27655,1.010000000000001,1.6400000000000015,0,1.6400000000000015,0,TRUE,0,0
27656,0.040000000000000036,3.4300000000000033,0,3.4300000000000033,0,TRUE,0,0
27657,1.4700000000000013,1.220000000000001,0,1.220000000000001,0,TRUE,0,0
27659,0,2.480000000000002,0,2.480000000000002,0,TRUE,0,0
27660,0,3.8300000000000036,0,3.8300000000000036,0,TRUE,0,0
27661,0,3.9300000000000033,0,3.9300000000000033,0,TRUE,0,0
27662,0,4.0000000000000036,0,4.0000000000000036,0,TRUE,0,0
27663,0,4.0000000000000036,0,4.0000000000000036,0,TRUE,0,0
27664,0,3.9100000000000037,0,3.9100000000000037,0,TRUE,0,0
27665,0,3.8800000000000034,0,3.8800000000000034,0,TRUE,0,0
27666,0,3.9500000000000037,0,3.9500000000000037,0,TRUE,0,0
27667,0,3.8900000000000032,0,3.8900000000000032,0,TRUE,0,0
27668,0,4.0000000000000036,0,4.0000000000000036,0,TRUE,0,0
27669,0,3.610000000000003,0,3.610000000000003,0,TRUE,0,0
27670,0,4.0000000000000036,0,4.0000000000000036,0,TRUE,0,0
27671,0,3.300000000000003,0,3.300000000000003,0,TRUE,0,0
27672,0,3.9300000000000033,0,3.9300000000000033,0,TRUE,0,0
27673,0,3.9300000000000033,0,3.9300000000000033,0,TRUE,0,0
27674,0,3.8300000000000036,0,3.8300000000000036,0,TRUE,0,0
27675,0,3.8700000000000037,0,3.8700000000000037,0,TRUE,0,0
27676,0,3.8800000000000034,0,3.8800000000000034,0,TRUE,0,0
27677,0.20000000000000018,3.410000000000003,0,3.410000000000003,0,TRUE,0,0
27678,0.4500000000000004,1.6400000000000015,0,1.6400000000000015,0.3500000000000003,TRUE,0,0
27681,0.15000000000000013,1.6900000000000015,0,1.6900000000000015,0.14000000000000012,TRUE,0,0
27687,1.030000000000001,2.400000000000002,0,2.400000000000002,0,TRUE,0,0
27688,0.5500000000000005,2.8300000000000027,0,2.8300000000000027,0.020000000000000018,TRUE,0,0
27692,0,1.100000000000001,0,1.100000000000001,0,TRUE,0,0
27693,0,3.500000000000003,0,3.500000000000003,0,TRUE,0,0
27694,0,2.8000000000000025,0,2.8000000000000025,0,TRUE,0,0
27695,0,2.6700000000000026,0,2.6700000000000026,0,TRUE,0,0
27696,0.30000000000000027,3.3900000000000032,0,3.3900000000000032,0,TRUE,0,0
27697,2.530000000000002,1.3000000000000012,0,1.3000000000000012,0,TRUE,0,0
27710,2.480000000000002,1.020000000000001,0,1.020000000000001,0,TRUE,0,0
27711,2.190000000000002,1.7000000000000015,0,1.7000000000000015,0,TRUE,0,0
27722,0.10000000000000009,3.0100000000000025,0,3.0100000000000025,0,TRUE,0,0
27723,0,3.490000000000003,0,3.490000000000003,0,TRUE,0,0
27724,0,3.7800000000000034,0,3.7800000000000034,0,TRUE,0,0
27725,0,4.0000000000000036,0,4.0000000000000036,0,TRUE,0,0
27726,0,3.8400000000000034,0,3.8400000000000034,0,TRUE,0,0
27727,0,3.610000000000003,0,3.610000000000003,0,TRUE,0,0
27914,0,1.5900000000000014,0,1.5900000000000014,0,TRUE,0,0
27942,0.4600000000000004,2.6300000000000026,0,2.6300000000000026,0,TRUE,0,0
27943,0,0.9000000000000008,0.3200000000000003,1.220000000000001,0,TRUE,0.26229508196721313,0
27944,0,0.9700000000000009,0.7500000000000007,1.7200000000000015,0,TRUE,0.436046511627907,0
27946,0.5300000000000005,1.210000000000001,0,1.210000000000001,1.100000000000001,TRUE,0,0
27947,0.9900000000000009,1.7200000000000015,0,1.7200000000000015,0.8600000000000008,TRUE,0,0
27948,1.3700000000000012,1.4400000000000013,0.2100000000000002,1.6500000000000015,0.6400000000000006,TRUE,0.12727272727272726,0
27949,1.7300000000000015,1.3200000000000012,0,1.3200000000000012,0.040000000000000036,TRUE,0,0
27954,2.120000000000002,1.6100000000000014,0,1.6100000000000014,0,TRUE,0,0
27955,0.9000000000000008,2.6200000000000023,0,2.6200000000000023,0,TRUE,0,0
27956,0,3.770000000000003,0,3.770000000000003,0,TRUE,0,0
27957,0,3.7900000000000036,0,3.7900000000000036,0,TRUE,0,0
27958,0,3.8700000000000037,0,3.8700000000000037,0,TRUE,0,0
27959,0,3.9200000000000035,0,3.9200000000000035,0,TRUE,0,0
27960,0,3.2900000000000027,0.3600000000000003,3.650000000000003,0,TRUE,0.09863013698630138,0
27961,0,3.150000000000003,0.4500000000000004,3.600000000000003,0,TRUE,0.125,0
27962,0,3.7200000000000033,0.13000000000000012,3.850000000000003,0,TRUE,0.03376623376623377,0
27963,0,3.8700000000000037,0,3.8700000000000037,0,TRUE,0,0
27964,0,3.8800000000000034,0,3.8800000000000034,0,TRUE,0,0
27965,0,3.8200000000000034,0,3.8200000000000034,0,TRUE,0,0
27966,0,3.300000000000003,0,3.300000000000003,0,TRUE,0,0
27967,0,3.9900000000000038,0,3.9900000000000038,0,TRUE,0,0
27968,0,3.9700000000000033,0,3.9700000000000033,0,TRUE,0,0
27969,0,3.8900000000000032,0,3.8900000000000032,0,TRUE,0,0
27970,0.09000000000000008,3.8200000000000034,0,3.8200000000000034,0,TRUE,0,0
27971,1.220000000000001,1.4600000000000013,0,1.4600000000000013,0.7500000000000007,TRUE,0,0
27973,0.9400000000000008,1.3200000000000012,0,1.3200000000000012,0.2100000000000002,TRUE,0,0
27974,0.2200000000000002,3.5900000000000034,0,3.5900000000000034,0,TRUE,0,0
27975,0,3.9700000000000033,0,3.9700000000000033,0,TRUE,0,0
27976,0,3.580000000000003,0,3.580000000000003,0,TRUE,0,0
27981,1.3700000000000012,2.450000000000002,0,2.450000000000002,0,TRUE,0,0
27982,0,3.8200000000000034,0,3.8200000000000034,0,TRUE,0,0
27983,1.120000000000001,1.9200000000000017,0.09000000000000008,2.0100000000000016,0,TRUE,0.04477611940298508,0
27986,0.010000000000000009,2.020000000000002,0,2.020000000000002,0,TRUE,0,0
27987,0,2.230000000000002,0.40000000000000036,2.6300000000000026,0,TRUE,0.1520912547528517,0
27990,0,2.8600000000000025,0,2.8600000000000025,0,TRUE,0,0
27991,0,3.650000000000003,0,3.650000000000003,0,TRUE,0,0
27992,0,3.0200000000000027,0,3.0200000000000027,0,TRUE,0,0
27993,0.9300000000000008,1.7300000000000015,0,1.7300000000000015,0,TRUE,0,0
28002,1.9400000000000017,1.7600000000000016,0,1.7600000000000016,0,TRUE,0,0
28003,1.4100000000000013,1.7700000000000016,0,1.7700000000000016,0,TRUE,0,0
28004,0.6400000000000006,3.0900000000000025,0,3.0900000000000025,0,TRUE,0,0
28005,0.18000000000000016,2.6400000000000023,0,2.6400000000000023,0,TRUE,0,0
28006,0.40000000000000036,3.110000000000003,0,3.110000000000003,0,TRUE,0,0
28007,1.6800000000000015,1.9900000000000018,0,1.9900000000000018,0,TRUE,0,0
28008,0.6100000000000005,2.6300000000000026,0,2.6300000000000026,0,TRUE,0,0
28009,0.29000000000000026,3.110000000000003,0,3.110000000000003,0,TRUE,0,0
28016,1.4400000000000013,2.450000000000002,0,2.450000000000002,0,TRUE,0,0
28017,0,2.8100000000000023,0,2.8100000000000023,0,TRUE,0,0
28236,0.39000000000000035,3.0600000000000027,0,3.0600000000000027,0,TRUE,0,0
28237,0.7800000000000007,3.0400000000000027,0,3.0400000000000027,0,TRUE,0,0
28238,1.8300000000000016,0.9000000000000008,0.4500000000000004,1.3500000000000012,0,TRUE,0.3333333333333333,0
28251,0.2400000000000002,2.7000000000000024,0,2.7000000000000024,0.3500000000000003,TRUE,0,0
28252,0,3.9200000000000035,0,3.9200000000000035,0,TRUE,0,0
28253,0,3.8300000000000036,0,3.8300000000000036,0,TRUE,0,0
28254,0,4.0000000000000036,0,4.0000000000000036,0,TRUE,0,0
28255,0,3.7900000000000036,0.20000000000000018,3.9900000000000038,0,TRUE,0.05012531328320802,0
28256,0,3.7600000000000033,0,3.7600000000000033,0,TRUE,0,0
28257,0,3.8800000000000034,0,3.8800000000000034,0,TRUE,0,0
28258,0,3.8300000000000036,0,3.8300000000000036,0,TRUE,0,0
28259,0,4.0000000000000036,0,4.0000000000000036,0,TRUE,0,0
28260,0,3.7900000000000036,0,3.7900000000000036,0,TRUE,0,0
28261,0,3.8200000000000034,0,3.8200000000000034,0,TRUE,0,0
28262,0,3.380000000000003,0,3.380000000000003,0,TRUE,0,0
28263,0.2500000000000002,3.270000000000003,0,3.270000000000003,0.3200000000000003,TRUE,0,0
28264,1.6200000000000014,1.7700000000000016,0,1.7700000000000016,0.09000000000000008,TRUE,0,0
28266,1.040000000000001,1.020000000000001,0,1.020000000000001,0.020000000000000018,TRUE,0,0
28267,0.4600000000000004,1.9500000000000017,0,1.9500000000000017,1.230000000000001,TRUE,0,0
28268,0,3.600000000000003,0,3.600000000000003,0.38000000000000034,TRUE,0,0
28269,0,3.9500000000000037,0,3.9500000000000037,0,TRUE,0,0
28270,0,3.7800000000000034,0,3.7800000000000034,0,TRUE,0,0
28271,0,3.7200000000000033,0,3.7200000000000033,0,TRUE,0,0
28273,1.8100000000000016,1.160000000000001,0,1.160000000000001,0,TRUE,0,0
28274,0.8900000000000008,2.7000000000000024,0,2.7000000000000024,0,TRUE,0,0
28275,0.1200000000000001,3.530000000000003,0,3.530000000000003,0,TRUE,0,0
28276,0,3.380000000000003,0,3.380000000000003,0,TRUE,0,0
28277,0,3.200000000000003,0,3.200000000000003,0,TRUE,0,0
28278,0,0.8700000000000008,0.2200000000000002,1.090000000000001,0,TRUE,0.2018348623853211,0
28280,0.2200000000000002,1.5700000000000014,0,1.5700000000000014,0,TRUE,0,0
28281,0.14000000000000012,2.990000000000003,0,2.990000000000003,0,TRUE,0,0
28282,0,3.540000000000003,0,3.540000000000003,0,TRUE,0,0
28284,0,0,1.2900000000000011,1.2900000000000011,0,TRUE,1,1
28285,0,0.1200000000000001,3.600000000000003,3.7200000000000033,0,TRUE,0.967741935483871,1
28286,0,0.29000000000000026,3.440000000000003,3.730000000000003,0,TRUE,0.9222520107238606,1
28287,0,0.3300000000000003,2.0900000000000016,2.420000000000002,0,TRUE,0.8636363636363635,1
28288,0,1.3700000000000012,0.030000000000000027,1.4000000000000012,0,TRUE,0.02142857142857143,0
28289,0.6300000000000006,2.570000000000002,0,2.570000000000002,0,TRUE,0,0
28290,1.180000000000001,1.8100000000000016,0,1.8100000000000016,0,TRUE,0,0
28291,0,3.7200000000000033,0,3.7200000000000033,0,TRUE,0,0
28292,0.20000000000000018,3.7100000000000035,0,3.7100000000000035,0,TRUE,0,0
28293,1.5200000000000014,2.220000000000002,0,2.220000000000002,0,TRUE,0,0
28294,0.30000000000000027,3.200000000000003,0,3.200000000000003,0,TRUE,0,0
28295,0,3.350000000000003,0,3.350000000000003,0,TRUE,0,0
28296,0.020000000000000018,3.0100000000000025,0,3.0100000000000025,0,TRUE,0,0
28297,0,3.8700000000000037,0,3.8700000000000037,0,TRUE,0,0
28298,0,3.580000000000003,0,3.580000000000003,0,TRUE,0,0
28299,0,3.600000000000003,0,3.600000000000003,0,TRUE,0,0
28300,1.7400000000000015,2.0000000000000018,0,2.0000000000000018,0,TRUE,0,0
28302,1.090000000000001,2.300000000000002,0,2.300000000000002,0,TRUE,0,0
28303,0.5100000000000005,1.9800000000000018,0,1.9800000000000018,0,TRUE,0,0
28305,0,1.2900000000000011,0,1.2900000000000011,0,TRUE,0,0
28306,0.7400000000000007,1.3900000000000012,0,1.3900000000000012,0,TRUE,0,0
28307,0.5100000000000005,0.010000000000000009,1.8700000000000017,1.8800000000000017,0,TRUE,0.9946808510638298,1
28308,0,1.7700000000000016,0.26000000000000023,2.030000000000002,0,TRUE,0.12807881773399013,0
28311,0,1.7200000000000015,0,1.7200000000000015,0,TRUE,0,0
28312,0,1.3400000000000012,0,1.3400000000000012,0,TRUE,0,0
28526,0,0,1.5500000000000014,1.5500000000000014,0,TRUE,1,1
28546,0.5800000000000005,1.5000000000000013,0,1.5000000000000013,0.1200000000000001,TRUE,0,0
28547,0,4.0000000000000036,0,4.0000000000000036,0,TRUE,0,0
28548,0,3.9800000000000035,0,3.9800000000000035,0,TRUE,0,0
28549,0,3.8800000000000034,0,3.8800000000000034,0,TRUE,0,0
28550,0,3.9600000000000035,0,3.9600000000000035,0,TRUE,0,0
28551,0,3.8000000000000034,0,3.8000000000000034,0,TRUE,0,0
28552,0,3.8400000000000034,0,3.8400000000000034,0,TRUE,0,0
28553,0,4.0000000000000036,0,4.0000000000000036,0,TRUE,0,0
28554,0,3.9000000000000035,0,3.9000000000000035,0,TRUE,0,0
28555,0,3.850000000000003,0,3.850000000000003,0,TRUE,0,0
28556,0,2.9600000000000026,0,2.9600000000000026,0.8800000000000008,TRUE,0,0
28560,0.6100000000000005,1.3900000000000012,0,1.3900000000000012,1.180000000000001,TRUE,0,0
28561,0,3.850000000000003,0,3.850000000000003,0.14000000000000012,TRUE,0,0
28562,0,3.160000000000003,0,3.160000000000003,0,TRUE,0,0
28563,0,3.190000000000003,0,3.190000000000003,0,TRUE,0,0
28564,0,3.8000000000000034,0,3.8000000000000034,0,TRUE,0,0
28565,0,3.7000000000000033,0,3.7000000000000033,0,TRUE,0,0
28566,0,3.5900000000000034,0,3.5900000000000034,0,TRUE,0,0
28567,0.4500000000000004,2.190000000000002,0,2.190000000000002,0,TRUE,0,0
28568,0.07000000000000006,1.8600000000000017,0,1.8600000000000017,0,TRUE,0,0
28569,0,2.990000000000003,0,2.990000000000003,0,TRUE,0,0
28570,0,3.1000000000000028,0,3.1000000000000028,0,TRUE,0,0
28571,0,3.7000000000000033,0,3.7000000000000033,0,TRUE,0,0
28572,0,2.410000000000002,0,2.410000000000002,0,TRUE,0,0
28574,0,3.5100000000000033,0,3.5100000000000033,0,TRUE,0,0
28575,0,3.650000000000003,0,3.650000000000003,0,TRUE,0,0
28576,0,1.9000000000000017,0,1.9000000000000017,0,TRUE,0,0
28577,0,2.340000000000002,0,2.340000000000002,0,TRUE,0,0
28580,0,0,3.400000000000003,3.400000000000003,0,TRUE,1,1
28581,0,0,3.570000000000003,3.570000000000003,0,TRUE,1,1
28582,0,0,3.560000000000003,3.560000000000003,0,TRUE,1,1
28583,0,2.220000000000002,0,2.220000000000002,0,TRUE,0,0
28584,0.15000000000000013,3.3300000000000027,0,3.3300000000000027,0,TRUE,0,0
28585,0.9600000000000009,2.150000000000002,0,2.150000000000002,0,TRUE,0,0
28586,0.050000000000000044,3.260000000000003,0.050000000000000044,3.310000000000003,0,TRUE,0.015105740181268881,0
28587,0,3.310000000000003,0.4300000000000004,3.7400000000000033,0,TRUE,0.11497326203208556,0
28588,0,3.530000000000003,0.07000000000000006,3.600000000000003,0,TRUE,0.019444444444444445,0
28589,0,3.420000000000003,0.20000000000000018,3.620000000000003,0,TRUE,0.055248618784530384,0
28590,0,3.140000000000003,0.14000000000000012,3.280000000000003,0,TRUE,0.042682926829268296,0
28591,0.8300000000000007,2.060000000000002,0.06000000000000005,2.120000000000002,0,TRUE,0.02830188679245283,0
28592,1.230000000000001,1.3400000000000012,0,1.3400000000000012,0,TRUE,0,0
28593,0,2.410000000000002,0.5100000000000005,2.9200000000000026,0,TRUE,0.17465753424657535,0
28594,0,2.490000000000002,0.5500000000000005,3.0400000000000027,0,TRUE,0.18092105263157895,0
28595,0.010000000000000009,2.7200000000000024,0.40000000000000036,3.1200000000000028,0,TRUE,0.1282051282051282,0
28596,0,3.770000000000003,0.050000000000000044,3.8200000000000034,0,TRUE,0.013089005235602094,0
28597,0.39000000000000035,3.220000000000003,0,3.220000000000003,0,TRUE,0,0
28598,1.220000000000001,0.8200000000000007,1.4100000000000013,2.230000000000002,0,TRUE,0.632286995515695,1
28599,0,1.6400000000000015,1.4500000000000013,3.0900000000000025,0,TRUE,0.46925566343042074,0
28600,0,3.9200000000000035,0,3.9200000000000035,0,TRUE,0,0
28601,0.2200000000000002,3.3300000000000027,0,3.3300000000000027,0,TRUE,0,0
28602,1.130000000000001,1.6600000000000015,0.8500000000000008,2.5100000000000025,0,TRUE,0.3386454183266932,0
28603,0,2.220000000000002,0.3300000000000003,2.5500000000000025,0,TRUE,0.12941176470588234,0
28604,0,3.8800000000000034,0,3.8800000000000034,0,TRUE,0,0
28605,0,3.200000000000003,0,3.200000000000003,0,TRUE,0,0
28606,0,3.230000000000003,0,3.230000000000003,0,TRUE,0,0
28607,0,1.9000000000000017,0,1.9000000000000017,0,TRUE,0,0
28610,0,1.070000000000001,0,1.070000000000001,0,TRUE,0,0
28611,0,1.2800000000000011,0,1.2800000000000011,0,TRUE,0,0
28821,0,0,1.4900000000000013,1.4900000000000013,0,TRUE,1,1
28834,1.7500000000000016,2.070000000000002,0,2.070000000000002,0,TRUE,0,0
28835,1.9100000000000017,1.3800000000000012,0,1.3800000000000012,0,TRUE,0,0
28842,0.040000000000000036,3.7100000000000035,0,3.7100000000000035,0,TRUE,0,0
28843,0,3.8600000000000034,0,3.8600000000000034,0,TRUE,0,0
28844,0,3.730000000000003,0,3.730000000000003,0,TRUE,0,0
28845,0,3.8700000000000037,0,3.8700000000000037,0,TRUE,0,0
28846,0,3.850000000000003,0,3.850000000000003,0,TRUE,0,0
28847,0,3.600000000000003,0,3.600000000000003,0,TRUE,0,0
28848,0,3.8200000000000034,0,3.8200000000000034,0,TRUE,0,0
28849,0,3.4300000000000033,0,3.4300000000000033,0.4700000000000004,TRUE,0,0
28850,0.7700000000000007,2.2100000000000017,0,2.2100000000000017,0.3400000000000003,TRUE,0,0
28853,1.160000000000001,1.9900000000000018,0,1.9900000000000018,0,TRUE,0,0
28854,0.010000000000000009,3.580000000000003,0,3.580000000000003,0,TRUE,0,0
28855,0.15000000000000013,3.6600000000000033,0,3.6600000000000033,0,TRUE,0,0
28856,0,3.9900000000000038,0,3.9900000000000038,0,TRUE,0,0
28857,0,3.400000000000003,0.19000000000000017,3.5900000000000034,0,TRUE,0.052924791086350974,0
28858,0.30000000000000027,2.8300000000000027,0.010000000000000009,2.8400000000000025,0,TRUE,0.0035211267605633804,0
28859,0,3.810000000000003,0,3.810000000000003,0,TRUE,0,0
28860,0,3.850000000000003,0,3.850000000000003,0,TRUE,0,0
28861,0,1.0000000000000009,0.15000000000000013,1.150000000000001,0,TRUE,0.13043478260869565,0
28862,0,2.500000000000002,0,2.500000000000002,0,TRUE,0,0
28864,0,1.4200000000000013,0.4500000000000004,1.8700000000000017,0,TRUE,0.24064171122994651,0
28865,0,3.1700000000000026,0,3.1700000000000026,0,TRUE,0,0
28866,0,2.730000000000002,0.020000000000000018,2.7500000000000027,0,TRUE,0.007272727272727272,0
28867,0,1.200000000000001,0.7400000000000007,1.9400000000000017,0,TRUE,0.38144329896907214,0
28869,0,1.160000000000001,0,1.160000000000001,0,TRUE,0,0
28874,0,1.7200000000000015,0.010000000000000009,1.7300000000000015,0,TRUE,0.005780346820809248,0
28877,0,0,1.7000000000000015,1.7000000000000015,0,TRUE,1,1
28878,0,0.2100000000000002,0.8500000000000008,1.060000000000001,0,TRUE,0.8018867924528302,1
28881,0.08000000000000007,3.6300000000000034,0,3.6300000000000034,0,TRUE,0,0
28882,0,3.650000000000003,0.26000000000000023,3.9100000000000037,0,TRUE,0.06649616368286444,0
28883,0,2.9600000000000026,0.17000000000000015,3.1300000000000026,0,TRUE,0.05431309904153355,0
28884,0,1.3400000000000012,0.010000000000000009,1.3500000000000012,0,TRUE,0.007407407407407408,0
28891,0,0.9100000000000008,0.4300000000000004,1.3400000000000012,0,TRUE,0.3208955223880597,0
28892,0.5600000000000005,1.4400000000000013,0,1.4400000000000013,0,TRUE,0,0
28893,0.8900000000000008,0.6400000000000006,1.4100000000000013,2.0500000000000016,0,TRUE,0.6878048780487805,1
28894,0,1.9100000000000017,1.150000000000001,3.0600000000000027,0,TRUE,0.3758169934640523,0
28895,0,2.6000000000000023,0.6300000000000006,3.230000000000003,0,TRUE,0.19504643962848295,0
28896,0,3.190000000000003,0.18000000000000016,3.3700000000000028,0,TRUE,0.053412462908011875,0
28897,0,3.1700000000000026,0,3.1700000000000026,0,TRUE,0,0
28898,0,3.5500000000000034,0,3.5500000000000034,0,TRUE,0,0
28899,0,4.0000000000000036,0,4.0000000000000036,0,TRUE,0,0
28900,0,4.0000000000000036,0,4.0000000000000036,0,TRUE,0,0
28901,0,3.5900000000000034,0,3.5900000000000034,0,TRUE,0,0
28902,0,3.580000000000003,0,3.580000000000003,0,TRUE,0,0
28903,0,3.580000000000003,0,3.580000000000003,0,TRUE,0,0
28904,0,2.500000000000002,0,2.500000000000002,0,TRUE,0,0
28905,0,2.450000000000002,0,2.450000000000002,0,TRUE,0,0
28906,0,2.530000000000002,0,2.530000000000002,0,TRUE,0,0
29095,0,0,1.8700000000000017,1.8700000000000017,0,TRUE,1,1
29099,2.020000000000002,1.9300000000000017,0,1.9300000000000017,0,TRUE,0,0
29100,0.26000000000000023,1.240000000000001,0,1.240000000000001,0,TRUE,0,0
29102,1.6700000000000015,0,1.220000000000001,1.220000000000001,0,TRUE,1,1
29129,0,3.8900000000000032,0,3.8900000000000032,0,TRUE,0,0
29130,0,4.0000000000000036,0,4.0000000000000036,0,TRUE,0,0
29131,0.18000000000000016,3.560000000000003,0,3.560000000000003,0,TRUE,0,0
29132,2.3900000000000023,1.040000000000001,0,1.040000000000001,0,TRUE,0,0
29137,1.0000000000000009,2.8400000000000025,0,2.8400000000000025,0,TRUE,0,0
29138,0,4.0000000000000036,0,4.0000000000000036,0,TRUE,0,0
29139,0,4.0000000000000036,0,4.0000000000000036,0,TRUE,0,0
29140,0,3.8200000000000034,0,3.8200000000000034,0,TRUE,0,0
29141,0,4.0000000000000036,0,4.0000000000000036,0,TRUE,0,0
29142,0,3.9100000000000037,0,3.9100000000000037,0,TRUE,0,0
29143,0.3300000000000003,2.8300000000000027,0,2.8300000000000027,0.2100000000000002,TRUE,0,0
29146,0.7300000000000006,2.6600000000000024,0,2.6600000000000024,0.14000000000000012,TRUE,0,0
29147,0,3.6600000000000033,0,3.6600000000000033,0,TRUE,0,0
29148,0,2.5600000000000023,0,2.5600000000000023,0,TRUE,0,0
29149,0,3.8700000000000037,0,3.8700000000000037,0,TRUE,0,0
29150,0.28000000000000025,3.220000000000003,0,3.220000000000003,0,TRUE,0,0
29151,0.040000000000000036,2.0100000000000016,0.29000000000000026,2.300000000000002,0,TRUE,0.12608695652173912,0
29152,0.29000000000000026,0.5900000000000005,1.190000000000001,1.7800000000000016,0,TRUE,0.6685393258426966,1
29153,0.7200000000000006,1.2600000000000011,0.6600000000000006,1.9200000000000017,0,TRUE,0.34375,0
29154,0,3.9200000000000035,0,3.9200000000000035,0,TRUE,0,0
29155,0,2.400000000000002,0.15000000000000013,2.5500000000000025,0,TRUE,0.0588235294117647,0
29156,0,0.18000000000000016,2.1700000000000017,2.3500000000000023,0,TRUE,0.9234042553191487,1
29159,0,1.250000000000001,0.010000000000000009,1.2600000000000011,0,TRUE,0.007936507936507936,0
29168,0,2.290000000000002,0.9100000000000008,3.200000000000003,0,TRUE,0.284375,0
29169,0,1.6200000000000014,1.190000000000001,2.8100000000000023,0,TRUE,0.4234875444839858,0
29175,0,1.6800000000000015,0,1.6800000000000015,0,TRUE,0,0
29176,0,3.9700000000000033,0,3.9700000000000033,0,TRUE,0,0
29177,0,4.0000000000000036,0,4.0000000000000036,0,TRUE,0,0
29178,0,2.080000000000002,0,2.080000000000002,0,TRUE,0,0
29180,0,1.4300000000000013,0,1.4300000000000013,0,TRUE,0,0
29187,0,1.020000000000001,0,1.020000000000001,0,TRUE,0,0
29191,0,1.200000000000001,0,1.200000000000001,0,TRUE,0,0
29193,0,1.6900000000000015,0,1.6900000000000015,0,TRUE,0,0
29194,0,3.140000000000003,0,3.140000000000003,0,TRUE,0,0
29195,0,3.8400000000000034,0,3.8400000000000034,0,TRUE,0,0
29196,0,3.8400000000000034,0,3.8400000000000034,0,TRUE,0,0
29197,0,3.9400000000000035,0,3.9400000000000035,0,TRUE,0,0
29198,0,3.8800000000000034,0,3.8800000000000034,0,TRUE,0,0
29199,0,3.9400000000000035,0,3.9400000000000035,0,TRUE,0,0
29200,0,2.7400000000000024,0,2.7400000000000024,0,TRUE,0,0
29201,0,1.4100000000000013,0,1.4100000000000013,0,TRUE,0,0
29389,0,1.6400000000000015,0.020000000000000018,1.6600000000000015,0,TRUE,0.012048192771084338,0
29390,0.1100000000000001,2.7100000000000026,0.40000000000000036,3.110000000000003,0,TRUE,0.12861736334405144,0
29393,2.260000000000002,1.7400000000000015,0,1.7400000000000015,0,TRUE,0,0
29394,0.16000000000000014,3.8400000000000034,0,3.8400000000000034,0,TRUE,0,0
29395,0,2.570000000000002,0,2.570000000000002,0,TRUE,0,0
29424,0,3.9300000000000033,0,3.9300000000000033,0,TRUE,0,0
29425,0,3.9800000000000035,0,3.9800000000000035,0,TRUE,0,0
29426,0,3.320000000000003,0,3.320000000000003,0,TRUE,0,0
29427,0.1200000000000001,3.7900000000000036,0,3.7900000000000036,0,TRUE,0,0
29428,0.7300000000000006,1.080000000000001,0,1.080000000000001,0,TRUE,0,0
29430,0.7300000000000006,0,2.280000000000002,2.280000000000002,0.5400000000000005,TRUE,1,1
29433,0.5800000000000005,1.9000000000000017,0,1.9000000000000017,1.110000000000001,TRUE,0,0
29434,0,3.6700000000000035,0,3.6700000000000035,0.3300000000000003,TRUE,0,0
29435,0,3.9500000000000037,0,3.9500000000000037,0,TRUE,0,0
29436,0.1100000000000001,2.190000000000002,0,2.190000000000002,1.6200000000000014,TRUE,0,0
29437,0.5000000000000004,1.4200000000000013,0,1.4200000000000013,0.5900000000000005,TRUE,0,0
29439,0.6100000000000005,2.2500000000000018,0,2.2500000000000018,0.3600000000000003,TRUE,0,0
29440,0,2.6400000000000023,0,2.6400000000000023,1.030000000000001,TRUE,0,0
29441,0,3.8300000000000036,0,3.8300000000000036,0,TRUE,0,0
29442,0,3.850000000000003,0,3.850000000000003,0,TRUE,0,0
29443,0,2.420000000000002,0,2.420000000000002,0,TRUE,0,0
29444,0.4200000000000004,3.200000000000003,0,3.200000000000003,0,TRUE,0,0
29445,1.4800000000000013,1.9300000000000017,0,1.9300000000000017,0,TRUE,0,0
29447,0.8700000000000008,2.450000000000002,0.4800000000000004,2.9300000000000024,0,TRUE,0.16382252559726965,0
29448,0,2.080000000000002,0.20000000000000018,2.280000000000002,0,TRUE,0.08771929824561403,0
29449,0,1.5700000000000014,0,1.5700000000000014,0,TRUE,0,0
29450,0,2.7000000000000024,0.020000000000000018,2.7200000000000024,0,TRUE,0.007352941176470588,0
29469,0,1.2800000000000011,0.8500000000000008,2.1300000000000017,0,TRUE,0.3990610328638498,0
29470,0,2.080000000000002,1.120000000000001,3.200000000000003,0,TRUE,0.35,0
29471,0,2.9200000000000026,0.6700000000000006,3.5900000000000034,0,TRUE,0.18662952646239553,0
29472,0,4.0000000000000036,0,4.0000000000000036,0,TRUE,0,0
29473,0,3.5500000000000034,0,3.5500000000000034,0,TRUE,0,0
29474,0,3.5100000000000033,0,3.5100000000000033,0,TRUE,0,0
29475,0,2.340000000000002,0,2.340000000000002,0,TRUE,0,0
29478,0,1.8700000000000017,0,1.8700000000000017,0,TRUE,0,0
29479,0,1.9200000000000017,0,1.9200000000000017,0,TRUE,0,0
29480,0,2.8100000000000023,0,2.8100000000000023,0,TRUE,0,0
29481,0,2.8800000000000026,0,2.8800000000000026,0,TRUE,0,0
29489,0,2.290000000000002,0,2.290000000000002,0,TRUE,0,0
29490,0,2.730000000000002,0,2.730000000000002,0,TRUE,0,0
29491,0,4.0000000000000036,0,4.0000000000000036,0,TRUE,0,0
29492,0,3.9400000000000035,0,3.9400000000000035,0,TRUE,0,0
29493,0,3.500000000000003,0.30000000000000027,3.8000000000000034,0,TRUE,0.07894736842105263,0
29494,0,3.8400000000000034,0,3.8400000000000034,0,TRUE,0,0
29495,0,3.8800000000000034,0,3.8800000000000034,0,TRUE,0,0
29683,0,1.2900000000000011,0,1.2900000000000011,0,TRUE,0,0
29684,0.19000000000000017,3.6300000000000034,0,3.6300000000000034,0,TRUE,0,0
29685,0.9800000000000009,2.910000000000003,0,2.910000000000003,0,TRUE,0,0
29687,1.7700000000000016,1.9900000000000018,0,1.9900000000000018,0,TRUE,0,0
29688,0.41000000000000036,3.5900000000000034,0,3.5900000000000034,0,TRUE,0,0
29689,0.3300000000000003,3.320000000000003,0,3.320000000000003,0,TRUE,0,0
29690,0.7000000000000006,3.2100000000000026,0,3.2100000000000026,0,TRUE,0,0
29691,2.3500000000000023,1.3800000000000012,0,1.3800000000000012,0,TRUE,0,0
29707,0,0.5100000000000005,0.8200000000000007,1.3300000000000012,0,TRUE,0.6165413533834586,1
29715,1.250000000000001,1.7600000000000016,0,1.7600000000000016,0,TRUE,0,0
29716,0,3.6400000000000032,0,3.6400000000000032,0,TRUE,0,0
29717,0,1.5100000000000013,0,1.5100000000000013,0,TRUE,0,0
29719,0,2.8500000000000023,0,2.8500000000000023,0,TRUE,0,0
29720,0,3.3900000000000032,0.13000000000000012,3.520000000000003,0,TRUE,0.036931818181818184,0
29721,0,2.2700000000000022,0.4400000000000004,2.7100000000000026,0,TRUE,0.16236162361623616,0
29722,0,3.5500000000000034,0.28000000000000025,3.8300000000000036,0,TRUE,0.07310704960835508,0
29723,0,3.8200000000000034,0,3.8200000000000034,0,TRUE,0,0
29724,0,3.690000000000003,0,3.690000000000003,0,TRUE,0,0
29726,0,0,1.5100000000000013,1.5100000000000013,0,TRUE,1,1
29733,0.1200000000000001,2.6200000000000023,0,2.6200000000000023,0.9800000000000009,TRUE,0,0
29734,0,3.9500000000000037,0,3.9500000000000037,0,TRUE,0,0
29735,0,3.8300000000000036,0,3.8300000000000036,0,TRUE,0,0
29736,0,3.8800000000000034,0,3.8800000000000034,0,TRUE,0,0
29737,0,3.9200000000000035,0,3.9200000000000035,0,TRUE,0,0
29738,0.2200000000000002,3.380000000000003,0,3.380000000000003,0,TRUE,0,0
29739,2.420000000000002,1.4300000000000013,0,1.4300000000000013,0,TRUE,0,0
29741,0.1200000000000001,3.560000000000003,0,3.560000000000003,0,TRUE,0,0
29742,0,3.190000000000003,0,3.190000000000003,0,TRUE,0,0
29743,0,2.7100000000000026,0,2.7100000000000026,0,TRUE,0,0
29744,0,2.9700000000000024,0.07000000000000006,3.0400000000000027,0,TRUE,0.023026315789473683,0
29745,0,1.6900000000000015,0,1.6900000000000015,0,TRUE,0,0
29764,0,2.160000000000002,0.15000000000000013,2.3100000000000023,0,TRUE,0.06493506493506493,0
29765,0,3.220000000000003,0.5500000000000005,3.770000000000003,0,TRUE,0.14588859416445624,0
29766,0,3.2500000000000027,0,3.2500000000000027,0,TRUE,0,0
29767,0,2.910000000000003,0,2.910000000000003,0,TRUE,0,0
29768,0,3.340000000000003,0,3.340000000000003,0,TRUE,0,0
29769,0,2.7400000000000024,0,2.7400000000000024,0,TRUE,0,0
29770,0,4.0000000000000036,0,4.0000000000000036,0,TRUE,0,0
29771,0,3.6600000000000033,0,3.6600000000000033,0,TRUE,0,0
29772,0,3.6300000000000034,0,3.6300000000000034,0,TRUE,0,0
29773,0,3.0400000000000027,0,3.0400000000000027,0,TRUE,0,0
29774,0,2.9300000000000024,0,2.9300000000000024,0,TRUE,0,0
29775,0,3.9300000000000033,0,3.9300000000000033,0,TRUE,0,0
29776,0,3.9400000000000035,0,3.9400000000000035,0,TRUE,0,0
29785,0.020000000000000018,1.5500000000000014,0,1.5500000000000014,0,TRUE,0,0
29786,0,2.500000000000002,0.18000000000000016,2.6800000000000024,0,TRUE,0.06716417910447761,0
29787,0,2.990000000000003,0.7200000000000006,3.7100000000000035,0,TRUE,0.1940700808625337,0
29788,0,3.9700000000000033,0,3.9700000000000033,0,TRUE,0,0
29789,0,3.9300000000000033,0,3.9300000000000033,0,TRUE,0,0
29790,0,1.6200000000000014,0,1.6200000000000014,0,TRUE,0,0
29978,0.29000000000000026,3.1200000000000028,0,3.1200000000000028,0,TRUE,0,0
29979,0.050000000000000044,3.280000000000003,0,3.280000000000003,0,TRUE,0,0
29981,1.3000000000000012,2.490000000000002,0,2.490000000000002,0,TRUE,0,0
29982,0.38000000000000034,2.8500000000000023,0,2.8500000000000023,0,TRUE,0,0
30002,0,1.210000000000001,2.530000000000002,3.7400000000000033,0,TRUE,0.676470588235294,1
30011,0.14000000000000012,0.7900000000000007,0.5700000000000005,1.3600000000000012,0,TRUE,0.41911764705882354,0
30012,0.5700000000000005,0.5200000000000005,2.0100000000000016,2.530000000000002,0,TRUE,0.7944664031620553,1
30013,0,0.10000000000000009,2.5100000000000025,2.610000000000002,0,TRUE,0.9616858237547894,1
30014,0,0,1.9600000000000017,1.9600000000000017,0,TRUE,1,1
30015,0,0,1.250000000000001,1.250000000000001,0,TRUE,1,1
30017,0,0.4600000000000004,1.4500000000000013,1.9100000000000017,0,TRUE,0.7591623036649214,1
30018,0.9600000000000009,1.9600000000000017,0.3600000000000003,2.320000000000002,0,TRUE,0.15517241379310345,0
30019,0.14000000000000012,2.8000000000000025,0.030000000000000027,2.8300000000000027,0,TRUE,0.010600706713780918,0
30022,0,1.130000000000001,0.1100000000000001,1.240000000000001,0,TRUE,0.08870967741935484,0
30023,0.3100000000000003,3.3300000000000027,0,3.3300000000000027,0,TRUE,0,0
30024,0.8700000000000008,2.6300000000000026,0,2.6300000000000026,0,TRUE,0,0
30025,0.7000000000000006,1.180000000000001,0,1.180000000000001,0.8600000000000008,TRUE,0,0
30026,0.27000000000000024,3.0400000000000027,0,3.0400000000000027,0.3500000000000003,TRUE,0,0
30027,0,3.8400000000000034,0,3.8400000000000034,0,TRUE,0,0
30028,0,4.0000000000000036,0,4.0000000000000036,0,TRUE,0,0
30029,0,3.9200000000000035,0,3.9200000000000035,0,TRUE,0,0
30030,0,3.8300000000000036,0,3.8300000000000036,0,TRUE,0,0
30031,0,3.850000000000003,0,3.850000000000003,0,TRUE,0,0
30032,0.3400000000000003,3.6300000000000034,0,3.6300000000000034,0,TRUE,0,0
30033,2.5800000000000023,1.3200000000000012,0,1.3200000000000012,0,TRUE,0,0
30035,1.6900000000000015,1.3300000000000012,0.40000000000000036,1.7300000000000015,0,TRUE,0.23121387283236994,0
30036,0.3100000000000003,1.100000000000001,0.7900000000000007,1.8900000000000017,0,TRUE,0.41798941798941797,0
30037,0,0.6700000000000006,0.8800000000000008,1.5500000000000014,0,TRUE,0.567741935483871,1
30038,0,0.9300000000000008,0.7000000000000006,1.6300000000000014,0,TRUE,0.4294478527607362,0
30039,0,1.2700000000000011,1.2800000000000011,2.5500000000000025,0,TRUE,0.5019607843137255,1
30040,0,0.7200000000000006,0.5200000000000005,1.240000000000001,0,TRUE,0.41935483870967744,0
30059,0,1.8800000000000017,0,1.8800000000000017,0,TRUE,0,0
30060,0,3.260000000000003,0,3.260000000000003,0,TRUE,0,0
30061,0,1.4100000000000013,0,1.4100000000000013,0,TRUE,0,0
30062,0,1.240000000000001,0,1.240000000000001,0,TRUE,0,0
30063,0,3.7600000000000033,0,3.7600000000000033,0,TRUE,0,0
30064,0,3.3700000000000028,0,3.3700000000000028,0,TRUE,0,0
30065,0,3.8700000000000037,0,3.8700000000000037,0,TRUE,0,0
30066,0,3.850000000000003,0,3.850000000000003,0,TRUE,0,0
30067,0,3.9100000000000037,0,3.9100000000000037,0,TRUE,0,0
30068,0,4.0000000000000036,0,4.0000000000000036,0,TRUE,0,0
30069,0,3.7900000000000036,0,3.7900000000000036,0,TRUE,0,0
30070,0,3.9600000000000035,0,3.9600000000000035,0,TRUE,0,0
30071,0,4.0000000000000036,0,4.0000000000000036,0,TRUE,0,0
30072,0,3.160000000000003,0.5100000000000005,3.6700000000000035,0,TRUE,0.13896457765667575,0
30073,0,3.220000000000003,0,3.220000000000003,0,TRUE,0,0
30074,0,2.8400000000000025,0,2.8400000000000025,0,TRUE,0,0
30079,1.2800000000000011,1.3900000000000012,0.3600000000000003,1.7500000000000016,0,TRUE,0.2057142857142857,0
30080,0,1.6300000000000014,0.1200000000000001,1.7500000000000016,0,TRUE,0.06857142857142857,0
30081,0,2.300000000000002,0.18000000000000016,2.480000000000002,0,TRUE,0.07258064516129033,0
30082,0,3.500000000000003,0.20000000000000018,3.7000000000000033,0,TRUE,0.05405405405405406,0
30083,0,3.8600000000000034,0,3.8600000000000034,0,TRUE,0,0
30084,0,2.240000000000002,0,2.240000000000002,0,TRUE,0,0
30271,0,0,1.160000000000001,1.160000000000001,0,TRUE,1,1
30272,0.39000000000000035,2.6700000000000026,0.5500000000000005,3.220000000000003,0,TRUE,0.17080745341614906,0
30273,1.9900000000000018,1.040000000000001,0,1.040000000000001,0,TRUE,0,0
30274,0.9500000000000008,1.190000000000001,0,1.190000000000001,0,TRUE,0,0
30275,1.2800000000000011,2.690000000000002,0,2.690000000000002,0,TRUE,0,0
30276,0.38000000000000034,1.6900000000000015,0,1.6900000000000015,0,TRUE,0,0
30278,0.5300000000000005,2.180000000000002,0,2.180000000000002,0,TRUE,0,0
30279,2.450000000000002,1.4100000000000013,0,1.4100000000000013,0,TRUE,0,0
30297,0,2.340000000000002,0.5400000000000005,2.8800000000000026,0,TRUE,0.1875,0
30298,1.120000000000001,0.8700000000000008,0.8000000000000007,1.6700000000000015,0,TRUE,0.47904191616766467,0
30315,0,0.7100000000000006,0.4500000000000004,1.160000000000001,0,TRUE,0.3879310344827586,0
30317,1.110000000000001,1.160000000000001,0,1.160000000000001,0,TRUE,0,0
30318,0.3100000000000003,3.160000000000003,0,3.160000000000003,0,TRUE,0,0
30319,0,3.7400000000000033,0,3.7400000000000033,0,TRUE,0,0
30320,0,3.5500000000000034,0.08000000000000007,3.6300000000000034,0,TRUE,0.022038567493112945,0
30321,0,3.410000000000003,0.27000000000000024,3.6800000000000033,0,TRUE,0.07336956521739131,0
30322,0,3.380000000000003,0.38000000000000034,3.7600000000000033,0,TRUE,0.10106382978723404,0
30323,0,3.9800000000000035,0,3.9800000000000035,0,TRUE,0,0
30324,0,3.9800000000000035,0,3.9800000000000035,0,TRUE,0,0
30325,0,3.9800000000000035,0,3.9800000000000035,0,TRUE,0,0
30326,0,3.7800000000000034,0,3.7800000000000034,0,TRUE,0,0
30327,1.150000000000001,2.7400000000000024,0,2.7400000000000024,0,TRUE,0,0
30335,0,1.9800000000000018,1.090000000000001,3.070000000000003,0,TRUE,0.3550488599348534,0
30357,0,3.4700000000000033,0,3.4700000000000033,0,TRUE,0,0
30358,0,4.0000000000000036,0,4.0000000000000036,0,TRUE,0,0
30359,0,3.9200000000000035,0,3.9200000000000035,0,TRUE,0,0
30360,0,3.850000000000003,0,3.850000000000003,0,TRUE,0,0
30361,0,3.610000000000003,0.2500000000000002,3.8600000000000034,0,TRUE,0.06476683937823834,0
30362,0.20000000000000018,3.3300000000000027,0.2300000000000002,3.560000000000003,0,TRUE,0.06460674157303371,0
30363,0,3.8800000000000034,0,3.8800000000000034,0,TRUE,0,0
30364,0,3.600000000000003,0,3.600000000000003,0,TRUE,0,0
30365,0.040000000000000036,3.8200000000000034,0,3.8200000000000034,0,TRUE,0,0
30366,0.5700000000000005,3.0800000000000027,0,3.0800000000000027,0,TRUE,0,0
30367,0,3.400000000000003,0.4600000000000004,3.8600000000000034,0,TRUE,0.11917098445595854,0
30368,0,3.9500000000000037,0,3.9500000000000037,0,TRUE,0,0
30369,0,3.8400000000000034,0,3.8400000000000034,0,TRUE,0,0
30373,0,3.180000000000003,0,3.180000000000003,0,TRUE,0,0
30374,0,1.070000000000001,0,1.070000000000001,0,TRUE,0,0
30375,0,1.080000000000001,0.26000000000000023,1.3400000000000012,0,TRUE,0.19402985074626866,0
30376,0,2.7900000000000027,0.020000000000000018,2.8100000000000023,0,TRUE,0.007117437722419929,0
30377,0,2.5200000000000022,0.1100000000000001,2.6300000000000026,0,TRUE,0.04182509505703422,0
30378,0,2.080000000000002,0,2.080000000000002,0,TRUE,0,0
30566,0,1.220000000000001,1.9700000000000017,3.190000000000003,0,TRUE,0.6175548589341693,1
30567,0.30000000000000027,0.8700000000000008,2.570000000000002,3.440000000000003,0,TRUE,0.7470930232558138,1
30568,0.5900000000000005,3.110000000000003,0,3.110000000000003,0,TRUE,0,0
30569,1.090000000000001,2.9000000000000026,0,2.9000000000000026,0,TRUE,0,0
30570,0,2.8800000000000026,0,2.8800000000000026,0,TRUE,0,0
30592,0,2.080000000000002,0.4400000000000004,2.5200000000000022,0,TRUE,0.1746031746031746,0
30593,0,1.6300000000000014,0.06000000000000005,1.6900000000000015,0,TRUE,0.03550295857988166,0
30610,0,2.990000000000003,0,2.990000000000003,0,TRUE,0,0
30611,0,3.9300000000000033,0,3.9300000000000033,0,TRUE,0,0
30612,0,2.500000000000002,0,2.500000000000002,0,TRUE,0,0
30617,0,0.7200000000000006,0.7900000000000007,1.5100000000000013,0,TRUE,0.5231788079470199,1
30618,0,3.520000000000003,0.18000000000000016,3.7000000000000033,0,TRUE,0.04864864864864865,0
30619,0,3.6700000000000035,0,3.6700000000000035,0,TRUE,0,0
30620,0,3.450000000000003,0,3.450000000000003,0,TRUE,0,0
30621,0,3.2100000000000026,0,3.2100000000000026,0,TRUE,0,0
30622,1.6000000000000014,1.5900000000000014,0,1.5900000000000014,0,TRUE,0,0
30652,0,2.6600000000000024,0,2.6600000000000024,0,TRUE,0,0
30653,0,3.8900000000000032,0,3.8900000000000032,0,TRUE,0,0
30654,0,3.8800000000000034,0,3.8800000000000034,0,TRUE,0,0
30655,0,3.8300000000000036,0,3.8300000000000036,0,TRUE,0,0
30656,0,3.730000000000003,0.1200000000000001,3.850000000000003,0,TRUE,0.031168831168831172,0
30657,1.210000000000001,2.480000000000002,0.2500000000000002,2.730000000000002,0,TRUE,0.09157509157509158,0
30658,0,3.7900000000000036,0.1100000000000001,3.9000000000000035,0,TRUE,0.028205128205128206,0
30659,0,2.910000000000003,0.5600000000000005,3.4700000000000033,0,TRUE,0.16138328530259366,0
30660,0.020000000000000018,3.6600000000000033,0,3.6600000000000033,0,TRUE,0,0
30662,0,2.5200000000000022,0,2.5200000000000022,0,TRUE,0,0
30663,0,3.6600000000000033,0,3.6600000000000033,0,TRUE,0,0
30664,0,2.9800000000000026,0.040000000000000036,3.0200000000000027,0,TRUE,0.013245033112582781,0
30665,0,2.2100000000000017,0,2.2100000000000017,0,TRUE,0,0
30666,0,1.170000000000001,0,1.170000000000001,0,TRUE,0,0
30667,0,2.440000000000002,1.090000000000001,3.530000000000003,0,TRUE,0.3087818696883853,0
30668,0,2.8400000000000025,0,2.8400000000000025,0,TRUE,0,0
30670,0,2.320000000000002,0,2.320000000000002,0,TRUE,0,0
30671,0,2.6600000000000024,0.020000000000000018,2.6800000000000024,0,TRUE,0.007462686567164179,0
30859,0.5400000000000005,0,1.030000000000001,1.030000000000001,0,TRUE,1,1
30860,0,1.6500000000000015,0,1.6500000000000015,0,TRUE,0,0
30861,0,3.7200000000000033,0.15000000000000013,3.8700000000000037,0,TRUE,0.03875968992248062,0
30862,0.2100000000000002,2.1300000000000017,0.8900000000000008,3.0200000000000027,0,TRUE,0.2947019867549669,0
30863,1.6300000000000014,2.370000000000002,0,2.370000000000002,0,TRUE,0,0
30864,0.28000000000000025,3.570000000000003,0,3.570000000000003,0,TRUE,0,0
30887,0,0.7800000000000007,1.110000000000001,1.8900000000000017,0,TRUE,0.5873015873015873,1
30904,1.2700000000000011,1.8700000000000017,0,1.8700000000000017,0,TRUE,0,0
30905,0.4400000000000004,3.340000000000003,0,3.340000000000003,0,TRUE,0,0
30906,0.39000000000000035,2.180000000000002,0.9300000000000008,3.110000000000003,0,TRUE,0.29903536977491957,0
30907,0,2.480000000000002,0.9700000000000009,3.450000000000003,0,TRUE,0.2811594202898551,0
30908,0,0,1.3000000000000012,1.3000000000000012,0,TRUE,1,1
30909,0,0,1.170000000000001,1.170000000000001,0,TRUE,1,1
30911,1.2700000000000011,1.120000000000001,0.6400000000000006,1.7600000000000016,0,TRUE,0.36363636363636365,0
30912,0,2.990000000000003,0.050000000000000044,3.0400000000000027,0,TRUE,0.01644736842105263,0
30913,0,3.6600000000000033,0,3.6600000000000033,0,TRUE,0,0
30914,0,3.7800000000000034,0,3.7800000000000034,0,TRUE,0,0
30915,0.040000000000000036,3.7800000000000034,0.010000000000000009,3.7900000000000036,0,TRUE,0.002638522427440633,0
30916,0,2.7500000000000027,0.6300000000000006,3.380000000000003,0,TRUE,0.1863905325443787,0
30917,1.070000000000001,1.3600000000000012,0.38000000000000034,1.7400000000000015,0,TRUE,0.21839080459770116,0
30947,0,0.6000000000000005,0.40000000000000036,1.0000000000000009,0,TRUE,0.4,0
30948,0,3.9100000000000037,0.040000000000000036,3.9500000000000037,0,TRUE,0.010126582278481013,0
30949,0,3.8800000000000034,0,3.8800000000000034,0,TRUE,0,0
30950,0,2.180000000000002,0,2.180000000000002,0,TRUE,0,0
30951,0,1.6000000000000014,0,1.6000000000000014,0,TRUE,0,0
30952,0,2.8800000000000026,0,2.8800000000000026,0,TRUE,0,0
30953,0,3.610000000000003,0,3.610000000000003,0,TRUE,0,0
30954,0,3.520000000000003,0,3.520000000000003,0,TRUE,0,0
30955,0,3.8200000000000034,0,3.8200000000000034,0,TRUE,0,0
30956,0,3.340000000000003,0.18000000000000016,3.520000000000003,0,TRUE,0.05113636363636364,0
30957,0,3.350000000000003,0,3.350000000000003,0,TRUE,0,0
30958,0,3.8200000000000034,0,3.8200000000000034,0,TRUE,0,0
30959,0,2.610000000000002,0.41000000000000036,3.0200000000000027,0,TRUE,0.1357615894039735,0
30960,0,2.420000000000002,0.040000000000000036,2.460000000000002,0,TRUE,0.016260162601626018,0
30961,0,2.9300000000000024,0.14000000000000012,3.070000000000003,0,TRUE,0.04560260586319218,0
30962,0,1.9600000000000017,0.2500000000000002,2.2100000000000017,0,TRUE,0.11312217194570137,0
30963,0,3.160000000000003,0,3.160000000000003,0,TRUE,0,0
30964,0,1.3500000000000012,0,1.3500000000000012,0,TRUE,0,0
31156,1.8700000000000017,1.240000000000001,0.16000000000000014,1.4000000000000012,0,TRUE,0.11428571428571428,0
31157,2.420000000000002,1.160000000000001,0,1.160000000000001,0,TRUE,0,0
31158,0,4.0000000000000036,0,4.0000000000000036,0,TRUE,0,0
31159,0,2.320000000000002,0,2.320000000000002,0,TRUE,0,0
31160,0.38000000000000034,2.570000000000002,0,2.570000000000002,0,TRUE,0,0
31165,0.2200000000000002,1.040000000000001,0,1.040000000000001,0,TRUE,0,0
31166,0.7900000000000007,0.6400000000000006,0.5500000000000005,1.190000000000001,0,TRUE,0.46218487394957986,0
31167,1.8500000000000016,1.8400000000000016,0.020000000000000018,1.8600000000000017,0,TRUE,0.010752688172043012,0
31168,1.100000000000001,2.4300000000000024,0,2.4300000000000024,0,TRUE,0,0
31169,0,2.7600000000000025,0,2.7600000000000025,0,TRUE,0,0
31172,0.8800000000000008,1.2800000000000011,0,1.2800000000000011,0,TRUE,0,0
31198,0.050000000000000044,2.360000000000002,0,2.360000000000002,0,TRUE,0,0
31199,0.6700000000000006,3.260000000000003,0,3.260000000000003,0,TRUE,0,0
31200,0.7200000000000006,2.3900000000000023,0.7800000000000007,3.1700000000000026,0,TRUE,0.24605678233438488,0
31202,0.38000000000000034,1.3900000000000012,0.37000000000000033,1.7600000000000016,0,TRUE,0.21022727272727273,0
31203,0,3.0900000000000025,0.4400000000000004,3.530000000000003,0,TRUE,0.1246458923512748,0
31204,0,3.320000000000003,0.26000000000000023,3.580000000000003,0,TRUE,0.07262569832402235,0
31205,0.040000000000000036,3.650000000000003,0.27000000000000024,3.9200000000000035,0,TRUE,0.06887755102040816,0
31206,0,3.4700000000000033,0.38000000000000034,3.850000000000003,0,TRUE,0.0987012987012987,0
31207,0,3.6300000000000034,0,3.6300000000000034,0,TRUE,0,0
31208,0,3.7200000000000033,0,3.7200000000000033,0,TRUE,0,0
31209,0.6100000000000005,2.9800000000000026,0,2.9800000000000026,0,TRUE,0,0
31210,1.120000000000001,1.7300000000000015,0.6100000000000005,2.340000000000002,0,TRUE,0.2606837606837607,0
31211,0.3500000000000003,0.010000000000000009,2.4300000000000024,2.440000000000002,0,TRUE,0.9959016393442623,1
31243,0,1.5600000000000014,0.2200000000000002,1.7800000000000016,0,TRUE,0.12359550561797752,0
31244,0,1.240000000000001,0,1.240000000000001,0,TRUE,0,0
31448,0,0,2.7400000000000024,2.7400000000000024,0,TRUE,1,1
31449,0.27000000000000024,0.050000000000000044,2.3500000000000023,2.400000000000002,0,TRUE,0.9791666666666667,1
31450,0.7000000000000006,0.2400000000000002,1.5700000000000014,1.8100000000000016,0,TRUE,0.8674033149171271,1
31451,0.2200000000000002,2.8600000000000025,0.26000000000000023,3.1200000000000028,0,TRUE,0.08333333333333333,0
31452,1.180000000000001,2.8100000000000023,0,2.8100000000000023,0,TRUE,0,0
31453,0.10000000000000009,2.9800000000000026,0,2.9800000000000026,0,TRUE,0,0
31454,0,2.0000000000000018,0,2.0000000000000018,0,TRUE,0,0
31455,0,3.850000000000003,0,3.850000000000003,0,TRUE,0,0
31456,1.5300000000000014,1.9600000000000017,0,1.9600000000000017,0,TRUE,0,0
31460,0,3.540000000000003,0,3.540000000000003,0,TRUE,0,0
31461,0,2.480000000000002,0,2.480000000000002,0,TRUE,0,0
31462,0,3.310000000000003,0,3.310000000000003,0,TRUE,0,0
31463,0,3.180000000000003,0,3.180000000000003,0,TRUE,0,0
31464,0,3.7600000000000033,0,3.7600000000000033,0,TRUE,0,0
31465,0,0.41000000000000036,0.5900000000000005,1.0000000000000009,0,TRUE,0.59,1
31494,0,2.260000000000002,0,2.260000000000002,0,TRUE,0,0
31495,0.3500000000000003,2.8300000000000027,0.4600000000000004,3.2900000000000027,0,TRUE,0.13981762917933133,0
31496,0.18000000000000016,1.170000000000001,0.07000000000000006,1.240000000000001,0,TRUE,0.056451612903225805,0
31497,1.6200000000000014,1.2900000000000011,0,1.2900000000000011,0,TRUE,0,0
31498,0.010000000000000009,3.340000000000003,0,3.340000000000003,0,TRUE,0,0
31499,0,3.850000000000003,0,3.850000000000003,0,TRUE,0,0
31500,0,3.8300000000000036,0,3.8300000000000036,0,TRUE,0,0
31501,0,3.7200000000000033,0,3.7200000000000033,0,TRUE,0,0
31502,1.230000000000001,1.5400000000000014,0,1.5400000000000014,0,TRUE,0,0
31503,1.9800000000000018,1.8000000000000016,0,1.8000000000000016,0,TRUE,0,0
31505,1.070000000000001,0.040000000000000036,1.7300000000000015,1.7700000000000016,0,TRUE,0.9774011299435028,1
31746,2.150000000000002,0.9700000000000009,0.17000000000000015,1.140000000000001,0,TRUE,0.14912280701754385,0
31747,0.41000000000000036,1.5400000000000014,0,1.5400000000000014,0,TRUE,0,0
31748,0,2.370000000000002,0,2.370000000000002,0,TRUE,0,0
31749,0,3.650000000000003,0,3.650000000000003,0,TRUE,0,0
31750,0,3.8700000000000037,0,3.8700000000000037,0,TRUE,0,0
31751,0.08000000000000007,3.8400000000000034,0,3.8400000000000034,0,TRUE,0,0
31755,0.2100000000000002,3.0800000000000027,0,3.0800000000000027,0,TRUE,0,0
31756,0,1.8200000000000016,0,1.8200000000000016,0,TRUE,0,0
31757,0,2.3500000000000023,0,2.3500000000000023,0,TRUE,0,0
31758,0,0.38000000000000034,0.6300000000000006,1.010000000000001,0,TRUE,0.6237623762376238,1
31759,0,1.6100000000000014,0.18000000000000016,1.7900000000000016,0,TRUE,0.1005586592178771,0
31760,0.020000000000000018,0.8800000000000008,0.13000000000000012,1.010000000000001,0,TRUE,0.12871287128712872,0
31761,0.15000000000000013,0,1.5000000000000013,1.5000000000000013,0,TRUE,1,1
31762,0,0,1.5500000000000014,1.5500000000000014,0,TRUE,1,1
31790,0,1.100000000000001,0,1.100000000000001,0,TRUE,0,0
31793,1.070000000000001,1.6500000000000015,0,1.6500000000000015,0,TRUE,0,0
31794,0.040000000000000036,3.3700000000000028,0,3.3700000000000028,0,TRUE,0,0
31795,0.39000000000000035,3.460000000000003,0,3.460000000000003,0,TRUE,0,0
31796,1.4900000000000013,2.360000000000002,0,2.360000000000002,0,TRUE,0,0
31797,2.300000000000002,0.27000000000000024,0.8200000000000007,1.090000000000001,0,TRUE,0.7522935779816514,1
31798,1.8100000000000016,0,1.4800000000000013,1.4800000000000013,0,TRUE,1,1
31799,0.4600000000000004,0,1.3300000000000012,1.3300000000000012,0,TRUE,1,1
31800,0.4200000000000004,0,1.3300000000000012,1.3300000000000012,0,TRUE,1,1
32042,0.30000000000000027,2.8600000000000025,0,2.8600000000000025,0,TRUE,0,0
32043,0,3.850000000000003,0,3.850000000000003,0,TRUE,0,0
32044,0,3.9800000000000035,0,3.9800000000000035,0,TRUE,0,0
32045,0.19000000000000017,3.730000000000003,0,3.730000000000003,0,TRUE,0,0
32046,0.37000000000000033,3.540000000000003,0,3.540000000000003,0,TRUE,0,0
32048,2.6800000000000024,1.180000000000001,0,1.180000000000001,0,TRUE,0,0
32049,0.3600000000000003,3.1300000000000026,0,3.1300000000000026,0,TRUE,0,0
32050,0,2.8400000000000025,0.020000000000000018,2.8600000000000025,0,TRUE,0.006993006993006993,0
32051,0,1.030000000000001,0,1.030000000000001,0,TRUE,0,0
32056,0.1200000000000001,0,1.170000000000001,1.170000000000001,0,TRUE,1,1
32057,0,0,1.2700000000000011,1.2700000000000011,0,TRUE,1,1
32088,0.6000000000000005,0.030000000000000027,1.4800000000000013,1.5100000000000013,0,TRUE,0.9801324503311258,1
32089,1.2600000000000011,1.120000000000001,0.8300000000000007,1.9500000000000017,0,TRUE,0.42564102564102563,0
32091,0.2100000000000002,3.1000000000000028,0,3.1000000000000028,0,TRUE,0,0
32092,0,0.9300000000000008,0.8100000000000007,1.7400000000000015,0,TRUE,0.46551724137931033,0
32333,0.3100000000000003,0.010000000000000009,2.450000000000002,2.460000000000002,0,TRUE,0.9959349593495934,1
32338,0.18000000000000016,2.460000000000002,0,2.460000000000002,0,TRUE,0,0
32339,1.180000000000001,1.9000000000000017,0,1.9000000000000017,0,TRUE,0,0
32340,1.8400000000000016,1.4300000000000013,0,1.4300000000000013,0,TRUE,0,0
32341,1.130000000000001,1.9100000000000017,0,1.9100000000000017,0,TRUE,0,0
32342,1.6500000000000015,1.050000000000001,0,1.050000000000001,0,TRUE,0,0
32344,0,2.650000000000002,0,2.650000000000002,0,TRUE,0,0
32629,1.080000000000001,1.5400000000000014,0.5600000000000005,2.100000000000002,0,TRUE,0.26666666666666666,0
32632,0.6700000000000006,2.1700000000000017,0,2.1700000000000017,0,TRUE,0,0
32633,0,2.340000000000002,0,2.340000000000002,0,TRUE,0,0
32634,1.7300000000000015,2.160000000000002,0,2.160000000000002,0,TRUE,0,0
32635,0.9700000000000009,2.7600000000000025,0,2.7600000000000025,0,TRUE,0,0
32636,1.220000000000001,2.440000000000002,0,2.440000000000002,0,TRUE,0,0
32637,0.14000000000000012,1.5500000000000014,0.17000000000000015,1.7200000000000015,0,TRUE,0.09883720930232558,0
32927,0.3200000000000003,1.5900000000000014,0,1.5900000000000014,0,TRUE,0,0
32928,0.020000000000000018,3.560000000000003,0,3.560000000000003,0,TRUE,0,0
32929,0.5700000000000005,2.8000000000000025,0,2.8000000000000025,0,TRUE,0,0
32930,1.5900000000000014,2.020000000000002,0,2.020000000000002,0,TRUE,0,0
32931,1.7700000000000016,1.9400000000000017,0,1.9400000000000017,0,TRUE,0,0
32932,0.9600000000000009,0.7000000000000006,1.5700000000000014,2.2700000000000022,0,TRUE,0.6916299559471365,1
32933,0.2100000000000002,0.9800000000000009,0.3500000000000003,1.3300000000000012,0,TRUE,0.2631578947368421,0
33217,0,1.020000000000001,1.4900000000000013,2.5100000000000025,0,TRUE,0.593625498007968,1
33218,0.08000000000000007,1.3200000000000012,0.2500000000000002,1.5700000000000014,0,TRUE,0.1592356687898089,0
33219,1.150000000000001,2.460000000000002,0.07000000000000006,2.530000000000002,0,TRUE,0.027667984189723323,0
33221,1.5700000000000014,1.100000000000001,0,1.100000000000001,0,TRUE,0,0
33222,0.5700000000000005,3.4300000000000033,0,3.4300000000000033,0,TRUE,0,0
33223,2.6300000000000026,1.3700000000000012,0,1.3700000000000012,0,TRUE,0,0
33224,0.8400000000000007,2.7900000000000027,0,2.7900000000000027,0,TRUE,0,0
33227,0,3.1000000000000028,0.3500000000000003,3.450000000000003,0,TRUE,0.10144927536231885,0
33511,0,2.2700000000000022,0,2.2700000000000022,0,TRUE,0,0
33512,0,2.150000000000002,0,2.150000000000002,0,TRUE,0,0
33513,0,1.6600000000000015,0.41000000000000036,2.070000000000002,0,TRUE,0.19806763285024154,0
33514,1.9200000000000017,1.8300000000000016,0,1.8300000000000016,0,TRUE,0,0
33516,0.3600000000000003,2.7400000000000024,0,2.7400000000000024,0,TRUE,0,0
33517,0.8000000000000007,3.200000000000003,0,3.200000000000003,0,TRUE,0,0
33518,0.4600000000000004,3.500000000000003,0,3.500000000000003,0,TRUE,0,0
33519,1.8800000000000017,1.8700000000000017,0,1.8700000000000017,0,TRUE,0,0
33521,0.27000000000000024,2.9200000000000026,0.3500000000000003,3.270000000000003,0,TRUE,0.10703363914373087,0
33522,0,1.250000000000001,0.3300000000000003,1.5800000000000014,0,TRUE,0.2088607594936709,0
33809,1.5400000000000014,2.400000000000002,0,2.400000000000002,0,TRUE,0,0
33810,0.9700000000000009,1.7800000000000016,0,1.7800000000000016,0,TRUE,0,0
33811,0,4.0000000000000036,0,4.0000000000000036,0,TRUE,0,0
33812,0.06000000000000005,3.9400000000000035,0,3.9400000000000035,0,TRUE,0,0
33813,1.230000000000001,2.500000000000002,0.010000000000000009,2.5100000000000025,0,TRUE,0.00398406374501992,0
33815,0.14000000000000012,3.580000000000003,0,3.580000000000003,0,TRUE,0,0
33816,0,1.250000000000001,1.010000000000001,2.260000000000002,0,TRUE,0.4469026548672566,0
34104,0.3400000000000003,2.420000000000002,0,2.420000000000002,0,TRUE,0,0
34105,0.7500000000000007,2.100000000000002,0,2.100000000000002,0,TRUE,0,0
34106,0,4.0000000000000036,0,4.0000000000000036,0,TRUE,0,0
34107,0,3.8200000000000034,0,3.8200000000000034,0,TRUE,0,0
34108,0.7800000000000007,2.7400000000000024,0.30000000000000027,3.0400000000000027,0,TRUE,0.09868421052631579,0
34110,0,2.2700000000000022,0,2.2700000000000022,0,TRUE,0,0
34111,0,2.360000000000002,0.5100000000000005,2.8700000000000028,0,TRUE,0.17770034843205573,0
34394,0,1.6400000000000015,0,1.6400000000000015,0,TRUE,0,0
34401,1.3200000000000012,1.5600000000000014,0,1.5600000000000014,0,TRUE,0,0
34402,0,3.770000000000003,0,3.770000000000003,0,TRUE,0,0
34403,0.030000000000000027,3.480000000000003,0.030000000000000027,3.5100000000000033,0,TRUE,0.008547008547008546,0
34404,0.7200000000000006,1.5500000000000014,1.3400000000000012,2.8900000000000023,0,TRUE,0.4636678200692042,0
34405,0,1.5700000000000014,0.7200000000000006,2.290000000000002,0,TRUE,0.314410480349345,0
34689,0,3.2900000000000027,0,3.2900000000000027,0,TRUE,0,0
34697,0,3.8000000000000034,0,3.8000000000000034,0,TRUE,0,0
34698,0,3.0100000000000025,0.8400000000000007,3.850000000000003,0,TRUE,0.2181818181818182,0
34699,0,0.8000000000000007,1.4700000000000013,2.2700000000000022,0,TRUE,0.6475770925110131,1
34983,0,1.6800000000000015,0,1.6800000000000015,0,TRUE,0,0
34984,0,3.3700000000000028,0,3.3700000000000028,0,TRUE,0,0
34985,0.4700000000000004,3.1000000000000028,0,3.1000000000000028,0,TRUE,0,0
34991,1.3400000000000012,1.8600000000000017,0,1.8600000000000017,0,TRUE,0,0
34992,0,3.0500000000000025,0.5800000000000005,3.6300000000000034,0,TRUE,0.15977961432506885,0
34993,0,0.29000000000000026,1.090000000000001,1.3800000000000012,0,TRUE,0.7898550724637681,1
35278,0,2.6300000000000026,0,2.6300000000000026,0,TRUE,0,0
35279,0,3.650000000000003,0,3.650000000000003,0,TRUE,0,0
35280,0.06000000000000005,3.460000000000003,0,3.460000000000003,0,TRUE,0,0
35286,0.4200000000000004,3.580000000000003,0,3.580000000000003,0,TRUE,0,0
35287,0,3.1700000000000026,0.19000000000000017,3.360000000000003,0,TRUE,0.05654761904761905,0
35573,0,3.8900000000000032,0,3.8900000000000032,0,TRUE,0,0
35574,0,3.460000000000003,0,3.460000000000003,0,TRUE,0,0
35575,0.8100000000000007,2.610000000000002,0,2.610000000000002,0,TRUE,0,0
35580,0.6000000000000005,2.6800000000000024,0,2.6800000000000024,0,TRUE,0,0
35581,0,3.9200000000000035,0,3.9200000000000035,0,TRUE,0,0
35582,0,3.9200000000000035,0,3.9200000000000035,0,TRUE,0,0
35583,0,2.6700000000000026,0,2.6700000000000026,0,TRUE,0,0
35854,0,1.6800000000000015,0,1.6800000000000015,0,TRUE,0,0
35855,0,3.4300000000000033,0,3.4300000000000033,0,TRUE,0,0
35856,0,2.950000000000003,0.07000000000000006,3.0200000000000027,0,TRUE,0.023178807947019868,0
35857,0,1.220000000000001,0.040000000000000036,1.2600000000000011,0,TRUE,0.031746031746031744,0
35867,0.27000000000000024,1.7300000000000015,0,1.7300000000000015,0,TRUE,0,0
35868,0,3.770000000000003,0,3.770000000000003,0,TRUE,0,0
35869,0,3.240000000000003,0.07000000000000006,3.310000000000003,0,TRUE,0.021148036253776432,0
35874,0.6900000000000006,1.4900000000000013,0.07000000000000006,1.5600000000000014,0,TRUE,0.04487179487179487,0
35875,0,4.0000000000000036,0,4.0000000000000036,0,TRUE,0,0
35876,0.6100000000000005,3.3900000000000032,0,3.3900000000000032,0,TRUE,0,0
35877,1.6500000000000015,2.2500000000000018,0,2.2500000000000018,0,TRUE,0,0
35878,0.040000000000000036,3.0500000000000025,0,3.0500000000000025,0,TRUE,0,0
35884,0,1.7100000000000015,0,1.7100000000000015,0,TRUE,0,0
36149,0.16000000000000014,3.410000000000003,0,3.410000000000003,0,TRUE,0,0
36150,0,3.7500000000000036,0,3.7500000000000036,0,TRUE,0,0
36151,0,3.9200000000000035,0,3.9200000000000035,0,TRUE,0,0
36152,0,0.8600000000000008,1.8200000000000016,2.6800000000000024,0,TRUE,0.6791044776119403,1
36162,0.3200000000000003,3.520000000000003,0,3.520000000000003,0,TRUE,0,0
36163,0,2.9300000000000024,0,2.9300000000000024,0,TRUE,0,0
36164,0.18000000000000016,3.1000000000000028,0.1100000000000001,3.2100000000000026,0,TRUE,0.034267912772585674,0
36165,2.460000000000002,0.8600000000000008,0.18000000000000016,1.040000000000001,0,TRUE,0.17307692307692307,0
36168,1.0000000000000009,0.8000000000000007,0.30000000000000027,1.100000000000001,0,TRUE,0.2727272727272727,0
36169,0,1.6700000000000015,1.100000000000001,2.7700000000000022,0,TRUE,0.39711191335740076,0
36170,0,2.7700000000000022,0.7000000000000006,3.4700000000000033,0,TRUE,0.20172910662824206,0
36171,0.2400000000000002,3.6700000000000035,0,3.6700000000000035,0,TRUE,0,0
36172,2.370000000000002,1.6300000000000014,0,1.6300000000000014,0,TRUE,0,0
36173,1.220000000000001,1.5300000000000014,0.9600000000000009,2.490000000000002,0,TRUE,0.3855421686746988,0
36174,0,0.13000000000000012,1.250000000000001,1.3800000000000012,0,TRUE,0.9057971014492754,1
36175,0,0.13000000000000012,1.6900000000000015,1.8200000000000016,0,TRUE,0.9285714285714286,1
36176,0,0.5600000000000005,2.9000000000000026,3.460000000000003,0,TRUE,0.838150289017341,1
36177,0,3.1300000000000026,0.3500000000000003,3.480000000000003,0,TRUE,0.10057471264367816,0
36178,0,3.500000000000003,0,3.500000000000003,0,TRUE,0,0
36442,0,1.3400000000000012,0.2400000000000002,1.5800000000000014,0,TRUE,0.1518987341772152,0
36443,0.4600000000000004,1.6300000000000014,1.4300000000000013,3.0600000000000027,0,TRUE,0.4673202614379085,0
36444,0.5300000000000005,1.8100000000000016,0,1.8100000000000016,0,TRUE,0,0
36445,0.2400000000000002,1.9200000000000017,0.14000000000000012,2.060000000000002,0,TRUE,0.06796116504854369,0
36446,0.10000000000000009,3.2500000000000027,0,3.2500000000000027,0,TRUE,0,0
36447,0,3.7500000000000036,0.010000000000000009,3.7600000000000033,0,TRUE,0.0026595744680851063,0
36448,0.1200000000000001,1.230000000000001,0.29000000000000026,1.5200000000000014,0,TRUE,0.19078947368421054,0
36455,0,1.8800000000000017,0,1.8800000000000017,0,TRUE,0,0
36456,0,3.8800000000000034,0,3.8800000000000034,0,TRUE,0,0
36457,0.2400000000000002,3.1200000000000028,0,3.1200000000000028,0,TRUE,0,0
36458,1.250000000000001,1.3600000000000012,0.30000000000000027,1.6600000000000015,0,TRUE,0.18072289156626506,0
36464,0.39000000000000035,2.570000000000002,0.020000000000000018,2.5900000000000025,0,TRUE,0.007722007722007721,0
36465,0.010000000000000009,3.690000000000003,0,3.690000000000003,0,TRUE,0,0
36466,1.120000000000001,2.160000000000002,0,2.160000000000002,0,TRUE,0,0
36467,0.9400000000000008,1.7900000000000016,0,1.7900000000000016,0,TRUE,0,0
36468,0.1200000000000001,3.650000000000003,0.17000000000000015,3.8200000000000034,0,TRUE,0.04450261780104712,0
36469,1.5100000000000013,1.210000000000001,1.190000000000001,2.400000000000002,0,TRUE,0.49583333333333335,0
36470,0,0.10000000000000009,3.8000000000000034,3.9000000000000035,0,TRUE,0.9743589743589743,1
36471,0,0.9500000000000008,2.120000000000002,3.070000000000003,0,TRUE,0.6905537459283387,1
36472,0,3.5100000000000033,0.17000000000000015,3.6800000000000033,0,TRUE,0.04619565217391304,0
36473,0,2.020000000000002,0,2.020000000000002,0,TRUE,0,0
36737,0,3.110000000000003,0,3.110000000000003,0,TRUE,0,0
36738,0,2.360000000000002,0.10000000000000009,2.460000000000002,0,TRUE,0.04065040650406504,0
36739,0,1.7200000000000015,0.7700000000000007,2.490000000000002,0,TRUE,0.3092369477911647,0
36740,0.13000000000000012,0.30000000000000027,2.280000000000002,2.5800000000000023,0,TRUE,0.8837209302325582,1
36741,0.9700000000000009,2.7400000000000024,0.29000000000000026,3.030000000000003,0,TRUE,0.0957095709570957,0
36742,0,3.9600000000000035,0,3.9600000000000035,0,TRUE,0,0
36743,0.6200000000000006,3.270000000000003,0.030000000000000027,3.300000000000003,0,TRUE,0.00909090909090909,0
36744,0.39000000000000035,1.7200000000000015,0,1.7200000000000015,0,TRUE,0,0
36749,0.3600000000000003,2.7600000000000025,0.3600000000000003,3.1200000000000028,0,TRUE,0.11538461538461539,0
36750,0.010000000000000009,3.6600000000000033,0,3.6600000000000033,0,TRUE,0,0
36751,0.40000000000000036,2.5600000000000023,0,2.5600000000000023,0,TRUE,0,0
36757,1.120000000000001,1.7600000000000016,0,1.7600000000000016,0,TRUE,0,0
36758,0.15000000000000013,3.6300000000000034,0,3.6300000000000034,0,TRUE,0,0
36759,0,3.810000000000003,0,3.810000000000003,0,TRUE,0,0
36760,0,3.7000000000000033,0,3.7000000000000033,0,TRUE,0,0
36761,2.080000000000002,0.6800000000000006,0.5600000000000005,1.240000000000001,0,TRUE,0.45161290322580644,0
36762,1.3500000000000012,1.9300000000000017,0.5700000000000005,2.500000000000002,0,TRUE,0.228,0
36763,0,3.7000000000000033,0,3.7000000000000033,0,TRUE,0,0
36764,0.010000000000000009,3.8800000000000034,0.08000000000000007,3.9600000000000035,0,TRUE,0.020202020202020204,0
36765,0,3.6300000000000034,0.2400000000000002,3.8700000000000037,0,TRUE,0.06201550387596899,0
36766,0,3.9400000000000035,0,3.9400000000000035,0,TRUE,0,0
36767,0,3.380000000000003,0,3.380000000000003,0,TRUE,0,0
37031,0.16000000000000014,2.950000000000003,0,2.950000000000003,0,TRUE,0,0
37032,0.010000000000000009,3.610000000000003,0.07000000000000006,3.6800000000000033,0,TRUE,0.019021739130434784,0
37033,0,0.26000000000000023,3.4700000000000033,3.730000000000003,0,TRUE,0.9302949061662199,1
37034,0,1.7000000000000015,0.9800000000000009,2.6800000000000024,0,TRUE,0.3656716417910448,0
37035,0,1.9600000000000017,0.5000000000000004,2.460000000000002,0,TRUE,0.2032520325203252,0
37036,0.5000000000000004,1.5900000000000014,1.8400000000000016,3.4300000000000033,0,TRUE,0.5364431486880467,1
37037,1.190000000000001,2.360000000000002,0.4500000000000004,2.8100000000000023,0,TRUE,0.1601423487544484,0
37038,0.5500000000000005,3.450000000000003,0,3.450000000000003,0,TRUE,0,0
37039,0.1200000000000001,3.8300000000000036,0,3.8300000000000036,0,TRUE,0,0
37040,0,3.360000000000003,0.3100000000000003,3.6700000000000035,0,TRUE,0.08446866485013624,0
37041,0,2.0000000000000018,0.9800000000000009,2.9800000000000026,0,TRUE,0.3288590604026846,0
37042,0.4600000000000004,2.8600000000000025,0.2100000000000002,3.070000000000003,0,TRUE,0.06840390879478826,0
37043,0.4700000000000004,2.990000000000003,0,2.990000000000003,0,TRUE,0,0
37044,0.4400000000000004,1.6500000000000015,0,1.6500000000000015,0,TRUE,0,0
37048,0,1.5800000000000014,0,1.5800000000000014,0,TRUE,0,0
37049,0,2.6300000000000026,0.020000000000000018,2.650000000000002,0,TRUE,0.007547169811320756,0
37050,0,3.400000000000003,0,3.400000000000003,0,TRUE,0,0
37051,0,3.280000000000003,0.40000000000000036,3.6800000000000033,0,TRUE,0.10869565217391304,0
37052,0,2.5200000000000022,0.16000000000000014,2.6800000000000024,0,TRUE,0.05970149253731343,0
37053,0.07000000000000006,3.070000000000003,0,3.070000000000003,0,TRUE,0,0
37054,0,3.0600000000000027,0,3.0600000000000027,0,TRUE,0,0
37055,0,2.2500000000000018,0,2.2500000000000018,0,TRUE,0,0
37056,0,1.9800000000000018,0.28000000000000025,2.260000000000002,0,TRUE,0.12389380530973451,0
37057,0,2.370000000000002,0.5000000000000004,2.8700000000000028,0,TRUE,0.17421602787456444,0
37058,0,2.9800000000000026,0.06000000000000005,3.0400000000000027,0,TRUE,0.019736842105263157,0
37059,0,1.9500000000000017,0,1.9500000000000017,0,TRUE,0,0
37060,0,3.240000000000003,0,3.240000000000003,0,TRUE,0,0
37061,0,3.7600000000000033,0,3.7600000000000033,0,TRUE,0,0
37062,0,1.5700000000000014,0,1.5700000000000014,0,TRUE,0,0
37326,1.6500000000000015,1.150000000000001,0.10000000000000009,1.250000000000001,0,TRUE,0.08,0
37327,0.8200000000000007,2.450000000000002,0.4400000000000004,2.8900000000000023,0,TRUE,0.1522491349480969,0
37328,0.7800000000000007,0.40000000000000036,2.6300000000000026,3.030000000000003,0,TRUE,0.8679867986798679,1
37329,0,2.030000000000002,0.26000000000000023,2.290000000000002,0,TRUE,0.11353711790393015,0
37330,0,0.4800000000000004,2.020000000000002,2.500000000000002,0,TRUE,0.808,1
37331,0,0.3100000000000003,3.6800000000000033,3.9900000000000038,0,TRUE,0.9223057644110275,1
37332,0,1.7000000000000015,2.300000000000002,4.0000000000000036,0,TRUE,0.575,1
37333,1.100000000000001,2.6600000000000024,0.18000000000000016,2.8400000000000025,0,TRUE,0.06338028169014084,0
37334,1.060000000000001,2.5800000000000023,0.15000000000000013,2.730000000000002,0,TRUE,0.05494505494505495,0
37335,0.1200000000000001,3.770000000000003,0,3.770000000000003,0,TRUE,0,0
37336,0.1100000000000001,3.340000000000003,0,3.340000000000003,0,TRUE,0,0
37337,1.3600000000000012,1.4400000000000013,0,1.4400000000000013,0,TRUE,0,0
37342,0,2.950000000000003,0,2.950000000000003,0,TRUE,0,0
37343,0,3.9600000000000035,0,3.9600000000000035,0,TRUE,0,0
37344,0,3.610000000000003,0.3100000000000003,3.9200000000000035,0,TRUE,0.07908163265306123,0
37345,0,4.0000000000000036,0,4.0000000000000036,0,TRUE,0,0
37346,0,2.9700000000000024,0.3400000000000003,3.310000000000003,0,TRUE,0.10271903323262839,0
37347,0,1.130000000000001,0.9300000000000008,2.060000000000002,0,TRUE,0.45145631067961167,0
37348,0,1.130000000000001,0.2300000000000002,1.3600000000000012,0,TRUE,0.16911764705882354,0
37350,0,1.7300000000000015,0,1.7300000000000015,0,TRUE,0,0
37351,0,1.4700000000000013,1.5900000000000014,3.0600000000000027,0,TRUE,0.5196078431372549,1
37352,0,1.2700000000000011,2.150000000000002,3.420000000000003,0,TRUE,0.628654970760234,1
37353,0,2.9300000000000024,0.4300000000000004,3.360000000000003,0,TRUE,0.12797619047619047,0
37354,0,2.0500000000000016,0.6500000000000006,2.7000000000000024,0,TRUE,0.24074074074074073,0
37355,0,2.5600000000000023,0.6300000000000006,3.190000000000003,0,TRUE,0.19749216300940436,0
37356,0,2.3100000000000023,0,2.3100000000000023,0,TRUE,0,0
37600,0,1.2800000000000011,0,1.2800000000000011,0,TRUE,0,0
37621,0,0.9900000000000009,0.7400000000000007,1.7300000000000015,0,TRUE,0.4277456647398844,0
37622,0,2.6000000000000023,1.040000000000001,3.6400000000000032,0,TRUE,0.2857142857142857,0
37623,0.5800000000000005,2.7100000000000026,0.5400000000000005,3.2500000000000027,0,TRUE,0.16615384615384615,0
37624,0,3.6300000000000034,0,3.6300000000000034,0,TRUE,0,0
37625,0,2.460000000000002,0.20000000000000018,2.6600000000000024,0,TRUE,0.07518796992481203,0
37626,0,2.330000000000002,1.4600000000000013,3.7900000000000036,0,TRUE,0.38522427440633245,0
37627,0,0.8600000000000008,3.0100000000000025,3.8700000000000037,0,TRUE,0.7777777777777777,1
37628,0,0.9100000000000008,1.3400000000000012,2.2500000000000018,0,TRUE,0.5955555555555556,1
37629,0.3600000000000003,0.9900000000000009,0.10000000000000009,1.090000000000001,0,TRUE,0.09174311926605505,0
37630,1.4400000000000013,1.180000000000001,0.020000000000000018,1.200000000000001,0,TRUE,0.016666666666666666,0
37633,0.030000000000000027,1.0000000000000009,0,1.0000000000000009,0,TRUE,0,0
37634,1.6600000000000015,1.060000000000001,0,1.060000000000001,0,TRUE,0,0
37635,2.160000000000002,1.4300000000000013,0.010000000000000009,1.4400000000000013,0,TRUE,0.006944444444444444,0
37636,0,3.6800000000000033,0,3.6800000000000033,0,TRUE,0,0
37637,0,3.8800000000000034,0,3.8800000000000034,0,TRUE,0,0
37638,0,3.9900000000000038,0,3.9900000000000038,0,TRUE,0,0
37639,0,3.9300000000000033,0,3.9300000000000033,0,TRUE,0,0
37640,0,3.280000000000003,0,3.280000000000003,0,TRUE,0,0
37641,0,2.280000000000002,0,2.280000000000002,0,TRUE,0,0
37646,0,0.5800000000000005,3.0000000000000027,3.580000000000003,0,TRUE,0.8379888268156425,1
37647,0,3.6400000000000032,0.1200000000000001,3.7600000000000033,0,TRUE,0.031914893617021274,0
37648,0,4.0000000000000036,0,4.0000000000000036,0,TRUE,0,0
37649,0,3.480000000000003,0,3.480000000000003,0,TRUE,0,0
37917,0,0,1.210000000000001,1.210000000000001,0,TRUE,1,1
37918,0,2.9400000000000026,0.8900000000000008,3.8300000000000036,0,TRUE,0.23237597911227154,0
37919,0,4.0000000000000036,0,4.0000000000000036,0,TRUE,0,0
37920,0,2.0100000000000016,0,2.0100000000000016,0,TRUE,0,0
37922,0,0.4800000000000004,0.6100000000000005,1.090000000000001,0,TRUE,0.5596330275229358,1
37928,0.7700000000000007,2.910000000000003,0.2400000000000002,3.150000000000003,0,TRUE,0.07619047619047618,0
37929,0,3.730000000000003,0,3.730000000000003,0,TRUE,0,0
37930,0,3.2500000000000027,0.3200000000000003,3.570000000000003,0,TRUE,0.0896358543417367,0
37931,0,0.8100000000000007,0.6500000000000006,1.4600000000000013,0,TRUE,0.4452054794520548,0
37932,0.13000000000000012,1.8000000000000016,0.7000000000000006,2.500000000000002,0,TRUE,0.28,0
37933,0,2.330000000000002,1.4300000000000013,3.7600000000000033,0,TRUE,0.3803191489361702,0
37934,0,3.6600000000000033,0,3.6600000000000033,0,TRUE,0,0
37935,0,3.5100000000000033,0.06000000000000005,3.570000000000003,0,TRUE,0.016806722689075633,0
37936,0,1.9200000000000017,0,1.9200000000000017,0,TRUE,0,0
37941,0,0.3200000000000003,3.580000000000003,3.9000000000000035,0,TRUE,0.9179487179487179,1
37942,0,3.9500000000000037,0.020000000000000018,3.9700000000000033,0,TRUE,0.005037783375314861,0
37943,0,2.9700000000000024,0,2.9700000000000024,0,TRUE,0,0
38213,0,1.3500000000000012,1.4500000000000013,2.8000000000000025,0,TRUE,0.5178571428571429,1
38214,0,3.8300000000000036,0,3.8300000000000036,0,TRUE,0,0
38215,0,3.320000000000003,0,3.320000000000003,0,TRUE,0,0
38221,2.7900000000000027,1.120000000000001,0,1.120000000000001,0,TRUE,0,0
38222,0.2400000000000002,3.0600000000000027,0.5100000000000005,3.570000000000003,0,TRUE,0.14285714285714288,0
38223,0,1.8900000000000017,0.8100000000000007,2.7000000000000024,0,TRUE,0.3,0
38224,0,1.050000000000001,0.5700000000000005,1.6200000000000014,0,TRUE,0.35185185185185186,0
38229,0,1.7500000000000016,0.2500000000000002,2.0000000000000018,0,TRUE,0.125,0
38230,0,1.4000000000000012,0.4400000000000004,1.8400000000000016,0,TRUE,0.2391304347826087,0
38235,0,0.08000000000000007,1.0000000000000009,1.080000000000001,0,TRUE,0.9259259259259259,1
38236,0,0.17000000000000015,3.770000000000003,3.9400000000000035,0,TRUE,0.9568527918781725,1
38237,0,2.500000000000002,0.9000000000000008,3.400000000000003,0,TRUE,0.2647058823529412,0
38494,0.10000000000000009,1.3200000000000012,0.49000000000000044,1.8100000000000016,0,TRUE,0.27071823204419887,0
38508,0,0.5200000000000005,0.8400000000000007,1.3600000000000012,0,TRUE,0.6176470588235294,1
38509,0,1.7100000000000015,0.5500000000000005,2.260000000000002,0,TRUE,0.24336283185840707,0
38510,0,1.060000000000001,0,1.060000000000001,0,TRUE,0,0
38512,0.10000000000000009,1.060000000000001,0,1.060000000000001,0,TRUE,0,0
38515,2.260000000000002,1.6500000000000015,0,1.6500000000000015,0,TRUE,0,0
38516,0.030000000000000027,3.8000000000000034,0,3.8000000000000034,0,TRUE,0,0
38517,0,2.200000000000002,0.050000000000000044,2.2500000000000018,0,TRUE,0.022222222222222223,0
38529,0,1.160000000000001,0.050000000000000044,1.210000000000001,0,TRUE,0.04132231404958678,0
38530,0,2.460000000000002,1.3600000000000012,3.8200000000000034,0,TRUE,0.35602094240837695,0
38531,0,1.4500000000000013,1.250000000000001,2.7000000000000024,0,TRUE,0.46296296296296297,0
38759,0,1.250000000000001,0.8000000000000007,2.0500000000000016,0,TRUE,0.39024390243902446,0
38771,0,0,1.3500000000000012,1.3500000000000012,0,TRUE,1,1
38780,0.050000000000000044,1.020000000000001,0,1.020000000000001,0,TRUE,0,0
38781,0.6100000000000005,1.160000000000001,0.6400000000000006,1.8000000000000016,0,TRUE,0.35555555555555557,0
38782,0,0.9800000000000009,0.07000000000000006,1.050000000000001,0,TRUE,0.06666666666666667,0
38789,0.050000000000000044,0.7800000000000007,0.3500000000000003,1.130000000000001,0,TRUE,0.30973451327433627,0
38790,0.30000000000000027,1.8700000000000017,0.4200000000000004,2.290000000000002,0,TRUE,0.18340611353711792,0
38804,0,0.8300000000000007,0.6300000000000006,1.4600000000000013,0,TRUE,0.4315068493150685,0
38809,2.490000000000002,1.2700000000000011,0,1.2700000000000011,0,TRUE,0,0
38810,0.18000000000000016,3.810000000000003,0,3.810000000000003,0,TRUE,0,0
38811,0,2.9200000000000026,0,2.9200000000000026,0,TRUE,0,0
38824,0,2.7100000000000026,0,2.7100000000000026,0,TRUE,0,0
39052,0,0.8300000000000007,0.2200000000000002,1.050000000000001,0,TRUE,0.20952380952380953,0
39053,0,1.9700000000000017,0.19000000000000017,2.160000000000002,0,TRUE,0.08796296296296297,0
39054,0,2.6800000000000024,0.13000000000000012,2.8100000000000023,0,TRUE,0.04626334519572954,0
39066,0,0,2.190000000000002,2.190000000000002,0,TRUE,1,1
39073,0.9800000000000009,0.7800000000000007,0.3100000000000003,1.090000000000001,0,TRUE,0.28440366972477066,0
39074,0,0.19000000000000017,1.220000000000001,1.4100000000000013,0,TRUE,0.8652482269503546,1
39077,0.07000000000000006,2.340000000000002,0.28000000000000025,2.6200000000000023,0,TRUE,0.10687022900763359,0
39078,0.010000000000000009,1.170000000000001,0.6900000000000006,1.8600000000000017,0,TRUE,0.3709677419354839,0
39079,0.8800000000000008,1.3300000000000012,0,1.3300000000000012,0,TRUE,0,0
39080,0.5500000000000005,1.4300000000000013,0.010000000000000009,1.4400000000000013,0,TRUE,0.006944444444444444,0
39082,0,0.6400000000000006,0.5400000000000005,1.180000000000001,0,TRUE,0.4576271186440678,0
39083,0.13000000000000012,1.6800000000000015,0.5200000000000005,2.200000000000002,0,TRUE,0.23636363636363636,0
39084,0,0.5900000000000005,0.7400000000000007,1.3300000000000012,0,TRUE,0.556390977443609,1
39085,0,2.7900000000000027,0.7500000000000007,3.540000000000003,0,TRUE,0.211864406779661,0
39086,0,1.4500000000000013,0.6900000000000006,2.140000000000002,0,TRUE,0.32242990654205606,0
39099,0,2.110000000000002,0.3300000000000003,2.440000000000002,0,TRUE,0.13524590163934427,0
39104,0.4200000000000004,3.3700000000000028,0,3.3700000000000028,0,TRUE,0,0
39105,0.2300000000000002,3.6800000000000033,0,3.6800000000000033,0,TRUE,0,0
39347,0,0.5000000000000004,1.9300000000000017,2.4300000000000024,0,TRUE,0.794238683127572,1
39348,0,1.9300000000000017,1.4000000000000012,3.3300000000000027,0,TRUE,0.42042042042042044,0
39351,0,1.160000000000001,0.050000000000000044,1.210000000000001,0,TRUE,0.04132231404958678,0
39352,0,0.16000000000000014,2.0100000000000016,2.1700000000000017,0,TRUE,0.9262672811059908,1
39353,0,0,1.8000000000000016,1.8000000000000016,0,TRUE,1,1
39361,0,0,2.8900000000000023,2.8900000000000023,0,TRUE,1,1
39362,0,0,1.8700000000000017,1.8700000000000017,0,TRUE,1,1
39363,0,0,2.160000000000002,2.160000000000002,0,TRUE,1,1
39364,0,0,2.060000000000002,2.060000000000002,0,TRUE,1,1
39365,0,0.7000000000000006,0.4700000000000004,1.170000000000001,0,TRUE,0.4017094017094017,0
39366,0,2.020000000000002,0,2.020000000000002,0,TRUE,0,0
39367,0,1.9900000000000018,0,1.9900000000000018,0,TRUE,0,0
39368,0.040000000000000036,3.0600000000000027,0,3.0600000000000027,0,TRUE,0,0
39369,0.6100000000000005,0.9600000000000009,1.7400000000000015,2.7000000000000024,0,TRUE,0.6444444444444445,1
39370,0.9700000000000009,1.9200000000000017,0,1.9200000000000017,0,TRUE,0,0
39371,0.39000000000000035,3.2900000000000027,0.010000000000000009,3.300000000000003,0,TRUE,0.0030303030303030303,0
39372,0,3.140000000000003,0.29000000000000026,3.4300000000000033,0,TRUE,0.08454810495626822,0
39373,0,3.9900000000000038,0,3.9900000000000038,0,TRUE,0,0
39374,0,3.9500000000000037,0,3.9500000000000037,0,TRUE,0,0
39375,0,3.9200000000000035,0,3.9200000000000035,0,TRUE,0,0
39376,0,3.410000000000003,0.2100000000000002,3.620000000000003,0,TRUE,0.058011049723756904,0
39377,0,3.070000000000003,0,3.070000000000003,0,TRUE,0,0
39378,0,3.0900000000000025,0,3.0900000000000025,0,TRUE,0,0
39379,0,2.030000000000002,0.39000000000000035,2.420000000000002,0,TRUE,0.16115702479338842,0
39380,0,1.0000000000000009,2.180000000000002,3.180000000000003,0,TRUE,0.6855345911949685,1
39381,0,1.120000000000001,0.6500000000000006,1.7700000000000016,0,TRUE,0.3672316384180791,0
39394,0,0.5600000000000005,0.8500000000000008,1.4100000000000013,0,TRUE,0.6028368794326241,1
39397,1.3300000000000012,1.7900000000000016,0.13000000000000012,1.9200000000000017,0,TRUE,0.06770833333333333,0
39398,2.1700000000000017,1.5600000000000014,0,1.5600000000000014,0,TRUE,0,0
39399,0.020000000000000018,3.770000000000003,0,3.770000000000003,0,TRUE,0,0
39400,0.17000000000000015,2.5500000000000025,0.20000000000000018,2.7500000000000027,0,TRUE,0.07272727272727272,0
39643,0,0.5400000000000005,2.5400000000000023,3.0800000000000027,0,TRUE,0.8246753246753247,1
39645,0,0,1.5900000000000014,1.5900000000000014,0,TRUE,1,1
39646,0,2.490000000000002,0.7300000000000006,3.220000000000003,0,TRUE,0.2267080745341615,0
39647,0,1.6900000000000015,1.6800000000000015,3.3700000000000028,0,TRUE,0.4985163204747775,0
39648,0,1.7000000000000015,1.6300000000000014,3.3300000000000027,0,TRUE,0.4894894894894895,0
39652,0,0,2.650000000000002,2.650000000000002,0,TRUE,1,1
39653,0,0,1.0000000000000009,1.0000000000000009,0,TRUE,1,1
39654,0,0,2.6800000000000024,2.6800000000000024,0,TRUE,1,1
39655,0,0.4300000000000004,3.0000000000000027,3.4300000000000033,0,TRUE,0.8746355685131195,1
39656,0,0,2.6300000000000026,2.6300000000000026,0,TRUE,1,1
39657,0,2.320000000000002,0.7600000000000007,3.0800000000000027,0,TRUE,0.24675324675324675,0
39658,0,3.1700000000000026,0.6000000000000005,3.770000000000003,0,TRUE,0.15915119363395228,0
39659,0,2.0500000000000016,1.0000000000000009,3.0500000000000025,0,TRUE,0.3278688524590164,0
39660,0,3.5900000000000034,0.030000000000000027,3.620000000000003,0,TRUE,0.008287292817679558,0
39661,0,3.030000000000003,0,3.030000000000003,0,TRUE,0,0
39662,0,3.460000000000003,0,3.460000000000003,0,TRUE,0,0
39663,0,3.110000000000003,0,3.110000000000003,0,TRUE,0,0
39664,0,3.6300000000000034,0.020000000000000018,3.650000000000003,0,TRUE,0.005479452054794521,0
39665,0.8100000000000007,2.100000000000002,0,2.100000000000002,0,TRUE,0,0
39666,0,2.320000000000002,0,2.320000000000002,0,TRUE,0,0
39667,0,2.730000000000002,0,2.730000000000002,0,TRUE,0,0
39668,0,2.340000000000002,0,2.340000000000002,0,TRUE,0,0
39669,0,2.030000000000002,0,2.030000000000002,0,TRUE,0,0
39670,0,2.4700000000000024,0,2.4700000000000024,0,TRUE,0,0
39671,0,2.9200000000000026,0,2.9200000000000026,0,TRUE,0,0
39672,0,3.360000000000003,0,3.360000000000003,0,TRUE,0,0
39673,0,2.8300000000000027,0,2.8300000000000027,0,TRUE,0,0
39674,0,3.410000000000003,0,3.410000000000003,0,TRUE,0,0
39675,0,3.9400000000000035,0,3.9400000000000035,0,TRUE,0,0
39676,0,0.9300000000000008,0.7900000000000007,1.7200000000000015,0,TRUE,0.45930232558139533,0
39689,0,1.3500000000000012,0.10000000000000009,1.4500000000000013,0,TRUE,0.06896551724137931,0
39691,1.050000000000001,0,1.7000000000000015,1.7000000000000015,0,TRUE,1,1
39692,1.8400000000000016,0.4400000000000004,1.6000000000000014,2.040000000000002,0,TRUE,0.7843137254901961,1
39694,0.7400000000000007,3.0600000000000027,0,3.0600000000000027,0,TRUE,0,0
39695,0,2.690000000000002,0,2.690000000000002,0,TRUE,0,0
39933,0,1.150000000000001,0,1.150000000000001,0,TRUE,0,0
39934,0,0.9000000000000008,0.29000000000000026,1.190000000000001,0,TRUE,0.24369747899159663,0
39936,0,1.6000000000000014,0.8200000000000007,2.420000000000002,0,TRUE,0.33884297520661155,0
39937,0,0.49000000000000044,1.6900000000000015,2.180000000000002,0,TRUE,0.7752293577981652,1
39938,0,3.110000000000003,0.6200000000000006,3.730000000000003,0,TRUE,0.16621983914209115,0
39939,0,0.4500000000000004,1.5300000000000014,1.9800000000000018,0,TRUE,0.7727272727272727,1
39940,0,0,2.080000000000002,2.080000000000002,0,TRUE,1,1
39941,0,2.4300000000000024,0.7500000000000007,3.180000000000003,0,TRUE,0.2358490566037736,0
39942,0,3.150000000000003,0,3.150000000000003,0,TRUE,0,0
39943,0,3.0600000000000027,0.030000000000000027,3.0900000000000025,0,TRUE,0.00970873786407767,0
39944,0,3.220000000000003,0.7800000000000007,4.0000000000000036,0,TRUE,0.195,0
39945,0,3.140000000000003,0.8400000000000007,3.9800000000000035,0,TRUE,0.21105527638190955,0
39946,0,3.0000000000000027,0.7700000000000007,3.770000000000003,0,TRUE,0.20424403183023873,0
39947,0,2.330000000000002,1.3400000000000012,3.6700000000000035,0,TRUE,0.36512261580381467,0
39948,0,2.100000000000002,1.8000000000000016,3.9000000000000035,0,TRUE,0.46153846153846156,0
39949,0,2.650000000000002,1.3300000000000012,3.9800000000000035,0,TRUE,0.3341708542713568,0
39950,0,2.330000000000002,0.7700000000000007,3.1000000000000028,0,TRUE,0.24838709677419354,0
39951,0,0,1.7400000000000015,1.7400000000000015,0,TRUE,1,1
39952,0,3.0200000000000027,0.40000000000000036,3.420000000000003,0,TRUE,0.11695906432748537,0
39953,0,3.8600000000000034,0,3.8600000000000034,0,TRUE,0,0
39954,0,2.8200000000000025,0.09000000000000008,2.910000000000003,0,TRUE,0.03092783505154639,0
39955,0,3.2100000000000026,0.030000000000000027,3.240000000000003,0,TRUE,0.009259259259259259,0
39956,0,2.410000000000002,0.010000000000000009,2.420000000000002,0,TRUE,0.004132231404958678,0
39957,0,2.7000000000000024,0,2.7000000000000024,0,TRUE,0,0
39958,0.37000000000000033,2.8800000000000026,0.1200000000000001,3.0000000000000027,0,TRUE,0.04,0
39959,0.2400000000000002,1.5700000000000014,0.9500000000000008,2.5200000000000022,0,TRUE,0.376984126984127,0
39960,1.3400000000000012,1.150000000000001,0.49000000000000044,1.6400000000000015,0,TRUE,0.29878048780487804,0
39961,1.8900000000000017,0.9900000000000009,0.010000000000000009,1.0000000000000009,0,TRUE,0.01,0
39962,0.7600000000000007,1.3800000000000012,1.6700000000000015,3.0500000000000025,0,TRUE,0.5475409836065575,1
39963,2.220000000000002,1.3300000000000012,0,1.3300000000000012,0,TRUE,0,0
39964,0.4800000000000004,2.290000000000002,0.7700000000000007,3.0600000000000027,0,TRUE,0.25163398692810457,0
39965,0.06000000000000005,2.8900000000000023,0.18000000000000016,3.070000000000003,0,TRUE,0.05863192182410423,0
39966,0.10000000000000009,3.7000000000000033,0,3.7000000000000033,0,TRUE,0,0
39967,1.9100000000000017,1.7300000000000015,0,1.7300000000000015,0,TRUE,0,0
39968,2.440000000000002,1.150000000000001,0,1.150000000000001,0,TRUE,0,0
39969,0.3600000000000003,3.0500000000000025,0,3.0500000000000025,0,TRUE,0,0
39970,0,3.440000000000003,0,3.440000000000003,0,TRUE,0,0
39971,0,1.6700000000000015,0.7900000000000007,2.460000000000002,0,TRUE,0.32113821138211385,0
39986,0.4600000000000004,0,2.3100000000000023,2.3100000000000023,0,TRUE,1,1
39989,2.4300000000000024,1.240000000000001,0.27000000000000024,1.5100000000000013,0,TRUE,0.17880794701986755,0
39990,0,1.7700000000000016,0.7500000000000007,2.5200000000000022,0,TRUE,0.2976190476190476,0
40222,0,0,1.5000000000000013,1.5000000000000013,0,TRUE,1,1
40227,0,0.29000000000000026,1.040000000000001,1.3300000000000012,0,TRUE,0.7819548872180451,1
40228,0,3.0100000000000025,0.08000000000000007,3.0900000000000025,0,TRUE,0.025889967637540454,0
40229,0,3.4300000000000033,0.14000000000000012,3.570000000000003,0,TRUE,0.0392156862745098,0
40230,0,3.320000000000003,0.3200000000000003,3.6400000000000032,0,TRUE,0.08791208791208792,0
40231,0,3.160000000000003,0.4600000000000004,3.620000000000003,0,TRUE,0.1270718232044199,0
40232,0,3.8400000000000034,0.050000000000000044,3.8900000000000032,0,TRUE,0.012853470437017995,0
40233,0,3.9000000000000035,0,3.9000000000000035,0,TRUE,0,0
40234,0,1.250000000000001,0,1.250000000000001,0,TRUE,0,0
40235,0,0.6700000000000006,1.6100000000000014,2.280000000000002,0,TRUE,0.706140350877193,1
40236,0,2.6700000000000026,0.19000000000000017,2.8600000000000025,0,TRUE,0.06643356643356643,0
40237,0,3.070000000000003,0,3.070000000000003,0,TRUE,0,0
40238,0,2.690000000000002,0,2.690000000000002,0,TRUE,0,0
40239,0,3.1200000000000028,0,3.1200000000000028,0,TRUE,0,0
40241,0,0.8800000000000008,1.7100000000000015,2.5900000000000025,0,TRUE,0.6602316602316601,1
40242,0,1.5800000000000014,1.5000000000000013,3.0800000000000027,0,TRUE,0.487012987012987,0
40243,0.14000000000000012,2.5400000000000023,0,2.5400000000000023,0,TRUE,0,0
40244,0.5400000000000005,2.060000000000002,0,2.060000000000002,0,TRUE,0,0
40245,0.8800000000000008,1.3100000000000012,0,1.3100000000000012,0,TRUE,0,0
40247,0.7100000000000006,0.29000000000000026,0.7300000000000006,1.020000000000001,0,TRUE,0.7156862745098039,1
40248,1.150000000000001,0.38000000000000034,1.5200000000000014,1.9000000000000017,0,TRUE,0.8,1
40249,0.14000000000000012,2.490000000000002,0.8000000000000007,3.2900000000000027,0,TRUE,0.24316109422492402,0
40250,0.020000000000000018,2.150000000000002,0,2.150000000000002,0,TRUE,0,0
40251,0,3.690000000000003,0,3.690000000000003,0,TRUE,0,0
40252,0,1.7700000000000016,0,1.7700000000000016,0,TRUE,0,0
40253,0.7100000000000006,1.4300000000000013,0,1.4300000000000013,0,TRUE,0,0
40254,0.07000000000000006,3.400000000000003,0,3.400000000000003,0,TRUE,0,0
40255,1.6500000000000015,1.4600000000000013,0.3100000000000003,1.7700000000000016,0,TRUE,0.1751412429378531,0
40256,1.4800000000000013,0.7300000000000006,1.080000000000001,1.8100000000000016,0,TRUE,0.5966850828729282,1
40257,1.7200000000000015,1.4600000000000013,0,1.4600000000000013,0,TRUE,0,0
40263,0.6200000000000006,1.9600000000000017,1.130000000000001,3.0900000000000025,0,TRUE,0.36569579288025894,0
40264,0,3.8000000000000034,0,3.8000000000000034,0,TRUE,0,0
40265,0,3.460000000000003,0,3.460000000000003,0,TRUE,0,0
40266,0,3.0600000000000027,0.6000000000000005,3.6600000000000033,0,TRUE,0.16393442622950818,0
40279,0,0,1.3300000000000012,1.3300000000000012,0,TRUE,1,1
40284,1.8300000000000016,1.6800000000000015,0.40000000000000036,2.080000000000002,0,TRUE,0.19230769230769232,0
40285,0,1.2700000000000011,0.7100000000000006,1.9800000000000018,0,TRUE,0.35858585858585856,0
40517,0,0,3.190000000000003,3.190000000000003,0,TRUE,1,1
40518,0.1200000000000001,0,2.5100000000000025,2.5100000000000025,0,TRUE,1,1
40521,0,0,1.6600000000000015,1.6600000000000015,0,TRUE,1,1
40522,0,2.2500000000000018,1.7000000000000015,3.9500000000000037,0,TRUE,0.430379746835443,0
40523,0,3.7900000000000036,0,3.7900000000000036,0,TRUE,0,0
40524,0,3.8400000000000034,0,3.8400000000000034,0,TRUE,0,0
40525,0,4.0000000000000036,0,4.0000000000000036,0,TRUE,0,0
40526,0,3.770000000000003,0,3.770000000000003,0,TRUE,0,0
40527,0,3.5900000000000034,0,3.5900000000000034,0,TRUE,0,0
40528,0,3.380000000000003,0,3.380000000000003,0,TRUE,0,0
40529,0,0.9900000000000009,0.5300000000000005,1.5200000000000014,0,TRUE,0.34868421052631576,0
40530,0,1.7000000000000015,0,1.7000000000000015,0,TRUE,0,0
40531,0.020000000000000018,3.030000000000003,0,3.030000000000003,0,TRUE,0,0
40532,0,3.520000000000003,0.010000000000000009,3.530000000000003,0,TRUE,0.0028328611898017,0
40533,1.4700000000000013,1.9500000000000017,0,1.9500000000000017,0,TRUE,0,0
40534,2.500000000000002,1.060000000000001,0,1.060000000000001,0,TRUE,0,0
40544,0.7900000000000007,2.380000000000002,0,2.380000000000002,0,TRUE,0,0
40545,0.1200000000000001,3.160000000000003,0.020000000000000018,3.180000000000003,0,TRUE,0.006289308176100629,0
40546,0,3.0400000000000027,0,3.0400000000000027,0,TRUE,0,0
40548,0,1.3600000000000012,0.050000000000000044,1.4100000000000013,0,TRUE,0.03546099290780142,0
40549,1.160000000000001,1.5700000000000014,0.4200000000000004,1.9900000000000018,0,TRUE,0.21105527638190955,0
40551,1.010000000000001,2.200000000000002,0.4400000000000004,2.6400000000000023,0,TRUE,0.16666666666666666,0
40556,2.060000000000002,1.3600000000000012,0,1.3600000000000012,0,TRUE,0,0
40557,2.910000000000003,0,1.050000000000001,1.050000000000001,0,TRUE,1,1
40558,1.8000000000000016,0,1.200000000000001,1.200000000000001,0,TRUE,1,1
40559,0.8200000000000007,0.8700000000000008,0.5900000000000005,1.4600000000000013,0,TRUE,0.4041095890410959,0
40560,0,2.180000000000002,1.4100000000000013,3.5900000000000034,0,TRUE,0.3927576601671309,0
40561,0,0.8800000000000008,0.3300000000000003,1.210000000000001,0,TRUE,0.2727272727272727,0
40562,0,0.030000000000000027,1.080000000000001,1.110000000000001,0,TRUE,0.972972972972973,1
40577,0.7600000000000007,0.7600000000000007,0.5200000000000005,1.2800000000000011,0,TRUE,0.40625,0
40578,1.9800000000000018,1.3300000000000012,0,1.3300000000000012,0,TRUE,0,0
40579,0.38000000000000034,1.6300000000000014,0.7100000000000006,2.340000000000002,0,TRUE,0.3034188034188034,0
40580,0,0.5600000000000005,0.9800000000000009,1.5400000000000014,0,TRUE,0.6363636363636364,1
40812,1.0000000000000009,0,2.080000000000002,2.080000000000002,0,TRUE,1,1
40813,0.6000000000000005,0,3.3300000000000027,3.3300000000000027,0,TRUE,1,1
40814,0,0,3.1300000000000026,3.1300000000000026,0,TRUE,1,1
40815,0,0,2.3900000000000023,2.3900000000000023,0,TRUE,1,1
40816,0,0,2.360000000000002,2.360000000000002,0,TRUE,1,1
40817,0,2.6800000000000024,1.2700000000000011,3.9500000000000037,0,TRUE,0.32151898734177214,0
40818,0,3.4300000000000033,0,3.4300000000000033,0,TRUE,0,0
40819,0,3.450000000000003,0,3.450000000000003,0,TRUE,0,0
40820,0,3.650000000000003,0,3.650000000000003,0,TRUE,0,0
40821,0,3.270000000000003,0,3.270000000000003,0,TRUE,0,0
40822,0,2.0100000000000016,0,2.0100000000000016,0,TRUE,0,0
40823,0,1.3400000000000012,0,1.3400000000000012,0,TRUE,0,0
40825,0,3.0100000000000025,0.3300000000000003,3.340000000000003,0,TRUE,0.09880239520958084,0
40826,0.6900000000000006,1.4100000000000013,0.3600000000000003,1.7700000000000016,0,TRUE,0.2033898305084746,0
40828,2.100000000000002,1.020000000000001,0,1.020000000000001,0,TRUE,0,0
40844,0.8200000000000007,2.0100000000000016,0.7700000000000007,2.7800000000000025,0,TRUE,0.27697841726618705,0
40845,0.3200000000000003,3.6800000000000033,0,3.6800000000000033,0,TRUE,0,0
40846,1.6900000000000015,1.5600000000000014,0.3100000000000003,1.8700000000000017,0,TRUE,0.1657754010695187,0
40848,1.4500000000000013,1.8900000000000017,0.4200000000000004,2.3100000000000023,0,TRUE,0.1818181818181818,0
40849,1.8200000000000016,1.9500000000000017,0,1.9500000000000017,0,TRUE,0,0
40850,2.490000000000002,1.2900000000000011,0,1.2900000000000011,0,TRUE,0,0
40855,0.5500000000000005,2.200000000000002,0.8800000000000008,3.0800000000000027,0,TRUE,0.2857142857142857,0
40856,0,2.5500000000000025,0.40000000000000036,2.950000000000003,0,TRUE,0.13559322033898305,0
40872,1.4800000000000013,1.5800000000000014,0,1.5800000000000014,0,TRUE,0,0
40873,1.4500000000000013,2.440000000000002,0,2.440000000000002,0,TRUE,0,0
40874,0,1.9000000000000017,1.8200000000000016,3.7200000000000033,0,TRUE,0.489247311827957,0
40875,0,0,2.2500000000000018,2.2500000000000018,0,TRUE,1,1
41109,1.6500000000000015,0,2.3500000000000023,2.3500000000000023,0,TRUE,1,1
41110,0,0,3.9600000000000035,3.9600000000000035,0,TRUE,1,1
41111,0,0,3.6600000000000033,3.6600000000000033,0,TRUE,1,1
41112,0,0.4700000000000004,2.500000000000002,2.9700000000000024,0,TRUE,0.8417508417508418,1
41113,0,2.7900000000000027,0,2.7900000000000027,0,TRUE,0,0
41114,0,3.2900000000000027,0,3.2900000000000027,0,TRUE,0,0
41115,0,3.520000000000003,0,3.520000000000003,0,TRUE,0,0
41116,0,3.9500000000000037,0,3.9500000000000037,0,TRUE,0,0
41117,0,2.330000000000002,0,2.330000000000002,0,TRUE,0,0
41118,1.6000000000000014,1.9600000000000017,0,1.9600000000000017,0,TRUE,0,0
41119,1.160000000000001,1.7500000000000016,0.7300000000000006,2.480000000000002,0,TRUE,0.29435483870967744,0
41120,0,3.2100000000000026,0.6100000000000005,3.8200000000000034,0,TRUE,0.15968586387434555,0
41121,0.39000000000000035,3.530000000000003,0.030000000000000027,3.560000000000003,0,TRUE,0.008426966292134831,0
41124,2.240000000000002,1.5200000000000014,0,1.5200000000000014,0,TRUE,0,0
41125,0.29000000000000026,2.990000000000003,0,2.990000000000003,0,TRUE,0,0
41126,0.8600000000000008,0.7000000000000006,0.8200000000000007,1.5200000000000014,0,TRUE,0.5394736842105263,1
41127,2.030000000000002,0.18000000000000016,1.5300000000000014,1.7100000000000015,0,TRUE,0.8947368421052632,1
41136,0,0,1.3400000000000012,1.3400000000000012,0,TRUE,1,1
41138,0,1.2800000000000011,0.010000000000000009,1.2900000000000011,0,TRUE,0.007751937984496124,0
41139,0,3.580000000000003,0,3.580000000000003,0,TRUE,0,0
41140,0.38000000000000034,2.5600000000000023,0.030000000000000027,2.5900000000000025,0,TRUE,0.011583011583011582,0
41141,0.4700000000000004,2.120000000000002,0.07000000000000006,2.190000000000002,0,TRUE,0.0319634703196347,0
41143,1.7900000000000016,0.010000000000000009,1.9000000000000017,1.9100000000000017,0,TRUE,0.9947643979057592,1
41150,1.5900000000000014,2.220000000000002,0.13000000000000012,2.3500000000000023,0,TRUE,0.05531914893617021,0
41151,0,3.9200000000000035,0,3.9200000000000035,0,TRUE,0,0
41152,0,3.360000000000003,0.040000000000000036,3.400000000000003,0,TRUE,0.011764705882352941,0
41153,0,0.5200000000000005,2.0500000000000016,2.570000000000002,0,TRUE,0.7976653696498054,1
41154,0,0.4300000000000004,1.9700000000000017,2.400000000000002,0,TRUE,0.8208333333333333,1
41165,0.20000000000000018,0,1.2700000000000011,1.2700000000000011,0,TRUE,1,1
41167,1.020000000000001,0.5800000000000005,1.010000000000001,1.5900000000000014,0,TRUE,0.6352201257861635,1
41168,2.160000000000002,1.2900000000000011,0.16000000000000014,1.4500000000000013,0,TRUE,0.1103448275862069,0
41169,0.1200000000000001,0.3600000000000003,3.1200000000000028,3.480000000000003,0,TRUE,0.896551724137931,1
41170,0,0,3.0600000000000027,3.0600000000000027,0,TRUE,1,1
41403,1.8100000000000016,0,1.3500000000000012,1.3500000000000012,0,TRUE,1,1
41405,0.9900000000000009,0,2.5500000000000025,2.5500000000000025,0,TRUE,1,1
41406,0,0,3.300000000000003,3.300000000000003,0,TRUE,1,1
41407,0,0,3.310000000000003,3.310000000000003,0,TRUE,1,1
41408,0,2.7900000000000027,0.9500000000000008,3.7400000000000033,0,TRUE,0.2540106951871658,0
41409,0,3.9100000000000037,0,3.9100000000000037,0,TRUE,0,0
41410,0.2400000000000002,3.7000000000000033,0,3.7000000000000033,0,TRUE,0,0
41411,0,4.0000000000000036,0,4.0000000000000036,0,TRUE,0,0
41412,0.3200000000000003,2.950000000000003,0,2.950000000000003,0,TRUE,0,0
41418,1.3200000000000012,0.14000000000000012,1.080000000000001,1.220000000000001,0,TRUE,0.8852459016393442,1
41419,0.5200000000000005,2.3900000000000023,0.37000000000000033,2.7600000000000025,0,TRUE,0.13405797101449277,0
41420,0,1.140000000000001,0,1.140000000000001,0,TRUE,0,0
41428,0,0,1.250000000000001,1.250000000000001,0,TRUE,1,1
41431,0,0.1200000000000001,1.6300000000000014,1.7500000000000016,0,TRUE,0.9314285714285714,1
41432,0,0.27000000000000024,2.730000000000002,3.0000000000000027,0,TRUE,0.9099999999999999,1
41433,0,0.39000000000000035,2.8000000000000025,3.190000000000003,0,TRUE,0.8777429467084639,1
41434,0,1.8600000000000017,0.4200000000000004,2.280000000000002,0,TRUE,0.18421052631578946,0
41435,0.3200000000000003,0.6800000000000006,0.9000000000000008,1.5800000000000014,0,TRUE,0.569620253164557,1
41436,0.020000000000000018,2.140000000000002,0,2.140000000000002,0,TRUE,0,0
41437,0,3.730000000000003,0.020000000000000018,3.7500000000000036,0,TRUE,0.005333333333333333,0
41438,0.040000000000000036,1.240000000000001,1.180000000000001,2.420000000000002,0,TRUE,0.48760330578512395,0
41439,0.8100000000000007,2.2700000000000022,0.4600000000000004,2.730000000000002,0,TRUE,0.1684981684981685,0
41440,2.290000000000002,1.210000000000001,0.4300000000000004,1.6400000000000015,0,TRUE,0.2621951219512195,0
41442,1.020000000000001,1.4500000000000013,0.06000000000000005,1.5100000000000013,0,TRUE,0.039735099337748346,0
41443,0.4700000000000004,2.120000000000002,0,2.120000000000002,0,TRUE,0,0
41444,1.030000000000001,2.280000000000002,0,2.280000000000002,0,TRUE,0,0
41445,0.7200000000000006,2.4700000000000024,0,2.4700000000000024,0,TRUE,0,0
41446,0,3.580000000000003,0,3.580000000000003,0,TRUE,0,0
41447,0.19000000000000017,3.6600000000000033,0,3.6600000000000033,0,TRUE,0,0
41448,0.9500000000000008,2.530000000000002,0.06000000000000005,2.5900000000000025,0,TRUE,0.023166023166023165,0
41449,0.07000000000000006,0.8800000000000008,1.200000000000001,2.080000000000002,0,TRUE,0.5769230769230769,1
41450,0,0.6200000000000006,2.7600000000000025,3.380000000000003,0,TRUE,0.8165680473372781,1
41461,0,0,1.4500000000000013,1.4500000000000013,0,TRUE,1,1
41462,1.070000000000001,0,1.8000000000000016,1.8000000000000016,0,TRUE,1,1
41463,0.4400000000000004,0,2.8200000000000025,2.8200000000000025,0,TRUE,1,1
41464,0.020000000000000018,0,3.8200000000000034,3.8200000000000034,0,TRUE,1,1
41465,0,0,3.1300000000000026,3.1300000000000026,0,TRUE,1,1
41677,0,0,1.3200000000000012,1.3200000000000012,0,TRUE,1,1
41685,0.08000000000000007,1.010000000000001,0,1.010000000000001,0,TRUE,0,0
41694,0,0,1.200000000000001,1.200000000000001,0,TRUE,1,1
41695,0.28000000000000025,0,2.360000000000002,2.360000000000002,0,TRUE,1,1
41696,0.13000000000000012,0,2.2500000000000018,2.2500000000000018,0,TRUE,1,1
41697,0.8000000000000007,0,2.450000000000002,2.450000000000002,0,TRUE,1,1
41698,0.5200000000000005,0,2.6200000000000023,2.6200000000000023,0,TRUE,1,1
41699,0,0,2.4700000000000024,2.4700000000000024,0,TRUE,1,1
41700,0.6400000000000006,0,2.8200000000000025,2.8200000000000025,0,TRUE,1,1
41701,0,0.18000000000000016,3.6300000000000034,3.810000000000003,0,TRUE,0.9527559055118111,1
41702,0,1.220000000000001,2.7500000000000027,3.9700000000000033,0,TRUE,0.6926952141057936,1
41703,0,3.190000000000003,0.7800000000000007,3.9700000000000033,0,TRUE,0.19647355163727961,0
41704,0,3.9600000000000035,0,3.9600000000000035,0,TRUE,0,0
41705,0,3.9100000000000037,0,3.9100000000000037,0,TRUE,0,0
41706,0,3.9500000000000037,0,3.9500000000000037,0,TRUE,0,0
41707,0.26000000000000023,3.7400000000000033,0,3.7400000000000033,0,TRUE,0,0
41710,1.6900000000000015,0.9100000000000008,0.8300000000000007,1.7400000000000015,0,TRUE,0.47701149425287354,0
41711,0.4600000000000004,1.9800000000000018,0.6700000000000006,2.650000000000002,0,TRUE,0.2528301886792453,0
41712,0.050000000000000044,0.2300000000000002,2.1700000000000017,2.400000000000002,0,TRUE,0.9041666666666666,1
41713,0,0,2.5100000000000025,2.5100000000000025,0,TRUE,1,1
41714,0.030000000000000027,0.020000000000000018,2.3500000000000023,2.370000000000002,0,TRUE,0.9915611814345994,1
41715,0,1.4100000000000013,0.17000000000000015,1.5800000000000014,0,TRUE,0.10759493670886076,0
41722,0,0,1.2900000000000011,1.2900000000000011,0,TRUE,1,1
41723,0,0,1.110000000000001,1.110000000000001,0,TRUE,1,1
41726,0.010000000000000009,0.10000000000000009,1.6300000000000014,1.7300000000000015,0,TRUE,0.9421965317919075,1
41727,0,0.5800000000000005,1.8100000000000016,2.3900000000000023,0,TRUE,0.7573221757322175,1
41728,0,0.3600000000000003,2.7600000000000025,3.1200000000000028,0,TRUE,0.8846153846153846,1
41729,0,1.9700000000000017,0.8000000000000007,2.7700000000000022,0,TRUE,0.2888086642599278,0
41732,0.3300000000000003,2.020000000000002,0,2.020000000000002,0,TRUE,0,0
41733,1.8800000000000017,1.9300000000000017,0,1.9300000000000017,0,TRUE,0,0
41734,0.3400000000000003,3.0500000000000025,0,3.0500000000000025,0,TRUE,0,0
41735,0,3.480000000000003,0,3.480000000000003,0,TRUE,0,0
41736,0.2200000000000002,2.0100000000000016,1.5000000000000013,3.5100000000000033,0,TRUE,0.42735042735042733,0
41737,0,1.200000000000001,1.8600000000000017,3.0600000000000027,0,TRUE,0.6078431372549019,1
41738,0.010000000000000009,3.650000000000003,0,3.650000000000003,0,TRUE,0,0
41741,1.9600000000000017,1.3200000000000012,0,1.3200000000000012,0,TRUE,0,0
41742,0.3400000000000003,2.8600000000000025,0,2.8600000000000025,0,TRUE,0,0
41743,0.20000000000000018,2.9200000000000026,0,2.9200000000000026,0,TRUE,0,0
41744,1.020000000000001,1.8500000000000016,0,1.8500000000000016,0,TRUE,0,0
41745,0.9600000000000009,1.9000000000000017,0.2400000000000002,2.140000000000002,0,TRUE,0.11214953271028037,0
41746,0.1200000000000001,2.410000000000002,0.8400000000000007,3.2500000000000027,0,TRUE,0.25846153846153846,0
41747,0.15000000000000013,0.9300000000000008,1.4200000000000013,2.3500000000000023,0,TRUE,0.6042553191489362,1
41748,0.39000000000000035,0.4700000000000004,0.5300000000000005,1.0000000000000009,0,TRUE,0.53,1
41755,0,0,3.2900000000000027,3.2900000000000027,0,TRUE,1,1
41756,0,0,2.7600000000000025,2.7600000000000025,0,TRUE,1,1
41757,0.6700000000000006,0,2.160000000000002,2.160000000000002,0,TRUE,1,1
41758,0.07000000000000006,0,2.480000000000002,2.480000000000002,0,TRUE,1,1
41759,0,0,3.530000000000003,3.530000000000003,0,TRUE,1,1
41760,0,0,2.730000000000002,2.730000000000002,0,TRUE,1,1
41971,0,0,2.7200000000000024,2.7200000000000024,0,TRUE,1,1
41972,0,0,3.310000000000003,3.310000000000003,0,TRUE,1,1
41987,1.170000000000001,0,1.7900000000000016,1.7900000000000016,0,TRUE,1,1
41988,1.3900000000000012,0,2.340000000000002,2.340000000000002,0,TRUE,1,1
41989,0.10000000000000009,0,3.140000000000003,3.140000000000003,0,TRUE,1,1
41990,0,0,3.2500000000000027,3.2500000000000027,0,TRUE,1,1
41991,0.41000000000000036,0,3.030000000000003,3.030000000000003,0,TRUE,1,1
41992,1.250000000000001,0,1.6300000000000014,1.6300000000000014,0,TRUE,1,1
41993,0,0.6800000000000006,2.190000000000002,2.8700000000000028,0,TRUE,0.7630662020905924,1
41994,0.5600000000000005,1.6500000000000015,1.5600000000000014,3.2100000000000026,0,TRUE,0.485981308411215,0
41996,1.090000000000001,2.2100000000000017,0.4800000000000004,2.690000000000002,0,TRUE,0.1784386617100372,0
41997,0.2100000000000002,3.0500000000000025,0.3300000000000003,3.380000000000003,0,TRUE,0.09763313609467456,0
41998,0.8800000000000008,1.6200000000000014,0.7500000000000007,2.370000000000002,0,TRUE,0.31645569620253167,0
41999,0.19000000000000017,2.9200000000000026,0,2.9200000000000026,0,TRUE,0,0
42000,0,3.2900000000000027,0,3.2900000000000027,0,TRUE,0,0
42001,2.2100000000000017,1.7500000000000016,0,1.7500000000000016,0,TRUE,0,0
42002,2.500000000000002,0.6200000000000006,0.39000000000000035,1.010000000000001,0,TRUE,0.38613861386138615,0
42003,1.4400000000000013,0.09000000000000008,1.4700000000000013,1.5600000000000014,0,TRUE,0.9423076923076923,1
42004,0.7000000000000006,1.190000000000001,1.7300000000000015,2.9200000000000026,0,TRUE,0.5924657534246576,1
42005,0,2.060000000000002,1.100000000000001,3.160000000000003,0,TRUE,0.34810126582278483,0
42006,0,0.4500000000000004,2.3900000000000023,2.8400000000000025,0,TRUE,0.841549295774648,1
42007,0,0.9100000000000008,1.8000000000000016,2.7100000000000026,0,TRUE,0.6642066420664207,1
42008,0,0,2.370000000000002,2.370000000000002,0,TRUE,1,1
42009,0,0,1.9800000000000018,1.9800000000000018,0,TRUE,1,1
42010,0.07000000000000006,1.4100000000000013,0.6700000000000006,2.080000000000002,0,TRUE,0.32211538461538464,0
42011,1.5600000000000014,0.4300000000000004,0.6500000000000006,1.080000000000001,0,TRUE,0.6018518518518519,1
42013,0,1.3100000000000012,0.040000000000000036,1.3500000000000012,0,TRUE,0.02962962962962963,0
42014,0,0.7200000000000006,1.7500000000000016,2.4700000000000024,0,TRUE,0.7085020242914979,1
42015,0,0,1.5300000000000014,1.5300000000000014,0,TRUE,1,1
42021,1.2600000000000011,0.2100000000000002,1.3600000000000012,1.5700000000000014,0,TRUE,0.8662420382165605,1
42022,0.17000000000000015,0,2.730000000000002,2.730000000000002,0,TRUE,1,1
42023,0,0,1.100000000000001,1.100000000000001,0,TRUE,1,1
42029,0.3100000000000003,2.990000000000003,0,2.990000000000003,0,TRUE,0,0
42030,0,4.0000000000000036,0,4.0000000000000036,0,TRUE,0,0
42031,0,3.0500000000000025,0.5200000000000005,3.570000000000003,0,TRUE,0.14565826330532214,0
42032,0,3.0200000000000027,0.5600000000000005,3.580000000000003,0,TRUE,0.1564245810055866,0
42033,0.1100000000000001,3.7900000000000036,0,3.7900000000000036,0,TRUE,0,0
42034,1.4900000000000013,2.490000000000002,0,2.490000000000002,0,TRUE,0,0
42035,0.8800000000000008,2.290000000000002,0,2.290000000000002,0,TRUE,0,0
42036,0,3.8800000000000034,0,3.8800000000000034,0,TRUE,0,0
42037,0,3.730000000000003,0,3.730000000000003,0,TRUE,0,0
42038,0.20000000000000018,2.220000000000002,0.38000000000000034,2.6000000000000023,0,TRUE,0.14615384615384616,0
42039,0,3.7500000000000036,0,3.7500000000000036,0,TRUE,0,0
42040,0,3.0600000000000027,0,3.0600000000000027,0,TRUE,0,0
42041,0.39000000000000035,2.180000000000002,0,2.180000000000002,0,TRUE,0,0
42042,0.2500000000000002,3.2500000000000027,0.15000000000000013,3.400000000000003,0,TRUE,0.04411764705882353,0
42043,0.6400000000000006,0.16000000000000014,2.2700000000000022,2.4300000000000024,0,TRUE,0.934156378600823,1
42044,0.050000000000000044,0,2.2700000000000022,2.2700000000000022,0,TRUE,1,1
42045,0,0,1.140000000000001,1.140000000000001,0,TRUE,1,1
42050,0.5100000000000005,0,3.410000000000003,3.410000000000003,0,TRUE,1,1
42051,1.5800000000000014,0,2.420000000000002,2.420000000000002,0,TRUE,1,1
42054,0,0.5000000000000004,3.0400000000000027,3.540000000000003,0,TRUE,0.8587570621468926,1
42267,0,0,3.480000000000003,3.480000000000003,0,TRUE,1,1
42268,0,0,2.3900000000000023,2.3900000000000023,0,TRUE,1,1
42269,0,0,2.990000000000003,2.990000000000003,0,TRUE,1,1
42278,0,0,1.070000000000001,1.070000000000001,0,TRUE,1,1
42281,0,0,2.8400000000000025,2.8400000000000025,0,TRUE,1,1
42282,0,0,3.6600000000000033,3.6600000000000033,0,TRUE,1,1
42283,0,0,3.450000000000003,3.450000000000003,0,TRUE,1,1
42284,0,0,3.580000000000003,3.580000000000003,0,TRUE,1,1
42288,2.300000000000002,1.7000000000000015,0,1.7000000000000015,0,TRUE,0,0
42289,1.070000000000001,2.030000000000002,0,2.030000000000002,0,TRUE,0,0
42290,1.3100000000000012,2.280000000000002,0,2.280000000000002,0,TRUE,0,0
42291,1.170000000000001,1.7300000000000015,0.020000000000000018,1.7500000000000016,0,TRUE,0.011428571428571429,0
42292,0,3.5500000000000034,0,3.5500000000000034,0,TRUE,0,0
42293,0,3.270000000000003,0.3600000000000003,3.6300000000000034,0,TRUE,0.09917355371900825,0
42294,0,3.400000000000003,0.28000000000000025,3.6800000000000033,0,TRUE,0.07608695652173914,0
42295,0,1.5000000000000013,0.9900000000000009,2.490000000000002,0,TRUE,0.3975903614457832,0
42296,0.6700000000000006,0.08000000000000007,2.6200000000000023,2.7000000000000024,0,TRUE,0.9703703703703703,1
42297,0.010000000000000009,0,1.8200000000000016,1.8200000000000016,0,TRUE,1,1
42298,0,0,1.5000000000000013,1.5000000000000013,0,TRUE,1,1
42299,0.06000000000000005,0.20000000000000018,1.9000000000000017,2.100000000000002,0,TRUE,0.9047619047619048,1
42300,0,0.40000000000000036,1.3300000000000012,1.7300000000000015,0,TRUE,0.7687861271676301,1
42306,0.09000000000000008,2.8300000000000027,0.39000000000000035,3.220000000000003,0,TRUE,0.12111801242236025,0
42314,0,0.07000000000000006,1.040000000000001,1.110000000000001,0,TRUE,0.9369369369369369,1
42315,0.14000000000000012,1.200000000000001,0.5400000000000005,1.7400000000000015,0,TRUE,0.3103448275862069,0
42316,0.2300000000000002,2.290000000000002,0.8700000000000008,3.160000000000003,0,TRUE,0.27531645569620256,0
42317,0,2.3900000000000023,1.5100000000000013,3.9000000000000035,0,TRUE,0.3871794871794872,0
42318,1.140000000000001,0,1.240000000000001,1.240000000000001,0,TRUE,1,1
42324,0.29000000000000026,2.4300000000000024,0,2.4300000000000024,0,TRUE,0,0
42325,0,3.570000000000003,0,3.570000000000003,0,TRUE,0,0
42326,0,3.9300000000000033,0,3.9300000000000033,0,TRUE,0,0
42327,0,3.8200000000000034,0,3.8200000000000034,0,TRUE,0,0
42328,0,3.9200000000000035,0,3.9200000000000035,0,TRUE,0,0
42329,0,3.7500000000000036,0,3.7500000000000036,0,TRUE,0,0
42330,0,3.600000000000003,0.16000000000000014,3.7600000000000033,0,TRUE,0.0425531914893617,0
42331,0,2.6000000000000023,0.20000000000000018,2.8000000000000025,0,TRUE,0.07142857142857142,0
42332,0.2100000000000002,2.8700000000000028,0,2.8700000000000028,0,TRUE,0,0
42333,1.4600000000000013,1.6500000000000015,0,1.6500000000000015,0,TRUE,0,0
42334,0,3.4700000000000033,0.2400000000000002,3.7100000000000035,0,TRUE,0.06469002695417789,0
42335,0,3.500000000000003,0,3.500000000000003,0,TRUE,0,0
42336,0,2.9700000000000024,0,2.9700000000000024,0,TRUE,0,0
42337,0,3.3900000000000032,0,3.3900000000000032,0,TRUE,0,0
42338,1.200000000000001,2.8000000000000025,0,2.8000000000000025,0,TRUE,0,0
42340,0.9600000000000009,1.250000000000001,0.4800000000000004,1.7300000000000015,0,TRUE,0.2774566473988439,0
42342,0,0,1.8100000000000016,1.8100000000000016,0,TRUE,1,1
42344,1.130000000000001,1.7000000000000015,0.1100000000000001,1.8100000000000016,0,TRUE,0.06077348066298342,0
42345,0.07000000000000006,3.1300000000000026,0.030000000000000027,3.160000000000003,0,TRUE,0.00949367088607595,0
42346,1.9700000000000017,1.110000000000001,0,1.110000000000001,0,TRUE,0,0
42347,1.9800000000000018,1.090000000000001,0.18000000000000016,1.2700000000000011,0,TRUE,0.14173228346456693,0
42348,0,2.400000000000002,0.26000000000000023,2.6600000000000024,0,TRUE,0.09774436090225563,0
42349,0,2.7000000000000024,0.7400000000000007,3.440000000000003,0,TRUE,0.21511627906976744,0
42561,0,0,2.2500000000000018,2.2500000000000018,0,TRUE,1,1
42562,0,0,3.7100000000000035,3.7100000000000035,0,TRUE,1,1
42563,0,0,3.6600000000000033,3.6600000000000033,0,TRUE,1,1
42564,0,0,3.150000000000003,3.150000000000003,0,TRUE,1,1
42573,0,0.8900000000000008,1.9400000000000017,2.8300000000000027,0,TRUE,0.6855123674911661,1
42574,0,0.6500000000000006,0.6900000000000006,1.3400000000000012,0,TRUE,0.5149253731343284,1
42575,0,0.3600000000000003,1.7100000000000015,2.070000000000002,0,TRUE,0.826086956521739,1
42576,0.28000000000000025,0.27000000000000024,2.7600000000000025,3.030000000000003,0,TRUE,0.9108910891089108,1
42577,1.8000000000000016,0.050000000000000044,1.7700000000000016,1.8200000000000016,0,TRUE,0.9725274725274725,1
42578,0.9000000000000008,0,2.4700000000000024,2.4700000000000024,0,TRUE,1,1
42579,0.9400000000000008,0.07000000000000006,2.9600000000000026,3.030000000000003,0,TRUE,0.9768976897689768,1
42583,1.4600000000000013,1.5600000000000014,0,1.5600000000000014,0,TRUE,0,0
42584,0,3.2100000000000026,0.08000000000000007,3.2900000000000027,0,TRUE,0.024316109422492405,0
42585,0.38000000000000034,2.8000000000000025,0.2300000000000002,3.030000000000003,0,TRUE,0.0759075907590759,0
42586,0.07000000000000006,2.9700000000000024,0.29000000000000026,3.260000000000003,0,TRUE,0.08895705521472393,0
42587,0,3.8600000000000034,0,3.8600000000000034,0,TRUE,0,0
42588,0,2.7900000000000027,0.8400000000000007,3.6300000000000034,0,TRUE,0.23140495867768593,0
42589,0,4.0000000000000036,0,4.0000000000000036,0,TRUE,0,0
42590,0,3.8600000000000034,0.010000000000000009,3.8700000000000037,0,TRUE,0.0025839793281653744,0
42591,0,1.3600000000000012,1.6000000000000014,2.9600000000000026,0,TRUE,0.5405405405405406,1
42592,0,0,1.4900000000000013,1.4900000000000013,0,TRUE,1,1
42601,0,1.140000000000001,0,1.140000000000001,0,TRUE,0,0
42602,0.3100000000000003,0.5300000000000005,1.8600000000000017,2.3900000000000023,0,TRUE,0.7782426778242677,1
42608,0.09000000000000008,0.3100000000000003,1.6900000000000015,2.0000000000000018,0,TRUE,0.845,1
42609,0,1.4300000000000013,1.8500000000000016,3.280000000000003,0,TRUE,0.5640243902439024,1
42610,0,0.7400000000000007,0.30000000000000027,1.040000000000001,0,TRUE,0.28846153846153844,0
42612,0.5400000000000005,2.500000000000002,0,2.500000000000002,0,TRUE,0,0
42620,0,1.6000000000000014,0.040000000000000036,1.6400000000000015,0,TRUE,0.024390243902439025,0
42621,0,3.8300000000000036,0,3.8300000000000036,0,TRUE,0,0
42622,0,3.1000000000000028,0,3.1000000000000028,0,TRUE,0,0
42623,0,1.4000000000000012,1.7900000000000016,3.190000000000003,0,TRUE,0.561128526645768,1
42624,0,2.080000000000002,0.5800000000000005,2.6600000000000024,0,TRUE,0.21804511278195488,0
42625,0.06000000000000005,1.020000000000001,0.7600000000000007,1.7800000000000016,0,TRUE,0.42696629213483145,0
42626,1.240000000000001,0.7500000000000007,0.9000000000000008,1.6500000000000015,0,TRUE,0.5454545454545454,1
42627,1.5600000000000014,0.08000000000000007,2.0100000000000016,2.0900000000000016,0,TRUE,0.9617224880382775,1
42628,0.9300000000000008,0.6800000000000006,0.8200000000000007,1.5000000000000013,0,TRUE,0.5466666666666666,1
42629,0,2.6800000000000024,0,2.6800000000000024,0,TRUE,0,0
42630,0,3.600000000000003,0,3.600000000000003,0,TRUE,0,0
42631,0,3.9400000000000035,0,3.9400000000000035,0,TRUE,0,0
42632,0,2.8100000000000023,0,2.8100000000000023,0,TRUE,0,0
42633,0,3.2100000000000026,0,3.2100000000000026,0,TRUE,0,0
42634,1.5100000000000013,2.460000000000002,0,2.460000000000002,0,TRUE,0,0
42638,0,2.4300000000000024,0,2.4300000000000024,0,TRUE,0,0
42639,0,3.6300000000000034,0.2100000000000002,3.8400000000000034,0,TRUE,0.0546875,0
42640,0,1.100000000000001,2.7000000000000024,3.8000000000000034,0,TRUE,0.7105263157894737,1
42641,0,3.0900000000000025,0.4500000000000004,3.540000000000003,0,TRUE,0.1271186440677966,0
42642,0,3.4300000000000033,0.20000000000000018,3.6300000000000034,0,TRUE,0.055096418732782364,0
42643,0,2.460000000000002,1.220000000000001,3.6800000000000033,0,TRUE,0.33152173913043476,0
42644,0,0.40000000000000036,2.2100000000000017,2.610000000000002,0,TRUE,0.8467432950191571,1
42856,0,0,1.2800000000000011,1.2800000000000011,0,TRUE,1,1
42857,0,0,1.3900000000000012,1.3900000000000012,0,TRUE,1,1
42858,0,0,1.130000000000001,1.130000000000001,0,TRUE,1,1
42868,0.18000000000000016,1.030000000000001,2.0500000000000016,3.0800000000000027,0,TRUE,0.6655844155844155,1
42869,0,1.110000000000001,1.200000000000001,2.3100000000000023,0,TRUE,0.5194805194805194,1
42870,1.4700000000000013,0,1.3200000000000012,1.3200000000000012,0,TRUE,1,1
42871,2.080000000000002,0.010000000000000009,1.100000000000001,1.110000000000001,0,TRUE,0.990990990990991,1
42872,1.7800000000000016,0.08000000000000007,1.7100000000000015,1.7900000000000016,0,TRUE,0.9553072625698324,1
42873,1.6000000000000014,0,2.1700000000000017,2.1700000000000017,0,TRUE,1,1
42874,0.16000000000000014,1.7400000000000015,1.7100000000000015,3.450000000000003,0,TRUE,0.4956521739130435,0
42877,0.3200000000000003,2.8900000000000023,0,2.8900000000000023,0,TRUE,0,0
42878,0.19000000000000017,3.6800000000000033,0,3.6800000000000033,0,TRUE,0,0
42879,0.4600000000000004,3.0500000000000025,0.3100000000000003,3.360000000000003,0,TRUE,0.09226190476190477,0
42880,0,3.810000000000003,0,3.810000000000003,0,TRUE,0,0
42881,0,3.530000000000003,0.14000000000000012,3.6700000000000035,0,TRUE,0.03814713896457765,0
42882,0,3.850000000000003,0,3.850000000000003,0,TRUE,0,0
42883,0,2.110000000000002,0.7900000000000007,2.9000000000000026,0,TRUE,0.27241379310344827,0
42884,0,2.400000000000002,0.6900000000000006,3.0900000000000025,0,TRUE,0.22330097087378642,0
42885,0,2.8800000000000026,0.030000000000000027,2.910000000000003,0,TRUE,0.010309278350515464,0
42886,0,1.7200000000000015,0,1.7200000000000015,0,TRUE,0,0
42903,1.030000000000001,1.210000000000001,0.8700000000000008,2.080000000000002,0,TRUE,0.4182692307692308,0
42907,1.110000000000001,1.170000000000001,0.2500000000000002,1.4200000000000013,0,TRUE,0.176056338028169,0
42908,0.9700000000000009,0.020000000000000018,1.060000000000001,1.080000000000001,0,TRUE,0.9814814814814815,1
42917,0,1.9500000000000017,0,1.9500000000000017,0,TRUE,0,0
42918,0,0.6500000000000006,0.7500000000000007,1.4000000000000012,0,TRUE,0.5357142857142857,1
42920,1.010000000000001,1.4200000000000013,0.8300000000000007,2.2500000000000018,0,TRUE,0.36888888888888893,0
42921,0.010000000000000009,1.180000000000001,2.5800000000000023,3.7600000000000033,0,TRUE,0.6861702127659575,1
42922,0,0,2.7600000000000025,2.7600000000000025,0,TRUE,1,1
42923,0,0.020000000000000018,2.4300000000000024,2.450000000000002,0,TRUE,0.9918367346938778,1
42924,0,1.3500000000000012,0,1.3500000000000012,0,TRUE,0,0
42925,0,2.5400000000000023,0,2.5400000000000023,0,TRUE,0,0
42926,0,3.7400000000000033,0,3.7400000000000033,0,TRUE,0,0
42927,0,3.2100000000000026,0.7200000000000006,3.9300000000000033,0,TRUE,0.183206106870229,0
42928,0.15000000000000013,0.6700000000000006,1.250000000000001,1.9200000000000017,0,TRUE,0.6510416666666666,1
42929,0.10000000000000009,1.110000000000001,0,1.110000000000001,0,TRUE,0,0
42930,0.20000000000000018,3.570000000000003,0,3.570000000000003,0,TRUE,0,0
42931,0.2400000000000002,3.600000000000003,0,3.600000000000003,0,TRUE,0,0
42932,0.6700000000000006,2.400000000000002,0,2.400000000000002,0,TRUE,0,0
42933,0,2.5200000000000022,0,2.5200000000000022,0,TRUE,0,0
42934,0.2300000000000002,3.320000000000003,0.3100000000000003,3.6300000000000034,0,TRUE,0.08539944903581266,0
42935,0,0.7200000000000006,3.270000000000003,3.9900000000000038,0,TRUE,0.8195488721804511,1
42936,0,3.6300000000000034,0.27000000000000024,3.9000000000000035,0,TRUE,0.06923076923076923,0
42937,0,2.8900000000000023,0.7400000000000007,3.6300000000000034,0,TRUE,0.20385674931129474,0
42938,0,1.070000000000001,2.9300000000000024,4.0000000000000036,0,TRUE,0.7324999999999999,1
42939,0,0.15000000000000013,1.8000000000000016,1.9500000000000017,0,TRUE,0.9230769230769231,1
43142,0,1.250000000000001,0.010000000000000009,1.2600000000000011,0,TRUE,0.007936507936507936,0
43161,0.2200000000000002,0.13000000000000012,1.110000000000001,1.240000000000001,0,TRUE,0.8951612903225806,1
43162,0,0,3.180000000000003,3.180000000000003,0,TRUE,1,1
43163,0,0.27000000000000024,2.8900000000000023,3.160000000000003,0,TRUE,0.9145569620253163,1
43164,0.2400000000000002,1.8300000000000016,1.230000000000001,3.0600000000000027,0,TRUE,0.4019607843137255,0
43165,1.4900000000000013,0.040000000000000036,2.380000000000002,2.420000000000002,0,TRUE,0.9834710743801653,1
43166,2.1700000000000017,0.15000000000000013,1.5200000000000014,1.6700000000000015,0,TRUE,0.9101796407185628,1
43169,1.9000000000000017,1.180000000000001,0.4200000000000004,1.6000000000000014,0,TRUE,0.2625,0
43170,0.5000000000000004,2.280000000000002,0.1100000000000001,2.3900000000000023,0,TRUE,0.046025104602510455,0
43171,0,2.3500000000000023,0.050000000000000044,2.400000000000002,0,TRUE,0.020833333333333332,0
43172,0,3.440000000000003,0,3.440000000000003,0,TRUE,0,0
43173,2.420000000000002,1.4400000000000013,0,1.4400000000000013,0,TRUE,0,0
43174,1.100000000000001,2.8300000000000027,0,2.8300000000000027,0,TRUE,0,0
43175,0,3.8300000000000036,0,3.8300000000000036,0,TRUE,0,0
43176,0,3.9000000000000035,0,3.9000000000000035,0,TRUE,0,0
43177,0,3.350000000000003,0,3.350000000000003,0,TRUE,0,0
43178,0,3.3300000000000027,0,3.3300000000000027,0,TRUE,0,0
43179,0,1.6100000000000014,1.130000000000001,2.7400000000000024,0,TRUE,0.4124087591240876,0
43180,0,0.29000000000000026,1.4600000000000013,1.7500000000000016,0,TRUE,0.8342857142857143,1
43198,0.3600000000000003,1.5400000000000014,0,1.5400000000000014,0,TRUE,0,0
43199,0,2.260000000000002,0,2.260000000000002,0,TRUE,0,0
43200,0.030000000000000027,2.160000000000002,0,2.160000000000002,0,TRUE,0,0
43201,0.030000000000000027,1.090000000000001,0.16000000000000014,1.250000000000001,0,TRUE,0.128,0
43213,0.09000000000000008,0.28000000000000025,2.200000000000002,2.480000000000002,0,TRUE,0.8870967741935484,1
43214,0.17000000000000015,3.240000000000003,0.3500000000000003,3.5900000000000034,0,TRUE,0.09749303621169916,0
43215,1.7500000000000016,0.5300000000000005,1.3400000000000012,1.8700000000000017,0,TRUE,0.7165775401069518,1
43216,0,0,3.490000000000003,3.490000000000003,0,TRUE,1,1
43218,0,0.08000000000000007,1.7300000000000015,1.8100000000000016,0,TRUE,0.9558011049723757,1
43219,0,2.6600000000000024,0,2.6600000000000024,0,TRUE,0,0
43220,0,1.3700000000000012,0,1.3700000000000012,0,TRUE,0,0
43221,0,3.8700000000000037,0,3.8700000000000037,0,TRUE,0,0
43222,0,3.440000000000003,0,3.440000000000003,0,TRUE,0,0
43223,0.30000000000000027,3.300000000000003,0,3.300000000000003,0,TRUE,0,0
43224,0,2.6700000000000026,0,2.6700000000000026,0,TRUE,0,0
43225,0,3.7900000000000036,0,3.7900000000000036,0,TRUE,0,0
43226,0.1200000000000001,3.410000000000003,0.08000000000000007,3.490000000000003,0,TRUE,0.022922636103151865,0
43227,0,2.8100000000000023,0.29000000000000026,3.1000000000000028,0,TRUE,0.0935483870967742,0
43228,0,3.3300000000000027,0,3.3300000000000027,0,TRUE,0,0
43229,0.7700000000000007,1.8800000000000017,0.8000000000000007,2.6800000000000024,0,TRUE,0.29850746268656714,0
43230,0,0.17000000000000015,3.8200000000000034,3.9900000000000038,0,TRUE,0.9573934837092731,1
43231,0,1.5900000000000014,2.080000000000002,3.6700000000000035,0,TRUE,0.5667574931880108,1
43232,0,2.7600000000000025,0.8300000000000007,3.5900000000000034,0,TRUE,0.2311977715877437,0
43233,0,0.2200000000000002,1.5700000000000014,1.7900000000000016,0,TRUE,0.8770949720670391,1
43437,0,1.0000000000000009,0.17000000000000015,1.170000000000001,0,TRUE,0.1452991452991453,0
43438,1.190000000000001,1.170000000000001,0.26000000000000023,1.4300000000000013,0,TRUE,0.18181818181818182,0
43456,0,1.3200000000000012,1.2800000000000011,2.6000000000000023,0,TRUE,0.49230769230769234,0
43457,0,0.1100000000000001,1.240000000000001,1.3500000000000012,0,TRUE,0.9185185185185185,1
43460,1.3200000000000012,1.3000000000000012,0,1.3000000000000012,0,TRUE,0,0
43461,0.7200000000000006,2.400000000000002,0,2.400000000000002,0,TRUE,0,0
43462,0.20000000000000018,2.910000000000003,0,2.910000000000003,0,TRUE,0,0
43463,0,2.4700000000000024,0.38000000000000034,2.8500000000000023,0,TRUE,0.13333333333333333,0
43464,0,1.3700000000000012,0.08000000000000007,1.4500000000000013,0,TRUE,0.05517241379310345,0
43465,0,2.2700000000000022,0.27000000000000024,2.5400000000000023,0,TRUE,0.1062992125984252,0
43466,0,2.190000000000002,0.2200000000000002,2.410000000000002,0,TRUE,0.09128630705394192,0
43467,0,3.9400000000000035,0,3.9400000000000035,0,TRUE,0,0
43468,0.9100000000000008,2.9400000000000026,0,2.9400000000000026,0,TRUE,0,0
43469,0.14000000000000012,3.6700000000000035,0,3.6700000000000035,0,TRUE,0,0
43470,0,3.7800000000000034,0,3.7800000000000034,0,TRUE,0,0
43471,0,3.650000000000003,0,3.650000000000003,0,TRUE,0,0
43472,0,1.5000000000000013,1.9700000000000017,3.4700000000000033,0,TRUE,0.5677233429394812,1
43473,0,2.8400000000000025,0.49000000000000044,3.3300000000000027,0,TRUE,0.14714714714714716,0
43474,0,3.180000000000003,0.38000000000000034,3.560000000000003,0,TRUE,0.10674157303370786,0
43475,0,1.050000000000001,2.8300000000000027,3.8800000000000034,0,TRUE,0.7293814432989691,1
43476,0,1.230000000000001,0.7800000000000007,2.0100000000000016,0,TRUE,0.3880597014925374,0
43509,0.010000000000000009,2.6200000000000023,0.5200000000000005,3.140000000000003,0,TRUE,0.16560509554140126,0
43510,0.06000000000000005,0.20000000000000018,3.230000000000003,3.4300000000000033,0,TRUE,0.9416909620991254,1
43511,0,0,1.3900000000000012,1.3900000000000012,0,TRUE,1,1
43514,0,1.3000000000000012,2.6200000000000023,3.9200000000000035,0,TRUE,0.6683673469387755,1
43515,0,2.400000000000002,0.4600000000000004,2.8600000000000025,0,TRUE,0.16083916083916083,0
43516,0,2.260000000000002,0,2.260000000000002,0,TRUE,0,0
43517,0,4.0000000000000036,0,4.0000000000000036,0,TRUE,0,0
43518,0,2.020000000000002,1.5300000000000014,3.5500000000000034,0,TRUE,0.4309859154929577,0
43519,0,1.9100000000000017,0.9400000000000008,2.8500000000000023,0,TRUE,0.3298245614035088,0
43520,0.3100000000000003,3.500000000000003,0,3.500000000000003,0,TRUE,0,0
43521,2.160000000000002,1.220000000000001,0.18000000000000016,1.4000000000000012,0,TRUE,0.12857142857142856,0
43522,0,3.7000000000000033,0,3.7000000000000033,0,TRUE,0,0
43523,0,3.400000000000003,0,3.400000000000003,0,TRUE,0,0
43524,0.3600000000000003,1.6300000000000014,1.3100000000000012,2.9400000000000026,0,TRUE,0.445578231292517,0
43525,0.010000000000000009,0,3.730000000000003,3.730000000000003,0,TRUE,1,1
43526,0,0.6500000000000006,2.460000000000002,3.110000000000003,0,TRUE,0.7909967845659164,1
43527,0,1.020000000000001,0.7700000000000007,1.7900000000000016,0,TRUE,0.4301675977653631,0
43732,0.8600000000000008,2.3900000000000023,0,2.3900000000000023,0,TRUE,0,0
43733,0.5200000000000005,2.480000000000002,0,2.480000000000002,0,TRUE,0,0
43734,0.010000000000000009,3.6300000000000034,0,3.6300000000000034,0,TRUE,0,0
43735,0,2.0000000000000018,0,2.0000000000000018,0,TRUE,0,0
43748,0,2.6600000000000024,0.1100000000000001,2.7700000000000022,0,TRUE,0.039711191335740074,0
43749,0,2.330000000000002,0,2.330000000000002,0,TRUE,0,0
43750,0,2.7400000000000024,0,2.7400000000000024,0,TRUE,0,0
43751,0,2.8900000000000023,0.010000000000000009,2.9000000000000026,0,TRUE,0.0034482758620689655,0
43752,0,3.0600000000000027,0,3.0600000000000027,0,TRUE,0,0
43754,0.9600000000000009,0,1.2600000000000011,1.2600000000000011,0,TRUE,1,1
43755,0,0.7500000000000007,0.9500000000000008,1.7000000000000015,0,TRUE,0.5588235294117647,1
43756,0,2.080000000000002,1.150000000000001,3.230000000000003,0,TRUE,0.3560371517027864,0
43757,0,1.5900000000000014,1.3500000000000012,2.9400000000000026,0,TRUE,0.45918367346938777,0
43758,0,3.490000000000003,0.07000000000000006,3.560000000000003,0,TRUE,0.019662921348314606,0
43759,0,2.260000000000002,0.06000000000000005,2.320000000000002,0,TRUE,0.02586206896551724,0
43760,0,2.4700000000000024,0.1100000000000001,2.5800000000000023,0,TRUE,0.04263565891472868,0
43761,0,1.8100000000000016,1.6100000000000014,3.420000000000003,0,TRUE,0.47076023391812866,0
43762,0,2.6800000000000024,0,2.6800000000000024,0,TRUE,0,0
43763,0,3.030000000000003,0,3.030000000000003,0,TRUE,0,0
43764,0,1.080000000000001,1.9600000000000017,3.0400000000000027,0,TRUE,0.6447368421052632,1
43765,0,2.7800000000000025,0.4200000000000004,3.200000000000003,0,TRUE,0.13125,0
43766,1.3100000000000012,1.3300000000000012,0.2200000000000002,1.5500000000000014,0,TRUE,0.14193548387096774,0
43767,0.06000000000000005,2.110000000000002,0.6700000000000006,2.7800000000000025,0,TRUE,0.24100719424460432,0
43769,0,0.7500000000000007,0.8400000000000007,1.5900000000000014,0,TRUE,0.5283018867924528,1
43770,0,0.010000000000000009,3.620000000000003,3.6300000000000034,0,TRUE,0.9972451790633609,1
43771,0,0.8000000000000007,2.8900000000000023,3.690000000000003,0,TRUE,0.7831978319783198,1
43772,0,0,2.1300000000000017,2.1300000000000017,0,TRUE,1,1
43773,0,0,2.610000000000002,2.610000000000002,0,TRUE,1,1
43774,0,0,2.7800000000000025,2.7800000000000025,0,TRUE,1,1
43775,0,0,1.070000000000001,1.070000000000001,0,TRUE,1,1
43803,0,1.9900000000000018,0,1.9900000000000018,0,TRUE,0,0
43804,0,3.0200000000000027,0.7600000000000007,3.7800000000000034,0,TRUE,0.20105820105820105,0
43805,0,0,2.9800000000000026,2.9800000000000026,0,TRUE,1,1
43809,0,0.6300000000000006,0.9100000000000008,1.5400000000000014,0,TRUE,0.5909090909090909,1
43810,0,2.650000000000002,1.150000000000001,3.8000000000000034,0,TRUE,0.3026315789473684,0
43811,0,3.9700000000000033,0,3.9700000000000033,0,TRUE,0,0
43812,0,3.6600000000000033,0,3.6600000000000033,0,TRUE,0,0
43813,0,2.610000000000002,0.9900000000000009,3.600000000000003,0,TRUE,0.275,0
43814,0,0.5500000000000005,2.360000000000002,2.910000000000003,0,TRUE,0.8109965635738831,1
43815,0,2.1700000000000017,0,2.1700000000000017,0,TRUE,0,0
43816,0.8100000000000007,2.5500000000000025,0,2.5500000000000025,0,TRUE,0,0
43817,0,4.0000000000000036,0,4.0000000000000036,0,TRUE,0,0
43818,0,2.7700000000000022,0.4500000000000004,3.220000000000003,0,TRUE,0.13975155279503104,0
43819,1.4600000000000013,1.9300000000000017,0,1.9300000000000017,0,TRUE,0,0
43820,0.37000000000000033,0.7400000000000007,2.6600000000000024,3.400000000000003,0,TRUE,0.7823529411764706,1
43821,0,1.4000000000000012,0.9100000000000008,2.3100000000000023,0,TRUE,0.3939393939393939,0
44027,0.6600000000000006,1.2900000000000011,0,1.2900000000000011,0,TRUE,0,0
44028,0.5200000000000005,2.100000000000002,0.37000000000000033,2.4700000000000024,0,TRUE,0.14979757085020243,0
44029,0,3.1300000000000026,0,3.1300000000000026,0,TRUE,0,0
44030,0,2.290000000000002,0,2.290000000000002,0,TRUE,0,0
44042,0,1.030000000000001,0,1.030000000000001,0,TRUE,0,0
44043,0,2.2100000000000017,0,2.2100000000000017,0,TRUE,0,0
44044,0,2.7900000000000027,0,2.7900000000000027,0,TRUE,0,0
44045,0,2.450000000000002,0,2.450000000000002,0,TRUE,0,0
44047,0.8200000000000007,0.9700000000000009,0.5700000000000005,1.5400000000000014,0,TRUE,0.37012987012987014,0
44048,0.20000000000000018,0,2.2500000000000018,2.2500000000000018,0,TRUE,1,1
44049,0,0,2.650000000000002,2.650000000000002,0,TRUE,1,1
44050,0,0,1.4200000000000013,1.4200000000000013,0,TRUE,1,1
44051,0,1.3300000000000012,1.4500000000000013,2.7800000000000025,0,TRUE,0.5215827338129496,1
44052,0,3.5900000000000034,0.2400000000000002,3.8300000000000036,0,TRUE,0.06266318537859007,0
44053,0,4.0000000000000036,0,4.0000000000000036,0,TRUE,0,0
44054,0,3.9100000000000037,0.09000000000000008,4.0000000000000036,0,TRUE,0.0225,0
44055,0,3.9100000000000037,0.06000000000000005,3.9700000000000033,0,TRUE,0.015113350125944586,0
44056,0.16000000000000014,3.160000000000003,0,3.160000000000003,0,TRUE,0,0
44057,0,1.200000000000001,0.2400000000000002,1.4400000000000013,0,TRUE,0.16666666666666666,0
44065,0,0,1.7100000000000015,1.7100000000000015,0,TRUE,1,1
44066,0,0,1.9700000000000017,1.9700000000000017,0,TRUE,1,1
44067,0,0,1.5600000000000014,1.5600000000000014,0,TRUE,1,1
44068,0,0,1.180000000000001,1.180000000000001,0,TRUE,1,1
44098,0.1100000000000001,1.3000000000000012,0,1.3000000000000012,0,TRUE,0,0
44099,0,2.2100000000000017,0.8400000000000007,3.0500000000000025,0,TRUE,0.2754098360655738,0
44100,0,0,3.2100000000000026,3.2100000000000026,0,TRUE,1,1
44101,0,0,1.190000000000001,1.190000000000001,0,TRUE,1,1
44106,0,1.6300000000000014,0.2400000000000002,1.8700000000000017,0,TRUE,0.12834224598930483,0
44107,0,1.6200000000000014,0,1.6200000000000014,0,TRUE,0,0
44111,0,2.6300000000000026,1.060000000000001,3.690000000000003,0,TRUE,0.2872628726287263,0
44112,0,3.230000000000003,0.5300000000000005,3.7600000000000033,0,TRUE,0.14095744680851063,0
44113,0.6200000000000006,0.020000000000000018,1.4700000000000013,1.4900000000000013,0,TRUE,0.9865771812080537,1
44114,0.6700000000000006,2.2700000000000022,0,2.2700000000000022,0,TRUE,0,0
44115,1.4800000000000013,0.5800000000000005,1.8100000000000016,2.3900000000000023,0,TRUE,0.7573221757322175,1
44321,0,2.7000000000000024,0.09000000000000008,2.7900000000000027,0,TRUE,0.03225806451612903,0
44322,0,3.0900000000000025,0,3.0900000000000025,0,TRUE,0,0
44323,0,3.810000000000003,0.020000000000000018,3.8300000000000036,0,TRUE,0.005221932114882507,0
44324,0,3.070000000000003,0.16000000000000014,3.230000000000003,0,TRUE,0.049535603715170275,0
44333,0.6900000000000006,1.050000000000001,0.040000000000000036,1.090000000000001,0,TRUE,0.03669724770642202,0
44343,0.2300000000000002,0.7100000000000006,1.4800000000000013,2.190000000000002,0,TRUE,0.6757990867579908,1
44346,0,0,1.8500000000000016,1.8500000000000016,0,TRUE,1,1
44347,0,1.6400000000000015,1.8800000000000017,3.520000000000003,0,TRUE,0.5340909090909091,1
44348,0.14000000000000012,3.7900000000000036,0,3.7900000000000036,0,TRUE,0,0
44349,0.1100000000000001,3.200000000000003,0.040000000000000036,3.240000000000003,0,TRUE,0.012345679012345678,0
44350,0,1.090000000000001,0,1.090000000000001,0,TRUE,0,0
44356,0.2500000000000002,1.4000000000000012,0.29000000000000026,1.6900000000000015,0,TRUE,0.17159763313609466,0
44405,0,0,2.110000000000002,2.110000000000002,0,TRUE,1,1
44406,0,0,2.7500000000000027,2.7500000000000027,0,TRUE,1,1
44407,0,0.050000000000000044,3.7200000000000033,3.770000000000003,0,TRUE,0.9867374005305041,1
44408,0.5000000000000004,0,3.260000000000003,3.260000000000003,0,TRUE,1,1
44410,1.170000000000001,0.9100000000000008,1.3100000000000012,2.220000000000002,0,TRUE,0.5900900900900901,1
44411,0,0.2100000000000002,1.080000000000001,1.2900000000000011,0,TRUE,0.8372093023255814,1
44615,0,3.3700000000000028,0,3.3700000000000028,0,TRUE,0,0
44616,0,4.0000000000000036,0,4.0000000000000036,0,TRUE,0,0
44617,0,3.7200000000000033,0,3.7200000000000033,0,TRUE,0,0
44618,0,2.5600000000000023,0.38000000000000034,2.9400000000000026,0,TRUE,0.1292517006802721,0
44619,0,0.5100000000000005,0.7800000000000007,1.2900000000000011,0,TRUE,0.6046511627906976,1
44625,0,1.020000000000001,0.17000000000000015,1.190000000000001,0,TRUE,0.14285714285714285,0
44626,0.08000000000000007,1.3300000000000012,0,1.3300000000000012,0,TRUE,0,0
44627,0.5500000000000005,2.370000000000002,0,2.370000000000002,0,TRUE,0,0
44628,1.8500000000000016,1.170000000000001,0.040000000000000036,1.210000000000001,0,TRUE,0.03305785123966942,0
44638,0.5700000000000005,1.7000000000000015,1.3400000000000012,3.0400000000000027,0,TRUE,0.4407894736842105,0
44639,0.040000000000000036,0.9400000000000008,2.230000000000002,3.1700000000000026,0,TRUE,0.7034700315457414,1
44640,0.07000000000000006,0,3.450000000000003,3.450000000000003,0,TRUE,1,1
44641,0,0,1.3100000000000012,1.3100000000000012,0,TRUE,1,1
44642,0,1.160000000000001,1.6400000000000015,2.8000000000000025,0,TRUE,0.5857142857142857,1
44643,0.6800000000000006,0.3500000000000003,1.3400000000000012,1.6900000000000015,0,TRUE,0.7928994082840237,1
44702,0,0,1.9800000000000018,1.9800000000000018,0,TRUE,1,1
44703,0,0,3.690000000000003,3.690000000000003,0,TRUE,1,1
44705,0.9100000000000008,1.4400000000000013,0.2300000000000002,1.6700000000000015,0,TRUE,0.1377245508982036,0
44706,0,2.180000000000002,1.5900000000000014,3.770000000000003,0,TRUE,0.4217506631299735,0
44707,0,1.050000000000001,0.38000000000000034,1.4300000000000013,0,TRUE,0.26573426573426573,0
44909,0,2.260000000000002,0,2.260000000000002,0,TRUE,0,0
44910,0,3.9900000000000038,0,3.9900000000000038,0,TRUE,0,0
44911,0,3.3300000000000027,0,3.3300000000000027,0,TRUE,0,0
44912,0,1.2600000000000011,0,1.2600000000000011,0,TRUE,0,0
44913,0,2.200000000000002,0.29000000000000026,2.490000000000002,0,TRUE,0.11646586345381527,0
44914,0,3.0000000000000027,0,3.0000000000000027,0,TRUE,0,0
44915,0,3.7000000000000033,0,3.7000000000000033,0,TRUE,0,0
44916,0,3.7800000000000034,0,3.7800000000000034,0,TRUE,0,0
44917,0,3.770000000000003,0,3.770000000000003,0,TRUE,0,0
44918,0,3.7900000000000036,0,3.7900000000000036,0,TRUE,0,0
44920,1.6600000000000015,1.040000000000001,0,1.040000000000001,0,TRUE,0,0
44921,0.30000000000000027,3.0200000000000027,0,3.0200000000000027,0,TRUE,0,0
44922,0.29000000000000026,2.1300000000000017,0.07000000000000006,2.200000000000002,0,TRUE,0.031818181818181815,0
44923,0,0.5300000000000005,0.7100000000000006,1.240000000000001,0,TRUE,0.5725806451612904,1
44931,0,0,1.5300000000000014,1.5300000000000014,0,TRUE,1,1
44932,0.37000000000000033,1.2900000000000011,0.9100000000000008,2.200000000000002,0,TRUE,0.41363636363636364,0
44933,0,2.1300000000000017,0.4300000000000004,2.5600000000000023,0,TRUE,0.16796875,0
44934,0.030000000000000027,1.150000000000001,0.7200000000000006,1.8700000000000017,0,TRUE,0.3850267379679144,0
44936,0,0,1.3200000000000012,1.3200000000000012,0,TRUE,1,1
44998,0,0,3.030000000000003,3.030000000000003,0,TRUE,1,1
44999,1.080000000000001,0,1.3700000000000012,1.3700000000000012,0,TRUE,1,1
45001,0,1.040000000000001,0.27000000000000024,1.3100000000000012,0,TRUE,0.20610687022900764,0
45002,0,0.13000000000000012,1.010000000000001,1.140000000000001,0,TRUE,0.8859649122807017,1
45203,0,1.040000000000001,0,1.040000000000001,0,TRUE,0,0
45204,0,3.8000000000000034,0,3.8000000000000034,0,TRUE,0,0
45205,0,2.8400000000000025,0,2.8400000000000025,0,TRUE,0,0
45207,0.2100000000000002,2.730000000000002,0,2.730000000000002,0,TRUE,0,0
45208,0,3.9300000000000033,0,3.9300000000000033,0,TRUE,0,0
45209,0,3.9600000000000035,0,3.9600000000000035,0,TRUE,0,0
45210,0,3.7200000000000033,0,3.7200000000000033,0,TRUE,0,0
45211,0.06000000000000005,3.570000000000003,0,3.570000000000003,0,TRUE,0,0
45212,0.5700000000000005,2.5500000000000025,0,2.5500000000000025,0,TRUE,0,0
45213,0.030000000000000027,1.6300000000000014,0,1.6300000000000014,0,TRUE,0,0
45214,0,1.8400000000000016,0.07000000000000006,1.9100000000000017,0,TRUE,0.03664921465968586,0
45215,0.040000000000000036,3.0000000000000027,0.26000000000000023,3.260000000000003,0,TRUE,0.07975460122699386,0
45216,0,1.2900000000000011,1.020000000000001,2.3100000000000023,0,TRUE,0.44155844155844154,0
45217,0,0.2400000000000002,0.9300000000000008,1.170000000000001,0,TRUE,0.7948717948717948,1
45218,0,0.7100000000000006,1.3800000000000012,2.0900000000000016,0,TRUE,0.660287081339713,1
45226,0,0,1.7800000000000016,1.7800000000000016,0,TRUE,1,1
45227,0.6800000000000006,0.3500000000000003,1.9100000000000017,2.260000000000002,0,TRUE,0.8451327433628318,1
45496,0,1.050000000000001,0.08000000000000007,1.130000000000001,0,TRUE,0.07079646017699115,0
45497,0,0.7000000000000006,0.3600000000000003,1.060000000000001,0,TRUE,0.33962264150943394,0
45498,0,3.4700000000000033,0.030000000000000027,3.500000000000003,0,TRUE,0.008571428571428572,0
45499,0,2.410000000000002,0.06000000000000005,2.4700000000000024,0,TRUE,0.0242914979757085,0
45500,0,2.8600000000000025,0,2.8600000000000025,0,TRUE,0,0
45501,0,3.7400000000000033,0,3.7400000000000033,0,TRUE,0,0
45502,0,3.6300000000000034,0,3.6300000000000034,0,TRUE,0,0
45503,0.3400000000000003,3.540000000000003,0,3.540000000000003,0,TRUE,0,0
45504,1.220000000000001,2.650000000000002,0,2.650000000000002,0,TRUE,0,0
45505,1.3500000000000012,1.8300000000000016,0,1.8300000000000016,0,TRUE,0,0
45506,0.3300000000000003,3.440000000000003,0,3.440000000000003,0,TRUE,0,0
45507,0.16000000000000014,2.9000000000000026,0.06000000000000005,2.9600000000000026,0,TRUE,0.02027027027027027,0
45508,0,1.5200000000000014,1.8400000000000016,3.360000000000003,0,TRUE,0.5476190476190477,1
45509,0,0.09000000000000008,2.400000000000002,2.490000000000002,0,TRUE,0.9638554216867471,1
45510,0,0.030000000000000027,1.6200000000000014,1.6500000000000015,0,TRUE,0.9818181818181818,1
45511,0,0.8200000000000007,2.0000000000000018,2.8200000000000025,0,TRUE,0.7092198581560284,1
45512,0,2.9800000000000026,0.7800000000000007,3.7600000000000033,0,TRUE,0.2074468085106383,0
45513,0,3.240000000000003,0.06000000000000005,3.300000000000003,0,TRUE,0.01818181818181818,0
45514,0,2.120000000000002,0.1100000000000001,2.230000000000002,0,TRUE,0.04932735426008968,0
45515,0,0.6000000000000005,0.6200000000000006,1.220000000000001,0,TRUE,0.5081967213114754,1
45523,0.7400000000000007,1.130000000000001,0.9700000000000009,2.100000000000002,0,TRUE,0.46190476190476193,0
45785,0,1.8500000000000016,0,1.8500000000000016,0,TRUE,0,0
45786,0,3.150000000000003,0.030000000000000027,3.180000000000003,0,TRUE,0.009433962264150943,0
45791,0,0.6000000000000005,0.6000000000000005,1.200000000000001,0,TRUE,0.5,1
45792,0,2.8000000000000025,0.16000000000000014,2.9600000000000026,0,TRUE,0.05405405405405406,0
45793,0,1.4900000000000013,0,1.4900000000000013,0,TRUE,0,0
45794,0,3.0000000000000027,0.15000000000000013,3.150000000000003,0,TRUE,0.047619047619047616,0
45795,0,3.8700000000000037,0,3.8700000000000037,0,TRUE,0,0
45796,0.9900000000000009,2.690000000000002,0,2.690000000000002,0,TRUE,0,0
45797,1.130000000000001,2.100000000000002,0,2.100000000000002,0,TRUE,0,0
45798,1.4500000000000013,1.8600000000000017,0,1.8600000000000017,0,TRUE,0,0
45802,1.070000000000001,1.210000000000001,1.110000000000001,2.320000000000002,0,TRUE,0.47844827586206895,0
45803,0,0.050000000000000044,3.4300000000000033,3.480000000000003,0,TRUE,0.9856321839080461,1
45804,0,0.2500000000000002,2.6400000000000023,2.8900000000000023,0,TRUE,0.9134948096885814,1
45805,0,0.9400000000000008,2.410000000000002,3.350000000000003,0,TRUE,0.7194029850746267,1
45806,0,3.600000000000003,0.010000000000000009,3.610000000000003,0,TRUE,0.002770083102493075,0
45807,0,3.150000000000003,0.7200000000000006,3.8700000000000037,0,TRUE,0.18604651162790697,0
45808,0,2.5100000000000025,0,2.5100000000000025,0,TRUE,0,0
45809,0,3.0600000000000027,0.20000000000000018,3.260000000000003,0,TRUE,0.06134969325153374,0
45810,0,1.020000000000001,0.4200000000000004,1.4400000000000013,0,TRUE,0.2916666666666667,0
45819,0.27000000000000024,1.9700000000000017,0.5300000000000005,2.500000000000002,0,TRUE,0.212,0
45820,0.3300000000000003,1.5200000000000014,0.49000000000000044,2.0100000000000016,0,TRUE,0.2437810945273632,0
45823,0,1.150000000000001,0,1.150000000000001,0,TRUE,0,0
45824,0,1.8900000000000017,0,1.8900000000000017,0,TRUE,0,0
45825,0,1.6200000000000014,0,1.6200000000000014,0,TRUE,0,0
46079,0,1.5800000000000014,0,1.5800000000000014,0,TRUE,0,0
46080,0,3.3900000000000032,0,3.3900000000000032,0,TRUE,0,0
46081,0.7100000000000006,3.0100000000000025,0.030000000000000027,3.0400000000000027,0,TRUE,0.009868421052631578,0
46082,0.2300000000000002,1.230000000000001,0.37000000000000033,1.6000000000000014,0,TRUE,0.23125,0
46085,0,0.8800000000000008,0.5500000000000005,1.4300000000000013,0,TRUE,0.38461538461538464,0
46086,0,1.3100000000000012,0.3100000000000003,1.6200000000000014,0,TRUE,0.19135802469135801,0
46088,0.050000000000000044,1.7000000000000015,0,1.7000000000000015,0,TRUE,0,0
46089,1.0000000000000009,1.7900000000000016,0.4700000000000004,2.260000000000002,0,TRUE,0.2079646017699115,0
46090,0,3.570000000000003,0,3.570000000000003,0,TRUE,0,0
46091,0.18000000000000016,1.9800000000000018,0,1.9800000000000018,0,TRUE,0,0
46092,0.06000000000000005,2.6200000000000023,0,2.6200000000000023,0,TRUE,0,0
46093,0.010000000000000009,3.8200000000000034,0,3.8200000000000034,0,TRUE,0,0
46094,0.2300000000000002,3.260000000000003,0,3.260000000000003,0,TRUE,0,0
46095,0.4300000000000004,1.020000000000001,2.220000000000002,3.240000000000003,0,TRUE,0.6851851851851852,1
46096,0.49000000000000044,0.40000000000000036,1.2700000000000011,1.6700000000000015,0,TRUE,0.7604790419161677,1
46097,0,3.0100000000000025,0.40000000000000036,3.410000000000003,0,TRUE,0.11730205278592376,0
46098,0,1.9300000000000017,1.7400000000000015,3.6700000000000035,0,TRUE,0.4741144414168937,0
46099,0,0,2.7200000000000024,2.7200000000000024,0,TRUE,1,1
46100,0,0,1.6800000000000015,1.6800000000000015,0,TRUE,1,1
46101,0,1.7700000000000016,0.8300000000000007,2.6000000000000023,0,TRUE,0.3192307692307692,0
46102,0,1.7600000000000016,0.37000000000000033,2.1300000000000017,0,TRUE,0.17370892018779344,0
46103,0,1.7500000000000016,0.08000000000000007,1.8300000000000016,0,TRUE,0.04371584699453552,0
46374,0,2.8400000000000025,0.6700000000000006,3.5100000000000033,0,TRUE,0.19088319088319086,0
46375,0.2200000000000002,1.130000000000001,1.210000000000001,2.340000000000002,0,TRUE,0.5170940170940171,1
46376,2.380000000000002,1.2700000000000011,0,1.2700000000000011,0,TRUE,0,0
46378,0.8500000000000008,0.20000000000000018,1.090000000000001,1.2900000000000011,0,TRUE,0.8449612403100775,1
46380,0,1.9500000000000017,0.6600000000000006,2.610000000000002,0,TRUE,0.25287356321839083,0
46381,0.18000000000000016,1.170000000000001,0.4800000000000004,1.6500000000000015,0,TRUE,0.2909090909090909,0
46384,0.8000000000000007,2.9700000000000024,0.030000000000000027,3.0000000000000027,0,TRUE,0.01,0
46385,0,3.420000000000003,0.1100000000000001,3.530000000000003,0,TRUE,0.0311614730878187,0
46387,0,1.170000000000001,1.8100000000000016,2.9800000000000026,0,TRUE,0.6073825503355704,1
46388,0.17000000000000015,1.6000000000000014,2.200000000000002,3.8000000000000034,0,TRUE,0.5789473684210527,1
46389,0.7800000000000007,2.120000000000002,0.4600000000000004,2.5800000000000023,0,TRUE,0.17829457364341086,0
46390,0,1.4800000000000013,1.120000000000001,2.6000000000000023,0,TRUE,0.4307692307692308,0
46391,0,0.9600000000000009,2.480000000000002,3.440000000000003,0,TRUE,0.7209302325581395,1
46392,0,3.0000000000000027,0.5500000000000005,3.5500000000000034,0,TRUE,0.15492957746478872,0
46393,0,1.6200000000000014,1.030000000000001,2.650000000000002,0,TRUE,0.3886792452830189,0
46394,0,0.4600000000000004,0.8700000000000008,1.3300000000000012,0,TRUE,0.6541353383458647,1
46395,0,0,2.120000000000002,2.120000000000002,0,TRUE,1,1
46396,0,0.5500000000000005,1.6500000000000015,2.200000000000002,0,TRUE,0.75,1
46397,0,0.9500000000000008,0.06000000000000005,1.010000000000001,0,TRUE,0.0594059405940594,0
46669,0,0.5000000000000004,0.7000000000000006,1.200000000000001,0,TRUE,0.5833333333333334,1
46670,0.3400000000000003,1.3000000000000012,1.8100000000000016,3.110000000000003,0,TRUE,0.5819935691318328,1
46671,0.1100000000000001,2.190000000000002,0.8000000000000007,2.990000000000003,0,TRUE,0.26755852842809363,0
46672,0.15000000000000013,0.7600000000000007,1.090000000000001,1.8500000000000016,0,TRUE,0.5891891891891892,1
46673,0.29000000000000026,1.4100000000000013,0.8500000000000008,2.260000000000002,0,TRUE,0.37610619469026546,0
46674,1.5800000000000014,1.7100000000000015,0.6800000000000006,2.3900000000000023,0,TRUE,0.2845188284518828,0
46675,1.3100000000000012,1.5600000000000014,0.16000000000000014,1.7200000000000015,0,TRUE,0.09302325581395349,0
46677,1.7600000000000016,1.100000000000001,0.5000000000000004,1.6000000000000014,0,TRUE,0.3125,0
46678,1.160000000000001,1.080000000000001,0.49000000000000044,1.5700000000000014,0,TRUE,0.31210191082802546,0
46679,2.2500000000000018,1.060000000000001,0.2100000000000002,1.2700000000000011,0,TRUE,0.16535433070866143,0
46680,0,0.7100000000000006,2.5900000000000025,3.300000000000003,0,TRUE,0.7848484848484849,1
46681,0,0,2.460000000000002,2.460000000000002,0,TRUE,1,1
46682,0,0,3.3900000000000032,3.3900000000000032,0,TRUE,1,1
46683,0.2200000000000002,0,3.160000000000003,3.160000000000003,0,TRUE,1,1
46684,0.9400000000000008,0.29000000000000026,1.9900000000000018,2.280000000000002,0,TRUE,0.8728070175438597,1
46685,0,0.8300000000000007,0.5100000000000005,1.3400000000000012,0,TRUE,0.3805970149253731,0
46963,0,2.060000000000002,0,2.060000000000002,0,TRUE,0,0
46964,0,1.7000000000000015,1.220000000000001,2.9200000000000026,0,TRUE,0.4178082191780822,0
46965,0.2500000000000002,1.070000000000001,0.5300000000000005,1.6000000000000014,0,TRUE,0.33125,0
46970,0,2.070000000000002,0.8100000000000007,2.8800000000000026,0,TRUE,0.28125,0
46971,0,0.6800000000000006,1.120000000000001,1.8000000000000016,0,TRUE,0.6222222222222222,1
46972,0,0.2300000000000002,2.140000000000002,2.370000000000002,0,TRUE,0.9029535864978904,1
46974,0.2500000000000002,0.6100000000000005,2.500000000000002,3.110000000000003,0,TRUE,0.8038585209003215,1
46975,0,0.9700000000000009,2.9300000000000024,3.9000000000000035,0,TRUE,0.7512820512820513,1
46976,0,0,3.440000000000003,3.440000000000003,0,TRUE,1,1
46977,0.13000000000000012,0,3.350000000000003,3.350000000000003,0,TRUE,1,1
46978,2.070000000000002,0,1.3600000000000012,1.3600000000000012,0,TRUE,1,1
46979,1.190000000000001,0,1.200000000000001,1.200000000000001,0,TRUE,1,1
46980,0,0.9600000000000009,2.2500000000000018,3.2100000000000026,0,TRUE,0.7009345794392523,1
46981,0,1.5900000000000014,0,1.5900000000000014,0,TRUE,0,0
46982,0,0,1.040000000000001,1.040000000000001,0,TRUE,1,1
47257,0,1.6500000000000015,0,1.6500000000000015,0,TRUE,0,0
47258,0,2.080000000000002,0,2.080000000000002,0,TRUE,0,0
47265,0,0.5300000000000005,2.610000000000002,3.140000000000003,0,TRUE,0.8312101910828025,1
47266,0,0,3.850000000000003,3.850000000000003,0,TRUE,1,1
47267,0,0,1.7500000000000016,1.7500000000000016,0,TRUE,1,1
47268,0.8200000000000007,0.3200000000000003,1.040000000000001,1.3600000000000012,0,TRUE,0.7647058823529411,1
47269,0.06000000000000005,2.5600000000000023,0.8400000000000007,3.400000000000003,0,TRUE,0.24705882352941178,0
47270,0,0.28000000000000025,3.0500000000000025,3.3300000000000027,0,TRUE,0.9159159159159159,1
47271,0.3600000000000003,0.16000000000000014,2.8100000000000023,2.9700000000000024,0,TRUE,0.9461279461279462,1
47272,0,0,3.8700000000000037,3.8700000000000037,0,TRUE,1,1
47273,0,0,3.6400000000000032,3.6400000000000032,0,TRUE,1,1
47274,0.9300000000000008,0,1.6200000000000014,1.6200000000000014,0,TRUE,1,1
47275,0,0,3.8900000000000032,3.8900000000000032,0,TRUE,1,1
47276,0,1.180000000000001,1.7500000000000016,2.9300000000000024,0,TRUE,0.5972696245733788,1
47277,0.7000000000000006,0.6300000000000006,0.6900000000000006,1.3200000000000012,0,TRUE,0.5227272727272727,1
47278,0.5500000000000005,1.180000000000001,0.41000000000000036,1.5900000000000014,0,TRUE,0.2578616352201258,0
47551,0,0.9500000000000008,0.17000000000000015,1.120000000000001,0,TRUE,0.15178571428571427,0
47552,0,2.570000000000002,0,2.570000000000002,0,TRUE,0,0
47559,0,0,1.100000000000001,1.100000000000001,0,TRUE,1,1
47560,0,0,3.650000000000003,3.650000000000003,0,TRUE,1,1
47561,0,0,1.7800000000000016,1.7800000000000016,0,TRUE,1,1
47562,0.020000000000000018,0,1.3800000000000012,1.3800000000000012,0,TRUE,1,1
47564,1.2900000000000011,0.040000000000000036,1.3200000000000012,1.3600000000000012,0,TRUE,0.9705882352941176,1
47565,0,0,3.460000000000003,3.460000000000003,0,TRUE,1,1
47566,0,0,3.230000000000003,3.230000000000003,0,TRUE,1,1
47567,0,0.4400000000000004,2.9300000000000024,3.3700000000000028,0,TRUE,0.8694362017804155,1
47568,0,1.020000000000001,2.5800000000000023,3.600000000000003,0,TRUE,0.7166666666666667,1
47569,0,0.7100000000000006,2.490000000000002,3.200000000000003,0,TRUE,0.778125,1
47570,0,0,1.190000000000001,1.190000000000001,0,TRUE,1,1
47571,0,0,2.060000000000002,2.060000000000002,0,TRUE,1,1
47573,0,1.3600000000000012,0,1.3600000000000012,0,TRUE,0,0
47574,0,1.8400000000000016,0,1.8400000000000016,0,TRUE,0,0
47575,1.4900000000000013,1.5800000000000014,0,1.5800000000000014,0,TRUE,0,0
47576,1.2900000000000011,2.190000000000002,0,2.190000000000002,0,TRUE,0,0
47577,0.16000000000000014,2.2500000000000018,0,2.2500000000000018,0,TRUE,0,0
47846,1.190000000000001,1.2800000000000011,0.3100000000000003,1.5900000000000014,0,TRUE,0.1949685534591195,0
47848,1.8800000000000017,0.6800000000000006,0.5600000000000005,1.240000000000001,0,TRUE,0.45161290322580644,0
47849,1.6300000000000014,0,1.020000000000001,1.020000000000001,0,TRUE,1,1
47850,1.5600000000000014,0,1.150000000000001,1.150000000000001,0,TRUE,1,1
47860,0,0.020000000000000018,2.610000000000002,2.6300000000000026,0,TRUE,0.9923954372623572,1
47861,0,1.7300000000000015,1.7100000000000015,3.440000000000003,0,TRUE,0.49709302325581395,0
47862,0,1.4800000000000013,1.7100000000000015,3.190000000000003,0,TRUE,0.5360501567398118,1
47863,0,2.020000000000002,0.6300000000000006,2.650000000000002,0,TRUE,0.2377358490566038,0
47864,0,1.220000000000001,0.08000000000000007,1.3000000000000012,0,TRUE,0.06153846153846154,0
47865,0,0.030000000000000027,2.280000000000002,2.3100000000000023,0,TRUE,0.9870129870129869,1
48140,0,1.3400000000000012,0,1.3400000000000012,0,TRUE,0,0
48141,0,2.8600000000000025,0.7200000000000006,3.580000000000003,0,TRUE,0.2011173184357542,0
48142,0.2400000000000002,1.4100000000000013,0.7000000000000006,2.110000000000002,0,TRUE,0.33175355450236965,0
48146,0,0.8700000000000008,0.7800000000000007,1.6500000000000015,0,TRUE,0.4727272727272727,0
48147,0,2.0100000000000016,0.4500000000000004,2.460000000000002,0,TRUE,0.18292682926829268,0
48148,0,2.8100000000000023,0.15000000000000013,2.9600000000000026,0,TRUE,0.05067567567567568,0
48149,0,3.7000000000000033,0.050000000000000044,3.7500000000000036,0,TRUE,0.013333333333333332,0
48150,0,2.0900000000000016,0,2.0900000000000016,0,TRUE,0,0
48154,0,0,2.5600000000000023,2.5600000000000023,0,TRUE,1,1
48155,0.49000000000000044,0.030000000000000027,1.5200000000000014,1.5500000000000014,0,TRUE,0.9806451612903225,1
48156,0.41000000000000036,2.2500000000000018,0.8300000000000007,3.0800000000000027,0,TRUE,0.2694805194805195,0
48157,0,1.2700000000000011,1.2800000000000011,2.5500000000000025,0,TRUE,0.5019607843137255,1
48159,0,2.410000000000002,0.9600000000000009,3.3700000000000028,0,TRUE,0.28486646884273,0
48160,0,0.010000000000000009,1.080000000000001,1.090000000000001,0,TRUE,0.9908256880733946,1
48440,0,1.4500000000000013,0.27000000000000024,1.7200000000000015,0,TRUE,0.1569767441860465,0
48441,0,3.420000000000003,0,3.420000000000003,0,TRUE,0,0
48442,0,3.450000000000003,0,3.450000000000003,0,TRUE,0,0
48443,0,1.4500000000000013,0.13000000000000012,1.5800000000000014,0,TRUE,0.08227848101265822,0
48448,0,0,1.220000000000001,1.220000000000001,0,TRUE,1,1
48449,0,0,3.9400000000000035,3.9400000000000035,0,TRUE,1,1
48450,0,0,3.7100000000000035,3.7100000000000035,0,TRUE,1,1
48451,0,0,3.0100000000000025,3.0100000000000025,0,TRUE,1,1
48452,0.29000000000000026,1.050000000000001,0.7200000000000006,1.7700000000000016,0,TRUE,0.4067796610169492,0
48453,0,0.3500000000000003,1.9000000000000017,2.2500000000000018,0,TRUE,0.8444444444444446,1
48454,0,0.9100000000000008,0.5100000000000005,1.4200000000000013,0,TRUE,0.3591549295774648,0
48736,0,1.7000000000000015,0,1.7000000000000015,0,TRUE,0,0
48743,0,0,3.200000000000003,3.200000000000003,0,TRUE,1,1
48744,0.4200000000000004,0,3.230000000000003,3.230000000000003,0,TRUE,1,1
48745,0,0,2.6200000000000023,2.6200000000000023,0,TRUE,1,1
48746,0,0,1.020000000000001,1.020000000000001,0,TRUE,1,1
48747,0.7300000000000006,0.4500000000000004,1.2800000000000011,1.7300000000000015,0,TRUE,0.7398843930635838,1
48748,0,0.7700000000000007,0.5200000000000005,1.2900000000000011,0,TRUE,0.40310077519379844,0
49037,0.3100000000000003,0,1.8800000000000017,1.8800000000000017,0,TRUE,1,1
49038,0,0,3.220000000000003,3.220000000000003,0,TRUE,1,1
49039,0.3200000000000003,0,2.2100000000000017,2.2100000000000017,0,TRUE,1,1
49042,0,0,1.3500000000000012,1.3500000000000012,0,TRUE,1,1
49043,0,1.6400000000000015,0.4200000000000004,2.060000000000002,0,TRUE,0.20388349514563106,0
49044,0,1.150000000000001,0.10000000000000009,1.250000000000001,0,TRUE,0.08,0
49323,0,1.030000000000001,0.14000000000000012,1.170000000000001,0,TRUE,0.11965811965811966,0
49324,0,1.060000000000001,0.26000000000000023,1.3200000000000012,0,TRUE,0.19696969696969696,0
49331,0.15000000000000013,0,2.5200000000000022,2.5200000000000022,0,TRUE,1,1
49332,0,0,3.6800000000000033,3.6800000000000033,0,TRUE,1,1
49333,0,0,3.380000000000003,3.380000000000003,0,TRUE,1,1
49339,0,1.020000000000001,0.06000000000000005,1.080000000000001,0,TRUE,0.05555555555555555,0
49618,0,2.370000000000002,0.20000000000000018,2.570000000000002,0,TRUE,0.07782101167315175,0
49619,0,2.370000000000002,0.9500000000000008,3.320000000000003,0,TRUE,0.286144578313253,0
49625,0.7400000000000007,0,1.4500000000000013,1.4500000000000013,0,TRUE,1,1
49626,0.16000000000000014,0,3.8400000000000034,3.8400000000000034,0,TRUE,1,1
49627,0,0,3.570000000000003,3.570000000000003,0,TRUE,1,1
49628,0,0,2.2500000000000018,2.2500000000000018,0,TRUE,1,1
49913,0,2.7900000000000027,0.41000000000000036,3.200000000000003,0,TRUE,0.128125,0
49914,0,2.6400000000000023,0,2.6400000000000023,0,TRUE,0,0
49915,0,1.8300000000000016,0,1.8300000000000016,0,TRUE,0,0
49920,0.3200000000000003,0,2.530000000000002,2.530000000000002,0,TRUE,1,1
49921,0,0,3.810000000000003,3.810000000000003,0,TRUE,1,1
49922,0,0,3.7100000000000035,3.7100000000000035,0,TRUE,1,1
49923,0,0,1.220000000000001,1.220000000000001,0,TRUE,1,1
50208,0,2.950000000000003,0.7000000000000006,3.650000000000003,0,TRUE,0.19178082191780824,0
50209,0,2.8500000000000023,0.4400000000000004,3.2900000000000027,0,TRUE,0.13373860182370823,0
50215,0,0,2.6400000000000023,2.6400000000000023,0,TRUE,1,1
50216,0,0,3.570000000000003,3.570000000000003,0,TRUE,1,1
50217,0,0,3.3900000000000032,3.3900000000000032,0,TRUE,1,1
50503,0,1.7000000000000015,0.9000000000000008,2.6000000000000023,0,TRUE,0.34615384615384615,0
50504,0,2.530000000000002,0,2.530000000000002,0,TRUE,0,0
50510,0,0,3.350000000000003,3.350000000000003,0,TRUE,1,1
50511,0,0,3.5900000000000034,3.5900000000000034,0,TRUE,1,1
50512,0,0,3.220000000000003,3.220000000000003,0,TRUE,1,1
50798,0,0,1.4100000000000013,1.4100000000000013,0,TRUE,1,1
50805,0,0,3.9000000000000035,3.9000000000000035,0,TRUE,1,1
50806,0,0,3.850000000000003,3.850000000000003,0,TRUE,1,1
50807,0,0,2.8800000000000026,2.8800000000000026,0,TRUE,1,1
50808,0,2.190000000000002,0.18000000000000016,2.370000000000002,0,TRUE,0.0759493670886076,0
51099,0,0,2.6200000000000023,2.6200000000000023,0,TRUE,1,1
51100,0,0,3.7900000000000036,3.7900000000000036,0,TRUE,1,1
51101,0,0,4.0000000000000036,4.0000000000000036,0,TRUE,1,1
51102,0,0,2.7000000000000024,2.7000000000000024,0,TRUE,1,1
51103,0,0.9900000000000009,0.08000000000000007,1.070000000000001,0,TRUE,0.07476635514018691,0
51389,0,1.5000000000000013,0,1.5000000000000013,0,TRUE,0,0
51394,0,0,3.260000000000003,3.260000000000003,0,TRUE,1,1
51395,0,0,3.8000000000000034,3.8000000000000034,0,TRUE,1,1
51396,0,0,4.0000000000000036,4.0000000000000036,0,TRUE,1,1
51397,0,0,1.5000000000000013,1.5000000000000013,0,TRUE,1,1
51682,0.2500000000000002,0.010000000000000009,1.090000000000001,1.100000000000001,0,TRUE,0.990909090909091,1
51683,0.2500000000000002,1.2900000000000011,0,1.2900000000000011,0,TRUE,0,0
51684,0.1100000000000001,1.020000000000001,0,1.020000000000001,0,TRUE,0,0
51689,0,0,3.420000000000003,3.420000000000003,0,TRUE,1,1
51690,0,0,3.7900000000000036,3.7900000000000036,0,TRUE,1,1
51691,0,0,4.0000000000000036,4.0000000000000036,0,TRUE,1,1
51692,0,0,1.4100000000000013,1.4100000000000013,0,TRUE,1,1
51978,0.010000000000000009,3.460000000000003,0.3600000000000003,3.8200000000000034,0,TRUE,0.09424083769633508,0
51979,0.2500000000000002,2.5200000000000022,0,2.5200000000000022,0,TRUE,0,0
51984,0,0,1.8400000000000016,1.8400000000000016,0,TRUE,1,1
51985,0,0,3.8000000000000034,3.8000000000000034,0,TRUE,1,1
51986,0,0,4.0000000000000036,4.0000000000000036,0,TRUE,1,1
51987,0,0,3.320000000000003,3.320000000000003,0,TRUE,1,1
51988,0,0,3.600000000000003,3.600000000000003,0,TRUE,1,1
52273,0,2.490000000000002,0.9500000000000008,3.440000000000003,0,TRUE,0.2761627906976744,0
52274,0,3.8300000000000036,0,3.8300000000000036,0,TRUE,0,0
52279,0,0,1.2800000000000011,1.2800000000000011,0,TRUE,1,1
52280,0,0,3.770000000000003,3.770000000000003,0,TRUE,1,1
52281,0,0,4.0000000000000036,4.0000000000000036,0,TRUE,1,1
52282,0,0,3.770000000000003,3.770000000000003,0,TRUE,1,1
52283,0,0,3.0600000000000027,3.0600000000000027,0,TRUE,1,1
52568,0,1.150000000000001,1.020000000000001,2.1700000000000017,0,TRUE,0.47004608294930883,0
52569,0,1.6000000000000014,0,1.6000000000000014,0,TRUE,0,0
52570,0.5800000000000005,2.690000000000002,0,2.690000000000002,0,TRUE,0,0
52574,0,0,1.040000000000001,1.040000000000001,0,TRUE,1,1
52575,0,0,3.8000000000000034,3.8000000000000034,0,TRUE,1,1
52576,0,0,3.7500000000000036,3.7500000000000036,0,TRUE,1,1
52577,0,0,3.0100000000000025,3.0100000000000025,0,TRUE,1,1
52598,0.28000000000000025,0.4200000000000004,0.7500000000000007,1.170000000000001,0,TRUE,0.6410256410256411,1
52864,0,2.490000000000002,0.26000000000000023,2.7500000000000027,0,TRUE,0.09454545454545454,0
52865,0.06000000000000005,3.9400000000000035,0,3.9400000000000035,0,TRUE,0,0
52866,0.18000000000000016,1.4100000000000013,0,1.4100000000000013,0,TRUE,0,0
52870,0,0.5100000000000005,1.030000000000001,1.5400000000000014,0,TRUE,0.6688311688311688,1
52871,0,0.8800000000000008,2.8100000000000023,3.690000000000003,0,TRUE,0.7615176151761518,1
52872,0,0.9100000000000008,2.7800000000000025,3.690000000000003,0,TRUE,0.7533875338753387,1
52873,0,0.020000000000000018,1.3300000000000012,1.3500000000000012,0,TRUE,0.9851851851851852,1
52888,0,0.040000000000000036,1.5800000000000014,1.6200000000000014,0,TRUE,0.9753086419753086,1
52889,0,0.18000000000000016,2.160000000000002,2.340000000000002,0,TRUE,0.9230769230769231,1
52890,0.5000000000000004,0.5000000000000004,1.7600000000000016,2.260000000000002,0,TRUE,0.7787610619469026,1
52891,1.4400000000000013,0.9800000000000009,0.4500000000000004,1.4300000000000013,0,TRUE,0.3146853146853147,0
52892,1.030000000000001,0,1.7200000000000015,1.7200000000000015,0,TRUE,1,1
52893,0.2300000000000002,0,2.8800000000000026,2.8800000000000026,0,TRUE,1,1
52894,0,0.020000000000000018,1.4000000000000012,1.4200000000000013,0,TRUE,0.9859154929577465,1
52895,0,0.3200000000000003,0.7600000000000007,1.080000000000001,0,TRUE,0.7037037037037037,1
53159,0,0.4500000000000004,1.7500000000000016,2.200000000000002,0,TRUE,0.7954545454545454,1
53160,0,1.7600000000000016,0.20000000000000018,1.9600000000000017,0,TRUE,0.10204081632653061,0
53166,0,1.010000000000001,1.8100000000000016,2.8200000000000025,0,TRUE,0.6418439716312057,1
53167,0,0.7700000000000007,3.200000000000003,3.9700000000000033,0,TRUE,0.8060453400503779,1
53168,0,0.050000000000000044,3.600000000000003,3.650000000000003,0,TRUE,0.9863013698630138,1
53181,0,0,2.460000000000002,2.460000000000002,0,TRUE,1,1
53182,0,0,2.8100000000000023,2.8100000000000023,0,TRUE,1,1
53183,0,0,3.7400000000000033,3.7400000000000033,0,TRUE,1,1
53184,0,0,3.7500000000000036,3.7500000000000036,0,TRUE,1,1
53185,0,0.8600000000000008,2.8100000000000023,3.6700000000000035,0,TRUE,0.76566757493188,1
53186,0.1200000000000001,2.160000000000002,1.030000000000001,3.190000000000003,0,TRUE,0.3228840125391849,0
53187,0.010000000000000009,1.5800000000000014,2.060000000000002,3.6400000000000032,0,TRUE,0.5659340659340659,1
53188,0,0.07000000000000006,3.420000000000003,3.490000000000003,0,TRUE,0.9799426934097422,1
53189,0,0.3400000000000003,3.110000000000003,3.450000000000003,0,TRUE,0.901449275362319,1
53190,0,0.4700000000000004,2.990000000000003,3.460000000000003,0,TRUE,0.8641618497109828,1
53191,0,0,2.140000000000002,2.140000000000002,0,TRUE,1,1
53452,0.14000000000000012,1.5000000000000013,0.29000000000000026,1.7900000000000016,0,TRUE,0.16201117318435754,0
53455,0,0.9900000000000009,1.3800000000000012,2.370000000000002,0,TRUE,0.5822784810126583,1
53456,0,0.5900000000000005,0.5200000000000005,1.110000000000001,0,TRUE,0.46846846846846846,0
53462,0,0.020000000000000018,3.0500000000000025,3.070000000000003,0,TRUE,0.9934853420195439,1
53463,0,0,3.770000000000003,3.770000000000003,0,TRUE,1,1
53464,0,0,3.7200000000000033,3.7200000000000033,0,TRUE,1,1
53465,0,0,3.450000000000003,3.450000000000003,0,TRUE,1,1
53466,0.1100000000000001,0.4200000000000004,1.9400000000000017,2.360000000000002,0,TRUE,0.8220338983050848,1
53473,0,0.040000000000000036,2.340000000000002,2.380000000000002,0,TRUE,0.9831932773109243,1
53474,0,0.30000000000000027,2.8100000000000023,3.110000000000003,0,TRUE,0.9035369774919613,1
53475,0,0,2.610000000000002,2.610000000000002,0,TRUE,1,1
53476,0,0.4600000000000004,2.6400000000000023,3.1000000000000028,0,TRUE,0.8516129032258064,1
53477,0.13000000000000012,0.6200000000000006,1.220000000000001,1.8400000000000016,0,TRUE,0.6630434782608695,1
53478,0.28000000000000025,1.4400000000000013,0.30000000000000027,1.7400000000000015,0,TRUE,0.1724137931034483,0
53481,0.7600000000000007,1.140000000000001,0.2300000000000002,1.3700000000000012,0,TRUE,0.1678832116788321,0
53482,0.41000000000000036,0.030000000000000027,1.7500000000000016,1.7800000000000016,0,TRUE,0.9831460674157303,1
53483,0.39000000000000035,0,2.690000000000002,2.690000000000002,0,TRUE,1,1
53484,0,0.6000000000000005,3.0100000000000025,3.610000000000003,0,TRUE,0.8337950138504155,1
53485,0,1.020000000000001,2.690000000000002,3.7100000000000035,0,TRUE,0.7250673854447438,1
53486,0,1.7800000000000016,1.6900000000000015,3.4700000000000033,0,TRUE,0.48703170028818443,0
53487,0,0.6900000000000006,2.6600000000000024,3.350000000000003,0,TRUE,0.7940298507462686,1
53488,0,0,1.030000000000001,1.030000000000001,0,TRUE,1,1
53751,0,0.8400000000000007,1.230000000000001,2.070000000000002,0,TRUE,0.5942028985507246,1
53752,0,1.6400000000000015,0.7000000000000006,2.340000000000002,0,TRUE,0.29914529914529914,0
53758,0,0,2.480000000000002,2.480000000000002,0,TRUE,1,1
53759,0,0,3.410000000000003,3.410000000000003,0,TRUE,1,1
53760,0,0.1200000000000001,3.3700000000000028,3.490000000000003,0,TRUE,0.9656160458452722,1
53761,0,1.080000000000001,2.650000000000002,3.730000000000003,0,TRUE,0.710455764075067,1
53762,0,0.15000000000000013,3.3300000000000027,3.480000000000003,0,TRUE,0.9568965517241379,1
53763,0,0,1.5800000000000014,1.5800000000000014,0,TRUE,1,1
53766,0.4300000000000004,0,1.2600000000000011,1.2600000000000011,0,TRUE,1,1
53767,0.41000000000000036,0,3.1700000000000026,3.1700000000000026,0,TRUE,1,1
53768,0.4500000000000004,0.3200000000000003,1.8900000000000017,2.2100000000000017,0,TRUE,0.8552036199095023,1
53775,2.230000000000002,1.3600000000000012,0,1.3600000000000012,0,TRUE,0,0
53777,0.8200000000000007,0,1.4300000000000013,1.4300000000000013,0,TRUE,1,1
53779,1.7200000000000015,0,1.4900000000000013,1.4900000000000013,0,TRUE,1,1
53780,0,0.7000000000000006,2.5200000000000022,3.220000000000003,0,TRUE,0.782608695652174,1
53781,0,0.4500000000000004,2.8300000000000027,3.280000000000003,0,TRUE,0.8628048780487806,1
53782,0,0.2100000000000002,3.240000000000003,3.450000000000003,0,TRUE,0.9391304347826087,1
53783,0,0.18000000000000016,3.160000000000003,3.340000000000003,0,TRUE,0.9461077844311377,1
53784,0,1.230000000000001,2.150000000000002,3.380000000000003,0,TRUE,0.636094674556213,1
53785,0.07000000000000006,1.0000000000000009,0,1.0000000000000009,0,TRUE,0,0
53786,0,0.6400000000000006,0.4200000000000004,1.060000000000001,0,TRUE,0.39622641509433965,0
53787,0,0.1100000000000001,0.9300000000000008,1.040000000000001,0,TRUE,0.8942307692307693,1
53789,0,0,1.090000000000001,1.090000000000001,0,TRUE,1,1
54045,0,0,1.7800000000000016,1.7800000000000016,0,TRUE,1,1
54046,0,1.4200000000000013,1.9500000000000017,3.3700000000000028,0,TRUE,0.5786350148367952,1
54047,0,0.9700000000000009,0.4800000000000004,1.4500000000000013,0,TRUE,0.3310344827586207,0
54054,0,0,2.650000000000002,2.650000000000002,0,TRUE,1,1
54055,0,0.37000000000000033,2.7500000000000027,3.1200000000000028,0,TRUE,0.8814102564102565,1
54056,0,0,3.770000000000003,3.770000000000003,0,TRUE,1,1
54057,0,0.38000000000000034,3.500000000000003,3.8800000000000034,0,TRUE,0.9020618556701031,1
54058,0.040000000000000036,0.4600000000000004,3.200000000000003,3.6600000000000033,0,TRUE,0.8743169398907104,1
54059,0.8800000000000008,0,1.090000000000001,1.090000000000001,0,TRUE,1,1
54065,2.290000000000002,0,1.5000000000000013,1.5000000000000013,0,TRUE,1,1
54066,0.20000000000000018,0,3.310000000000003,3.310000000000003,0,TRUE,1,1
54067,0,0.6400000000000006,2.380000000000002,3.0200000000000027,0,TRUE,0.7880794701986755,1
54068,0,1.9800000000000018,1.060000000000001,3.0400000000000027,0,TRUE,0.34868421052631576,0
54069,0,0.8400000000000007,1.9900000000000018,2.8300000000000027,0,TRUE,0.7031802120141342,1
54070,0,2.5600000000000023,0.6800000000000006,3.240000000000003,0,TRUE,0.20987654320987653,0
54075,0.8900000000000008,0.07000000000000006,1.9600000000000017,2.030000000000002,0,TRUE,0.9655172413793103,1
54076,0.8800000000000008,0.050000000000000044,2.5500000000000025,2.6000000000000023,0,TRUE,0.9807692307692308,1
54077,0.020000000000000018,0,3.540000000000003,3.540000000000003,0,TRUE,1,1
54078,0,0.3600000000000003,2.950000000000003,3.310000000000003,0,TRUE,0.8912386706948641,1
54079,0,2.420000000000002,1.2700000000000011,3.690000000000003,0,TRUE,0.3441734417344174,0
54080,0,3.1000000000000028,0,3.1000000000000028,0,TRUE,0,0
54081,0,4.0000000000000036,0,4.0000000000000036,0,TRUE,0,0
54082,0,3.450000000000003,0.3100000000000003,3.7600000000000033,0,TRUE,0.08244680851063829,0
54083,0,1.050000000000001,1.8100000000000016,2.8600000000000025,0,TRUE,0.6328671328671329,1
54084,0.8900000000000008,0,2.2700000000000022,2.2700000000000022,0,TRUE,1,1
54350,0,0,1.3600000000000012,1.3600000000000012,0,TRUE,1,1
54351,0,0,1.7500000000000016,1.7500000000000016,0,TRUE,1,1
54352,0,0,1.5200000000000014,1.5200000000000014,0,TRUE,1,1
54357,0,0,1.5100000000000013,1.5100000000000013,0,TRUE,1,1
54359,0,0,2.7100000000000026,2.7100000000000026,0,TRUE,1,1
54360,0,0,3.7200000000000033,3.7200000000000033,0,TRUE,1,1
54361,0.9600000000000009,0,2.8200000000000025,2.8200000000000025,0,TRUE,1,1
54362,0,0.30000000000000027,3.5100000000000033,3.810000000000003,0,TRUE,0.9212598425196852,1
54363,0,2.6800000000000024,0.10000000000000009,2.7800000000000025,0,TRUE,0.03597122302158273,0
54364,0,0.20000000000000018,2.990000000000003,3.190000000000003,0,TRUE,0.9373040752351097,1
54365,0,0,2.110000000000002,2.110000000000002,0,TRUE,1,1
54366,0,0,1.9700000000000017,1.9700000000000017,0,TRUE,1,1
54367,1.250000000000001,0,2.7100000000000026,2.7100000000000026,0,TRUE,1,1
54369,1.130000000000001,0,2.7100000000000026,2.7100000000000026,0,TRUE,1,1
54371,1.4800000000000013,0,1.6600000000000015,1.6600000000000015,0,TRUE,1,1
54372,0.28000000000000025,0,3.3900000000000032,3.3900000000000032,0,TRUE,1,1
54373,0,0,3.7100000000000035,3.7100000000000035,0,TRUE,1,1
54374,0,0.6200000000000006,2.690000000000002,3.310000000000003,0,TRUE,0.8126888217522658,1
54375,0.3100000000000003,2.9700000000000024,0,2.9700000000000024,0,TRUE,0,0
54376,0.08000000000000007,3.5900000000000034,0,3.5900000000000034,0,TRUE,0,0
54377,0.30000000000000027,3.380000000000003,0.16000000000000014,3.540000000000003,0,TRUE,0.04519774011299435,0
54378,2.340000000000002,1.230000000000001,0.09000000000000008,1.3200000000000012,0,TRUE,0.06818181818181818,0
54379,0.6500000000000006,0.9100000000000008,2.040000000000002,2.950000000000003,0,TRUE,0.6915254237288135,1
54380,0,0.9400000000000008,0.8500000000000008,1.7900000000000016,0,TRUE,0.4748603351955307,0
54649,1.140000000000001,0.5500000000000005,0.8500000000000008,1.4000000000000012,0,TRUE,0.6071428571428571,1
54651,0,0,2.380000000000002,2.380000000000002,0,TRUE,1,1
54652,0,0,3.4700000000000033,3.4700000000000033,0,TRUE,1,1
54653,0.5800000000000005,0,1.8000000000000016,1.8000000000000016,0,TRUE,1,1
54655,0.40000000000000036,1.170000000000001,1.080000000000001,2.2500000000000018,0,TRUE,0.48000000000000004,0
54656,1.9600000000000017,0.8000000000000007,1.010000000000001,1.8100000000000016,0,TRUE,0.5580110497237569,1
54657,1.020000000000001,0,2.690000000000002,2.690000000000002,0,TRUE,1,1
54658,0,0,1.8300000000000016,1.8300000000000016,0,TRUE,1,1
54661,0.40000000000000036,0,1.070000000000001,1.070000000000001,0,TRUE,1,1
54662,2.020000000000002,0,1.8800000000000017,1.8800000000000017,0,TRUE,1,1
54664,0.08000000000000007,0,3.7200000000000033,3.7200000000000033,0,TRUE,1,1
54665,0.5300000000000005,0,3.4700000000000033,3.4700000000000033,0,TRUE,1,1
54666,2.020000000000002,0,1.140000000000001,1.140000000000001,0,TRUE,1,1
54667,0.9200000000000008,0,2.7200000000000024,2.7200000000000024,0,TRUE,1,1
54668,0.030000000000000027,0,3.8800000000000034,3.8800000000000034,0,TRUE,1,1
54669,0.020000000000000018,0.6200000000000006,2.8800000000000026,3.500000000000003,0,TRUE,0.8228571428571428,1
54670,0,3.450000000000003,0.030000000000000027,3.480000000000003,0,TRUE,0.008620689655172414,0
54671,0,3.8400000000000034,0,3.8400000000000034,0,TRUE,0,0
54672,0.030000000000000027,3.8300000000000036,0,3.8300000000000036,0,TRUE,0,0
54673,0.38000000000000034,2.9400000000000026,0.3500000000000003,3.2900000000000027,0,TRUE,0.10638297872340426,0
54674,0,3.280000000000003,0.6000000000000005,3.8800000000000034,0,TRUE,0.15463917525773196,0
54942,0.9300000000000008,0,1.090000000000001,1.090000000000001,0,TRUE,1,1
54943,1.150000000000001,1.3200000000000012,0.7500000000000007,2.070000000000002,0,TRUE,0.3623188405797101,0
54944,0,0.10000000000000009,3.8800000000000034,3.9800000000000035,0,TRUE,0.9748743718592965,1
54945,0.6500000000000006,0,2.5100000000000025,2.5100000000000025,0,TRUE,1,1
54946,0,0,2.450000000000002,2.450000000000002,0,TRUE,1,1
54947,0,0,1.030000000000001,1.030000000000001,0,TRUE,1,1
54948,0.1200000000000001,0,1.5300000000000014,1.5300000000000014,0,TRUE,1,1
54950,0.5500000000000005,0.4500000000000004,2.7100000000000026,3.160000000000003,0,TRUE,0.8575949367088608,1
54951,0.19000000000000017,3.0600000000000027,0.3200000000000003,3.380000000000003,0,TRUE,0.09467455621301775,0
54953,0,0,1.200000000000001,1.200000000000001,0,TRUE,1,1
54959,0.19000000000000017,0,1.9000000000000017,1.9000000000000017,0,TRUE,1,1
54960,0,0,3.8000000000000034,3.8000000000000034,0,TRUE,1,1
54962,1.9200000000000017,0,1.7500000000000016,1.7500000000000016,0,TRUE,1,1
54963,0.2200000000000002,0,3.260000000000003,3.260000000000003,0,TRUE,1,1
54964,0.16000000000000014,0.5400000000000005,2.7200000000000024,3.260000000000003,0,TRUE,0.8343558282208589,1
54965,0,2.7600000000000025,0.8500000000000008,3.610000000000003,0,TRUE,0.23545706371191139,0
54966,0,3.320000000000003,0.4500000000000004,3.770000000000003,0,TRUE,0.1193633952254642,0
54967,0,4.0000000000000036,0,4.0000000000000036,0,TRUE,0,0
54968,0,3.9600000000000035,0,3.9600000000000035,0,TRUE,0,0
54969,0,3.9400000000000035,0,3.9400000000000035,0,TRUE,0,0
54970,0,1.5000000000000013,0,1.5000000000000013,0,TRUE,0,0
55227,0.10000000000000009,1.3100000000000012,0,1.3100000000000012,0,TRUE,0,0
55228,0.1200000000000001,3.3300000000000027,0.28000000000000025,3.610000000000003,0,TRUE,0.0775623268698061,0
55229,0,0.9000000000000008,1.8100000000000016,2.7100000000000026,0,TRUE,0.6678966789667896,1
55236,0.6300000000000006,0.10000000000000009,2.150000000000002,2.2500000000000018,0,TRUE,0.9555555555555557,1
55237,0,0,3.9700000000000033,3.9700000000000033,0,TRUE,1,1
55238,0.3300000000000003,0,2.6800000000000024,2.6800000000000024,0,TRUE,1,1
55239,0,1.0000000000000009,1.6600000000000015,2.6600000000000024,0,TRUE,0.6240601503759399,1
55240,0,0,3.620000000000003,3.620000000000003,0,TRUE,1,1
55241,0,0,2.1700000000000017,2.1700000000000017,0,TRUE,1,1
55243,0,0,1.6800000000000015,1.6800000000000015,0,TRUE,1,1
55244,0,0,3.0600000000000027,3.0600000000000027,0,TRUE,1,1
55245,0,0,2.8000000000000025,2.8000000000000025,0,TRUE,1,1
55246,0.26000000000000023,0.5600000000000005,1.9100000000000017,2.4700000000000024,0,TRUE,0.7732793522267206,1
55247,1.090000000000001,0.5700000000000005,0.7500000000000007,1.3200000000000012,0,TRUE,0.5681818181818182,1
55254,0.040000000000000036,0,1.5300000000000014,1.5300000000000014,0,TRUE,1,1
55255,0.4500000000000004,0,3.0000000000000027,3.0000000000000027,0,TRUE,1,1
55256,1.3100000000000012,0,2.070000000000002,2.070000000000002,0,TRUE,1,1
55257,1.7600000000000016,0,1.4200000000000013,1.4200000000000013,0,TRUE,1,1
55258,0,0.29000000000000026,3.3900000000000032,3.6800000000000033,0,TRUE,0.9211956521739131,1
55259,0,0.5400000000000005,3.0400000000000027,3.580000000000003,0,TRUE,0.8491620111731844,1
55260,0,3.0200000000000027,0.9800000000000009,4.0000000000000036,0,TRUE,0.245,0
55261,0,3.850000000000003,0,3.850000000000003,0,TRUE,0,0
55262,0,2.570000000000002,1.250000000000001,3.8200000000000034,0,TRUE,0.32722513089005234,0
55263,0,3.1300000000000026,0.4800000000000004,3.610000000000003,0,TRUE,0.1329639889196676,0
55264,0,3.7000000000000033,0,3.7000000000000033,0,TRUE,0,0
55265,0,1.080000000000001,0,1.080000000000001,0,TRUE,0,0
55520,0.41000000000000036,2.140000000000002,0.16000000000000014,2.300000000000002,0,TRUE,0.06956521739130435,0
55521,0.3500000000000003,2.8100000000000023,0,2.8100000000000023,0,TRUE,0,0
55522,2.120000000000002,1.090000000000001,0,1.090000000000001,0,TRUE,0,0
55523,2.340000000000002,1.4800000000000013,0.08000000000000007,1.5600000000000014,0,TRUE,0.05128205128205128,0
55524,2.080000000000002,0.5900000000000005,0.4800000000000004,1.070000000000001,0,TRUE,0.4485981308411215,0
55530,1.7700000000000016,1.060000000000001,0.20000000000000018,1.2600000000000011,0,TRUE,0.15873015873015872,0
55532,1.230000000000001,0,1.8100000000000016,1.8100000000000016,0,TRUE,1,1
55533,0.17000000000000015,1.5100000000000013,1.110000000000001,2.6200000000000023,0,TRUE,0.42366412213740456,0
55534,0,1.250000000000001,1.4200000000000013,2.6700000000000026,0,TRUE,0.5318352059925093,1
55535,0,0,3.310000000000003,3.310000000000003,0,TRUE,1,1
55536,0,0,3.0400000000000027,3.0400000000000027,0,TRUE,1,1
55537,0.010000000000000009,0,2.9400000000000026,2.9400000000000026,0,TRUE,1,1
55538,0,0,2.0100000000000016,2.0100000000000016,0,TRUE,1,1
55551,0.3500000000000003,0,3.360000000000003,3.360000000000003,0,TRUE,1,1
55553,0,0,3.7900000000000036,3.7900000000000036,0,TRUE,1,1
55554,0,1.8300000000000016,1.5700000000000014,3.400000000000003,0,TRUE,0.46176470588235297,0
55555,0,3.0800000000000027,0.3600000000000003,3.440000000000003,0,TRUE,0.10465116279069768,0
55556,0.1200000000000001,2.220000000000002,0,2.220000000000002,0,TRUE,0,0
55557,0.29000000000000026,3.320000000000003,0.030000000000000027,3.350000000000003,0,TRUE,0.008955223880597014,0
55558,1.3600000000000012,1.8200000000000016,0.39000000000000035,2.2100000000000017,0,TRUE,0.17647058823529413,0
55559,1.3000000000000012,1.160000000000001,0.5800000000000005,1.7400000000000015,0,TRUE,0.3333333333333333,0
55560,0.1100000000000001,2.9800000000000026,0.040000000000000036,3.0200000000000027,0,TRUE,0.013245033112582781,0
55816,1.6900000000000015,1.5600000000000014,0.29000000000000026,1.8500000000000016,0,TRUE,0.15675675675675677,0
55817,0.9900000000000009,0.3100000000000003,0.6900000000000006,1.0000000000000009,0,TRUE,0.69,1
55818,0.2400000000000002,0.7000000000000006,0.3600000000000003,1.060000000000001,0,TRUE,0.33962264150943394,0
55819,0,2.070000000000002,0,2.070000000000002,0,TRUE,0,0
55829,0,1.6600000000000015,0.3600000000000003,2.020000000000002,0,TRUE,0.1782178217821782,0
55830,0,0,2.9300000000000024,2.9300000000000024,0,TRUE,1,1
55831,0.15000000000000013,0,3.3900000000000032,3.3900000000000032,0,TRUE,1,1
55832,0.19000000000000017,0.7500000000000007,2.120000000000002,2.8700000000000028,0,TRUE,0.7386759581881532,1
55833,0.010000000000000009,0.6000000000000005,3.3300000000000027,3.9300000000000033,0,TRUE,0.8473282442748091,1
55834,0.020000000000000018,0.4600000000000004,0.8700000000000008,1.3300000000000012,0,TRUE,0.6541353383458647,1
55844,0.08000000000000007,0,3.0500000000000025,3.0500000000000025,0,TRUE,1,1
55846,1.2600000000000011,0,1.3800000000000012,1.3800000000000012,0,TRUE,1,1
55848,0.2100000000000002,0,1.7600000000000016,1.7600000000000016,0,TRUE,1,1
55849,0,0.9300000000000008,1.4500000000000013,2.380000000000002,0,TRUE,0.6092436974789915,1
55850,0,0.9200000000000008,0.6900000000000006,1.6100000000000014,0,TRUE,0.42857142857142855,0
56124,0.3400000000000003,0.9500000000000008,0.5300000000000005,1.4800000000000013,0,TRUE,0.3581081081081081,0
56125,0,0,1.010000000000001,1.010000000000001,0,TRUE,1,1
56126,0,1.060000000000001,1.6700000000000015,2.730000000000002,0,TRUE,0.6117216117216118,1
56127,0,1.7700000000000016,0.08000000000000007,1.8500000000000016,0,TRUE,0.043243243243243246,0
56128,0.08000000000000007,2.1700000000000017,0,2.1700000000000017,0,TRUE,0,0
56129,0.7000000000000006,1.120000000000001,0,1.120000000000001,0,TRUE,0,0
56143,0.4800000000000004,0,1.7700000000000016,1.7700000000000016,0,TRUE,1,1
56144,0,0,1.180000000000001,1.180000000000001,0,TRUE,1,1
56145,0.07000000000000006,0,1.6100000000000014,1.6100000000000014,0,TRUE,1,1
56147,2.3500000000000023,1.3800000000000012,0.14000000000000012,1.5200000000000014,0,TRUE,0.09210526315789473,0
56148,0.6100000000000005,3.0500000000000025,0.14000000000000012,3.190000000000003,0,TRUE,0.0438871473354232,0
56149,0.26000000000000023,3.7100000000000035,0,3.7100000000000035,0,TRUE,0,0
56150,1.6200000000000014,2.260000000000002,0,2.260000000000002,0,TRUE,0,0
56419,0.06000000000000005,2.260000000000002,0.3400000000000003,2.6000000000000023,0,TRUE,0.13076923076923078,0
56432,0,0,1.2700000000000011,1.2700000000000011,0,TRUE,1,1
56433,0.2100000000000002,0,1.040000000000001,1.040000000000001,0,TRUE,1,1
56437,0.7700000000000007,0,2.5800000000000023,2.5800000000000023,0,TRUE,1,1
56438,0,0,3.6600000000000033,3.6600000000000033,0,TRUE,1,1
56439,0,0.3400000000000003,1.2700000000000011,1.6100000000000014,0,TRUE,0.7888198757763976,1
56440,0.5900000000000005,0,2.370000000000002,2.370000000000002,0,TRUE,1,1
56441,1.9800000000000018,1.6400000000000015,0.2400000000000002,1.8800000000000017,0,TRUE,0.1276595744680851,0
56442,0.6400000000000006,3.150000000000003,0,3.150000000000003,0,TRUE,0,0
56443,0.06000000000000005,3.7100000000000035,0,3.7100000000000035,0,TRUE,0,0
56444,0,1.140000000000001,0,1.140000000000001,0,TRUE,0,0
56715,0,1.3000000000000012,0.020000000000000018,1.3200000000000012,0,TRUE,0.015151515151515152,0
56726,0,0,1.170000000000001,1.170000000000001,0,TRUE,1,1
56730,0,0,1.100000000000001,1.100000000000001,0,TRUE,1,1
56731,0,0,3.580000000000003,3.580000000000003,0,TRUE,1,1
56732,0,0,3.6800000000000033,3.6800000000000033,0,TRUE,1,1
56733,0,0.10000000000000009,3.410000000000003,3.5100000000000033,0,TRUE,0.9715099715099714,1
56734,0,0.49000000000000044,2.7800000000000025,3.270000000000003,0,TRUE,0.8501529051987767,1
56735,0,0,3.9300000000000033,3.9300000000000033,0,TRUE,1,1
56736,0,1.2700000000000011,1.6200000000000014,2.8900000000000023,0,TRUE,0.5605536332179931,1
56737,0,3.300000000000003,0.050000000000000044,3.350000000000003,0,TRUE,0.014925373134328358,0
56738,0,1.6500000000000015,0,1.6500000000000015,0,TRUE,0,0
57019,0,0,1.2700000000000011,1.2700000000000011,0,TRUE,1,1
57020,0,0,1.7700000000000016,1.7700000000000016,0,TRUE,1,1
57021,0,0.9700000000000009,1.130000000000001,2.100000000000002,0,TRUE,0.5380952380952381,1
57022,1.4200000000000013,1.2800000000000011,0.3100000000000003,1.5900000000000014,0,TRUE,0.1949685534591195,0
57023,0,3.6300000000000034,0.3100000000000003,3.9400000000000035,0,TRUE,0.07868020304568528,0
57024,0,1.240000000000001,1.3600000000000012,2.6000000000000023,0,TRUE,0.5230769230769231,1
57025,0,0.5800000000000005,1.6900000000000015,2.2700000000000022,0,TRUE,0.7444933920704845,1
57026,0,0,3.5100000000000033,3.5100000000000033,0,TRUE,1,1
57027,0,0.17000000000000015,2.460000000000002,2.6300000000000026,0,TRUE,0.9353612167300379,1
57028,0,0.28000000000000025,2.8300000000000027,3.110000000000003,0,TRUE,0.909967845659164,1
57029,0,0.1200000000000001,3.460000000000003,3.580000000000003,0,TRUE,0.9664804469273743,1
57030,0,0.5000000000000004,3.160000000000003,3.6600000000000033,0,TRUE,0.8633879781420765,1
57031,0,2.8800000000000026,0.5300000000000005,3.410000000000003,0,TRUE,0.15542521994134897,0
57032,0.09000000000000008,1.090000000000001,0,1.090000000000001,0,TRUE,0,0
57313,0,0.9000000000000008,0.8900000000000008,1.7900000000000016,0,TRUE,0.4972067039106145,0
57314,0,2.990000000000003,0.6400000000000006,3.6300000000000034,0,TRUE,0.17630853994490356,0
57315,0,1.020000000000001,0.7400000000000007,1.7600000000000016,0,TRUE,0.42045454545454547,0
57316,0,1.8800000000000017,0.7700000000000007,2.650000000000002,0,TRUE,0.2905660377358491,0
57318,0.2200000000000002,3.620000000000003,0.10000000000000009,3.7200000000000033,0,TRUE,0.026881720430107527,0
57319,0.4700000000000004,3.380000000000003,0.010000000000000009,3.3900000000000032,0,TRUE,0.0029498525073746312,0
57320,0,2.460000000000002,1.140000000000001,3.600000000000003,0,TRUE,0.31666666666666665,0
57321,0,1.8900000000000017,1.140000000000001,3.030000000000003,0,TRUE,0.3762376237623762,0
57322,0,2.3900000000000023,0,2.3900000000000023,0,TRUE,0,0
57323,0,0,2.9600000000000026,2.9600000000000026,0,TRUE,1,1
57324,0,0.10000000000000009,3.140000000000003,3.240000000000003,0,TRUE,0.9691358024691358,1
57325,0,1.170000000000001,0.7600000000000007,1.9300000000000017,0,TRUE,0.39378238341968913,0
57608,0,0.6600000000000006,0.5300000000000005,1.190000000000001,0,TRUE,0.44537815126050423,0
57609,0,2.370000000000002,1.2900000000000011,3.6600000000000033,0,TRUE,0.3524590163934426,0
57610,0,3.450000000000003,0.29000000000000026,3.7400000000000033,0,TRUE,0.07754010695187166,0
57611,0,2.140000000000002,1.3100000000000012,3.450000000000003,0,TRUE,0.37971014492753624,0
57612,0.8700000000000008,2.5400000000000023,0.4400000000000004,2.9800000000000026,0,TRUE,0.1476510067114094,0
57613,1.5600000000000014,1.2600000000000011,0.4300000000000004,1.6900000000000015,0,TRUE,0.25443786982248523,0
57614,0,2.8200000000000025,0.8900000000000008,3.7100000000000035,0,TRUE,0.2398921832884097,0
57615,0,3.490000000000003,0.38000000000000034,3.8700000000000037,0,TRUE,0.09819121447028423,0
57616,0,3.340000000000003,0.1100000000000001,3.450000000000003,0,TRUE,0.03188405797101449,0
57617,0,0.8000000000000007,0.5000000000000004,1.3000000000000012,0,TRUE,0.38461538461538464,0
57618,0,0,3.3900000000000032,3.3900000000000032,0,TRUE,1,1
57903,0,1.6200000000000014,0.38000000000000034,2.0000000000000018,0,TRUE,0.19,0
57904,0,1.5700000000000014,0.4800000000000004,2.0500000000000016,0,TRUE,0.23414634146341465,0
57905,0,2.6600000000000024,1.130000000000001,3.7900000000000036,0,TRUE,0.29815303430079154,0
57906,0.40000000000000036,1.6300000000000014,0.7400000000000007,2.370000000000002,0,TRUE,0.31223628691983124,0
57907,0.29000000000000026,2.230000000000002,0.5400000000000005,2.7700000000000022,0,TRUE,0.19494584837545129,0
57908,1.7700000000000016,0.9800000000000009,0.40000000000000036,1.3800000000000012,0,TRUE,0.2898550724637681,0
57909,0,3.140000000000003,0.6200000000000006,3.7600000000000033,0,TRUE,0.16489361702127658,0
57910,0,2.9000000000000026,0.5300000000000005,3.4300000000000033,0,TRUE,0.15451895043731778,0
57911,0,2.060000000000002,0,2.060000000000002,0,TRUE,0,0
57913,0.14000000000000012,0,1.120000000000001,1.120000000000001,0,TRUE,1,1
58197,0,1.240000000000001,0.040000000000000036,1.2800000000000011,0,TRUE,0.03125,0
58198,0,3.270000000000003,0,3.270000000000003,0,TRUE,0,0
58199,0,2.610000000000002,1.080000000000001,3.690000000000003,0,TRUE,0.29268292682926833,0
58200,0,1.3100000000000012,2.1700000000000017,3.480000000000003,0,TRUE,0.6235632183908045,1
58201,1.2700000000000011,1.9500000000000017,0,1.9500000000000017,0,TRUE,0,0
58202,0.5900000000000005,3.0900000000000025,0,3.0900000000000025,0,TRUE,0,0
58203,1.5300000000000014,1.2700000000000011,0,1.2700000000000011,0,TRUE,0,0
58204,0,3.0500000000000025,0.15000000000000013,3.200000000000003,0,TRUE,0.046875,0
58205,0,3.490000000000003,0,3.490000000000003,0,TRUE,0,0
58206,0,2.5400000000000023,0,2.5400000000000023,0,TRUE,0,0
58491,0,1.3200000000000012,0.10000000000000009,1.4200000000000013,0,TRUE,0.07042253521126761,0
58492,0,1.100000000000001,1.060000000000001,2.160000000000002,0,TRUE,0.49074074074074076,0
58493,0,1.5900000000000014,0.8900000000000008,2.480000000000002,0,TRUE,0.3588709677419355,0
58494,0,1.3400000000000012,1.8000000000000016,3.140000000000003,0,TRUE,0.5732484076433121,1
58496,0.26000000000000023,2.220000000000002,0.1100000000000001,2.330000000000002,0,TRUE,0.04721030042918455,0
58497,0.4600000000000004,2.990000000000003,0,2.990000000000003,0,TRUE,0,0
58498,0.28000000000000025,2.9300000000000024,0.2500000000000002,3.180000000000003,0,TRUE,0.07861635220125786,0
58499,0,0.2200000000000002,2.690000000000002,2.910000000000003,0,TRUE,0.9243986254295531,1
58500,0,3.0200000000000027,0.27000000000000024,3.2900000000000027,0,TRUE,0.08206686930091187,0
58501,0,3.6300000000000034,0,3.6300000000000034,0,TRUE,0,0
58784,0,1.3300000000000012,0,1.3300000000000012,0,TRUE,0,0
58785,0,2.4700000000000024,0.14000000000000012,2.610000000000002,0,TRUE,0.05363984674329502,0
58786,0,0,1.2900000000000011,1.2900000000000011,0,TRUE,1,1
58790,1.140000000000001,1.7700000000000016,0.7400000000000007,2.5100000000000025,0,TRUE,0.29482071713147406,0
58791,0,3.7400000000000033,0,3.7400000000000033,0,TRUE,0,0
58792,1.8900000000000017,1.3700000000000012,0,1.3700000000000012,0,TRUE,0,0
58793,2.290000000000002,0.3500000000000003,1.2600000000000011,1.6100000000000014,0,TRUE,0.782608695652174,1
58794,0,1.5700000000000014,1.7300000000000015,3.300000000000003,0,TRUE,0.5242424242424243,1
58795,0,3.450000000000003,0.5000000000000004,3.9500000000000037,0,TRUE,0.12658227848101264,0
58796,0,3.5900000000000034,0,3.5900000000000034,0,TRUE,0,0
59078,0,1.3900000000000012,0.010000000000000009,1.4000000000000012,0,TRUE,0.007142857142857143,0
59079,0,3.0200000000000027,0.4500000000000004,3.4700000000000033,0,TRUE,0.12968299711815562,0
59080,0,3.610000000000003,0.010000000000000009,3.620000000000003,0,TRUE,0.0027624309392265192,0
59084,0,1.4600000000000013,0.6100000000000005,2.070000000000002,0,TRUE,0.2946859903381642,0
59085,0,3.8300000000000036,0,3.8300000000000036,0,TRUE,0,0
59086,0,3.7500000000000036,0,3.7500000000000036,0,TRUE,0,0
59089,0,1.010000000000001,0.26000000000000023,1.2700000000000011,0,TRUE,0.2047244094488189,0
59090,0,2.2700000000000022,0.07000000000000006,2.340000000000002,0,TRUE,0.029914529914529916,0
59091,0,3.160000000000003,0.050000000000000044,3.2100000000000026,0,TRUE,0.015576323987538943,0
59373,1.050000000000001,1.3000000000000012,1.3600000000000012,2.6600000000000024,0,TRUE,0.5112781954887218,1
59374,1.200000000000001,1.180000000000001,1.130000000000001,2.3100000000000023,0,TRUE,0.48917748917748916,0
59375,0.5700000000000005,2.5400000000000023,0.49000000000000044,3.030000000000003,0,TRUE,0.1617161716171617,0
59376,0,1.3300000000000012,1.4900000000000013,2.8200000000000025,0,TRUE,0.5283687943262412,1
59379,0.2200000000000002,1.4100000000000013,1.9500000000000017,3.360000000000003,0,TRUE,0.5803571428571429,1
59380,0,0.4600000000000004,3.400000000000003,3.8600000000000034,0,TRUE,0.8808290155440415,1
59381,0,1.4100000000000013,1.4600000000000013,2.8700000000000028,0,TRUE,0.5087108013937282,1
59386,0,2.180000000000002,0,2.180000000000002,0,TRUE,0,0
59669,1.140000000000001,2.5800000000000023,0,2.5800000000000023,0,TRUE,0,0
59670,0.4700000000000004,2.610000000000002,0.3600000000000003,2.9700000000000024,0,TRUE,0.12121212121212122,0
59671,0.2200000000000002,2.420000000000002,0.3200000000000003,2.7400000000000024,0,TRUE,0.11678832116788321,0
59673,0.6800000000000006,2.8900000000000023,0.3600000000000003,3.2500000000000027,0,TRUE,0.11076923076923077,0
59674,0,0.9200000000000008,3.0400000000000027,3.9600000000000035,0,TRUE,0.7676767676767676,1
59675,0,0,3.770000000000003,3.770000000000003,0,TRUE,1,1
59676,0.28000000000000025,2.190000000000002,1.5100000000000013,3.7000000000000033,0,TRUE,0.4081081081081081,0
59677,1.4100000000000013,0.07000000000000006,1.5000000000000013,1.5700000000000014,0,TRUE,0.9554140127388535,1
59680,0,3.0000000000000027,0.15000000000000013,3.150000000000003,0,TRUE,0.047619047619047616,0
59681,0.17000000000000015,1.8900000000000017,0,1.8900000000000017,0,TRUE,0,0
59962,1.040000000000001,1.9000000000000017,0,1.9000000000000017,0,TRUE,0,0
59963,0,0.6500000000000006,0.40000000000000036,1.050000000000001,0,TRUE,0.38095238095238093,0
59964,0,3.3300000000000027,0,3.3300000000000027,0,TRUE,0,0
59965,0,3.0500000000000025,0,3.0500000000000025,0,TRUE,0,0
59966,1.140000000000001,1.5400000000000014,0.5100000000000005,2.0500000000000016,0,TRUE,0.24878048780487808,0
59967,0.4300000000000004,2.7600000000000025,0.7900000000000007,3.5500000000000034,0,TRUE,0.22253521126760561,0
59968,0,2.7500000000000027,0.9500000000000008,3.7000000000000033,0,TRUE,0.25675675675675674,0
59969,0,1.4000000000000012,2.4300000000000024,3.8300000000000036,0,TRUE,0.6344647519582246,1
59970,0,0.010000000000000009,3.770000000000003,3.7800000000000034,0,TRUE,0.9973544973544973,1
59971,1.250000000000001,1.5100000000000013,0.7200000000000006,2.230000000000002,0,TRUE,0.32286995515695066,0
59972,0.3400000000000003,0,1.5100000000000013,1.5100000000000013,0,TRUE,1,1
59975,0,2.200000000000002,0,2.200000000000002,0,TRUE,0,0
60260,0,2.0100000000000016,0,2.0100000000000016,0,TRUE,0,0
60261,0.18000000000000016,0.6200000000000006,1.6700000000000015,2.290000000000002,0,TRUE,0.7292576419213974,1
60262,0,0,3.7100000000000035,3.7100000000000035,0,TRUE,1,1
60263,0,0,3.6600000000000033,3.6600000000000033,0,TRUE,1,1
60264,0,2.360000000000002,1.3000000000000012,3.6600000000000033,0,TRUE,0.3551912568306011,0
60265,0.29000000000000026,0.6500000000000006,2.400000000000002,3.0500000000000025,0,TRUE,0.7868852459016394,1
60266,0.9400000000000008,0.26000000000000023,2.230000000000002,2.490000000000002,0,TRUE,0.8955823293172692,1
60270,0.40000000000000036,0.7300000000000006,0.6500000000000006,1.3800000000000012,0,TRUE,0.47101449275362317,0
60556,0.2400000000000002,1.3500000000000012,1.140000000000001,2.490000000000002,0,TRUE,0.45783132530120485,0
60557,0,0.28000000000000025,3.4300000000000033,3.7100000000000035,0,TRUE,0.9245283018867925,1
60558,0,0,3.770000000000003,3.770000000000003,0,TRUE,1,1
60559,0,0.8700000000000008,2.7400000000000024,3.610000000000003,0,TRUE,0.7590027700831026,1
60560,0.9200000000000008,0.10000000000000009,1.200000000000001,1.3000000000000012,0,TRUE,0.9230769230769231,1
60561,0,0,1.020000000000001,1.020000000000001,0,TRUE,1,1
60565,1.090000000000001,0.40000000000000036,0.9800000000000009,1.3800000000000012,0,TRUE,0.7101449275362319,1
60848,0,0.14000000000000012,1.120000000000001,1.2600000000000011,0,TRUE,0.8888888888888888,1
60849,0.4500000000000004,0.6900000000000006,1.3300000000000012,2.020000000000002,0,TRUE,0.6584158415841584,1
60851,1.120000000000001,0.30000000000000027,1.5900000000000014,1.8900000000000017,0,TRUE,0.8412698412698413,1
60852,0,0,3.7400000000000033,3.7400000000000033,0,TRUE,1,1
60853,0,0,3.6300000000000034,3.6300000000000034,0,TRUE,1,1
60854,0,0,3.580000000000003,3.580000000000003,0,TRUE,1,1
61144,0.8400000000000007,0.3200000000000003,0.8600000000000008,1.180000000000001,0,TRUE,0.7288135593220338,1
61145,0.49000000000000044,0,1.120000000000001,1.120000000000001,0,TRUE,1,1
61146,0.050000000000000044,0,1.3700000000000012,1.3700000000000012,0,TRUE,1,1
61147,0,0,3.8700000000000037,3.8700000000000037,0,TRUE,1,1
61148,0,0,3.6800000000000033,3.6800000000000033,0,TRUE,1,1
61149,0,0,3.770000000000003,3.770000000000003,0,TRUE,1,1
61154,0.30000000000000027,1.3500000000000012,0,1.3500000000000012,0,TRUE,0,0
61155,0.20000000000000018,1.2900000000000011,0,1.2900000000000011,0,TRUE,0,0
61437,0,1.2800000000000011,1.5300000000000014,2.8100000000000023,0,TRUE,0.5444839857651246,1
61438,0,0.9000000000000008,0.5100000000000005,1.4100000000000013,0,TRUE,0.3617021276595745,0
61441,0,0,1.5800000000000014,1.5800000000000014,0,TRUE,1,1
61442,0,0,3.440000000000003,3.440000000000003,0,TRUE,1,1
61443,0,0,3.5500000000000034,3.5500000000000034,0,TRUE,1,1
61444,0,0,3.7800000000000034,3.7800000000000034,0,TRUE,1,1
61445,1.4900000000000013,0.4200000000000004,1.3800000000000012,1.8000000000000016,0,TRUE,0.7666666666666667,1
61446,0,2.6300000000000026,0,2.6300000000000026,0,TRUE,0,0
61447,0,0.6800000000000006,1.110000000000001,1.7900000000000016,0,TRUE,0.6201117318435754,1
61732,0,1.4300000000000013,0.37000000000000033,1.8000000000000016,0,TRUE,0.20555555555555555,0
61736,0,0,1.020000000000001,1.020000000000001,0,TRUE,1,1
61737,0,0,3.340000000000003,3.340000000000003,0,TRUE,1,1
61738,0,0.19000000000000017,3.5100000000000033,3.7000000000000033,0,TRUE,0.9486486486486487,1
61739,0,0.8100000000000007,2.9300000000000024,3.7400000000000033,0,TRUE,0.783422459893048,1
61740,1.8300000000000016,1.120000000000001,0.5200000000000005,1.6400000000000015,0,TRUE,0.3170731707317073,0
61741,1.3900000000000012,2.4300000000000024,0,2.4300000000000024,0,TRUE,0,0
61742,0.14000000000000012,3.360000000000003,0.28000000000000025,3.6400000000000032,0,TRUE,0.07692307692307693,0
62031,0,0,2.160000000000002,2.160000000000002,0,TRUE,1,1
62032,0,0.09000000000000008,3.850000000000003,3.9400000000000035,0,TRUE,0.9771573604060914,1
62033,0,2.8100000000000023,1.010000000000001,3.8200000000000034,0,TRUE,0.2643979057591623,0
62034,0,3.9000000000000035,0,3.9000000000000035,0,TRUE,0,0
62035,0.4300000000000004,3.570000000000003,0,3.570000000000003,0,TRUE,0,0
62036,2.060000000000002,1.140000000000001,0,1.140000000000001,0,TRUE,0,0
62037,0,3.8700000000000037,0,3.8700000000000037,0,TRUE,0,0
62038,0,2.4300000000000024,0.010000000000000009,2.440000000000002,0,TRUE,0.004098360655737705,0
62327,0.6500000000000006,1.220000000000001,0.8100000000000007,2.030000000000002,0,TRUE,0.3990147783251231,0
62328,0.5500000000000005,2.5100000000000025,0.18000000000000016,2.690000000000002,0,TRUE,0.06691449814126395,0
62329,0,3.8800000000000034,0,3.8800000000000034,0,TRUE,0,0
62330,0,4.0000000000000036,0,4.0000000000000036,0,TRUE,0,0
62331,0.9200000000000008,2.230000000000002,0,2.230000000000002,0,TRUE,0,0
62332,0.7200000000000006,1.8300000000000016,0.3200000000000003,2.150000000000002,0,TRUE,0.14883720930232558,0
62333,0,3.9000000000000035,0.08000000000000007,3.9800000000000035,0,TRUE,0.020100502512562814,0
62334,0,1.4600000000000013,0,1.4600000000000013,0,TRUE,0,0
62621,0,0.40000000000000036,1.3400000000000012,1.7400000000000015,0,TRUE,0.7701149425287356,1
62622,0,3.9200000000000035,0,3.9200000000000035,0,TRUE,0,0
62623,0,3.520000000000003,0,3.520000000000003,0,TRUE,0,0
62624,0,2.380000000000002,0,2.380000000000002,0,TRUE,0,0
62625,0,3.690000000000003,0,3.690000000000003,0,TRUE,0,0
62626,0.040000000000000036,3.4300000000000033,0.5000000000000004,3.9300000000000033,0,TRUE,0.1272264631043257,0
62627,2.0500000000000016,1.3200000000000012,0.10000000000000009,1.4200000000000013,0,TRUE,0.07042253521126761,0
62628,0.5500000000000005,0.10000000000000009,2.410000000000002,2.5100000000000025,0,TRUE,0.9601593625498006,1
62629,0,0.13000000000000012,1.8800000000000017,2.0100000000000016,0,TRUE,0.9353233830845772,1
62916,0,1.6600000000000015,0.15000000000000013,1.8100000000000016,0,TRUE,0.08287292817679558,0
62917,0,3.1000000000000028,0,3.1000000000000028,0,TRUE,0,0
62918,0,3.4300000000000033,0.5100000000000005,3.9400000000000035,0,TRUE,0.12944162436548223,0
62919,0,1.3700000000000012,0.19000000000000017,1.5600000000000014,0,TRUE,0.12179487179487179,0
62920,0,3.620000000000003,0.13000000000000012,3.7500000000000036,0,TRUE,0.034666666666666665,0
62921,0,3.9000000000000035,0,3.9000000000000035,0,TRUE,0,0
62922,0.3100000000000003,3.530000000000003,0.050000000000000044,3.580000000000003,0,TRUE,0.013966480446927373,0
62924,0,0,3.620000000000003,3.620000000000003,0,TRUE,1,1
62925,0,0,3.160000000000003,3.160000000000003,0,TRUE,1,1
62926,0,0,1.090000000000001,1.090000000000001,0,TRUE,1,1
63211,0,1.9400000000000017,0.09000000000000008,2.030000000000002,0,TRUE,0.04433497536945812,0
63212,0,3.490000000000003,0,3.490000000000003,0,TRUE,0,0
63213,0,3.7000000000000033,0,3.7000000000000033,0,TRUE,0,0
63214,0,3.5900000000000034,0,3.5900000000000034,0,TRUE,0,0
63215,0.010000000000000009,3.8900000000000032,0,3.8900000000000032,0,TRUE,0,0
63216,0,3.850000000000003,0,3.850000000000003,0,TRUE,0,0
63217,0,3.190000000000003,0,3.190000000000003,0,TRUE,0,0
63218,1.6300000000000014,1.4400000000000013,0.010000000000000009,1.4500000000000013,0,TRUE,0.006896551724137931,0
63219,0.14000000000000012,2.3900000000000023,1.240000000000001,3.6300000000000034,0,TRUE,0.34159779614325064,0
63220,0,2.140000000000002,1.3500000000000012,3.490000000000003,0,TRUE,0.3868194842406877,0
63221,0,0.5200000000000005,2.2500000000000018,2.7700000000000022,0,TRUE,0.8122743682310469,1
63507,0,2.7700000000000022,0,2.7700000000000022,0,TRUE,0,0
63508,0,3.810000000000003,0,3.810000000000003,0,TRUE,0,0
63509,0.13000000000000012,3.7800000000000034,0,3.7800000000000034,0,TRUE,0,0
63510,0.2100000000000002,3.5500000000000034,0,3.5500000000000034,0,TRUE,0,0
63511,0,3.8000000000000034,0,3.8000000000000034,0,TRUE,0,0
63512,0,3.620000000000003,0,3.620000000000003,0,TRUE,0,0
63513,0.7700000000000007,2.730000000000002,0,2.730000000000002,0,TRUE,0,0
63514,0.6100000000000005,2.260000000000002,0,2.260000000000002,0,TRUE,0,0
63515,0,3.8200000000000034,0,3.8200000000000034,0,TRUE,0,0
63516,0,1.160000000000001,0.14000000000000012,1.3000000000000012,0,TRUE,0.1076923076923077,0
63801,0,1.9500000000000017,0,1.9500000000000017,0,TRUE,0,0
63802,0,3.9000000000000035,0,3.9000000000000035,0,TRUE,0,0
63803,0,2.420000000000002,0,2.420000000000002,0,TRUE,0,0
63804,0,3.440000000000003,0,3.440000000000003,0,TRUE,0,0
63805,0,3.8000000000000034,0,3.8000000000000034,0,TRUE,0,0
63806,0,2.260000000000002,0.5500000000000005,2.8100000000000023,0,TRUE,0.19572953736654805,0
63807,0,3.1300000000000026,0.1200000000000001,3.2500000000000027,0,TRUE,0.036923076923076927,0
63808,0.1200000000000001,3.610000000000003,0.13000000000000012,3.7400000000000033,0,TRUE,0.034759358288770054,0
63809,1.9900000000000018,1.4300000000000013,0,1.4300000000000013,0,TRUE,0,0
63810,0,3.8400000000000034,0,3.8400000000000034,0,TRUE,0,0
63811,0,1.7100000000000015,1.3000000000000012,3.0100000000000025,0,TRUE,0.43189368770764125,0
64097,0,3.320000000000003,0,3.320000000000003,0,TRUE,0,0
64098,0,3.8600000000000034,0,3.8600000000000034,0,TRUE,0,0
64099,0,2.8400000000000025,0,2.8400000000000025,0,TRUE,0,0
64100,0,3.6600000000000033,0,3.6600000000000033,0,TRUE,0,0
64101,0,3.220000000000003,0.1200000000000001,3.340000000000003,0,TRUE,0.03592814371257485,0
64102,0,2.9000000000000026,0.19000000000000017,3.0900000000000025,0,TRUE,0.06148867313915858,0
64103,0.7000000000000006,2.7700000000000022,0.2100000000000002,2.9800000000000026,0,TRUE,0.07046979865771812,0
64104,2.110000000000002,1.170000000000001,0.040000000000000036,1.210000000000001,0,TRUE,0.03305785123966942,0
64105,0,3.7100000000000035,0,3.7100000000000035,0,TRUE,0,0
64106,0,2.8700000000000028,0.8000000000000007,3.6700000000000035,0,TRUE,0.21798365122615804,0
64107,0.29000000000000026,0.2300000000000002,0.8400000000000007,1.070000000000001,0,TRUE,0.7850467289719626,1
64393,0,3.140000000000003,0.3600000000000003,3.500000000000003,0,TRUE,0.10285714285714286,0
64394,0,2.5600000000000023,0.2200000000000002,2.7800000000000025,0,TRUE,0.07913669064748201,0
64395,0,3.8300000000000036,0,3.8300000000000036,0,TRUE,0,0
64396,0,3.8800000000000034,0,3.8800000000000034,0,TRUE,0,0
64397,0,3.450000000000003,0.39000000000000035,3.8400000000000034,0,TRUE,0.1015625,0
64398,1.6900000000000015,1.9800000000000018,0.07000000000000006,2.0500000000000016,0,TRUE,0.03414634146341464,0
64400,0.1100000000000001,3.0100000000000025,0.7200000000000006,3.730000000000003,0,TRUE,0.193029490616622,0
64401,0,3.770000000000003,0,3.770000000000003,0,TRUE,0,0
64402,1.230000000000001,2.320000000000002,0,2.320000000000002,0,TRUE,0,0
64688,0,1.8000000000000016,0.2400000000000002,2.040000000000002,0,TRUE,0.11764705882352941,0
64689,0,3.380000000000003,0.3600000000000003,3.7400000000000033,0,TRUE,0.0962566844919786,0
64690,0,3.6300000000000034,0,3.6300000000000034,0,TRUE,0,0
64691,0,3.380000000000003,0,3.380000000000003,0,TRUE,0,0
64692,0,3.6300000000000034,0,3.6300000000000034,0,TRUE,0,0
64693,0.010000000000000009,2.8200000000000025,0.8200000000000007,3.6400000000000032,0,TRUE,0.22527472527472528,0
64695,0.5100000000000005,2.320000000000002,1.060000000000001,3.380000000000003,0,TRUE,0.3136094674556213,0
64696,0,4.0000000000000036,0,4.0000000000000036,0,TRUE,0,0
64697,0,3.6800000000000033,0,3.6800000000000033,0,TRUE,0,0
64698,0.5800000000000005,1.8400000000000016,1.4600000000000013,3.300000000000003,0,TRUE,0.44242424242424244,0
64699,0,0.13000000000000012,1.4400000000000013,1.5700000000000014,0,TRUE,0.9171974522292994,1
64983,0,0.7400000000000007,0.5500000000000005,1.2900000000000011,0,TRUE,0.4263565891472868,0
64984,0,2.500000000000002,0.6500000000000006,3.150000000000003,0,TRUE,0.20634920634920634,0
64985,0,1.8400000000000016,0.9500000000000008,2.7900000000000027,0,TRUE,0.34050179211469533,0
64986,0,2.6400000000000023,0.37000000000000033,3.0100000000000025,0,TRUE,0.12292358803986712,0
64987,0,3.620000000000003,0,3.620000000000003,0,TRUE,0,0
64988,0,2.8000000000000025,0.3100000000000003,3.110000000000003,0,TRUE,0.09967845659163986,0
64990,0.49000000000000044,1.080000000000001,2.400000000000002,3.480000000000003,0,TRUE,0.6896551724137931,1
64991,0,4.0000000000000036,0,4.0000000000000036,0,TRUE,0,0
64992,0,3.410000000000003,0,3.410000000000003,0,TRUE,0,0
64993,0,3.6600000000000033,0,3.6600000000000033,0,TRUE,0,0
64994,0,2.230000000000002,0.41000000000000036,2.6400000000000023,0,TRUE,0.1553030303030303,0
64995,0,0.6700000000000006,1.090000000000001,1.7600000000000016,0,TRUE,0.6193181818181818,1
65281,0,0.6100000000000005,1.5100000000000013,2.120000000000002,0,TRUE,0.7122641509433962,1
65282,0,3.420000000000003,0,3.420000000000003,0,TRUE,0,0
65283,0,0.9900000000000009,0.9700000000000009,1.9600000000000017,0,TRUE,0.49489795918367346,0
65285,0.6200000000000006,0.06000000000000005,2.9400000000000026,3.0000000000000027,0,TRUE,0.98,1
65286,0,2.7000000000000024,0.27000000000000024,2.9700000000000024,0,TRUE,0.09090909090909091,0
65287,0,3.110000000000003,0,3.110000000000003,0,TRUE,0,0
65288,0,3.9500000000000037,0,3.9500000000000037,0,TRUE,0,0
65289,0,3.7500000000000036,0,3.7500000000000036,0,TRUE,0,0
65290,0,2.7400000000000024,0.6400000000000006,3.380000000000003,0,TRUE,0.1893491124260355,0
65576,0,0,2.290000000000002,2.290000000000002,0,TRUE,1,1
65577,0,2.320000000000002,0.4800000000000004,2.8000000000000025,0,TRUE,0.17142857142857143,0
65578,0,3.4700000000000033,0.20000000000000018,3.6700000000000035,0,TRUE,0.05449591280653951,0
65580,0.5700000000000005,0.5700000000000005,2.060000000000002,2.6300000000000026,0,TRUE,0.7832699619771862,1
65581,0,3.0800000000000027,0.8000000000000007,3.8800000000000034,0,TRUE,0.20618556701030927,0
65582,0,3.2500000000000027,0,3.2500000000000027,0,TRUE,0,0
65583,0,3.730000000000003,0,3.730000000000003,0,TRUE,0,0
65584,0,3.8600000000000034,0,3.8600000000000034,0,TRUE,0,0
65585,0,3.2900000000000027,0,3.2900000000000027,0,TRUE,0,0
65586,0,1.3400000000000012,0.14000000000000012,1.4800000000000013,0,TRUE,0.0945945945945946,0
65872,0,0.8500000000000008,1.8100000000000016,2.6600000000000024,0,TRUE,0.6804511278195489,1
65873,0,2.6800000000000024,0.9900000000000009,3.6700000000000035,0,TRUE,0.26975476839237056,0
65874,1.8100000000000016,0.6700000000000006,0.5400000000000005,1.210000000000001,0,TRUE,0.4462809917355372,0
65876,0,1.150000000000001,2.5100000000000025,3.6600000000000033,0,TRUE,0.685792349726776,1
65877,0,2.5600000000000023,0.9600000000000009,3.520000000000003,0,TRUE,0.2727272727272727,0
65878,0,3.3900000000000032,0,3.3900000000000032,0,TRUE,0,0
65879,0,2.610000000000002,1.230000000000001,3.8400000000000034,0,TRUE,0.3203125,0
65880,0,3.850000000000003,0.14000000000000012,3.9900000000000038,0,TRUE,0.03508771929824561,0
65881,0,2.8600000000000025,0.13000000000000012,2.990000000000003,0,TRUE,0.043478260869565216,0
66166,0,1.140000000000001,0.050000000000000044,1.190000000000001,0,TRUE,0.04201680672268908,0
66167,0,1.3300000000000012,1.010000000000001,2.340000000000002,0,TRUE,0.43162393162393164,0
66168,0,2.8200000000000025,0,2.8200000000000025,0,TRUE,0,0
66169,1.7500000000000016,1.3900000000000012,0.040000000000000036,1.4300000000000013,0,TRUE,0.027972027972027972,0
66170,0.2200000000000002,1.3800000000000012,0.5000000000000004,1.8800000000000017,0,TRUE,0.26595744680851063,0
66171,0,3.1000000000000028,0.3600000000000003,3.460000000000003,0,TRUE,0.10404624277456648,0
66172,0,3.6700000000000035,0,3.6700000000000035,0,TRUE,0,0
66173,0,3.7800000000000034,0.15000000000000013,3.9300000000000033,0,TRUE,0.03816793893129771,0
66174,0,0.2100000000000002,2.8400000000000025,3.0500000000000025,0,TRUE,0.9311475409836066,1
66175,0,0.4800000000000004,3.2900000000000027,3.770000000000003,0,TRUE,0.8726790450928382,1
66176,0,1.7600000000000016,0.8500000000000008,2.610000000000002,0,TRUE,0.3256704980842912,0
66455,0,1.230000000000001,0,1.230000000000001,0,TRUE,0,0
66456,0,3.480000000000003,0,3.480000000000003,0,TRUE,0,0
66457,0,0.9500000000000008,0.4700000000000004,1.4200000000000013,0,TRUE,0.33098591549295775,0
66458,0,1.060000000000001,0.050000000000000044,1.110000000000001,0,TRUE,0.04504504504504504,0
66460,0,1.6000000000000014,0,1.6000000000000014,0,TRUE,0,0
66461,0,3.6300000000000034,0,3.6300000000000034,0,TRUE,0,0
66462,0,3.850000000000003,0,3.850000000000003,0,TRUE,0,0
66463,0,3.7800000000000034,0,3.7800000000000034,0,TRUE,0,0
66464,1.8300000000000016,1.090000000000001,0.010000000000000009,1.100000000000001,0,TRUE,0.00909090909090909,0
66465,0.7200000000000006,3.1000000000000028,0,3.1000000000000028,0,TRUE,0,0
66466,0.3300000000000003,3.6700000000000035,0,3.6700000000000035,0,TRUE,0,0
66467,0,3.500000000000003,0,3.500000000000003,0,TRUE,0,0
66468,0,1.170000000000001,2.240000000000002,3.410000000000003,0,TRUE,0.6568914956011731,1
66469,0,0,3.2100000000000026,3.2100000000000026,0,TRUE,1,1
66470,0.050000000000000044,0,2.6400000000000023,2.6400000000000023,0,TRUE,1,1
66750,0,1.130000000000001,0,1.130000000000001,0,TRUE,0,0
66751,0.29000000000000026,3.7100000000000035,0,3.7100000000000035,0,TRUE,0,0
66752,0.41000000000000036,2.8500000000000023,0,2.8500000000000023,0,TRUE,0,0
66753,0.3300000000000003,3.450000000000003,0,3.450000000000003,0,TRUE,0,0
66754,0,3.570000000000003,0,3.570000000000003,0,TRUE,0,0
66755,0.10000000000000009,2.260000000000002,0,2.260000000000002,0,TRUE,0,0
66756,0.9100000000000008,1.4700000000000013,0.14000000000000012,1.6100000000000014,0,TRUE,0.08695652173913043,0
66757,1.2600000000000011,1.080000000000001,0,1.080000000000001,0,TRUE,0,0
66758,0.17000000000000015,2.7700000000000022,0,2.7700000000000022,0,TRUE,0,0
66759,0.7100000000000006,2.6200000000000023,0.030000000000000027,2.650000000000002,0,TRUE,0.011320754716981133,0
66761,0.4600000000000004,3.140000000000003,0,3.140000000000003,0,TRUE,0,0
66762,0,2.6000000000000023,0.8400000000000007,3.440000000000003,0,TRUE,0.2441860465116279,0
66763,0,0.6000000000000005,2.6600000000000024,3.260000000000003,0,TRUE,0.8159509202453987,1
66764,0.6000000000000005,0,2.9400000000000026,2.9400000000000026,0,TRUE,1,1
66765,2.6000000000000023,0,1.190000000000001,1.190000000000001,0,TRUE,1,1
66766,0,0,1.2600000000000011,1.2600000000000011,0,TRUE,1,1
67046,0.1100000000000001,3.6400000000000032,0,3.6400000000000032,0,TRUE,0,0
67047,0.5600000000000005,2.8600000000000025,0,2.8600000000000025,0,TRUE,0,0
67048,0.6700000000000006,2.6700000000000026,0.10000000000000009,2.7700000000000022,0,TRUE,0.036101083032490974,0
67049,0.18000000000000016,3.8200000000000034,0,3.8200000000000034,0,TRUE,0,0
67050,0,3.500000000000003,0.29000000000000026,3.7900000000000036,0,TRUE,0.07651715039577836,0
67051,0,2.360000000000002,1.0000000000000009,3.360000000000003,0,TRUE,0.2976190476190476,0
67052,0,0.8000000000000007,1.5400000000000014,2.340000000000002,0,TRUE,0.6581196581196581,1
67053,0,0.6700000000000006,2.690000000000002,3.360000000000003,0,TRUE,0.800595238095238,1
67054,0.6700000000000006,0.40000000000000036,2.7400000000000024,3.140000000000003,0,TRUE,0.8726114649681529,1
67056,0,3.530000000000003,0,3.530000000000003,0,TRUE,0,0
67057,0,3.240000000000003,0,3.240000000000003,0,TRUE,0,0
67058,0,1.4600000000000013,2.330000000000002,3.7900000000000036,0,TRUE,0.6147757255936674,1
67059,1.5700000000000014,0,2.4300000000000024,2.4300000000000024,0,TRUE,1,1
67342,0,1.6100000000000014,0,1.6100000000000014,0,TRUE,0,0
67343,0,2.030000000000002,0,2.030000000000002,0,TRUE,0,0
67344,0,2.7000000000000024,0,2.7000000000000024,0,TRUE,0,0
67345,0,1.7200000000000015,0,1.7200000000000015,0,TRUE,0,0
67346,0,1.220000000000001,0.010000000000000009,1.230000000000001,0,TRUE,0.008130081300813009,0
67347,0,1.140000000000001,0,1.140000000000001,0,TRUE,0,0
67348,0,1.6600000000000015,1.230000000000001,2.8900000000000023,0,TRUE,0.42560553633217996,0
67349,0.030000000000000027,0.4500000000000004,1.9400000000000017,2.3900000000000023,0,TRUE,0.811715481171548,1
67351,0,2.1700000000000017,0.8500000000000008,3.0200000000000027,0,TRUE,0.2814569536423841,0
67352,0,2.030000000000002,1.4400000000000013,3.4700000000000033,0,TRUE,0.41498559077809793,0
67353,0.8600000000000008,0.5600000000000005,2.2500000000000018,2.8100000000000023,0,TRUE,0.800711743772242,1
67354,2.370000000000002,0,1.6300000000000014,1.6300000000000014,0,TRUE,1,1
67643,0,1.4600000000000013,0.38000000000000034,1.8400000000000016,0,TRUE,0.20652173913043478,0
67644,0.5800000000000005,1.180000000000001,0.41000000000000036,1.5900000000000014,0,TRUE,0.2578616352201258,0
67645,1.130000000000001,1.9800000000000018,0.5300000000000005,2.5100000000000025,0,TRUE,0.21115537848605576,0
67646,0,3.0000000000000027,0.6600000000000006,3.6600000000000033,0,TRUE,0.18032786885245902,0
67647,0,0,3.7900000000000036,3.7900000000000036,0,TRUE,1,1
67648,0.010000000000000009,0,3.580000000000003,3.580000000000003,0,TRUE,1,1
67649,0.3500000000000003,0,3.440000000000003,3.440000000000003,0,TRUE,1,1
67650,0.2200000000000002,0,3.0100000000000025,3.0100000000000025,0,TRUE,1,1
67937,0,2.6000000000000023,0.16000000000000014,2.7600000000000025,0,TRUE,0.057971014492753624,0
67938,0,2.320000000000002,0.19000000000000017,2.5100000000000025,0,TRUE,0.07569721115537847,0
67939,1.7800000000000016,1.060000000000001,0.5000000000000004,1.5600000000000014,0,TRUE,0.32051282051282054,0
67940,1.090000000000001,2.220000000000002,0.28000000000000025,2.500000000000002,0,TRUE,0.112,0
67941,0,3.380000000000003,0.4500000000000004,3.8300000000000036,0,TRUE,0.11749347258485639,0
67942,0,0,3.730000000000003,3.730000000000003,0,TRUE,1,1
67943,0,0,3.6600000000000033,3.6600000000000033,0,TRUE,1,1
67944,0,0,4.0000000000000036,4.0000000000000036,0,TRUE,1,1
67945,0.6200000000000006,0,1.9800000000000018,1.9800000000000018,0,TRUE,1,1
68231,0,0.5600000000000005,0.8200000000000007,1.3800000000000012,0,TRUE,0.5942028985507246,1
68232,0,1.5200000000000014,2.420000000000002,3.9400000000000035,0,TRUE,0.6142131979695431,1
68233,0,1.8900000000000017,0.4700000000000004,2.360000000000002,0,TRUE,0.19915254237288135,0
68234,1.7000000000000015,1.5200000000000014,0,1.5200000000000014,0,TRUE,0,0
68235,0.5600000000000005,2.7200000000000024,0.1200000000000001,2.8400000000000025,0,TRUE,0.04225352112676056,0
68236,0,2.410000000000002,0.5700000000000005,2.9800000000000026,0,TRUE,0.1912751677852349,0
68237,0,1.3800000000000012,2.1300000000000017,3.5100000000000033,0,TRUE,0.6068376068376068,1
68238,0,1.6900000000000015,1.8500000000000016,3.540000000000003,0,TRUE,0.5225988700564972,1
68239,0,1.3000000000000012,2.440000000000002,3.7400000000000033,0,TRUE,0.6524064171122995,1
68240,0,0.41000000000000036,1.7300000000000015,2.140000000000002,0,TRUE,0.8084112149532711,1
68525,0,1.0000000000000009,0,1.0000000000000009,0,TRUE,0,0
68526,0,2.9800000000000026,0,2.9800000000000026,0,TRUE,0,0
68527,0,3.2500000000000027,0.14000000000000012,3.3900000000000032,0,TRUE,0.04129793510324484,0
68528,0,1.240000000000001,0,1.240000000000001,0,TRUE,0,0
68530,0.5200000000000005,3.180000000000003,0,3.180000000000003,0,TRUE,0,0
68531,0,3.7500000000000036,0.09000000000000008,3.8400000000000034,0,TRUE,0.0234375,0
68532,0,3.300000000000003,0.3100000000000003,3.610000000000003,0,TRUE,0.08587257617728532,0
68533,0,3.730000000000003,0,3.730000000000003,0,TRUE,0,0
68534,0,3.810000000000003,0,3.810000000000003,0,TRUE,0,0
68535,0,2.150000000000002,0.6400000000000006,2.7900000000000027,0,TRUE,0.2293906810035842,0
68821,0,2.100000000000002,0.49000000000000044,2.5900000000000025,0,TRUE,0.18918918918918917,0
68822,0,3.7600000000000033,0,3.7600000000000033,0,TRUE,0,0
68823,0,2.6600000000000024,0,2.6600000000000024,0,TRUE,0,0
68824,1.7200000000000015,1.080000000000001,0,1.080000000000001,0,TRUE,0,0
68825,0.050000000000000044,3.310000000000003,0,3.310000000000003,0,TRUE,0,0
68826,0,2.230000000000002,1.0000000000000009,3.230000000000003,0,TRUE,0.3095975232198142,0
68827,0,2.8000000000000025,0.7100000000000006,3.5100000000000033,0,TRUE,0.20227920227920226,0
68828,0,2.7400000000000024,0,2.7400000000000024,0,TRUE,0,0
68829,0,3.150000000000003,0,3.150000000000003,0,TRUE,0,0
68830,0,3.0200000000000027,0.14000000000000012,3.160000000000003,0,TRUE,0.04430379746835443,0
69116,0,0.14000000000000012,1.240000000000001,1.3800000000000012,0,TRUE,0.8985507246376812,1
69118,0,3.8300000000000036,0,3.8300000000000036,0,TRUE,0,0
69119,1.7200000000000015,1.4900000000000013,0,1.4900000000000013,0,TRUE,0,0
69120,0.19000000000000017,2.060000000000002,1.4200000000000013,3.480000000000003,0,TRUE,0.40804597701149425,0
69121,0,0,3.5500000000000034,3.5500000000000034,0,TRUE,1,1
69122,0,1.170000000000001,2.7400000000000024,3.9100000000000037,0,TRUE,0.7007672634271099,1
69123,0,1.5500000000000014,2.140000000000002,3.690000000000003,0,TRUE,0.5799457994579946,1
69124,0,4.0000000000000036,0,4.0000000000000036,0,TRUE,0,0
69125,0.9500000000000008,2.180000000000002,0.20000000000000018,2.380000000000002,0,TRUE,0.08403361344537816,0
69410,0,0,1.2700000000000011,1.2700000000000011,0,TRUE,1,1
69411,0,0,1.220000000000001,1.220000000000001,0,TRUE,1,1
69412,0,1.6200000000000014,0.29000000000000026,1.9100000000000017,0,TRUE,0.1518324607329843,0
69413,0,4.0000000000000036,0,4.0000000000000036,0,TRUE,0,0
69414,1.7600000000000016,1.3800000000000012,0,1.3800000000000012,0,TRUE,0,0
69415,0.8200000000000007,0,2.7700000000000022,2.7700000000000022,0,TRUE,1,1
69416,0,0.09000000000000008,3.620000000000003,3.7100000000000035,0,TRUE,0.9757412398921832,1
69417,0,0.29000000000000026,2.990000000000003,3.280000000000003,0,TRUE,0.9115853658536586,1
69418,0,1.020000000000001,1.9200000000000017,2.9400000000000026,0,TRUE,0.6530612244897959,1
69419,0,3.4700000000000033,0,3.4700000000000033,0,TRUE,0,0
69420,0.09000000000000008,1.8400000000000016,1.8300000000000016,3.6700000000000035,0,TRUE,0.4986376021798365,0
69706,0,0,1.7800000000000016,1.7800000000000016,0,TRUE,1,1
69707,0,2.370000000000002,0.2400000000000002,2.610000000000002,0,TRUE,0.09195402298850576,0
69708,0,2.950000000000003,0,2.950000000000003,0,TRUE,0,0
69710,0.40000000000000036,2.040000000000002,0.37000000000000033,2.410000000000002,0,TRUE,0.15352697095435686,0
69711,0.8900000000000008,2.8700000000000028,0.09000000000000008,2.9600000000000026,0,TRUE,0.030405405405405407,0
69712,1.7200000000000015,1.3600000000000012,0.06000000000000005,1.4200000000000013,0,TRUE,0.04225352112676056,0
69713,2.0100000000000016,0.8100000000000007,0.4600000000000004,1.2700000000000011,0,TRUE,0.36220472440944884,0
69714,1.2700000000000011,1.3800000000000012,0.38000000000000034,1.7600000000000016,0,TRUE,0.2159090909090909,0
69715,1.4700000000000013,2.150000000000002,0.16000000000000014,2.3100000000000023,0,TRUE,0.06926406926406926,0
70002,0,0,1.6200000000000014,1.6200000000000014,0,TRUE,1,1
70003,0.38000000000000034,0.9400000000000008,0.8200000000000007,1.7600000000000016,0,TRUE,0.4659090909090909,0
70008,2.490000000000002,0,1.2800000000000011,1.2800000000000011,0,TRUE,1,1
70296,0,0,1.090000000000001,1.090000000000001,0,TRUE,1,1
70297,1.160000000000001,0,2.180000000000002,2.180000000000002,0,TRUE,1,1
70302,0.20000000000000018,1.4600000000000013,0.8700000000000008,2.330000000000002,0,TRUE,0.3733905579399142,0
70303,0,0.4600000000000004,2.3500000000000023,2.8100000000000023,0,TRUE,0.8362989323843418,1
70304,0.2300000000000002,1.9300000000000017,0.1100000000000001,2.040000000000002,0,TRUE,0.05392156862745098,0
70307,1.8900000000000017,0.26000000000000023,1.3200000000000012,1.5800000000000014,0,TRUE,0.8354430379746836,1
70590,0,0,1.7600000000000016,1.7600000000000016,0,TRUE,1,1
70591,1.3700000000000012,0,1.8900000000000017,1.8900000000000017,0,TRUE,1,1
70595,0.08000000000000007,2.8600000000000025,0,2.8600000000000025,0,TRUE,0,0
70596,0,1.9200000000000017,1.2800000000000011,3.200000000000003,0,TRUE,0.4,0
70597,0,0.14000000000000012,2.9200000000000026,3.0600000000000027,0,TRUE,0.954248366013072,1
70598,0,0,2.320000000000002,2.320000000000002,0,TRUE,1,1
70599,0,0.08000000000000007,3.140000000000003,3.220000000000003,0,TRUE,0.9751552795031055,1
70600,0.49000000000000044,0,2.2700000000000022,2.2700000000000022,0,TRUE,1,1
70601,1.6600000000000015,0,1.6700000000000015,1.6700000000000015,0,TRUE,1,1
70602,1.8900000000000017,0.7800000000000007,0.5500000000000005,1.3300000000000012,0,TRUE,0.41353383458646614,0
70876,0,1.4300000000000013,0,1.4300000000000013,0,TRUE,0,0
70884,0,0,1.020000000000001,1.020000000000001,0,TRUE,1,1
70889,0.28000000000000025,0.8700000000000008,0.8200000000000007,1.6900000000000015,0,TRUE,0.48520710059171596,0
70890,0,3.300000000000003,0.020000000000000018,3.320000000000003,0,TRUE,0.006024096385542169,0
70891,0,1.200000000000001,2.610000000000002,3.810000000000003,0,TRUE,0.6850393700787402,1
70892,0,0,3.6600000000000033,3.6600000000000033,0,TRUE,1,1
70893,0,0,3.600000000000003,3.600000000000003,0,TRUE,1,1
70897,0,0.49000000000000044,1.070000000000001,1.5600000000000014,0,TRUE,0.6858974358974359,1
71170,0,1.140000000000001,0,1.140000000000001,0,TRUE,0,0
71171,0,2.200000000000002,0,2.200000000000002,0,TRUE,0,0
71182,0.5200000000000005,2.9700000000000024,0,2.9700000000000024,0,TRUE,0,0
71183,0,2.080000000000002,0,2.080000000000002,0,TRUE,0,0
71184,0,2.9800000000000026,0,2.9800000000000026,0,TRUE,0,0
71185,0,3.5100000000000033,0.16000000000000014,3.6700000000000035,0,TRUE,0.043596730245231606,0
71186,0,1.9700000000000017,1.9300000000000017,3.9000000000000035,0,TRUE,0.4948717948717949,0
71187,0,0,2.610000000000002,2.610000000000002,0,TRUE,1,1
71465,0.7100000000000006,1.7900000000000016,0,1.7900000000000016,0,TRUE,0,0
71466,0.1100000000000001,2.6000000000000023,0,2.6000000000000023,0,TRUE,0,0
71468,0,2.6700000000000026,0.14000000000000012,2.8100000000000023,0,TRUE,0.04982206405693951,0
71469,0,2.5600000000000023,0.020000000000000018,2.5800000000000023,0,TRUE,0.007751937984496124,0
71470,0,2.380000000000002,0.06000000000000005,2.440000000000002,0,TRUE,0.02459016393442623,0
71471,0,1.150000000000001,0.16000000000000014,1.3100000000000012,0,TRUE,0.12213740458015267,0
71476,1.7500000000000016,1.9500000000000017,0.10000000000000009,2.0500000000000016,0,TRUE,0.04878048780487806,0
71477,0,2.730000000000002,0.26000000000000023,2.990000000000003,0,TRUE,0.08695652173913043,0
71478,0,2.7200000000000024,0.7800000000000007,3.500000000000003,0,TRUE,0.22285714285714286,0
71479,0,3.5500000000000034,0,3.5500000000000034,0,TRUE,0,0
71480,0,3.180000000000003,0.050000000000000044,3.230000000000003,0,TRUE,0.01547987616099071,0
71481,0,2.9000000000000026,0.39000000000000035,3.2900000000000027,0,TRUE,0.11854103343465046,0
71482,0.08000000000000007,1.7100000000000015,1.230000000000001,2.9400000000000026,0,TRUE,0.41836734693877553,0
71483,0.8600000000000008,1.070000000000001,0.2100000000000002,1.2800000000000011,0,TRUE,0.1640625,0
71760,0.19000000000000017,0.49000000000000044,0.5400000000000005,1.030000000000001,0,TRUE,0.5242718446601942,1
71761,1.6400000000000015,1.100000000000001,0.2400000000000002,1.3400000000000012,0,TRUE,0.1791044776119403,0
71762,0.3200000000000003,1.200000000000001,0.4400000000000004,1.6400000000000015,0,TRUE,0.2682926829268293,0
71763,0.28000000000000025,1.110000000000001,1.170000000000001,2.280000000000002,0,TRUE,0.5131578947368421,1
71764,0.3600000000000003,1.170000000000001,1.8800000000000017,3.0500000000000025,0,TRUE,0.6163934426229508,1
71765,0.3200000000000003,2.100000000000002,1.3100000000000012,3.410000000000003,0,TRUE,0.38416422287390034,0
71766,0.28000000000000025,1.040000000000001,1.4000000000000012,2.440000000000002,0,TRUE,0.5737704918032787,1
71767,0.4800000000000004,0.3500000000000003,2.2500000000000018,2.6000000000000023,0,TRUE,0.8653846153846153,1
71770,1.3200000000000012,0.8500000000000008,0.37000000000000033,1.220000000000001,0,TRUE,0.30327868852459017,0
71771,0.020000000000000018,3.8200000000000034,0.050000000000000044,3.8700000000000037,0,TRUE,0.012919896640826873,0
71772,0,1.110000000000001,2.240000000000002,3.350000000000003,0,TRUE,0.6686567164179104,1
71773,0,1.7500000000000016,2.0900000000000016,3.8400000000000034,0,TRUE,0.5442708333333333,1
71774,0,3.260000000000003,0.5000000000000004,3.7600000000000033,0,TRUE,0.13297872340425532,0
71775,0,2.530000000000002,1.230000000000001,3.7600000000000033,0,TRUE,0.3271276595744681,0
71776,0,3.0200000000000027,0.40000000000000036,3.420000000000003,0,TRUE,0.11695906432748537,0
71778,0.040000000000000036,1.0000000000000009,0.030000000000000027,1.030000000000001,0,TRUE,0.02912621359223301,0
71779,0.9500000000000008,1.2800000000000011,0.13000000000000012,1.4100000000000013,0,TRUE,0.09219858156028368,0
72055,0,2.140000000000002,0.15000000000000013,2.290000000000002,0,TRUE,0.06550218340611354,0
72056,0,3.320000000000003,0.3200000000000003,3.6400000000000032,0,TRUE,0.08791208791208792,0
72057,0.010000000000000009,2.320000000000002,0,2.320000000000002,0,TRUE,0,0
72058,0.5900000000000005,1.4800000000000013,0,1.4800000000000013,0,TRUE,0,0
72060,0.2200000000000002,2.0500000000000016,0.9900000000000009,3.0400000000000027,0,TRUE,0.3256578947368421,0
72061,0.28000000000000025,3.030000000000003,0.6700000000000006,3.7000000000000033,0,TRUE,0.1810810810810811,0
72062,2.730000000000002,1.100000000000001,0.010000000000000009,1.110000000000001,0,TRUE,0.009009009009009009,0
72065,0.030000000000000027,2.9000000000000026,0.40000000000000036,3.300000000000003,0,TRUE,0.12121212121212122,0
72066,0,2.9400000000000026,0.9000000000000008,3.8400000000000034,0,TRUE,0.234375,0
72067,0,0.020000000000000018,3.690000000000003,3.7100000000000035,0,TRUE,0.9946091644204851,1
72068,0,0,3.7400000000000033,3.7400000000000033,0,TRUE,1,1
72069,0,1.4200000000000013,2.330000000000002,3.7500000000000036,0,TRUE,0.6213333333333332,1
72070,0,3.4300000000000033,0.30000000000000027,3.730000000000003,0,TRUE,0.08042895442359249,0
72071,0,2.570000000000002,0,2.570000000000002,0,TRUE,0,0
72356,0.26000000000000023,2.190000000000002,0.030000000000000027,2.220000000000002,0,TRUE,0.013513513513513514,0
72357,1.8800000000000017,1.230000000000001,0,1.230000000000001,0,TRUE,0,0
72359,1.5000000000000013,1.9100000000000017,0.20000000000000018,2.110000000000002,0,TRUE,0.0947867298578199,0
72360,0,3.570000000000003,0.2300000000000002,3.8000000000000034,0,TRUE,0.060526315789473685,0
72361,0,1.6400000000000015,2.0500000000000016,3.690000000000003,0,TRUE,0.5555555555555556,1
72362,0.10000000000000009,0,3.350000000000003,3.350000000000003,0,TRUE,1,1
72363,0,0,3.610000000000003,3.610000000000003,0,TRUE,1,1
72364,0,0.2200000000000002,1.7300000000000015,1.9500000000000017,0,TRUE,0.8871794871794871,1
72365,1.8700000000000017,0.8200000000000007,0.6200000000000006,1.4400000000000013,0,TRUE,0.4305555555555556,0
72652,0.7300000000000006,1.2900000000000011,1.3200000000000012,2.610000000000002,0,TRUE,0.5057471264367817,1
72654,2.1300000000000017,0.26000000000000023,0.8400000000000007,1.100000000000001,0,TRUE,0.7636363636363637,1
72655,0,0.9800000000000009,2.6700000000000026,3.650000000000003,0,TRUE,0.7315068493150686,1
72656,0.1200000000000001,0.8800000000000008,2.5600000000000023,3.440000000000003,0,TRUE,0.7441860465116279,1
72657,0.06000000000000005,2.5200000000000022,1.030000000000001,3.5500000000000034,0,TRUE,0.29014084507042254,0
72658,0,2.380000000000002,1.4800000000000013,3.8600000000000034,0,TRUE,0.38341968911917096,0
72659,0,0.7700000000000007,2.280000000000002,3.0500000000000025,0,TRUE,0.7475409836065574,1
72660,1.3400000000000012,0.41000000000000036,1.8000000000000016,2.2100000000000017,0,TRUE,0.8144796380090499,1
72947,0.6200000000000006,1.060000000000001,0.9400000000000008,2.0000000000000018,0,TRUE,0.47,0
72948,2.320000000000002,0.4600000000000004,0.5700000000000005,1.030000000000001,0,TRUE,0.5533980582524272,1
72950,0.7500000000000007,0.13000000000000012,0.9600000000000009,1.090000000000001,0,TRUE,0.8807339449541285,1
72951,0.050000000000000044,0.37000000000000033,0.9800000000000009,1.3500000000000012,0,TRUE,0.725925925925926,1
72952,0,2.8800000000000026,0.030000000000000027,2.910000000000003,0,TRUE,0.010309278350515464,0
72953,0,1.5700000000000014,0.3300000000000003,1.9000000000000017,0,TRUE,0.1736842105263158,0
72954,0,3.340000000000003,0.16000000000000014,3.500000000000003,0,TRUE,0.045714285714285714,0
72955,0,1.9000000000000017,0.8100000000000007,2.7100000000000026,0,TRUE,0.29889298892988925,0
73242,0.41000000000000036,1.220000000000001,0.2200000000000002,1.4400000000000013,0,TRUE,0.1527777777777778,0
73243,0.3600000000000003,3.320000000000003,0,3.320000000000003,0,TRUE,0,0
73245,2.3100000000000023,0.5200000000000005,0.5500000000000005,1.070000000000001,0,TRUE,0.514018691588785,1
73246,0,3.0100000000000025,0.8700000000000008,3.8800000000000034,0,TRUE,0.22422680412371135,0
73247,0,3.500000000000003,0,3.500000000000003,0,TRUE,0,0
73248,0,2.190000000000002,0.06000000000000005,2.2500000000000018,0,TRUE,0.02666666666666667,0
73249,0,3.350000000000003,0,3.350000000000003,0,TRUE,0,0
73250,0,2.0000000000000018,0,2.0000000000000018,0,TRUE,0,0
73537,0.3100000000000003,3.450000000000003,0,3.450000000000003,0,TRUE,0,0
73538,0,3.8700000000000037,0,3.8700000000000037,0,TRUE,0,0
73541,0.5300000000000005,2.340000000000002,0.2100000000000002,2.5500000000000025,0,TRUE,0.08235294117647059,0
73542,0,3.2900000000000027,0,3.2900000000000027,0,TRUE,0,0
73543,0,2.190000000000002,0.26000000000000023,2.450000000000002,0,TRUE,0.10612244897959185,0
73544,0,2.8500000000000023,0,2.8500000000000023,0,TRUE,0,0
73806,0.3200000000000003,0.07000000000000006,1.090000000000001,1.160000000000001,0,TRUE,0.9396551724137931,1
73831,0,2.3500000000000023,0.20000000000000018,2.5500000000000025,0,TRUE,0.0784313725490196,0
73832,0,2.6800000000000024,0.9100000000000008,3.5900000000000034,0,TRUE,0.25348189415041783,0
73833,0,2.300000000000002,1.080000000000001,3.380000000000003,0,TRUE,0.31952662721893493,0
73836,2.0000000000000018,1.3400000000000012,0.050000000000000044,1.3900000000000012,0,TRUE,0.03597122302158273,0
73837,0,2.8300000000000027,0.3300000000000003,3.160000000000003,0,TRUE,0.10443037974683544,0
73838,0,1.220000000000001,2.530000000000002,3.7500000000000036,0,TRUE,0.6746666666666665,1
73839,0,2.060000000000002,0.4200000000000004,2.480000000000002,0,TRUE,0.1693548387096774,0
74124,0,0.6700000000000006,1.9200000000000017,2.5900000000000025,0,TRUE,0.7413127413127413,1
74125,0,3.6700000000000035,0.040000000000000036,3.7100000000000035,0,TRUE,0.010781671159029648,0
74126,0.4600000000000004,3.0500000000000025,0,3.0500000000000025,0,TRUE,0,0
74127,0,2.380000000000002,0.6400000000000006,3.0200000000000027,0,TRUE,0.2119205298013245,0
74128,0.1200000000000001,0.06000000000000005,3.650000000000003,3.7100000000000035,0,TRUE,0.9838274932614554,1
74132,0,3.110000000000003,0.6500000000000006,3.7600000000000033,0,TRUE,0.17287234042553193,0
74133,0,1.5300000000000014,2.120000000000002,3.650000000000003,0,TRUE,0.5808219178082192,1
74418,0,1.6400000000000015,0.18000000000000016,1.8200000000000016,0,TRUE,0.0989010989010989,0
74419,0.9400000000000008,2.060000000000002,0.06000000000000005,2.120000000000002,0,TRUE,0.02830188679245283,0
74420,1.6800000000000015,1.9700000000000017,0,1.9700000000000017,0,TRUE,0,0
74421,2.3900000000000023,0.6200000000000006,0.4500000000000004,1.070000000000001,0,TRUE,0.4205607476635514,0
74422,0.030000000000000027,1.7300000000000015,1.100000000000001,2.8300000000000027,0,TRUE,0.38869257950530034,0
74423,2.440000000000002,0.09000000000000008,1.2700000000000011,1.3600000000000012,0,TRUE,0.9338235294117647,1
74426,0.7100000000000006,1.5200000000000014,0.10000000000000009,1.6200000000000014,0,TRUE,0.06172839506172839,0
74427,0.5400000000000005,2.0100000000000016,1.030000000000001,3.0400000000000027,0,TRUE,0.33881578947368424,0
74428,0,2.9200000000000026,0.27000000000000024,3.190000000000003,0,TRUE,0.08463949843260188,0
74712,0.010000000000000009,2.360000000000002,0,2.360000000000002,0,TRUE,0,0
74713,0.9900000000000009,1.2700000000000011,0,1.2700000000000011,0,TRUE,0,0
74716,1.3000000000000012,2.0900000000000016,0,2.0900000000000016,0,TRUE,0,0
74717,0.2200000000000002,2.6300000000000026,0,2.6300000000000026,0,TRUE,0,0
74719,1.5500000000000014,2.0100000000000016,0,2.0100000000000016,0,TRUE,0,0
74720,0,2.160000000000002,0.4400000000000004,2.6000000000000023,0,TRUE,0.16923076923076924,0
74721,0.40000000000000036,0.8900000000000008,0.6500000000000006,1.5400000000000014,0,TRUE,0.42207792207792205,0
74723,0.4800000000000004,2.910000000000003,0.16000000000000014,3.070000000000003,0,TRUE,0.052117263843648204,0
74724,0,0.3400000000000003,1.4100000000000013,1.7500000000000016,0,TRUE,0.8057142857142857,1
75006,0.06000000000000005,1.070000000000001,1.030000000000001,2.100000000000002,0,TRUE,0.49047619047619045,0
75007,0,3.0100000000000025,0.020000000000000018,3.030000000000003,0,TRUE,0.0066006600660066,0
75008,0,2.8000000000000025,0,2.8000000000000025,0,TRUE,0,0
75009,0.4800000000000004,3.0500000000000025,0,3.0500000000000025,0,TRUE,0,0
75011,0.13000000000000012,3.110000000000003,0,3.110000000000003,0,TRUE,0,0
75012,1.3600000000000012,2.320000000000002,0,2.320000000000002,0,TRUE,0,0
75015,0,0.5200000000000005,0.6800000000000006,1.200000000000001,0,TRUE,0.5666666666666667,1
75017,0.030000000000000027,0,1.4400000000000013,1.4400000000000013,0,TRUE,1,1
75019,0.5000000000000004,0.38000000000000034,1.7100000000000015,2.0900000000000016,0,TRUE,0.8181818181818182,1
75020,0,1.9500000000000017,0.13000000000000012,2.080000000000002,0,TRUE,0.0625,0
75022,0.20000000000000018,0.8300000000000007,0.2500000000000002,1.080000000000001,0,TRUE,0.23148148148148148,0
75300,1.130000000000001,1.4100000000000013,0.1100000000000001,1.5200000000000014,0,TRUE,0.07236842105263158,0
75301,1.030000000000001,1.5900000000000014,1.140000000000001,2.730000000000002,0,TRUE,0.4175824175824176,0
75302,0,3.3300000000000027,0,3.3300000000000027,0,TRUE,0,0
75303,0,2.7700000000000022,0,2.7700000000000022,0,TRUE,0,0
75304,0,3.8300000000000036,0,3.8300000000000036,0,TRUE,0,0
75305,0.4300000000000004,2.5800000000000023,0,2.5800000000000023,0,TRUE,0,0
75306,0.49000000000000044,1.150000000000001,0,1.150000000000001,0,TRUE,0,0
75315,2.5400000000000023,1.220000000000001,0,1.220000000000001,0,TRUE,0,0
75316,0.5700000000000005,1.2800000000000011,0.7000000000000006,1.9800000000000018,0,TRUE,0.35353535353535354,0
75317,1.220000000000001,0.5800000000000005,0.6700000000000006,1.250000000000001,0,TRUE,0.536,1
75575,0.6200000000000006,0,1.6500000000000015,1.6500000000000015,0,TRUE,1,1
75585,0,0,1.5800000000000014,1.5800000000000014,0,TRUE,1,1
75586,0,0,1.3300000000000012,1.3300000000000012,0,TRUE,1,1
75594,0,0.010000000000000009,2.140000000000002,2.150000000000002,0,TRUE,0.9953488372093022,1
75595,0.7300000000000006,1.180000000000001,0.5600000000000005,1.7400000000000015,0,TRUE,0.3218390804597701,0
75596,0.5500000000000005,2.200000000000002,0.07000000000000006,2.2700000000000022,0,TRUE,0.03083700440528634,0
75597,0.17000000000000015,1.9500000000000017,1.240000000000001,3.190000000000003,0,TRUE,0.3887147335423197,0
75598,0.15000000000000013,1.9600000000000017,0.08000000000000007,2.040000000000002,0,TRUE,0.0392156862745098,0
75599,1.240000000000001,2.040000000000002,0,2.040000000000002,0,TRUE,0,0
75602,0,0,1.5500000000000014,1.5500000000000014,0,TRUE,1,1
75603,0,0,1.7900000000000016,1.7900000000000016,0,TRUE,1,1
75607,0.2300000000000002,0.6500000000000006,2.180000000000002,2.8300000000000027,0,TRUE,0.7703180212014133,1
75610,2.060000000000002,1.4400000000000013,0.3300000000000003,1.7700000000000016,0,TRUE,0.1864406779661017,0
75611,1.040000000000001,0.030000000000000027,2.260000000000002,2.290000000000002,0,TRUE,0.9868995633187774,1
75861,0,0,1.9700000000000017,1.9700000000000017,0,TRUE,1,1
75862,0,0,1.3200000000000012,1.3200000000000012,0,TRUE,1,1
75881,0.040000000000000036,0,1.5600000000000014,1.5600000000000014,0,TRUE,1,1
75887,0.10000000000000009,1.6300000000000014,0,1.6300000000000014,0,TRUE,0,0
75888,0.8700000000000008,2.230000000000002,0,2.230000000000002,0,TRUE,0,0
75889,0,0.8600000000000008,1.140000000000001,2.0000000000000018,0,TRUE,0.57,1
75895,0.030000000000000027,0,2.6800000000000024,2.6800000000000024,0,TRUE,1,1
75896,0,0,3.3700000000000028,3.3700000000000028,0,TRUE,1,1
75897,0,0,2.460000000000002,2.460000000000002,0,TRUE,1,1
75898,0,0,2.730000000000002,2.730000000000002,0,TRUE,1,1
75899,0,0,1.6100000000000014,1.6100000000000014,0,TRUE,1,1
75905,0.9200000000000008,0.1200000000000001,1.4000000000000012,1.5200000000000014,0,TRUE,0.9210526315789473,1
76156,0,0,1.3600000000000012,1.3600000000000012,0,TRUE,1,1
76179,0.40000000000000036,0.8500000000000008,0.5000000000000004,1.3500000000000012,0,TRUE,0.37037037037037035,0
76181,2.080000000000002,0.8200000000000007,0.5500000000000005,1.3700000000000012,0,TRUE,0.40145985401459855,0
76190,0.9900000000000009,0,1.7800000000000016,1.7800000000000016,0,TRUE,1,1
76191,0,0,3.140000000000003,3.140000000000003,0,TRUE,1,1
76192,0,0,3.570000000000003,3.570000000000003,0,TRUE,1,1
76199,0,1.4500000000000013,0.8300000000000007,2.280000000000002,0,TRUE,0.36403508771929827,0
76200,0.010000000000000009,0.4700000000000004,1.8100000000000016,2.280000000000002,0,TRUE,0.793859649122807,1
76470,0.3500000000000003,0,1.130000000000001,1.130000000000001,0,TRUE,1,1
76473,2.380000000000002,1.120000000000001,0.08000000000000007,1.200000000000001,0,TRUE,0.06666666666666667,0
76478,0.29000000000000026,0,1.070000000000001,1.070000000000001,0,TRUE,1,1
76479,0.20000000000000018,0,2.7700000000000022,2.7700000000000022,0,TRUE,1,1
76484,0.40000000000000036,0,1.100000000000001,1.100000000000001,0,TRUE,1,1
76485,1.050000000000001,0,1.8800000000000017,1.8800000000000017,0,TRUE,1,1
76486,0.9800000000000009,0,2.7500000000000027,2.7500000000000027,0,TRUE,1,1
76487,0.28000000000000025,0.050000000000000044,3.110000000000003,3.160000000000003,0,TRUE,0.9841772151898734,1
76494,0,1.3900000000000012,1.7500000000000016,3.140000000000003,0,TRUE,0.5573248407643312,1
76495,0,1.040000000000001,0.2400000000000002,1.2800000000000011,0,TRUE,0.1875,0
76755,0,0,1.010000000000001,1.010000000000001,0,TRUE,1,1
76771,0.9300000000000008,0,1.190000000000001,1.190000000000001,0,TRUE,1,1
76772,1.9100000000000017,0,1.200000000000001,1.200000000000001,0,TRUE,1,1
76775,0.13000000000000012,0,2.4300000000000024,2.4300000000000024,0,TRUE,1,1
76776,0.3300000000000003,0,2.7200000000000024,2.7200000000000024,0,TRUE,1,1
76777,0.020000000000000018,0,1.070000000000001,1.070000000000001,0,TRUE,1,1
76779,0.2100000000000002,0,1.6600000000000015,1.6600000000000015,0,TRUE,1,1
76780,0.14000000000000012,0,2.150000000000002,2.150000000000002,0,TRUE,1,1
76781,1.6600000000000015,0.14000000000000012,1.8100000000000016,1.9500000000000017,0,TRUE,0.9282051282051282,1
76789,0,0.020000000000000018,1.050000000000001,1.070000000000001,0,TRUE,0.9813084112149533,1
77042,0.38000000000000034,0,1.3500000000000012,1.3500000000000012,0,TRUE,1,1
77043,0.10000000000000009,0,3.520000000000003,3.520000000000003,0,TRUE,1,1
77044,0,0,1.9700000000000017,1.9700000000000017,0,TRUE,1,1
77045,0.2400000000000002,0,1.5900000000000014,1.5900000000000014,0,TRUE,1,1
77054,0.6800000000000006,0,1.2600000000000011,1.2600000000000011,0,TRUE,1,1
77055,0.5700000000000005,0,1.170000000000001,1.170000000000001,0,TRUE,1,1
77064,0.1200000000000001,0,3.1700000000000026,3.1700000000000026,0,TRUE,1,1
77065,0.030000000000000027,0,2.290000000000002,2.290000000000002,0,TRUE,1,1
77068,0,0,1.180000000000001,1.180000000000001,0,TRUE,1,1
77069,0.18000000000000016,0,3.160000000000003,3.160000000000003,0,TRUE,1,1
77070,0.1100000000000001,0,3.440000000000003,3.440000000000003,0,TRUE,1,1
77071,0,0,3.7100000000000035,3.7100000000000035,0,TRUE,1,1
77072,0,0,1.8900000000000017,1.8900000000000017,0,TRUE,1,1
77073,0,0,2.330000000000002,2.330000000000002,0,TRUE,1,1
77074,0,0,2.120000000000002,2.120000000000002,0,TRUE,1,1
77075,0.10000000000000009,0,2.0000000000000018,2.0000000000000018,0,TRUE,1,1
77076,1.4900000000000013,1.5300000000000014,0.8400000000000007,2.370000000000002,0,TRUE,0.3544303797468355,0
77335,0,0,1.3200000000000012,1.3200000000000012,0,TRUE,1,1
77336,0.020000000000000018,0,2.8300000000000027,2.8300000000000027,0,TRUE,1,1
77337,0.030000000000000027,0,3.460000000000003,3.460000000000003,0,TRUE,1,1
77338,1.080000000000001,0,1.3700000000000012,1.3700000000000012,0,TRUE,1,1
77339,0,0,1.100000000000001,1.100000000000001,0,TRUE,1,1
77351,0.28000000000000025,0,2.1700000000000017,2.1700000000000017,0,TRUE,1,1
77354,0.41000000000000036,0,1.5600000000000014,1.5600000000000014,0,TRUE,1,1
77355,1.010000000000001,0,2.6700000000000026,2.6700000000000026,0,TRUE,1,1
77356,0.37000000000000033,0,2.9300000000000024,2.9300000000000024,0,TRUE,1,1
77357,0.5700000000000005,0,2.9300000000000024,2.9300000000000024,0,TRUE,1,1
77358,0.7400000000000007,0,1.6400000000000015,1.6400000000000015,0,TRUE,1,1
77360,0,0,2.950000000000003,2.950000000000003,0,TRUE,1,1
77362,0.7600000000000007,0,1.8300000000000016,1.8300000000000016,0,TRUE,1,1
77363,0.4300000000000004,0,3.150000000000003,3.150000000000003,0,TRUE,1,1
77364,0,0,3.620000000000003,3.620000000000003,0,TRUE,1,1
77365,0,0,3.7100000000000035,3.7100000000000035,0,TRUE,1,1
77366,1.090000000000001,0,2.160000000000002,2.160000000000002,0,TRUE,1,1
77367,0,0,3.070000000000003,3.070000000000003,0,TRUE,1,1
77368,0,0,2.0900000000000016,2.0900000000000016,0,TRUE,1,1
77369,0,0,2.1700000000000017,2.1700000000000017,0,TRUE,1,1
77370,0,0,1.7500000000000016,1.7500000000000016,0,TRUE,1,1
77371,0.5200000000000005,0.050000000000000044,1.150000000000001,1.200000000000001,0,TRUE,0.9583333333333334,1
77631,0.13000000000000012,0,2.190000000000002,2.190000000000002,0,TRUE,1,1
77646,0.29000000000000026,0,1.5300000000000014,1.5300000000000014,0,TRUE,1,1
77647,1.140000000000001,0,2.080000000000002,2.080000000000002,0,TRUE,1,1
77648,0.4200000000000004,0,1.6600000000000015,1.6600000000000015,0,TRUE,1,1
77649,0,0,2.8200000000000025,2.8200000000000025,0,TRUE,1,1
77650,0,0,4.0000000000000036,4.0000000000000036,0,TRUE,1,1
77651,0.050000000000000044,0,3.850000000000003,3.850000000000003,0,TRUE,1,1
77652,0.6700000000000006,0,2.4300000000000024,2.4300000000000024,0,TRUE,1,1
77653,0.3500000000000003,0,1.3800000000000012,1.3800000000000012,0,TRUE,1,1
77655,0.9100000000000008,0,2.290000000000002,2.290000000000002,0,TRUE,1,1
77657,2.8100000000000023,0,1.190000000000001,1.190000000000001,0,TRUE,1,1
77658,1.3800000000000012,0,1.3900000000000012,1.3900000000000012,0,TRUE,1,1
77659,0.38000000000000034,0,3.1300000000000026,3.1300000000000026,0,TRUE,1,1
77660,0.7400000000000007,0,3.0500000000000025,3.0500000000000025,0,TRUE,1,1
77662,1.250000000000001,0,2.400000000000002,2.400000000000002,0,TRUE,1,1
77663,0,0,3.8900000000000032,3.8900000000000032,0,TRUE,1,1
77664,0,0,3.270000000000003,3.270000000000003,0,TRUE,1,1
77665,0,0,1.8800000000000017,1.8800000000000017,0,TRUE,1,1
77939,0,0,1.4100000000000013,1.4100000000000013,0,TRUE,1,1
77940,0.7400000000000007,0,1.140000000000001,1.140000000000001,0,TRUE,1,1
77942,0,0,1.4700000000000013,1.4700000000000013,0,TRUE,1,1
77943,0,0,3.8800000000000034,3.8800000000000034,0,TRUE,1,1
77944,0.050000000000000044,0,3.5100000000000033,3.5100000000000033,0,TRUE,1,1
77945,0.2400000000000002,0,3.1700000000000026,3.1700000000000026,0,TRUE,1,1
77946,0.7300000000000006,0,2.6400000000000023,2.6400000000000023,0,TRUE,1,1
77947,0.15000000000000013,0,3.620000000000003,3.620000000000003,0,TRUE,1,1
77948,0,0,3.500000000000003,3.500000000000003,0,TRUE,1,1
77949,0,0,2.8200000000000025,2.8200000000000025,0,TRUE,1,1
77950,0.050000000000000044,0,2.220000000000002,2.220000000000002,0,TRUE,1,1
77951,0.8100000000000007,0,2.8100000000000023,2.8100000000000023,0,TRUE,1,1
77952,2.420000000000002,0,1.130000000000001,1.130000000000001,0,TRUE,1,1
77954,1.7900000000000016,0,1.250000000000001,1.250000000000001,0,TRUE,1,1
77955,2.7500000000000027,0,1.020000000000001,1.020000000000001,0,TRUE,1,1
77957,0.37000000000000033,0,3.6300000000000034,3.6300000000000034,0,TRUE,1,1
77958,0.2100000000000002,0,3.300000000000003,3.300000000000003,0,TRUE,1,1
77959,1.050000000000001,0,1.8200000000000016,1.8200000000000016,0,TRUE,1,1
78238,0,0,1.4000000000000012,1.4000000000000012,0,TRUE,1,1
78239,0.13000000000000012,0,3.580000000000003,3.580000000000003,0,TRUE,1,1
78240,0.10000000000000009,0,3.8800000000000034,3.8800000000000034,0,TRUE,1,1
78241,0.040000000000000036,0,3.7800000000000034,3.7800000000000034,0,TRUE,1,1
78242,0,0,3.540000000000003,3.540000000000003,0,TRUE,1,1
78243,0,0,3.730000000000003,3.730000000000003,0,TRUE,1,1
78244,0,0,3.5500000000000034,3.5500000000000034,0,TRUE,1,1
78245,0,0,2.3100000000000023,2.3100000000000023,0,TRUE,1,1
78246,0,0,3.350000000000003,3.350000000000003,0,TRUE,1,1
78247,1.2700000000000011,0,2.4700000000000024,2.4700000000000024,0,TRUE,1,1
78251,1.6800000000000015,0,2.320000000000002,2.320000000000002,0,TRUE,1,1
78252,0.030000000000000027,0,3.7100000000000035,3.7100000000000035,0,TRUE,1,1
78525,0,0,1.3400000000000012,1.3400000000000012,0,TRUE,1,1
78534,0,0,1.050000000000001,1.050000000000001,0,TRUE,1,1
78535,0,0,3.7400000000000033,3.7400000000000033,0,TRUE,1,1
78536,0,0,4.0000000000000036,4.0000000000000036,0,TRUE,1,1
78537,0,0,3.7500000000000036,3.7500000000000036,0,TRUE,1,1
78538,0,0,4.0000000000000036,4.0000000000000036,0,TRUE,1,1
78539,0,0,4.0000000000000036,4.0000000000000036,0,TRUE,1,1
78540,0,0,3.7900000000000036,3.7900000000000036,0,TRUE,1,1
78541,0.010000000000000009,0,1.9000000000000017,1.9000000000000017,0,TRUE,1,1
78542,0.38000000000000034,0,2.200000000000002,2.200000000000002,0,TRUE,1,1
78543,2.2100000000000017,0,1.5200000000000014,1.5200000000000014,0,TRUE,1,1
78547,0.9100000000000008,0,1.6900000000000015,1.6900000000000015,0,TRUE,1,1
78821,0,0,1.3700000000000012,1.3700000000000012,0,TRUE,1,1
78830,0,0,1.010000000000001,1.010000000000001,0,TRUE,1,1
78831,0,0,3.200000000000003,3.200000000000003,0,TRUE,1,1
78832,0,0,3.7500000000000036,3.7500000000000036,0,TRUE,1,1
78833,0,0,4.0000000000000036,4.0000000000000036,0,TRUE,1,1
78834,0,0,4.0000000000000036,4.0000000000000036,0,TRUE,1,1
78835,0,0,4.0000000000000036,4.0000000000000036,0,TRUE,1,1
78836,0,0,3.7200000000000033,3.7200000000000033,0,TRUE,1,1
78837,0,0,1.4800000000000013,1.4800000000000013,0,TRUE,1,1
78838,0,0,1.7400000000000015,1.7400000000000015,0,TRUE,1,1
78839,0,0,3.0200000000000027,3.0200000000000027,0,TRUE,1,1
79116,0,0,2.110000000000002,2.110000000000002,0,TRUE,1,1
79117,0,0,3.260000000000003,3.260000000000003,0,TRUE,1,1
79118,0.3100000000000003,0,1.230000000000001,1.230000000000001,0,TRUE,1,1
79127,0,0,1.080000000000001,1.080000000000001,0,TRUE,1,1
79128,0,0,2.2500000000000018,2.2500000000000018,0,TRUE,1,1
79129,0,0,2.690000000000002,2.690000000000002,0,TRUE,1,1
79130,0,0,3.240000000000003,3.240000000000003,0,TRUE,1,1
79131,0.20000000000000018,0,2.300000000000002,2.300000000000002,0,TRUE,1,1
79132,0.3500000000000003,0,1.6400000000000015,1.6400000000000015,0,TRUE,1,1
79405,0.2300000000000002,0,2.5800000000000023,2.5800000000000023,0,TRUE,1,1
79407,0.030000000000000027,0,1.070000000000001,1.070000000000001,0,TRUE,1,1
79411,0,0,1.7900000000000016,1.7900000000000016,0,TRUE,1,1
79412,0,0,2.2700000000000022,2.2700000000000022,0,TRUE,1,1
79413,0.020000000000000018,0,2.9200000000000026,2.9200000000000026,0,TRUE,1,1
79414,0,0,2.9400000000000026,2.9400000000000026,0,TRUE,1,1
79700,0.20000000000000018,0,1.6400000000000015,1.6400000000000015,0,TRUE,1,1
79701,0,0,1.8100000000000016,1.8100000000000016,0,TRUE,1,1
79702,0.30000000000000027,0,2.500000000000002,2.500000000000002,0,TRUE,1,1
79707,0,0,2.7500000000000027,2.7500000000000027,0,TRUE,1,1
79708,0,0,2.910000000000003,2.910000000000003,0,TRUE,1,1
79710,0.19000000000000017,0,3.200000000000003,3.200000000000003,0,TRUE,1,1
79711,0,0,2.120000000000002,2.120000000000002,0,TRUE,1,1
79995,0.040000000000000036,0,2.570000000000002,2.570000000000002,0,TRUE,1,1
79996,0.18000000000000016,0,1.9700000000000017,1.9700000000000017,0,TRUE,1,1
79997,0.30000000000000027,0,1.220000000000001,1.220000000000001,0,TRUE,1,1
80002,0.14000000000000012,0,3.2100000000000026,3.2100000000000026,0,TRUE,1,1
80003,0,0,3.0400000000000027,3.0400000000000027,0,TRUE,1,1
80004,1.5000000000000013,0,1.130000000000001,1.130000000000001,0,TRUE,1,1
80005,1.5500000000000014,0,1.8400000000000016,1.8400000000000016,0,TRUE,1,1
80006,0,0,3.8200000000000034,3.8200000000000034,0,TRUE,1,1
80007,0,0,3.340000000000003,3.340000000000003,0,TRUE,1,1
80291,0.3400000000000003,0,1.9400000000000017,1.9400000000000017,0,TRUE,1,1
80293,1.220000000000001,0,1.4000000000000012,1.4000000000000012,0,TRUE,1,1
80295,0.3300000000000003,0,2.1300000000000017,2.1300000000000017,0,TRUE,1,1
80296,0,0,1.5600000000000014,1.5600000000000014,0,TRUE,1,1
80297,1.3300000000000012,0,1.070000000000001,1.070000000000001,0,TRUE,1,1
80298,0.8400000000000007,0,2.060000000000002,2.060000000000002,0,TRUE,1,1
80299,0,0,3.400000000000003,3.400000000000003,0,TRUE,1,1
80300,0.2100000000000002,0,3.450000000000003,3.450000000000003,0,TRUE,1,1
80301,1.3900000000000012,0,1.9500000000000017,1.9500000000000017,0,TRUE,1,1
80302,0.3300000000000003,0,3.6300000000000034,3.6300000000000034,0,TRUE,1,1
80303,0.050000000000000044,0,2.9200000000000026,2.9200000000000026,0,TRUE,1,1
80587,0,0,2.1300000000000017,2.1300000000000017,0,TRUE,1,1
80588,0.2300000000000002,0,1.8800000000000017,1.8800000000000017,0,TRUE,1,1
80589,0.8100000000000007,0,1.9100000000000017,1.9100000000000017,0,TRUE,1,1
80591,0,0,1.040000000000001,1.040000000000001,0,TRUE,1,1
80592,0,0,1.230000000000001,1.230000000000001,0,TRUE,1,1
80594,1.030000000000001,0.2400000000000002,0.7600000000000007,1.0000000000000009,0,TRUE,0.76,1
80595,0.9100000000000008,0,2.3500000000000023,2.3500000000000023,0,TRUE,1,1
80596,0.20000000000000018,0,3.480000000000003,3.480000000000003,0,TRUE,1,1
80597,0,0,3.230000000000003,3.230000000000003,0,TRUE,1,1
80598,0,0,3.7600000000000033,3.7600000000000033,0,TRUE,1,1
80599,0,0,2.150000000000002,2.150000000000002,0,TRUE,1,1
80886,0,0,1.250000000000001,1.250000000000001,0,TRUE,1,1
80891,1.2900000000000011,0,1.5800000000000014,1.5800000000000014,0,TRUE,1,1
80892,1.5500000000000014,0,1.8500000000000016,1.8500000000000016,0,TRUE,1,1
80893,1.8100000000000016,0,1.3400000000000012,1.3400000000000012,0,TRUE,1,1
80894,0.8600000000000008,0,2.400000000000002,2.400000000000002,0,TRUE,1,1
80895,0,0,2.2100000000000017,2.2100000000000017,0,TRUE,1,1
80896,0,0,1.3900000000000012,1.3900000000000012,0,TRUE,1,1
81177,0,0,1.3000000000000012,1.3000000000000012,0,TRUE,1,1
81178,0.2400000000000002,0,1.180000000000001,1.180000000000001,0,TRUE,1,1
81180,0.020000000000000018,0,1.7900000000000016,1.7900000000000016,0,TRUE,1,1
81182,0,0,1.6400000000000015,1.6400000000000015,0,TRUE,1,1
81183,0,0,1.6600000000000015,1.6600000000000015,0,TRUE,1,1
81191,0.8100000000000007,0,2.340000000000002,2.340000000000002,0,TRUE,1,1
81192,0.020000000000000018,0,3.5100000000000033,3.5100000000000033,0,TRUE,1,1
81193,1.9500000000000017,0,1.9200000000000017,1.9200000000000017,0,TRUE,1,1
81194,0.3600000000000003,0,1.220000000000001,1.220000000000001,0,TRUE,1,1
81473,1.210000000000001,0,2.110000000000002,2.110000000000002,0,TRUE,1,1
81476,0,0,3.200000000000003,3.200000000000003,0,TRUE,1,1
81477,0,0,2.080000000000002,2.080000000000002,0,TRUE,1,1
81479,0.1200000000000001,0,1.040000000000001,1.040000000000001,0,TRUE,1,1
81480,0.8800000000000008,0,1.5900000000000014,1.5900000000000014,0,TRUE,1,1
81481,0.020000000000000018,0,2.5600000000000023,2.5600000000000023,0,TRUE,1,1
81488,0.4500000000000004,0,1.9600000000000017,1.9600000000000017,0,TRUE,1,1
81489,1.5300000000000014,0.06000000000000005,1.6000000000000014,1.6600000000000015,0,TRUE,0.963855421686747,1
81494,0.19000000000000017,0,1.070000000000001,1.070000000000001,0,TRUE,1,1
81767,0,0,1.2800000000000011,1.2800000000000011,0,TRUE,1,1
81768,0.06000000000000005,0,2.410000000000002,2.410000000000002,0,TRUE,1,1
81771,0,0,2.480000000000002,2.480000000000002,0,TRUE,1,1
81772,0,0,2.8600000000000025,2.8600000000000025,0,TRUE,1,1
81773,0,0,1.3100000000000012,1.3100000000000012,0,TRUE,1,1
81774,0,0,1.5100000000000013,1.5100000000000013,0,TRUE,1,1
81776,0,0,3.540000000000003,3.540000000000003,0,TRUE,1,1
81787,2.340000000000002,1.6000000000000014,0,1.6000000000000014,0,TRUE,0,0
81788,1.110000000000001,2.5400000000000023,0.020000000000000018,2.5600000000000023,0,TRUE,0.0078125,0
81789,1.3500000000000012,0.7200000000000006,1.6500000000000015,2.370000000000002,0,TRUE,0.6962025316455697,1
81790,0.20000000000000018,0,2.3500000000000023,2.3500000000000023,0,TRUE,1,1
81791,0,0,2.220000000000002,2.220000000000002,0,TRUE,1,1
81792,0,0,1.250000000000001,1.250000000000001,0,TRUE,1,1
82064,1.250000000000001,0.9000000000000008,0.15000000000000013,1.050000000000001,0,TRUE,0.14285714285714285,0
82067,0.20000000000000018,0,1.7600000000000016,1.7600000000000016,0,TRUE,1,1
82068,0,0,2.1700000000000017,2.1700000000000017,0,TRUE,1,1
82069,0,0,1.4000000000000012,1.4000000000000012,0,TRUE,1,1
82070,0,0,1.160000000000001,1.160000000000001,0,TRUE,1,1
82071,0.030000000000000027,0,2.8200000000000025,2.8200000000000025,0,TRUE,1,1
82072,0,0,1.3600000000000012,1.3600000000000012,0,TRUE,1,1
82082,0.6000000000000005,0.40000000000000036,2.650000000000002,3.0500000000000025,0,TRUE,0.8688524590163934,1
82083,0.030000000000000027,0.1100000000000001,3.520000000000003,3.6300000000000034,0,TRUE,0.9696969696969696,1
82084,0.8200000000000007,0,1.8100000000000016,1.8100000000000016,0,TRUE,1,1
82085,0.010000000000000009,0,2.030000000000002,2.030000000000002,0,TRUE,1,1
82086,0,0.2500000000000002,2.7500000000000027,3.0000000000000027,0,TRUE,0.9166666666666667,1
82087,0,1.9700000000000017,0.8800000000000008,2.8500000000000023,0,TRUE,0.3087719298245614,0
82088,0,0.1100000000000001,1.3300000000000012,1.4400000000000013,0,TRUE,0.9236111111111112,1
82089,0,0,1.120000000000001,1.120000000000001,0,TRUE,1,1
82090,0,0,1.180000000000001,1.180000000000001,0,TRUE,1,1
82358,0.3600000000000003,0.8600000000000008,1.230000000000001,2.0900000000000016,0,TRUE,0.5885167464114833,1
82363,0,0,1.4900000000000013,1.4900000000000013,0,TRUE,1,1
82365,0.5600000000000005,0,2.120000000000002,2.120000000000002,0,TRUE,1,1
82366,0.5800000000000005,0,2.500000000000002,2.500000000000002,0,TRUE,1,1
82367,0,0,3.5500000000000034,3.5500000000000034,0,TRUE,1,1
82368,0,0,2.330000000000002,2.330000000000002,0,TRUE,1,1
82378,0,0,2.480000000000002,2.480000000000002,0,TRUE,1,1
82379,0,0,2.8500000000000023,2.8500000000000023,0,TRUE,1,1
82382,0,4.0000000000000036,0,4.0000000000000036,0,TRUE,0,0
82383,0,0.6800000000000006,2.8700000000000028,3.5500000000000034,0,TRUE,0.8084507042253521,1
82384,0,0,4.0000000000000036,4.0000000000000036,0,TRUE,1,1
82385,0,0.20000000000000018,3.280000000000003,3.480000000000003,0,TRUE,0.9425287356321839,1
82386,0,1.080000000000001,1.6700000000000015,2.7500000000000027,0,TRUE,0.6072727272727272,1
82387,0,0.2200000000000002,0.9800000000000009,1.200000000000001,0,TRUE,0.8166666666666667,1
82659,0.9400000000000008,0,1.5500000000000014,1.5500000000000014,0,TRUE,1,1
82660,0.5000000000000004,0,2.650000000000002,2.650000000000002,0,TRUE,1,1
82662,0,0,1.4500000000000013,1.4500000000000013,0,TRUE,1,1
82663,0,0,3.6400000000000032,3.6400000000000032,0,TRUE,1,1
82664,0,0,1.8900000000000017,1.8900000000000017,0,TRUE,1,1
82666,0.5400000000000005,0,2.320000000000002,2.320000000000002,0,TRUE,1,1
82676,0,0.38000000000000034,0.6300000000000006,1.010000000000001,0,TRUE,0.6237623762376238,1
82677,0,3.580000000000003,0,3.580000000000003,0,TRUE,0,0
82678,0,0.3500000000000003,2.8500000000000023,3.200000000000003,0,TRUE,0.8906249999999999,1
82679,0,0.050000000000000044,3.9300000000000033,3.9800000000000035,0,TRUE,0.9874371859296481,1
82680,0,1.7000000000000015,1.9100000000000017,3.610000000000003,0,TRUE,0.5290858725761773,1
82681,0,1.080000000000001,2.370000000000002,3.450000000000003,0,TRUE,0.6869565217391305,1
82682,0,0,1.5100000000000013,1.5100000000000013,0,TRUE,1,1
82683,0,0,1.4200000000000013,1.4200000000000013,0,TRUE,1,1
82955,0.3400000000000003,0,1.4400000000000013,1.4400000000000013,0,TRUE,1,1
82958,0,0,1.7000000000000015,1.7000000000000015,0,TRUE,1,1
82959,0,0,3.180000000000003,3.180000000000003,0,TRUE,1,1
82960,0,0,3.4700000000000033,3.4700000000000033,0,TRUE,1,1
82961,0.030000000000000027,0,3.6600000000000033,3.6600000000000033,0,TRUE,1,1
82962,2.260000000000002,0,1.4200000000000013,1.4200000000000013,0,TRUE,1,1
82974,0,0.41000000000000036,3.200000000000003,3.610000000000003,0,TRUE,0.886426592797784,1
82975,0,3.260000000000003,0.2200000000000002,3.480000000000003,0,TRUE,0.06321839080459771,0
82976,0,2.370000000000002,0.6700000000000006,3.0400000000000027,0,TRUE,0.22039473684210525,0
82977,0,0.4700000000000004,3.0900000000000025,3.560000000000003,0,TRUE,0.8679775280898876,1
82978,0,0,3.0800000000000027,3.0800000000000027,0,TRUE,1,1
83256,0,0,2.260000000000002,2.260000000000002,0,TRUE,1,1
83257,1.8200000000000016,0,1.6800000000000015,1.6800000000000015,0,TRUE,1,1
83258,1.4800000000000013,0,2.5200000000000022,2.5200000000000022,0,TRUE,1,1
83265,0,0,3.070000000000003,3.070000000000003,0,TRUE,1,1
83266,0,0,1.4800000000000013,1.4800000000000013,0,TRUE,1,1
83269,0,0.19000000000000017,1.3900000000000012,1.5800000000000014,0,TRUE,0.879746835443038,1
83270,0,0.9300000000000008,0.07000000000000006,1.0000000000000009,0,TRUE,0.07,0
83271,0,0.15000000000000013,1.6700000000000015,1.8200000000000016,0,TRUE,0.9175824175824175,1
83272,0,0.13000000000000012,3.8300000000000036,3.9600000000000035,0,TRUE,0.9671717171717172,1
83273,0,0,3.6800000000000033,3.6800000000000033,0,TRUE,1,1
83274,0,0,3.7800000000000034,3.7800000000000034,0,TRUE,1,1
83275,0,0,1.9400000000000017,1.9400000000000017,0,TRUE,1,1
83276,0,0,1.020000000000001,1.020000000000001,0,TRUE,1,1
83542,0,2.8500000000000023,0,2.8500000000000023,0,TRUE,0,0
83543,0.9900000000000009,0.7400000000000007,0.27000000000000024,1.010000000000001,0,TRUE,0.26732673267326734,0
83550,0,0,1.0000000000000009,1.0000000000000009,0,TRUE,1,1
83551,0,0,2.220000000000002,2.220000000000002,0,TRUE,1,1
83552,0,0,2.5200000000000022,2.5200000000000022,0,TRUE,1,1
83553,0.38000000000000034,0,3.460000000000003,3.460000000000003,0,TRUE,1,1
83560,0,0,1.7500000000000016,1.7500000000000016,0,TRUE,1,1
83561,0,0,2.0000000000000018,2.0000000000000018,0,TRUE,1,1
83566,0,0,2.4300000000000024,2.4300000000000024,0,TRUE,1,1
83567,0,0,3.650000000000003,3.650000000000003,0,TRUE,1,1
83568,0,0,3.5100000000000033,3.5100000000000033,0,TRUE,1,1
83569,0,0,3.8000000000000034,3.8000000000000034,0,TRUE,1,1
83570,0,0,3.4300000000000033,3.4300000000000033,0,TRUE,1,1
83571,0,0,3.190000000000003,3.190000000000003,0,TRUE,1,1
83592,0,0.6000000000000005,0.7900000000000007,1.3900000000000012,0,TRUE,0.5683453237410072,1
83841,0.06000000000000005,0,1.8500000000000016,1.8500000000000016,0,TRUE,1,1
83842,0,0,1.9400000000000017,1.9400000000000017,0,TRUE,1,1
83843,2.260000000000002,0,1.4000000000000012,1.4000000000000012,0,TRUE,1,1
83846,0,0,1.2800000000000011,1.2800000000000011,0,TRUE,1,1
83847,0,0,1.100000000000001,1.100000000000001,0,TRUE,1,1
83848,0,0,1.5600000000000014,1.5600000000000014,0,TRUE,1,1
83849,0.1100000000000001,0,2.070000000000002,2.070000000000002,0,TRUE,1,1
83859,0.010000000000000009,1.230000000000001,0,1.230000000000001,0,TRUE,0,0
83860,0.20000000000000018,1.090000000000001,0,1.090000000000001,0,TRUE,0,0
83862,0.4300000000000004,0,1.6800000000000015,1.6800000000000015,0,TRUE,1,1
83863,0,0,3.240000000000003,3.240000000000003,0,TRUE,1,1
83864,0,0,4.0000000000000036,4.0000000000000036,0,TRUE,1,1
83865,0,0,3.730000000000003,3.730000000000003,0,TRUE,1,1
83866,0,0,3.770000000000003,3.770000000000003,0,TRUE,1,1
83867,0,0,3.1000000000000028,3.1000000000000028,0,TRUE,1,1
83868,0,0,1.3500000000000012,1.3500000000000012,0,TRUE,1,1
83874,0,0,1.7000000000000015,1.7000000000000015,0,TRUE,1,1
83887,0,1.3600000000000012,2.0100000000000016,3.3700000000000028,0,TRUE,0.5964391691394658,1
83888,0,0.040000000000000036,2.7000000000000024,2.7400000000000024,0,TRUE,0.9854014598540146,1
84136,0.6200000000000006,0,2.610000000000002,2.610000000000002,0,TRUE,1,1
84137,0,0,3.7500000000000036,3.7500000000000036,0,TRUE,1,1
84138,2.4700000000000024,0,1.5300000000000014,1.5300000000000014,0,TRUE,1,1
84158,0,0,1.210000000000001,1.210000000000001,0,TRUE,1,1
84159,0,0,2.9800000000000026,2.9800000000000026,0,TRUE,1,1
84160,0,0,3.520000000000003,3.520000000000003,0,TRUE,1,1
84161,0,0,3.690000000000003,3.690000000000003,0,TRUE,1,1
84162,0,0,2.0000000000000018,2.0000000000000018,0,TRUE,1,1
84163,0,0,2.100000000000002,2.100000000000002,0,TRUE,1,1
84164,0,0,1.7900000000000016,1.7900000000000016,0,TRUE,1,1
84165,0,0,1.170000000000001,1.170000000000001,0,TRUE,1,1
84166,0,0,1.160000000000001,1.160000000000001,0,TRUE,1,1
84167,0,0,2.230000000000002,2.230000000000002,0,TRUE,1,1
84168,0.37000000000000033,0,2.910000000000003,2.910000000000003,0,TRUE,1,1
84169,0.8000000000000007,0,2.2500000000000018,2.2500000000000018,0,TRUE,1,1
84170,0,0,1.2800000000000011,1.2800000000000011,0,TRUE,1,1
84172,0.09000000000000008,0,1.5200000000000014,1.5200000000000014,0,TRUE,1,1
84182,0,2.220000000000002,0.2300000000000002,2.450000000000002,0,TRUE,0.09387755102040818,0
84183,0.08000000000000007,0.3200000000000003,2.9300000000000024,3.2500000000000027,0,TRUE,0.9015384615384615,1
84184,0,1.120000000000001,2.5100000000000025,3.6300000000000034,0,TRUE,0.6914600550964187,1
84430,1.2600000000000011,0,2.240000000000002,2.240000000000002,0,TRUE,1,1
84431,0,0,4.0000000000000036,4.0000000000000036,0,TRUE,1,1
84432,0.06000000000000005,0,3.500000000000003,3.500000000000003,0,TRUE,1,1
84433,0.1200000000000001,0,2.7600000000000025,2.7600000000000025,0,TRUE,1,1
84434,0,0,2.1300000000000017,2.1300000000000017,0,TRUE,1,1
84443,0,0,1.6200000000000014,1.6200000000000014,0,TRUE,1,1
84444,0.2100000000000002,0,1.6800000000000015,1.6800000000000015,0,TRUE,1,1
84445,1.8100000000000016,0,1.2800000000000011,1.2800000000000011,0,TRUE,1,1
84446,0.6600000000000006,0,1.150000000000001,1.150000000000001,0,TRUE,1,1
84448,0,0,1.9700000000000017,1.9700000000000017,0,TRUE,1,1
84449,0.18000000000000016,0,1.5400000000000014,1.5400000000000014,0,TRUE,1,1
84450,0,0,1.110000000000001,1.110000000000001,0,TRUE,1,1
84454,0,0,2.380000000000002,2.380000000000002,0,TRUE,1,1
84455,0,0,1.2900000000000011,1.2900000000000011,0,TRUE,1,1
84456,0,0,1.6100000000000014,1.6100000000000014,0,TRUE,1,1
84457,0,0,1.7500000000000016,1.7500000000000016,0,TRUE,1,1
84463,0,0,2.480000000000002,2.480000000000002,0,TRUE,1,1
84464,0,0,1.170000000000001,1.170000000000001,0,TRUE,1,1
84465,0.8000000000000007,0,1.230000000000001,1.230000000000001,0,TRUE,1,1
84466,0.6300000000000006,0,2.910000000000003,2.910000000000003,0,TRUE,1,1
84477,0,0.06000000000000005,1.3700000000000012,1.4300000000000013,0,TRUE,0.958041958041958,1
84478,0.5500000000000005,0.7600000000000007,0.7800000000000007,1.5400000000000014,0,TRUE,0.5064935064935064,1
84479,0,1.5400000000000014,2.330000000000002,3.8700000000000037,0,TRUE,0.6020671834625322,1
84480,0,0.6600000000000006,1.6100000000000014,2.2700000000000022,0,TRUE,0.7092511013215859,1
84731,0.29000000000000026,0,2.0000000000000018,2.0000000000000018,0,TRUE,1,1
84734,1.230000000000001,0,1.9200000000000017,1.9200000000000017,0,TRUE,1,1
84736,0,0,1.8800000000000017,1.8800000000000017,0,TRUE,1,1
84737,0.2400000000000002,0,3.260000000000003,3.260000000000003,0,TRUE,1,1
84738,0.050000000000000044,0,2.320000000000002,2.320000000000002,0,TRUE,1,1
84739,0.08000000000000007,0,2.5900000000000025,2.5900000000000025,0,TRUE,1,1
84740,0.8800000000000008,0,2.8200000000000025,2.8200000000000025,0,TRUE,1,1
84741,0.010000000000000009,0,3.310000000000003,3.310000000000003,0,TRUE,1,1
84742,0,0,3.270000000000003,3.270000000000003,0,TRUE,1,1
84743,0,0,2.6600000000000024,2.6600000000000024,0,TRUE,1,1
84744,0,0,2.8300000000000027,2.8300000000000027,0,TRUE,1,1
84745,0,0,1.130000000000001,1.130000000000001,0,TRUE,1,1
84746,0,0,1.6600000000000015,1.6600000000000015,0,TRUE,1,1
84749,0,0,1.140000000000001,1.140000000000001,0,TRUE,1,1
84761,0.6300000000000006,0,2.020000000000002,2.020000000000002,0,TRUE,1,1
84772,0.030000000000000027,3.070000000000003,0.28000000000000025,3.350000000000003,0,TRUE,0.0835820895522388,0
84773,0,3.150000000000003,0,3.150000000000003,0,TRUE,0,0
84774,0,3.350000000000003,0,3.350000000000003,0,TRUE,0,0
84775,0,2.360000000000002,1.5400000000000014,3.9000000000000035,0,TRUE,0.39487179487179486,0
84776,0.020000000000000018,0.6800000000000006,0.8700000000000008,1.5500000000000014,0,TRUE,0.5612903225806452,1
85022,0.8100000000000007,0,1.5100000000000013,1.5100000000000013,0,TRUE,1,1
85024,1.2900000000000011,0,2.450000000000002,2.450000000000002,0,TRUE,1,1
85025,0.7000000000000006,0,2.9200000000000026,2.9200000000000026,0,TRUE,1,1
85026,0.17000000000000015,0,3.190000000000003,3.190000000000003,0,TRUE,1,1
85027,0.050000000000000044,0,2.9700000000000024,2.9700000000000024,0,TRUE,1,1
85028,0,0,2.9200000000000026,2.9200000000000026,0,TRUE,1,1
85029,1.5200000000000014,0,2.280000000000002,2.280000000000002,0,TRUE,1,1
85030,0.5500000000000005,0,2.3500000000000023,2.3500000000000023,0,TRUE,1,1
85031,1.090000000000001,0,1.5900000000000014,1.5900000000000014,0,TRUE,1,1
85032,0.010000000000000009,0,2.300000000000002,2.300000000000002,0,TRUE,1,1
85037,1.5100000000000013,0,1.4200000000000013,1.4200000000000013,0,TRUE,1,1
85038,0.06000000000000005,0,2.9700000000000024,2.9700000000000024,0,TRUE,1,1
85039,0.19000000000000017,0.8400000000000007,2.8500000000000023,3.690000000000003,0,TRUE,0.7723577235772358,1
85040,0,1.120000000000001,2.6200000000000023,3.7400000000000033,0,TRUE,0.7005347593582888,1
85041,0.030000000000000027,2.280000000000002,1.2900000000000011,3.570000000000003,0,TRUE,0.3613445378151261,0
85042,0,1.090000000000001,0.06000000000000005,1.150000000000001,0,TRUE,0.05217391304347826,0
85052,0,0,1.8700000000000017,1.8700000000000017,0,TRUE,1,1
85053,1.6600000000000015,0,2.340000000000002,2.340000000000002,0,TRUE,1,1
85054,0.020000000000000018,0,1.6300000000000014,1.6300000000000014,0,TRUE,1,1
85057,0.8700000000000008,0.4400000000000004,1.150000000000001,1.5900000000000014,0,TRUE,0.7232704402515723,1
85058,0,1.9500000000000017,0.040000000000000036,1.9900000000000018,0,TRUE,0.020100502512562814,0
85059,0,2.7700000000000022,0,2.7700000000000022,0,TRUE,0,0
85060,0,0.8500000000000008,1.5200000000000014,2.370000000000002,0,TRUE,0.6413502109704642,1
85062,0,0,2.070000000000002,2.070000000000002,0,TRUE,1,1
85067,0.7100000000000006,3.200000000000003,0,3.200000000000003,0,TRUE,0,0
85068,0.18000000000000016,2.8000000000000025,0.5300000000000005,3.3300000000000027,0,TRUE,0.15915915915915918,0
85069,1.6200000000000014,1.8900000000000017,0,1.8900000000000017,0,TRUE,0,0
85070,0.050000000000000044,3.440000000000003,0,3.440000000000003,0,TRUE,0,0
85071,1.3400000000000012,1.020000000000001,0,1.020000000000001,0,TRUE,0,0
85318,2.570000000000002,0.020000000000000018,1.130000000000001,1.150000000000001,0,TRUE,0.9826086956521739,1
85319,2.120000000000002,0,1.3800000000000012,1.3800000000000012,0,TRUE,1,1
85323,0.3300000000000003,0,2.3900000000000023,2.3900000000000023,0,TRUE,1,1
85328,0,0,1.5100000000000013,1.5100000000000013,0,TRUE,1,1
85330,0.3100000000000003,0,2.110000000000002,2.110000000000002,0,TRUE,1,1
85331,1.250000000000001,0,2.5600000000000023,2.5600000000000023,0,TRUE,1,1
85332,2.280000000000002,0,1.7200000000000015,1.7200000000000015,0,TRUE,1,1
85333,2.180000000000002,0,1.5400000000000014,1.5400000000000014,0,TRUE,1,1
85334,1.210000000000001,0.2300000000000002,2.200000000000002,2.4300000000000024,0,TRUE,0.905349794238683,1
85337,0.2500000000000002,1.2800000000000011,1.5200000000000014,2.8000000000000025,0,TRUE,0.5428571428571428,1
85348,0.1200000000000001,0,2.400000000000002,2.400000000000002,0,TRUE,1,1
85349,0,0,2.730000000000002,2.730000000000002,0,TRUE,1,1
85354,0,0.5000000000000004,0.6100000000000005,1.110000000000001,0,TRUE,0.5495495495495496,1
85360,0,1.020000000000001,0,1.020000000000001,0,TRUE,0,0
85361,0,2.330000000000002,0,2.330000000000002,0,TRUE,0,0
85362,0.17000000000000015,3.650000000000003,0,3.650000000000003,0,TRUE,0,0
85363,0.7800000000000007,2.8500000000000023,0.2400000000000002,3.0900000000000025,0,TRUE,0.07766990291262137,0
85365,0,2.650000000000002,0.14000000000000012,2.7900000000000027,0,TRUE,0.050179211469534045,0
85366,0,2.6200000000000023,0,2.6200000000000023,0,TRUE,0,0
85616,2.3900000000000023,0,1.180000000000001,1.180000000000001,0,TRUE,1,1
85617,0.7300000000000006,0,2.8000000000000025,2.8000000000000025,0,TRUE,1,1
85618,1.4000000000000012,0,2.040000000000002,2.040000000000002,0,TRUE,1,1
85619,1.5200000000000014,0.020000000000000018,2.080000000000002,2.100000000000002,0,TRUE,0.9904761904761905,1
85620,0,0,3.5500000000000034,3.5500000000000034,0,TRUE,1,1
85621,0,0,1.7200000000000015,1.7200000000000015,0,TRUE,1,1
85629,1.3800000000000012,0,1.030000000000001,1.030000000000001,0,TRUE,1,1
85631,1.2700000000000011,0.5500000000000005,1.4100000000000013,1.9600000000000017,0,TRUE,0.7193877551020408,1
85632,2.160000000000002,0.7400000000000007,0.8200000000000007,1.5600000000000014,0,TRUE,0.5256410256410257,1
85633,0.4600000000000004,0.20000000000000018,1.4000000000000012,1.6000000000000014,0,TRUE,0.875,1
85649,0,1.030000000000001,0,1.030000000000001,0,TRUE,0,0
85654,0,0.5400000000000005,1.4300000000000013,1.9700000000000017,0,TRUE,0.7258883248730964,1
85655,0,1.7500000000000016,0,1.7500000000000016,0,TRUE,0,0
85656,0,1.3600000000000012,0.28000000000000025,1.6400000000000015,0,TRUE,0.17073170731707318,0
85657,0,2.7500000000000027,0.2300000000000002,2.9800000000000026,0,TRUE,0.07718120805369127,0
85658,0,3.810000000000003,0,3.810000000000003,0,TRUE,0,0
85659,0.6600000000000006,1.3700000000000012,1.060000000000001,2.4300000000000024,0,TRUE,0.4362139917695473,0
85660,0.27000000000000024,2.0900000000000016,0.4200000000000004,2.5100000000000025,0,TRUE,0.16733067729083664,0
85661,0,2.370000000000002,0,2.370000000000002,0,TRUE,0,0
85909,0.040000000000000036,0,1.8600000000000017,1.8600000000000017,0,TRUE,1,1
85912,0.6800000000000006,0,2.8000000000000025,2.8000000000000025,0,TRUE,1,1
85913,0.5800000000000005,0.8500000000000008,2.160000000000002,3.0100000000000025,0,TRUE,0.717607973421927,1
85914,0.7200000000000006,2.5500000000000025,0.27000000000000024,2.8200000000000025,0,TRUE,0.09574468085106383,0
85915,0.5900000000000005,1.9700000000000017,0.38000000000000034,2.3500000000000023,0,TRUE,0.16170212765957445,0
85916,0.2500000000000002,0,2.9300000000000024,2.9300000000000024,0,TRUE,1,1
85917,0.4500000000000004,0,3.2900000000000027,3.2900000000000027,0,TRUE,1,1
85918,0.39000000000000035,0,2.5500000000000025,2.5500000000000025,0,TRUE,1,1
85927,1.5400000000000014,0.010000000000000009,1.100000000000001,1.110000000000001,0,TRUE,0.990990990990991,1
85928,0.8100000000000007,0.17000000000000015,1.2800000000000011,1.4500000000000013,0,TRUE,0.8827586206896552,1
85929,1.2900000000000011,0.07000000000000006,1.5300000000000014,1.6000000000000014,0,TRUE,0.95625,1
85930,0.14000000000000012,0,2.100000000000002,2.100000000000002,0,TRUE,1,1
85931,0.9400000000000008,0,1.8700000000000017,1.8700000000000017,0,TRUE,1,1
85949,0,0,2.450000000000002,2.450000000000002,0,TRUE,1,1
85952,0,1.010000000000001,0,1.010000000000001,0,TRUE,0,0
85953,0,3.7200000000000033,0,3.7200000000000033,0,TRUE,0,0
85954,0,4.0000000000000036,0,4.0000000000000036,0,TRUE,0,0
85955,0.050000000000000044,3.0800000000000027,0.06000000000000005,3.140000000000003,0,TRUE,0.01910828025477707,0
85956,0,1.8900000000000017,0,1.8900000000000017,0,TRUE,0,0
86207,0,0,1.030000000000001,1.030000000000001,0,TRUE,1,1
86208,0.07000000000000006,0.7000000000000006,2.3100000000000023,3.0100000000000025,0,TRUE,0.7674418604651164,1
86209,2.1300000000000017,0.9000000000000008,0.20000000000000018,1.100000000000001,0,TRUE,0.18181818181818182,0
86210,0.5000000000000004,3.320000000000003,0,3.320000000000003,0,TRUE,0,0
86212,0.4200000000000004,0,2.9200000000000026,2.9200000000000026,0,TRUE,1,1
86213,0.3600000000000003,0,3.270000000000003,3.270000000000003,0,TRUE,1,1
86214,0.7800000000000007,0,1.8300000000000016,1.8300000000000016,0,TRUE,1,1
86221,0.7100000000000006,0,2.260000000000002,2.260000000000002,0,TRUE,1,1
86222,0.8000000000000007,0.17000000000000015,2.4300000000000024,2.6000000000000023,0,TRUE,0.9346153846153847,1
86225,0.9900000000000009,0.030000000000000027,0.9700000000000009,1.0000000000000009,0,TRUE,0.97,1
86227,0.18000000000000016,0,1.9200000000000017,1.9200000000000017,0,TRUE,1,1
86228,0.2500000000000002,0,2.0000000000000018,2.0000000000000018,0,TRUE,1,1
86229,0.16000000000000014,0,1.5100000000000013,1.5100000000000013,0,TRUE,1,1
86241,0.7800000000000007,0,1.180000000000001,1.180000000000001,0,TRUE,1,1
86242,0.030000000000000027,0,3.150000000000003,3.150000000000003,0,TRUE,1,1
86244,0,0,2.290000000000002,2.290000000000002,0,TRUE,1,1
86247,0,1.160000000000001,0,1.160000000000001,0,TRUE,0,0
86248,0,3.9500000000000037,0,3.9500000000000037,0,TRUE,0,0
86249,0,3.8600000000000034,0,3.8600000000000034,0,TRUE,0,0
86250,0,2.5500000000000025,0,2.5500000000000025,0,TRUE,0,0
86503,0,0,1.180000000000001,1.180000000000001,0,TRUE,1,1
86504,1.6500000000000015,0.2100000000000002,0.9900000000000009,1.200000000000001,0,TRUE,0.825,1
86505,1.2800000000000011,1.120000000000001,0.6600000000000006,1.7800000000000016,0,TRUE,0.3707865168539326,0
86506,0.8600000000000008,0.3300000000000003,1.5200000000000014,1.8500000000000016,0,TRUE,0.8216216216216217,1
86508,0,0,1.100000000000001,1.100000000000001,0,TRUE,1,1
86509,0,0,3.480000000000003,3.480000000000003,0,TRUE,1,1
86510,0,0,1.120000000000001,1.120000000000001,0,TRUE,1,1
86511,0.4500000000000004,0,2.230000000000002,2.230000000000002,0,TRUE,1,1
86516,1.6500000000000015,0,1.5700000000000014,1.5700000000000014,0,TRUE,1,1
86517,0.8900000000000008,0.030000000000000027,1.5600000000000014,1.5900000000000014,0,TRUE,0.9811320754716981,1
86522,0,0,2.330000000000002,2.330000000000002,0,TRUE,1,1
86523,0.10000000000000009,0,1.6500000000000015,1.6500000000000015,0,TRUE,1,1
86524,0.37000000000000033,0,2.8000000000000025,2.8000000000000025,0,TRUE,1,1
86525,0,0,3.0900000000000025,3.0900000000000025,0,TRUE,1,1
86536,1.250000000000001,0,2.440000000000002,2.440000000000002,0,TRUE,1,1
86537,0.14000000000000012,0,3.270000000000003,3.270000000000003,0,TRUE,1,1
86539,0.14000000000000012,0,1.8100000000000016,1.8100000000000016,0,TRUE,1,1
86543,0,2.110000000000002,0,2.110000000000002,0,TRUE,0,0
86544,0,1.7700000000000016,0,1.7700000000000016,0,TRUE,0,0
86805,0.10000000000000009,1.210000000000001,0.3100000000000003,1.5200000000000014,0,TRUE,0.20394736842105263,0
86806,2.150000000000002,1.3000000000000012,0.19000000000000017,1.4900000000000013,0,TRUE,0.12751677852348994,0
86807,2.7700000000000022,1.180000000000001,0,1.180000000000001,0,TRUE,0,0
86808,2.2700000000000022,1.100000000000001,0,1.100000000000001,0,TRUE,0,0
86819,0,0,2.6400000000000023,2.6400000000000023,0,TRUE,1,1
86820,0,0,3.580000000000003,3.580000000000003,0,TRUE,1,1
86821,0,0,3.6400000000000032,3.6400000000000032,0,TRUE,1,1
86822,0.06000000000000005,0,1.170000000000001,1.170000000000001,0,TRUE,1,1
86823,0.5300000000000005,0,2.0000000000000018,2.0000000000000018,0,TRUE,1,1
86830,0.6500000000000006,0,2.5200000000000022,2.5200000000000022,0,TRUE,1,1
86835,0.20000000000000018,0,2.5100000000000025,2.5100000000000025,0,TRUE,1,1
87102,0,1.230000000000001,0,1.230000000000001,0,TRUE,0,0
87104,0.3200000000000003,0,1.6500000000000015,1.6500000000000015,0,TRUE,1,1
87113,0.18000000000000016,0,2.160000000000002,2.160000000000002,0,TRUE,1,1
87114,0.9100000000000008,0,1.5400000000000014,1.5400000000000014,0,TRUE,1,1
87116,0.9400000000000008,0,3.0600000000000027,3.0600000000000027,0,TRUE,1,1
87117,0,0,3.9100000000000037,3.9100000000000037,0,TRUE,1,1
87118,0,0,3.500000000000003,3.500000000000003,0,TRUE,1,1
87119,0,0,2.160000000000002,2.160000000000002,0,TRUE,1,1
87123,0,0,1.9300000000000017,1.9300000000000017,0,TRUE,1,1
87124,0,0,2.7900000000000027,2.7900000000000027,0,TRUE,1,1
87125,0.40000000000000036,0,3.540000000000003,3.540000000000003,0,TRUE,1,1
87127,1.3100000000000012,0,1.6700000000000015,1.6700000000000015,0,TRUE,1,1
87130,0.14000000000000012,0,2.070000000000002,2.070000000000002,0,TRUE,1,1
87131,1.040000000000001,0.7200000000000006,0.6700000000000006,1.3900000000000012,0,TRUE,0.48201438848920863,0
87132,0,3.4700000000000033,0,3.4700000000000033,0,TRUE,0,0
87134,0,2.950000000000003,0,2.950000000000003,0,TRUE,0,0
87135,0.010000000000000009,1.5600000000000014,0,1.5600000000000014,0,TRUE,0,0
87136,0.3200000000000003,1.170000000000001,0,1.170000000000001,0,TRUE,0,0
87408,0.37000000000000033,0,1.180000000000001,1.180000000000001,0,TRUE,1,1
87409,0.7600000000000007,0.2300000000000002,1.210000000000001,1.4400000000000013,0,TRUE,0.8402777777777778,1
87411,0.5800000000000005,0,2.9000000000000026,2.9000000000000026,0,TRUE,1,1
87412,0,0,3.420000000000003,3.420000000000003,0,TRUE,1,1
87413,0,0,2.8800000000000026,2.8800000000000026,0,TRUE,1,1
87414,0.40000000000000036,0,2.500000000000002,2.500000000000002,0,TRUE,1,1
87415,0,0,2.9400000000000026,2.9400000000000026,0,TRUE,1,1
87416,0.29000000000000026,0,2.7400000000000024,2.7400000000000024,0,TRUE,1,1
87417,0,0,3.6400000000000032,3.6400000000000032,0,TRUE,1,1
87418,0,0,3.7500000000000036,3.7500000000000036,0,TRUE,1,1
87419,0,0.19000000000000017,3.6300000000000034,3.8200000000000034,0,TRUE,0.9502617801047121,1
87420,0,0,3.6600000000000033,3.6600000000000033,0,TRUE,1,1
87421,2.480000000000002,0.010000000000000009,1.3900000000000012,1.4000000000000012,0,TRUE,0.9928571428571429,1
87423,0.8100000000000007,0,1.8400000000000016,1.8400000000000016,0,TRUE,1,1
87424,0.8200000000000007,0,1.6400000000000015,1.6400000000000015,0,TRUE,1,1
87425,0.6400000000000006,0,3.0500000000000025,3.0500000000000025,0,TRUE,1,1
87427,0.6100000000000005,3.1700000000000026,0.07000000000000006,3.240000000000003,0,TRUE,0.021604938271604937,0
87428,0,1.4200000000000013,0,1.4200000000000013,0,TRUE,0,0
87430,0.5100000000000005,1.6100000000000014,0,1.6100000000000014,0,TRUE,0,0
87431,1.020000000000001,1.3700000000000012,0,1.3700000000000012,0,TRUE,0,0
87705,0.37000000000000033,0.17000000000000015,1.6400000000000015,1.8100000000000016,0,TRUE,0.9060773480662984,1
87706,0,0,1.2900000000000011,1.2900000000000011,0,TRUE,1,1
87707,0.010000000000000009,0,2.5100000000000025,2.5100000000000025,0,TRUE,1,1
87711,1.100000000000001,0,1.070000000000001,1.070000000000001,0,TRUE,1,1
87712,2.060000000000002,0,1.5600000000000014,1.5600000000000014,0,TRUE,1,1
87713,0.08000000000000007,0,3.6800000000000033,3.6800000000000033,0,TRUE,1,1
87714,0,0.1200000000000001,3.600000000000003,3.7200000000000033,0,TRUE,0.967741935483871,1
87715,0,0,3.6800000000000033,3.6800000000000033,0,TRUE,1,1
87716,0.20000000000000018,0,3.4300000000000033,3.4300000000000033,0,TRUE,1,1
87717,2.530000000000002,0.010000000000000009,1.220000000000001,1.230000000000001,0,TRUE,0.991869918699187,1
87718,1.6400000000000015,0,2.180000000000002,2.180000000000002,0,TRUE,1,1
87719,0.39000000000000035,0,3.610000000000003,3.610000000000003,0,TRUE,1,1
87720,1.8100000000000016,0,1.8900000000000017,1.8900000000000017,0,TRUE,1,1
87722,2.440000000000002,1.080000000000001,0.030000000000000027,1.110000000000001,0,TRUE,0.02702702702702703,0
87723,0,3.380000000000003,0,3.380000000000003,0,TRUE,0,0
87724,0,0.40000000000000036,1.3200000000000012,1.7200000000000015,0,TRUE,0.7674418604651163,1
87725,0.6900000000000006,1.100000000000001,0.5900000000000005,1.6900000000000015,0,TRUE,0.34911242603550297,0
87726,1.220000000000001,1.160000000000001,0.28000000000000025,1.4400000000000013,0,TRUE,0.19444444444444445,0
87733,0,0.27000000000000024,1.7100000000000015,1.9800000000000018,0,TRUE,0.8636363636363636,1
88003,1.050000000000001,0,1.6900000000000015,1.6900000000000015,0,TRUE,1,1
88008,0.040000000000000036,0,3.7100000000000035,3.7100000000000035,0,TRUE,1,1
88009,0,0,4.0000000000000036,4.0000000000000036,0,TRUE,1,1
88010,0,0,3.770000000000003,3.770000000000003,0,TRUE,1,1
88011,0,0,3.5100000000000033,3.5100000000000033,0,TRUE,1,1
88012,0,0,3.600000000000003,3.600000000000003,0,TRUE,1,1
88013,1.220000000000001,0,2.260000000000002,2.260000000000002,0,TRUE,1,1
88014,0,0,3.7800000000000034,3.7800000000000034,0,TRUE,1,1
88015,2.420000000000002,0,1.5300000000000014,1.5300000000000014,0,TRUE,1,1
88018,0.4300000000000004,0.7400000000000007,2.0100000000000016,2.7500000000000027,0,TRUE,0.7309090909090907,1
88019,0.1200000000000001,0,3.8200000000000034,3.8200000000000034,0,TRUE,1,1
88020,0.5300000000000005,0,2.020000000000002,2.020000000000002,0,TRUE,1,1
88021,0.20000000000000018,0,2.5500000000000025,2.5500000000000025,0,TRUE,1,1
88026,1.250000000000001,0,1.7700000000000016,1.7700000000000016,0,TRUE,1,1
88027,0.19000000000000017,0.14000000000000012,1.7000000000000015,1.8400000000000016,0,TRUE,0.9239130434782609,1
88304,0,0,2.950000000000003,2.950000000000003,0,TRUE,1,1
88305,0,0,3.8200000000000034,3.8200000000000034,0,TRUE,1,1
88306,0.6900000000000006,0,3.1000000000000028,3.1000000000000028,0,TRUE,1,1
88307,0,0.3100000000000003,3.270000000000003,3.580000000000003,0,TRUE,0.9134078212290503,1
88308,0,1.7500000000000016,1.9400000000000017,3.690000000000003,0,TRUE,0.5257452574525746,1
88309,0,0.010000000000000009,3.600000000000003,3.610000000000003,0,TRUE,0.997229916897507,1
88310,1.8400000000000016,0,1.5900000000000014,1.5900000000000014,0,TRUE,1,1
88314,1.5800000000000014,0,1.7100000000000015,1.7100000000000015,0,TRUE,1,1
88316,2.440000000000002,0,1.210000000000001,1.210000000000001,0,TRUE,1,1
88318,0.37000000000000033,1.3500000000000012,0.9600000000000009,2.3100000000000023,0,TRUE,0.41558441558441556,0
88600,0.3300000000000003,0,2.8900000000000023,2.8900000000000023,0,TRUE,1,1
88601,0.19000000000000017,0,3.480000000000003,3.480000000000003,0,TRUE,1,1
88602,0,0.28000000000000025,3.460000000000003,3.7400000000000033,0,TRUE,0.9251336898395722,1
88603,0,3.0400000000000027,0.8100000000000007,3.850000000000003,0,TRUE,0.2103896103896104,0
88604,0.4500000000000004,0.6500000000000006,2.7600000000000025,3.410000000000003,0,TRUE,0.809384164222874,1
88605,0.010000000000000009,0,3.490000000000003,3.490000000000003,0,TRUE,1,1
88606,0.4700000000000004,0,2.8300000000000027,2.8300000000000027,0,TRUE,1,1
88609,0,0,3.8900000000000032,3.8900000000000032,0,TRUE,1,1
88610,1.5700000000000014,0,1.6200000000000014,1.6200000000000014,0,TRUE,1,1
88611,0.30000000000000027,0,3.7000000000000033,3.7000000000000033,0,TRUE,1,1
88612,1.4300000000000013,0,1.5100000000000013,1.5100000000000013,0,TRUE,1,1
88613,1.9700000000000017,0.5100000000000005,0.9000000000000008,1.4100000000000013,0,TRUE,0.6382978723404256,1
88895,0,0,1.9100000000000017,1.9100000000000017,0,TRUE,1,1
88896,0,0.2500000000000002,3.310000000000003,3.560000000000003,0,TRUE,0.9297752808988765,1
88897,0,1.4900000000000013,2.460000000000002,3.9500000000000037,0,TRUE,0.6227848101265823,1
88898,0,2.370000000000002,1.4900000000000013,3.8600000000000034,0,TRUE,0.3860103626943005,0
88899,0.3300000000000003,0.06000000000000005,3.160000000000003,3.220000000000003,0,TRUE,0.9813664596273292,1
88900,0,0,3.490000000000003,3.490000000000003,0,TRUE,1,1
88901,0.8500000000000008,0,2.910000000000003,2.910000000000003,0,TRUE,1,1
88903,2.8000000000000025,0,1.200000000000001,1.200000000000001,0,TRUE,1,1
88904,0,1.3000000000000012,2.6700000000000026,3.9700000000000033,0,TRUE,0.6725440806045341,1
88905,1.4100000000000013,1.6700000000000015,0.3100000000000003,1.9800000000000018,0,TRUE,0.15656565656565657,0
88906,0.38000000000000034,0.010000000000000009,2.8300000000000027,2.8400000000000025,0,TRUE,0.9964788732394367,1
88907,0.030000000000000027,0,1.3000000000000012,1.3000000000000012,0,TRUE,1,1
89191,0,0,3.5900000000000034,3.5900000000000034,0,TRUE,1,1
89192,0,0.3300000000000003,3.2500000000000027,3.580000000000003,0,TRUE,0.9078212290502793,1
89193,0,0.1200000000000001,3.540000000000003,3.6600000000000033,0,TRUE,0.9672131147540983,1
89194,0.30000000000000027,0,3.410000000000003,3.410000000000003,0,TRUE,1,1
89195,0,0,3.490000000000003,3.490000000000003,0,TRUE,1,1
89196,2.140000000000002,0,1.8400000000000016,1.8400000000000016,0,TRUE,1,1
89199,0.13000000000000012,0.7200000000000006,2.8000000000000025,3.520000000000003,0,TRUE,0.7954545454545454,1
89200,0.4300000000000004,1.6900000000000015,1.6900000000000015,3.380000000000003,0,TRUE,0.5,1
89201,1.220000000000001,0.050000000000000044,1.7100000000000015,1.7600000000000016,0,TRUE,0.9715909090909091,1
89202,0.9300000000000008,0.020000000000000018,2.0100000000000016,2.030000000000002,0,TRUE,0.9901477832512313,1
89212,0,0,1.100000000000001,1.100000000000001,0,TRUE,1,1
89213,0,0,1.2600000000000011,1.2600000000000011,0,TRUE,1,1
89214,0,0,1.4200000000000013,1.4200000000000013,0,TRUE,1,1
89486,0,0,1.2600000000000011,1.2600000000000011,0,TRUE,1,1
89487,0,0,3.2900000000000027,3.2900000000000027,0,TRUE,1,1
89488,0.14000000000000012,0,3.4300000000000033,3.4300000000000033,0,TRUE,1,1
89489,1.2600000000000011,0,2.3900000000000023,2.3900000000000023,0,TRUE,1,1
89490,0,0,3.9900000000000038,3.9900000000000038,0,TRUE,1,1
89491,0.38000000000000034,0,3.2500000000000027,3.2500000000000027,0,TRUE,1,1
89495,0.19000000000000017,0,1.150000000000001,1.150000000000001,0,TRUE,1,1
89508,0,0,1.6200000000000014,1.6200000000000014,0,TRUE,1,1
89782,0,0,3.220000000000003,3.220000000000003,0,TRUE,1,1
89783,0.6500000000000006,0.010000000000000009,2.9600000000000026,2.9700000000000024,0,TRUE,0.9966329966329968,1
89784,0.14000000000000012,0,3.620000000000003,3.620000000000003,0,TRUE,1,1
89785,0,0,4.0000000000000036,4.0000000000000036,0,TRUE,1,1
89786,0,0,3.770000000000003,3.770000000000003,0,TRUE,1,1
89787,0.7700000000000007,0,1.5200000000000014,1.5200000000000014,0,TRUE,1,1
90077,0,0,1.5100000000000013,1.5100000000000013,0,TRUE,1,1
90078,0,0,2.9000000000000026,2.9000000000000026,0,TRUE,1,1
90079,0,0,3.850000000000003,3.850000000000003,0,TRUE,1,1
90080,0,0,3.9500000000000037,3.9500000000000037,0,TRUE,1,1
90081,0.010000000000000009,0,3.6400000000000032,3.6400000000000032,0,TRUE,1,1
90082,2.610000000000002,0,1.2800000000000011,1.2800000000000011,0,TRUE,1,1
90372,0,0,1.7600000000000016,1.7600000000000016,0,TRUE,1,1
90373,0,0,2.8500000000000023,2.8500000000000023,0,TRUE,1,1
90374,0,0,3.6400000000000032,3.6400000000000032,0,TRUE,1,1
90375,0,0,3.7100000000000035,3.7100000000000035,0,TRUE,1,1
90376,0,0,3.5900000000000034,3.5900000000000034,0,TRUE,1,1
90377,0,0,3.3700000000000028,3.3700000000000028,0,TRUE,1,1
90378,0.7900000000000007,0,2.570000000000002,2.570000000000002,0,TRUE,1,1
90379,0.030000000000000027,0,2.2700000000000022,2.2700000000000022,0,TRUE,1,1
90380,0,0,2.490000000000002,2.490000000000002,0,TRUE,1,1
90381,0,0,2.490000000000002,2.490000000000002,0,TRUE,1,1
90382,0,0,2.320000000000002,2.320000000000002,0,TRUE,1,1
90383,0.09000000000000008,0,2.6300000000000026,2.6300000000000026,0,TRUE,1,1
90384,0.4400000000000004,0,2.9800000000000026,2.9800000000000026,0,TRUE,1,1
90385,0,1.6500000000000015,1.7700000000000016,3.420000000000003,0,TRUE,0.5175438596491229,1
90386,0,1.040000000000001,0.6300000000000006,1.6700000000000015,0,TRUE,0.3772455089820359,0
90667,0,0,1.190000000000001,1.190000000000001,0,TRUE,1,1
90668,0,0,1.8600000000000017,1.8600000000000017,0,TRUE,1,1
90669,0,0,3.5500000000000034,3.5500000000000034,0,TRUE,1,1
90670,0.2400000000000002,0,3.350000000000003,3.350000000000003,0,TRUE,1,1
90671,0,0,2.8100000000000023,2.8100000000000023,0,TRUE,1,1
90672,0,0,3.180000000000003,3.180000000000003,0,TRUE,1,1
90673,0,0,3.7500000000000036,3.7500000000000036,0,TRUE,1,1
90674,0,0,3.6300000000000034,3.6300000000000034,0,TRUE,1,1
90675,0,0,3.600000000000003,3.600000000000003,0,TRUE,1,1
90676,0,0,2.7800000000000025,2.7800000000000025,0,TRUE,1,1
90677,0,0,2.400000000000002,2.400000000000002,0,TRUE,1,1
90678,0,0,2.7800000000000025,2.7800000000000025,0,TRUE,1,1
90679,0,0,3.7400000000000033,3.7400000000000033,0,TRUE,1,1
90680,0,0.030000000000000027,3.160000000000003,3.190000000000003,0,TRUE,0.9905956112852664,1
90681,0,0.28000000000000025,3.6700000000000035,3.9500000000000037,0,TRUE,0.9291139240506329,1
90682,0,0,1.7500000000000016,1.7500000000000016,0,TRUE,1,1
90962,0.41000000000000036,0,1.6300000000000014,1.6300000000000014,0,TRUE,1,1
90963,0,0,2.240000000000002,2.240000000000002,0,TRUE,1,1
90964,0,0,3.0800000000000027,3.0800000000000027,0,TRUE,1,1
90965,0,0,1.5500000000000014,1.5500000000000014,0,TRUE,1,1
90968,0,0,1.020000000000001,1.020000000000001,0,TRUE,1,1
90970,0,0,1.5900000000000014,1.5900000000000014,0,TRUE,1,1
90971,0,0,1.6100000000000014,1.6100000000000014,0,TRUE,1,1
90974,0,0,1.5600000000000014,1.5600000000000014,0,TRUE,1,1
90975,0,0,3.460000000000003,3.460000000000003,0,TRUE,1,1
90976,0,0,3.7000000000000033,3.7000000000000033,0,TRUE,1,1
90977,0,0,3.400000000000003,3.400000000000003,0,TRUE,1,1
91257,0,0,1.020000000000001,1.020000000000001,0,TRUE,1,1
91258,0,0,2.5400000000000023,2.5400000000000023,0,TRUE,1,1
91259,0.19000000000000017,0,1.3400000000000012,1.3400000000000012,0,TRUE,1,1
91266,0,0,1.4500000000000013,1.4500000000000013,0,TRUE,1,1
91270,0,0,1.9300000000000017,1.9300000000000017,0,TRUE,1,1
91271,0,0,3.7000000000000033,3.7000000000000033,0,TRUE,1,1
91272,0,0,4.0000000000000036,4.0000000000000036,0,TRUE,1,1
91566,0,0,3.410000000000003,3.410000000000003,0,TRUE,1,1
91567,0,0,3.9300000000000033,3.9300000000000033,0,TRUE,1,1
91861,0,0,3.340000000000003,3.340000000000003,0,TRUE,1,1
91862,0,0,2.110000000000002,2.110000000000002,0,TRUE,1,1
91864,0.6800000000000006,0,1.6700000000000015,1.6700000000000015,0,TRUE,1,1
91867,0,0,1.3000000000000012,1.3000000000000012,0,TRUE,1,1
92156,0,0,3.240000000000003,3.240000000000003,0,TRUE,1,1
92157,0.2400000000000002,0,1.2800000000000011,1.2800000000000011,0,TRUE,1,1
92160,0.37000000000000033,0,1.9100000000000017,1.9100000000000017,0,TRUE,1,1
92161,0,0,1.5100000000000013,1.5100000000000013,0,TRUE,1,1
92162,0,0,1.9200000000000017,1.9200000000000017,0,TRUE,1,1
92163,0,0.9900000000000009,1.3800000000000012,2.370000000000002,0,TRUE,0.5822784810126583,1
92164,0,1.6800000000000015,0.3300000000000003,2.0100000000000016,0,TRUE,0.16417910447761197,0
92451,0,0,2.040000000000002,2.040000000000002,0,TRUE,1,1
92452,2.330000000000002,0.08000000000000007,1.190000000000001,1.2700000000000011,0,TRUE,0.937007874015748,1
92456,2.3500000000000023,0,1.070000000000001,1.070000000000001,0,TRUE,1,1
92457,1.230000000000001,0,1.5500000000000014,1.5500000000000014,0,TRUE,1,1
92458,0,1.9600000000000017,1.3700000000000012,3.3300000000000027,0,TRUE,0.41141141141141147,0
92459,0,3.160000000000003,0.020000000000000018,3.180000000000003,0,TRUE,0.006289308176100629,0
92460,0,1.8400000000000016,0,1.8400000000000016,0,TRUE,0,0
92461,0,2.5200000000000022,0,2.5200000000000022,0,TRUE,0,0
92747,1.240000000000001,1.3700000000000012,1.110000000000001,2.480000000000002,0,TRUE,0.4475806451612903,0
92749,0.19000000000000017,0,1.060000000000001,1.060000000000001,0,TRUE,1,1
92754,1.3100000000000012,1.3000000000000012,0.9400000000000008,2.240000000000002,0,TRUE,0.41964285714285715,0
92755,0.06000000000000005,3.480000000000003,0.2200000000000002,3.7000000000000033,0,TRUE,0.05945945945945946,0
92756,0,3.110000000000003,0.3500000000000003,3.460000000000003,0,TRUE,0.10115606936416185,0
93042,0,0.15000000000000013,1.4100000000000013,1.5600000000000014,0,TRUE,0.9038461538461539,1
93043,0.010000000000000009,0,2.9200000000000026,2.9200000000000026,0,TRUE,1,1
93044,0.6700000000000006,0,1.250000000000001,1.250000000000001,0,TRUE,1,1
93045,0.6000000000000005,0,1.6700000000000015,1.6700000000000015,0,TRUE,1,1
93046,1.2900000000000011,1.070000000000001,0.5100000000000005,1.5800000000000014,0,TRUE,0.3227848101265823,0
93051,0.5000000000000004,1.2600000000000011,1.110000000000001,2.370000000000002,0,TRUE,0.4683544303797469,0
93052,0,2.910000000000003,0.06000000000000005,2.9700000000000024,0,TRUE,0.020202020202020204,0
93053,0,0.27000000000000024,1.6000000000000014,1.8700000000000017,0,TRUE,0.8556149732620321,1
93330,0.5200000000000005,0.3400000000000003,1.220000000000001,1.5600000000000014,0,TRUE,0.782051282051282,1
93331,0,0.8600000000000008,0.39000000000000035,1.250000000000001,0,TRUE,0.312,0
93337,0,0,1.250000000000001,1.250000000000001,0,TRUE,1,1
93338,0,0,3.850000000000003,3.850000000000003,0,TRUE,1,1
93339,0.07000000000000006,0,3.8300000000000036,3.8300000000000036,0,TRUE,1,1
93343,1.9700000000000017,1.6000000000000014,0.16000000000000014,1.7600000000000016,0,TRUE,0.09090909090909091,0
93347,0.49000000000000044,0.5500000000000005,0.5000000000000004,1.050000000000001,0,TRUE,0.47619047619047616,0
93348,1.010000000000001,0.07000000000000006,1.5600000000000014,1.6300000000000014,0,TRUE,0.9570552147239264,1
93349,0.1100000000000001,0,1.6300000000000014,1.6300000000000014,0,TRUE,1,1
93626,0,0.9100000000000008,0.9800000000000009,1.8900000000000017,0,TRUE,0.5185185185185185,1
93631,0,0.040000000000000036,2.3100000000000023,2.3500000000000023,0,TRUE,0.9829787234042553,1
93632,0,0,3.7800000000000034,3.7800000000000034,0,TRUE,1,1
93633,0,0,3.3300000000000027,3.3300000000000027,0,TRUE,1,1
93634,0,0,3.8200000000000034,3.8200000000000034,0,TRUE,1,1
93636,0,0.10000000000000009,0.9000000000000008,1.0000000000000009,0,TRUE,0.9,1
93637,0.30000000000000027,2.290000000000002,0.9900000000000009,3.280000000000003,0,TRUE,0.3018292682926829,0
93638,0,2.7100000000000026,1.040000000000001,3.7500000000000036,0,TRUE,0.2773333333333333,0
93639,0.06000000000000005,3.0600000000000027,0.29000000000000026,3.350000000000003,0,TRUE,0.08656716417910447,0
93640,1.0000000000000009,0.6900000000000006,0.3500000000000003,1.040000000000001,0,TRUE,0.33653846153846156,0
93911,0.07000000000000006,1.4500000000000013,0,1.4500000000000013,0,TRUE,0,0
93917,0,1.050000000000001,0.20000000000000018,1.250000000000001,0,TRUE,0.16,0
93918,0,0.37000000000000033,2.6000000000000023,2.9700000000000024,0,TRUE,0.8754208754208754,1
93919,0,0.14000000000000012,1.3700000000000012,1.5100000000000013,0,TRUE,0.9072847682119205,1
93920,0,0,2.110000000000002,2.110000000000002,0,TRUE,1,1
93921,0,0.020000000000000018,2.8600000000000025,2.8800000000000026,0,TRUE,0.9930555555555556,1
93922,0,0,1.3100000000000012,1.3100000000000012,0,TRUE,1,1
93923,0,0,1.040000000000001,1.040000000000001,0,TRUE,1,1
93924,0,0,2.340000000000002,2.340000000000002,0,TRUE,1,1
93925,0.29000000000000026,0.2200000000000002,2.330000000000002,2.5500000000000025,0,TRUE,0.9137254901960783,1
93926,0.010000000000000009,0.30000000000000027,1.0000000000000009,1.3000000000000012,0,TRUE,0.7692307692307693,1
93929,0,0,3.560000000000003,3.560000000000003,0,TRUE,1,1
93931,0,0,2.3500000000000023,2.3500000000000023,0,TRUE,1,1
93932,0,0.38000000000000034,3.1700000000000026,3.5500000000000034,0,TRUE,0.8929577464788732,1
93933,0,1.3400000000000012,0.6300000000000006,1.9700000000000017,0,TRUE,0.3197969543147208,0
93934,0,1.7000000000000015,0.08000000000000007,1.7800000000000016,0,TRUE,0.0449438202247191,0
93935,0.020000000000000018,2.7400000000000024,0.27000000000000024,3.0100000000000025,0,TRUE,0.08970099667774087,0
93936,0.8200000000000007,1.9900000000000018,0.30000000000000027,2.290000000000002,0,TRUE,0.13100436681222707,0
94201,0,1.7900000000000016,0.010000000000000009,1.8000000000000016,0,TRUE,0.005555555555555556,0
94202,0,0.08000000000000007,1.190000000000001,1.2700000000000011,0,TRUE,0.937007874015748,1
94206,0.29000000000000026,1.4400000000000013,0,1.4400000000000013,0,TRUE,0,0
94207,0.08000000000000007,2.080000000000002,0,2.080000000000002,0,TRUE,0,0
94211,0,0,1.7900000000000016,1.7900000000000016,0,TRUE,1,1
94212,0,2.8800000000000026,0.8000000000000007,3.6800000000000033,0,TRUE,0.21739130434782608,0
94213,0,3.260000000000003,0.6800000000000006,3.9400000000000035,0,TRUE,0.17258883248730963,0
94214,0.040000000000000036,2.8900000000000023,0.8700000000000008,3.7600000000000033,0,TRUE,0.23138297872340424,0
94215,1.4400000000000013,0.040000000000000036,2.150000000000002,2.190000000000002,0,TRUE,0.9817351598173516,1
94216,2.100000000000002,0,1.4200000000000013,1.4200000000000013,0,TRUE,1,1
94217,0,0,3.340000000000003,3.340000000000003,0,TRUE,1,1
94218,0,0,3.4300000000000033,3.4300000000000033,0,TRUE,1,1
94219,0,0,2.5100000000000025,2.5100000000000025,0,TRUE,1,1
94224,0.2300000000000002,0,1.2700000000000011,1.2700000000000011,0,TRUE,1,1
94226,0.030000000000000027,0,3.0000000000000027,3.0000000000000027,0,TRUE,1,1
94227,0,1.4500000000000013,1.5100000000000013,2.9600000000000026,0,TRUE,0.5101351351351351,1
94231,0,1.2900000000000011,0,1.2900000000000011,0,TRUE,0,0
94232,0,2.1700000000000017,0.030000000000000027,2.200000000000002,0,TRUE,0.013636363636363636,0
94496,0,0.8600000000000008,2.9200000000000026,3.7800000000000034,0,TRUE,0.7724867724867724,1
94497,0,0.5000000000000004,1.9600000000000017,2.460000000000002,0,TRUE,0.7967479674796748,1
94498,0.6200000000000006,0,1.110000000000001,1.110000000000001,0,TRUE,1,1
94503,0.06000000000000005,0,3.270000000000003,3.270000000000003,0,TRUE,1,1
94504,0,0,3.6800000000000033,3.6800000000000033,0,TRUE,1,1
94505,0,0,3.610000000000003,3.610000000000003,0,TRUE,1,1
94506,0,0.27000000000000024,3.730000000000003,4.0000000000000036,0,TRUE,0.9325,1
94507,0.4300000000000004,1.4400000000000013,1.7600000000000016,3.200000000000003,0,TRUE,0.55,1
94508,1.240000000000001,1.220000000000001,0.3100000000000003,1.5300000000000014,0,TRUE,0.20261437908496732,0
94511,2.730000000000002,0,1.0000000000000009,1.0000000000000009,0,TRUE,1,1
94512,0.6200000000000006,0,3.0400000000000027,3.0400000000000027,0,TRUE,1,1
94513,1.230000000000001,0,2.300000000000002,2.300000000000002,0,TRUE,1,1
94514,0.29000000000000026,0,2.370000000000002,2.370000000000002,0,TRUE,1,1
94519,0.6700000000000006,0.6000000000000005,0.8500000000000008,1.4500000000000013,0,TRUE,0.5862068965517241,1
94521,0.38000000000000034,0,1.9000000000000017,1.9000000000000017,0,TRUE,1,1
94522,0,0,2.290000000000002,2.290000000000002,0,TRUE,1,1
94529,0.1200000000000001,1.3900000000000012,0,1.3900000000000012,0,TRUE,0,0
94790,0,0.17000000000000015,2.7600000000000025,2.9300000000000024,0,TRUE,0.9419795221843004,1
94791,0,0.19000000000000017,3.5100000000000033,3.7000000000000033,0,TRUE,0.9486486486486487,1
94792,0.27000000000000024,0.5200000000000005,2.570000000000002,3.0900000000000025,0,TRUE,0.8317152103559871,1
94796,1.9200000000000017,1.3300000000000012,0.6400000000000006,1.9700000000000017,0,TRUE,0.3248730964467005,0
94797,2.530000000000002,0.07000000000000006,0.9800000000000009,1.050000000000001,0,TRUE,0.9333333333333333,1
94798,0.4700000000000004,2.240000000000002,1.030000000000001,3.270000000000003,0,TRUE,0.3149847094801223,0
94799,0,0.10000000000000009,3.7900000000000036,3.8900000000000032,0,TRUE,0.9742930591259641,1
94800,0,0,3.140000000000003,3.140000000000003,0,TRUE,1,1
94801,0,1.220000000000001,2.260000000000002,3.480000000000003,0,TRUE,0.6494252873563219,1
94802,0.9900000000000009,0.030000000000000027,2.180000000000002,2.2100000000000017,0,TRUE,0.9864253393665159,1
94806,1.6000000000000014,0,1.5700000000000014,1.5700000000000014,0,TRUE,1,1
94807,2.110000000000002,0,1.7000000000000015,1.7000000000000015,0,TRUE,1,1
94808,1.6400000000000015,0,1.210000000000001,1.210000000000001,0,TRUE,1,1
94810,0.8900000000000008,0,1.7600000000000016,1.7600000000000016,0,TRUE,1,1
94811,0.4300000000000004,0,2.440000000000002,2.440000000000002,0,TRUE,1,1
94812,0.07000000000000006,0,2.1300000000000017,2.1300000000000017,0,TRUE,1,1
94813,0,0,3.0200000000000027,3.0200000000000027,0,TRUE,1,1
94814,0.07000000000000006,0,3.1000000000000028,3.1000000000000028,0,TRUE,1,1
94817,0,0.30000000000000027,1.3900000000000012,1.6900000000000015,0,TRUE,0.8224852071005917,1
95084,0.3200000000000003,0.5600000000000005,0.6600000000000006,1.220000000000001,0,TRUE,0.5409836065573771,1
95085,0.13000000000000012,1.070000000000001,2.690000000000002,3.7600000000000033,0,TRUE,0.7154255319148936,1
95086,0,0,3.7400000000000033,3.7400000000000033,0,TRUE,1,1
95087,0.27000000000000024,0,3.4300000000000033,3.4300000000000033,0,TRUE,1,1
95088,2.420000000000002,0,1.5800000000000014,1.5800000000000014,0,TRUE,1,1
95090,0.28000000000000025,0.4600000000000004,3.1200000000000028,3.580000000000003,0,TRUE,0.8715083798882681,1
95091,0,2.5600000000000023,1.150000000000001,3.7100000000000035,0,TRUE,0.3099730458221024,0
95092,0,0.9500000000000008,2.5400000000000023,3.490000000000003,0,TRUE,0.7277936962750717,1
95093,0,1.7800000000000016,1.6500000000000015,3.4300000000000033,0,TRUE,0.4810495626822157,0
95094,0,2.2100000000000017,1.2600000000000011,3.4700000000000033,0,TRUE,0.3631123919308357,0
95095,0,0.07000000000000006,2.9400000000000026,3.0100000000000025,0,TRUE,0.9767441860465117,1
95096,0.29000000000000026,0.07000000000000006,2.5800000000000023,2.650000000000002,0,TRUE,0.9735849056603775,1
95099,1.7000000000000015,0,1.190000000000001,1.190000000000001,0,TRUE,1,1
95111,0.6600000000000006,0.9900000000000009,0.5900000000000005,1.5800000000000014,0,TRUE,0.37341772151898733,0
95380,1.7300000000000015,0.5800000000000005,1.030000000000001,1.6100000000000014,0,TRUE,0.639751552795031,1
95381,0.9400000000000008,0.06000000000000005,1.7700000000000016,1.8300000000000016,0,TRUE,0.9672131147540983,1
95382,0.030000000000000027,0.020000000000000018,3.6300000000000034,3.650000000000003,0,TRUE,0.9945205479452056,1
95383,1.160000000000001,0,2.7100000000000026,2.7100000000000026,0,TRUE,1,1
95385,2.260000000000002,0.3500000000000003,1.020000000000001,1.3700000000000012,0,TRUE,0.7445255474452555,1
95386,0,3.500000000000003,0.19000000000000017,3.690000000000003,0,TRUE,0.051490514905149054,0
95387,0,1.7700000000000016,0.050000000000000044,1.8200000000000016,0,TRUE,0.027472527472527472,0
95388,0,2.8500000000000023,0.08000000000000007,2.9300000000000024,0,TRUE,0.027303754266211608,0
95389,0.2300000000000002,2.2500000000000018,0.1100000000000001,2.360000000000002,0,TRUE,0.046610169491525424,0
95390,0.4600000000000004,1.2600000000000011,0.7100000000000006,1.9700000000000017,0,TRUE,0.3604060913705584,0
95391,0.8100000000000007,0.9300000000000008,1.100000000000001,2.030000000000002,0,TRUE,0.5418719211822659,1
95406,0,0.3100000000000003,0.7900000000000007,1.100000000000001,0,TRUE,0.7181818181818181,1
95677,2.070000000000002,0.020000000000000018,1.040000000000001,1.060000000000001,0,TRUE,0.9811320754716981,1
95678,1.3200000000000012,0,1.5400000000000014,1.5400000000000014,0,TRUE,1,1
95682,0.4300000000000004,1.7200000000000015,0.030000000000000027,1.7500000000000016,0,TRUE,0.017142857142857144,0
95683,0.16000000000000014,3.460000000000003,0.030000000000000027,3.490000000000003,0,TRUE,0.008595988538681949,0
95684,0.8200000000000007,2.730000000000002,0.09000000000000008,2.8200000000000025,0,TRUE,0.031914893617021274,0
95685,1.8900000000000017,1.3700000000000012,0.08000000000000007,1.4500000000000013,0,TRUE,0.05517241379310345,0
95686,0.9400000000000008,1.5400000000000014,0.040000000000000036,1.5800000000000014,0,TRUE,0.02531645569620253,0
95687,0,1.240000000000001,0.8400000000000007,2.080000000000002,0,TRUE,0.40384615384615385,0
95701,0,1.6100000000000014,0.8900000000000008,2.500000000000002,0,TRUE,0.356,0
95965,0.29000000000000026,1.8700000000000017,0.17000000000000015,2.040000000000002,0,TRUE,0.08333333333333333,0
95966,0.030000000000000027,3.6300000000000034,0,3.6300000000000034,0,TRUE,0,0
95967,0.20000000000000018,3.8000000000000034,0,3.8000000000000034,0,TRUE,0,0
95968,1.8600000000000017,1.9100000000000017,0,1.9100000000000017,0,TRUE,0,0
95969,2.280000000000002,1.5400000000000014,0,1.5400000000000014,0,TRUE,0,0
95970,0.8800000000000008,2.8800000000000026,0,2.8800000000000026,0,TRUE,0,0
95971,0.6500000000000006,1.3100000000000012,0.4400000000000004,1.7500000000000016,0,TRUE,0.25142857142857145,0
95972,0.13000000000000012,0,2.990000000000003,2.990000000000003,0,TRUE,1,1
95973,0.020000000000000018,0,3.2900000000000027,3.2900000000000027,0,TRUE,1,1
95974,0.8500000000000008,0,2.0900000000000016,2.0900000000000016,0,TRUE,1,1
95978,1.7900000000000016,0.9500000000000008,0.15000000000000013,1.100000000000001,0,TRUE,0.13636363636363635,0
95981,1.060000000000001,1.4900000000000013,0.8900000000000008,2.380000000000002,0,TRUE,0.3739495798319328,0
95982,0,1.9500000000000017,1.8200000000000016,3.770000000000003,0,TRUE,0.4827586206896552,0
95983,0,0,1.6600000000000015,1.6600000000000015,0,TRUE,1,1
95988,0.3400000000000003,1.9100000000000017,0.19000000000000017,2.100000000000002,0,TRUE,0.09047619047619047,0
95989,1.120000000000001,1.6600000000000015,0,1.6600000000000015,0,TRUE,0,0
95993,0.2200000000000002,0,1.6900000000000015,1.6900000000000015,0,TRUE,1,1
95995,0.8300000000000007,1.6500000000000015,0.050000000000000044,1.7000000000000015,0,TRUE,0.029411764705882353,0
95996,0.6000000000000005,2.5500000000000025,0.38000000000000034,2.9300000000000024,0,TRUE,0.12969283276450513,0
96258,0.5500000000000005,0.30000000000000027,1.4100000000000013,1.7100000000000015,0,TRUE,0.8245614035087719,1
96259,0.5600000000000005,2.7600000000000025,0.06000000000000005,2.8200000000000025,0,TRUE,0.02127659574468085,0
96260,0.7700000000000007,0.4700000000000004,0.7200000000000006,1.190000000000001,0,TRUE,0.6050420168067226,1
96261,0,4.0000000000000036,0,4.0000000000000036,0,TRUE,0,0
96262,0,4.0000000000000036,0,4.0000000000000036,0,TRUE,0,0
96263,0.7500000000000007,3.2500000000000027,0,3.2500000000000027,0,TRUE,0,0
96264,1.8600000000000017,1.090000000000001,0,1.090000000000001,0,TRUE,0,0
96265,1.040000000000001,1.4200000000000013,0.9400000000000008,2.360000000000002,0,TRUE,0.3983050847457627,0
96266,0,0,3.8200000000000034,3.8200000000000034,0,TRUE,1,1
96267,0,0,3.8000000000000034,3.8000000000000034,0,TRUE,1,1
96268,1.190000000000001,0,2.480000000000002,2.480000000000002,0,TRUE,1,1
96269,1.190000000000001,0,2.8100000000000023,2.8100000000000023,0,TRUE,1,1
96270,2.1700000000000017,0.28000000000000025,1.4700000000000013,1.7500000000000016,0,TRUE,0.84,1
96273,0.9300000000000008,0.6500000000000006,2.140000000000002,2.7900000000000027,0,TRUE,0.7670250896057347,1
96274,0.5400000000000005,0.040000000000000036,2.3100000000000023,2.3500000000000023,0,TRUE,0.9829787234042553,1
96275,1.090000000000001,0,2.110000000000002,2.110000000000002,0,TRUE,1,1
96276,0.8100000000000007,0.6100000000000005,1.4000000000000012,2.0100000000000016,0,TRUE,0.6965174129353234,1
96277,0,0.6400000000000006,2.9600000000000026,3.600000000000003,0,TRUE,0.8222222222222222,1
96278,0,0,3.5100000000000033,3.5100000000000033,0,TRUE,1,1
96279,0,0,1.6200000000000014,1.6200000000000014,0,TRUE,1,1
96288,0.030000000000000027,0,1.6000000000000014,1.6000000000000014,0,TRUE,1,1
96289,0.6200000000000006,2.7600000000000025,0.17000000000000015,2.9300000000000024,0,TRUE,0.05802047781569966,0
96290,0,3.560000000000003,0,3.560000000000003,0,TRUE,0,0
96291,0,3.650000000000003,0,3.650000000000003,0,TRUE,0,0
96292,0,3.310000000000003,0,3.310000000000003,0,TRUE,0,0
96293,0.010000000000000009,1.3700000000000012,0.050000000000000044,1.4200000000000013,0,TRUE,0.035211267605633804,0
96554,0.5800000000000005,1.8900000000000017,0.2200000000000002,2.110000000000002,0,TRUE,0.10426540284360189,0
96555,0,3.460000000000003,0.08000000000000007,3.540000000000003,0,TRUE,0.022598870056497175,0
96556,0,3.7800000000000034,0,3.7800000000000034,0,TRUE,0,0
96557,0,3.9800000000000035,0,3.9800000000000035,0,TRUE,0,0
96558,0.41000000000000036,3.520000000000003,0,3.520000000000003,0,TRUE,0,0
96561,2.100000000000002,0,1.6500000000000015,1.6500000000000015,0,TRUE,1,1
96562,1.150000000000001,0,2.5100000000000025,2.5100000000000025,0,TRUE,1,1
96567,0.4500000000000004,0.28000000000000025,2.220000000000002,2.500000000000002,0,TRUE,0.888,1
96568,0.9700000000000009,0.15000000000000013,1.5400000000000014,1.6900000000000015,0,TRUE,0.9112426035502958,1
96569,0.41000000000000036,0.4600000000000004,1.6800000000000015,2.140000000000002,0,TRUE,0.7850467289719626,1
96571,0,0,1.4000000000000012,1.4000000000000012,0,TRUE,1,1
96572,0,0,1.8400000000000016,1.8400000000000016,0,TRUE,1,1
96573,0,1.040000000000001,1.5000000000000013,2.5400000000000023,0,TRUE,0.5905511811023622,1
96574,0.49000000000000044,1.2900000000000011,0.9400000000000008,2.230000000000002,0,TRUE,0.42152466367713,0
96575,0.15000000000000013,0.8400000000000007,0.6400000000000006,1.4800000000000013,0,TRUE,0.43243243243243246,0
96581,0.9200000000000008,1.020000000000001,0,1.020000000000001,0,TRUE,0,0
96582,0.16000000000000014,2.8100000000000023,0.20000000000000018,3.0100000000000025,0,TRUE,0.0664451827242525,0
96583,0,0.40000000000000036,2.8800000000000026,3.280000000000003,0,TRUE,0.8780487804878049,1
96584,0,3.610000000000003,0.010000000000000009,3.620000000000003,0,TRUE,0.0027624309392265192,0
96585,0,3.8000000000000034,0,3.8000000000000034,0,TRUE,0,0
96586,0,3.8800000000000034,0,3.8800000000000034,0,TRUE,0,0
96587,0.14000000000000012,3.480000000000003,0,3.480000000000003,0,TRUE,0,0
96588,0.010000000000000009,3.8000000000000034,0,3.8000000000000034,0,TRUE,0,0
96589,0.2500000000000002,2.370000000000002,0,2.370000000000002,0,TRUE,0,0
96845,0,0,2.500000000000002,2.500000000000002,0,TRUE,1,1
96849,0.06000000000000005,0,2.290000000000002,2.290000000000002,0,TRUE,1,1
96850,0,0.29000000000000026,3.570000000000003,3.8600000000000034,0,TRUE,0.9248704663212435,1
96851,1.170000000000001,1.070000000000001,1.7400000000000015,2.8100000000000023,0,TRUE,0.6192170818505338,1
96852,2.410000000000002,0.8800000000000008,0.5000000000000004,1.3800000000000012,0,TRUE,0.36231884057971014,0
96853,1.3800000000000012,0.14000000000000012,2.300000000000002,2.440000000000002,0,TRUE,0.9426229508196722,1
96860,2.8500000000000023,0.9100000000000008,0.1200000000000001,1.030000000000001,0,TRUE,0.11650485436893204,0
96862,0.2200000000000002,3.6300000000000034,0.020000000000000018,3.650000000000003,0,TRUE,0.005479452054794521,0
96863,0,0.5000000000000004,2.220000000000002,2.7200000000000024,0,TRUE,0.8161764705882353,1
96876,1.7400000000000015,1.2900000000000011,0,1.2900000000000011,0,TRUE,0,0
96877,0,3.7100000000000035,0.14000000000000012,3.850000000000003,0,TRUE,0.03636363636363637,0
96878,0,1.6400000000000015,1.8500000000000016,3.490000000000003,0,TRUE,0.5300859598853869,1
96879,0,3.850000000000003,0,3.850000000000003,0,TRUE,0,0
96880,0.8800000000000008,2.360000000000002,0,2.360000000000002,0,TRUE,0,0
96881,1.040000000000001,1.3700000000000012,0,1.3700000000000012,0,TRUE,0,0
96882,1.5100000000000013,2.360000000000002,0,2.360000000000002,0,TRUE,0,0
96883,0.2200000000000002,3.520000000000003,0,3.520000000000003,0,TRUE,0,0
96884,1.3300000000000012,2.380000000000002,0.16000000000000014,2.5400000000000023,0,TRUE,0.06299212598425197,0
96885,1.190000000000001,0.8200000000000007,1.9800000000000018,2.8000000000000025,0,TRUE,0.7071428571428572,1
96886,0.7500000000000007,1.6600000000000015,0.08000000000000007,1.7400000000000015,0,TRUE,0.04597701149425287,0
97139,0.5100000000000005,0.010000000000000009,1.7200000000000015,1.7300000000000015,0,TRUE,0.9942196531791907,1
97142,1.7900000000000016,0.5600000000000005,1.250000000000001,1.8100000000000016,0,TRUE,0.6906077348066298,1
97145,0.40000000000000036,0,2.180000000000002,2.180000000000002,0,TRUE,1,1
97146,0.16000000000000014,0,3.4300000000000033,3.4300000000000033,0,TRUE,1,1
97147,0.26000000000000023,0,2.150000000000002,2.150000000000002,0,TRUE,1,1
97148,0.07000000000000006,0,3.030000000000003,3.030000000000003,0,TRUE,1,1
97149,1.9400000000000017,0,1.8900000000000017,1.8900000000000017,0,TRUE,1,1
97152,2.7000000000000024,0.17000000000000015,0.9800000000000009,1.150000000000001,0,TRUE,0.8521739130434782,1
97153,1.7800000000000016,0.030000000000000027,1.3100000000000012,1.3400000000000012,0,TRUE,0.9776119402985075,1
97157,0.41000000000000036,3.4300000000000033,0.06000000000000005,3.490000000000003,0,TRUE,0.017191977077363897,0
97158,0,3.230000000000003,0.010000000000000009,3.240000000000003,0,TRUE,0.0030864197530864196,0
97159,0,1.200000000000001,1.9600000000000017,3.160000000000003,0,TRUE,0.620253164556962,1
97160,0,0,2.5800000000000023,2.5800000000000023,0,TRUE,1,1
97172,0.6600000000000006,2.6800000000000024,0.4400000000000004,3.1200000000000028,0,TRUE,0.14102564102564102,0
97173,0.3500000000000003,2.7800000000000025,0.7000000000000006,3.480000000000003,0,TRUE,0.20114942528735633,0
97174,0,3.8800000000000034,0,3.8800000000000034,0,TRUE,0,0
97175,0.8300000000000007,3.0200000000000027,0.1100000000000001,3.1300000000000026,0,TRUE,0.035143769968051124,0
97176,1.5000000000000013,1.8600000000000017,0.1100000000000001,1.9700000000000017,0,TRUE,0.05583756345177665,0
97177,1.210000000000001,0.9900000000000009,0.08000000000000007,1.070000000000001,0,TRUE,0.07476635514018691,0
97180,0,0.020000000000000018,1.8600000000000017,1.8800000000000017,0,TRUE,0.9893617021276596,1
97435,0,1.210000000000001,1.220000000000001,2.4300000000000024,0,TRUE,0.5020576131687242,1
97436,1.6200000000000014,0.4500000000000004,0.5800000000000005,1.030000000000001,0,TRUE,0.5631067961165048,1
97441,0.010000000000000009,0,1.5000000000000013,1.5000000000000013,0,TRUE,1,1
97447,1.4400000000000013,0.9200000000000008,0.9700000000000009,1.8900000000000017,0,TRUE,0.5132275132275133,1
97452,0.1200000000000001,3.0200000000000027,0.06000000000000005,3.0800000000000027,0,TRUE,0.01948051948051948,0
97453,0.9500000000000008,1.250000000000001,0.1200000000000001,1.3700000000000012,0,TRUE,0.08759124087591241,0
97457,0.5400000000000005,2.300000000000002,0.030000000000000027,2.330000000000002,0,TRUE,0.012875536480686697,0
97458,0,1.4900000000000013,0,1.4900000000000013,0,TRUE,0,0
97459,0,1.5200000000000014,0.26000000000000023,1.7800000000000016,0,TRUE,0.14606741573033707,0
97461,1.160000000000001,0.9500000000000008,0.050000000000000044,1.0000000000000009,0,TRUE,0.05,0
97728,0,0,2.8800000000000026,2.8800000000000026,0,TRUE,1,1
97729,0.6500000000000006,0,2.1300000000000017,2.1300000000000017,0,TRUE,1,1
97730,0,0.2100000000000002,3.3900000000000032,3.600000000000003,0,TRUE,0.9416666666666668,1
97731,1.050000000000001,0.29000000000000026,2.320000000000002,2.610000000000002,0,TRUE,0.888888888888889,1
97738,0.7100000000000006,1.210000000000001,0.1200000000000001,1.3300000000000012,0,TRUE,0.09022556390977443,0
97739,1.240000000000001,0.13000000000000012,1.190000000000001,1.3200000000000012,0,TRUE,0.9015151515151515,1
97740,2.490000000000002,1.070000000000001,0.10000000000000009,1.170000000000001,0,TRUE,0.08547008547008547,0
97742,1.8700000000000017,1.6900000000000015,0.010000000000000009,1.7000000000000015,0,TRUE,0.0058823529411764705,0
97743,0.4700000000000004,2.9300000000000024,0,2.9300000000000024,0,TRUE,0,0
97753,1.6400000000000015,1.230000000000001,0.020000000000000018,1.250000000000001,0,TRUE,0.016,0
98023,0,0,3.9300000000000033,3.9300000000000033,0,TRUE,1,1
98024,0.08000000000000007,0.020000000000000018,2.440000000000002,2.460000000000002,0,TRUE,0.991869918699187,1
98025,1.5200000000000014,0.06000000000000005,1.9900000000000018,2.0500000000000016,0,TRUE,0.9707317073170733,1
98026,1.9300000000000017,0.07000000000000006,1.170000000000001,1.240000000000001,0,TRUE,0.9435483870967742,1
98030,0,0,1.7800000000000016,1.7800000000000016,0,TRUE,1,1
98031,0.4400000000000004,1.8300000000000016,0.6400000000000006,2.4700000000000024,0,TRUE,0.2591093117408907,0
98032,0.9600000000000009,2.330000000000002,0.030000000000000027,2.360000000000002,0,TRUE,0.012711864406779662,0
98033,0.7300000000000006,2.480000000000002,0.09000000000000008,2.570000000000002,0,TRUE,0.03501945525291829,0
98034,1.8800000000000017,1.3300000000000012,0.06000000000000005,1.3900000000000012,0,TRUE,0.04316546762589928,0
98318,0,0.8800000000000008,2.2700000000000022,3.150000000000003,0,TRUE,0.7206349206349206,1
98319,0.9900000000000009,0.39000000000000035,2.2700000000000022,2.6600000000000024,0,TRUE,0.8533834586466166,1
98325,0.2100000000000002,0.6200000000000006,1.6900000000000015,2.3100000000000023,0,TRUE,0.7316017316017316,1
98326,0.7800000000000007,1.8500000000000016,0.15000000000000013,2.0000000000000018,0,TRUE,0.075,0
98327,0.39000000000000035,2.200000000000002,0.5500000000000005,2.7500000000000027,0,TRUE,0.19999999999999998,0
98612,0,0.020000000000000018,2.0500000000000016,2.070000000000002,0,TRUE,0.9903381642512075,1
98613,0,2.410000000000002,1.240000000000001,3.650000000000003,0,TRUE,0.3397260273972603,0
98614,0.41000000000000036,2.0000000000000018,1.220000000000001,3.220000000000003,0,TRUE,0.37888198757763975,0
98616,1.5500000000000014,0,2.290000000000002,2.290000000000002,0,TRUE,1,1
98617,0.15000000000000013,0,3.1200000000000028,3.1200000000000028,0,TRUE,1,1
98620,1.6200000000000014,1.5000000000000013,0.5700000000000005,2.070000000000002,0,TRUE,0.27536231884057966,0
98621,0.13000000000000012,1.6800000000000015,0.27000000000000024,1.9500000000000017,0,TRUE,0.13846153846153847,0
98625,0.6000000000000005,0.10000000000000009,1.2900000000000011,1.3900000000000012,0,TRUE,0.9280575539568345,1
98907,0,1.5900000000000014,0.2300000000000002,1.8200000000000016,0,TRUE,0.12637362637362637,0
98908,0,3.7900000000000036,0.18000000000000016,3.9700000000000033,0,TRUE,0.04534005037783376,0
98909,0.5800000000000005,1.8800000000000017,1.160000000000001,3.0400000000000027,0,TRUE,0.3815789473684211,0
98911,0.16000000000000014,0,1.090000000000001,1.090000000000001,0,TRUE,1,1
98912,0,0.14000000000000012,3.6300000000000034,3.770000000000003,0,TRUE,0.9628647214854112,1
98913,0,2.4700000000000024,0.41000000000000036,2.8800000000000026,0,TRUE,0.1423611111111111,0
98915,2.5200000000000022,1.080000000000001,0.040000000000000036,1.120000000000001,0,TRUE,0.03571428571428571,0
98916,0.5300000000000005,0.3100000000000003,0.7100000000000006,1.020000000000001,0,TRUE,0.696078431372549,1
98922,0.6700000000000006,0.07000000000000006,1.150000000000001,1.220000000000001,0,TRUE,0.9426229508196722,1
99203,0,0.08000000000000007,2.080000000000002,2.160000000000002,0,TRUE,0.9629629629629629,1
99204,0.1100000000000001,0.6200000000000006,2.260000000000002,2.8800000000000026,0,TRUE,0.7847222222222222,1
99207,0,0.09000000000000008,3.440000000000003,3.530000000000003,0,TRUE,0.9745042492917848,1
99208,0,1.010000000000001,0,1.010000000000001,0,TRUE,0,0
99209,0.030000000000000027,0,1.170000000000001,1.170000000000001,0,TRUE,1,1
99211,0.5500000000000005,0.49000000000000044,0.6900000000000006,1.180000000000001,0,TRUE,0.5847457627118644,1
99220,0.6300000000000006,0,1.170000000000001,1.170000000000001,0,TRUE,1,1
99222,0.5500000000000005,0,1.7900000000000016,1.7900000000000016,0,TRUE,1,1
99223,0.7700000000000007,0,1.4800000000000013,1.4800000000000013,0,TRUE,1,1
99499,1.210000000000001,0.4500000000000004,1.220000000000001,1.6700000000000015,0,TRUE,0.7305389221556886,1
99502,0.7600000000000007,1.8900000000000017,0.8100000000000007,2.7000000000000024,0,TRUE,0.3,0
99503,0,0,3.260000000000003,3.260000000000003,0,TRUE,1,1
99504,0,0,3.7200000000000033,3.7200000000000033,0,TRUE,1,1
99505,0.3400000000000003,1.020000000000001,1.4500000000000013,2.4700000000000024,0,TRUE,0.5870445344129555,1
99506,0.06000000000000005,0,2.360000000000002,2.360000000000002,0,TRUE,1,1
99517,0,0,1.200000000000001,1.200000000000001,0,TRUE,1,1
99518,0,0,2.1700000000000017,2.1700000000000017,0,TRUE,1,1
99519,0.2200000000000002,0,2.160000000000002,2.160000000000002,0,TRUE,1,1
99792,0.7000000000000006,0.8900000000000008,1.240000000000001,2.1300000000000017,0,TRUE,0.5821596244131456,1
99793,0.09000000000000008,0.2200000000000002,2.5500000000000025,2.7700000000000022,0,TRUE,0.9205776173285201,1
99794,0,0.9200000000000008,2.0900000000000016,3.0100000000000025,0,TRUE,0.6943521594684385,1
99795,0.8600000000000008,2.7000000000000024,0.3200000000000003,3.0200000000000027,0,TRUE,0.10596026490066225,0
99796,0.6500000000000006,0.7700000000000007,0.4400000000000004,1.210000000000001,0,TRUE,0.36363636363636365,0
99797,1.070000000000001,0.1200000000000001,2.280000000000002,2.400000000000002,0,TRUE,0.95,1
99798,2.180000000000002,0.040000000000000036,1.4000000000000012,1.4400000000000013,0,TRUE,0.9722222222222222,1
99799,1.9400000000000017,0.020000000000000018,0.9800000000000009,1.0000000000000009,0,TRUE,0.98,1
99801,0.7700000000000007,0.19000000000000017,0.8700000000000008,1.060000000000001,0,TRUE,0.8207547169811321,1
99802,0,0,1.5400000000000014,1.5400000000000014,0,TRUE,1,1
99815,0.010000000000000009,0,2.200000000000002,2.200000000000002,0,TRUE,1,1
99816,0.17000000000000015,0,2.7000000000000024,2.7000000000000024,0,TRUE,1,1
100087,0,0.4800000000000004,2.7100000000000026,3.190000000000003,0,TRUE,0.8495297805642633,1
100088,0.3100000000000003,2.0900000000000016,1.0000000000000009,3.0900000000000025,0,TRUE,0.3236245954692557,0
100089,0,3.160000000000003,0.020000000000000018,3.180000000000003,0,TRUE,0.006289308176100629,0
100090,0,3.440000000000003,0,3.440000000000003,0,TRUE,0,0
100091,0,1.050000000000001,2.030000000000002,3.0800000000000027,0,TRUE,0.6590909090909092,1
100092,0.7500000000000007,0.30000000000000027,1.5200000000000014,1.8200000000000016,0,TRUE,0.8351648351648352,1
100093,0.18000000000000016,0.49000000000000044,2.020000000000002,2.5100000000000025,0,TRUE,0.8047808764940239,1
100094,0,0,3.190000000000003,3.190000000000003,0,TRUE,1,1
100095,1.100000000000001,0.2500000000000002,1.7400000000000015,1.9900000000000018,0,TRUE,0.8743718592964824,1
100096,1.5500000000000014,1.170000000000001,0.6300000000000006,1.8000000000000016,0,TRUE,0.35,0
100097,0.27000000000000024,0.4500000000000004,1.8800000000000017,2.330000000000002,0,TRUE,0.8068669527896997,1
100382,0,0,1.120000000000001,1.120000000000001,0,TRUE,1,1
100383,0,0,2.6000000000000023,2.6000000000000023,0,TRUE,1,1
100384,0,0.14000000000000012,2.8200000000000025,2.9600000000000026,0,TRUE,0.9527027027027027,1
100385,0,1.4400000000000013,2.140000000000002,3.580000000000003,0,TRUE,0.5977653631284916,1
100386,0,0.18000000000000016,2.8400000000000025,3.0200000000000027,0,TRUE,0.9403973509933775,1
100388,0.6700000000000006,0.6000000000000005,0.5000000000000004,1.100000000000001,0,TRUE,0.45454545454545453,0
100389,0.1200000000000001,2.9600000000000026,0.5100000000000005,3.4700000000000033,0,TRUE,0.14697406340057637,0
100390,0,2.690000000000002,0.4400000000000004,3.1300000000000026,0,TRUE,0.1405750798722045,0
100391,0.07000000000000006,2.7800000000000025,0.4300000000000004,3.2100000000000026,0,TRUE,0.1339563862928349,0
100392,1.3800000000000012,1.3100000000000012,0.7400000000000007,2.0500000000000016,0,TRUE,0.3609756097560976,0
100393,0.4300000000000004,1.5600000000000014,0.30000000000000027,1.8600000000000017,0,TRUE,0.16129032258064516,0
100680,0,0.28000000000000025,3.0900000000000025,3.3700000000000028,0,TRUE,0.9169139465875371,1
100681,0,1.5000000000000013,2.060000000000002,3.560000000000003,0,TRUE,0.5786516853932584,1
100682,1.4300000000000013,1.150000000000001,0.19000000000000017,1.3400000000000012,0,TRUE,0.1417910447761194,0
100684,1.5600000000000014,0.6600000000000006,0.4300000000000004,1.090000000000001,0,TRUE,0.3944954128440367,0
100685,0.06000000000000005,0.8800000000000008,2.8100000000000023,3.690000000000003,0,TRUE,0.7615176151761518,1
100686,0,1.9700000000000017,0.8900000000000008,2.8600000000000025,0,TRUE,0.3111888111888112,0
100688,2.2100000000000017,0.5000000000000004,0.7000000000000006,1.200000000000001,0,TRUE,0.5833333333333334,1
100689,0.8300000000000007,0.26000000000000023,1.8200000000000016,2.080000000000002,0,TRUE,0.875,1
100976,0,2.570000000000002,0.8700000000000008,3.440000000000003,0,TRUE,0.25290697674418605,0
100977,1.7100000000000015,0.030000000000000027,2.240000000000002,2.2700000000000022,0,TRUE,0.9867841409691629,1
100980,1.070000000000001,0.1100000000000001,2.650000000000002,2.7600000000000025,0,TRUE,0.9601449275362318,1
100981,0,0.6500000000000006,2.8800000000000026,3.530000000000003,0,TRUE,0.8158640226628896,1
100982,0.6200000000000006,1.8800000000000017,0.8100000000000007,2.690000000000002,0,TRUE,0.30111524163568776,0
100983,1.9700000000000017,0.9700000000000009,0.050000000000000044,1.020000000000001,0,TRUE,0.049019607843137254,0
100984,0.5900000000000005,2.3900000000000023,0.4700000000000004,2.8600000000000025,0,TRUE,0.16433566433566432,0
100985,0.3300000000000003,0.5000000000000004,0.5500000000000005,1.050000000000001,0,TRUE,0.5238095238095238,1
101272,0.09000000000000008,0.06000000000000005,3.340000000000003,3.400000000000003,0,TRUE,0.9823529411764705,1
101276,0.4500000000000004,1.6400000000000015,1.7000000000000015,3.340000000000003,0,TRUE,0.5089820359281437,1
101277,0,2.070000000000002,0.16000000000000014,2.230000000000002,0,TRUE,0.07174887892376682,0
101278,0.7400000000000007,1.7500000000000016,0.26000000000000023,2.0100000000000016,0,TRUE,0.1293532338308458,0
101279,0.6600000000000006,2.410000000000002,0.3300000000000003,2.7400000000000024,0,TRUE,0.12043795620437957,0
101280,0.41000000000000036,1.200000000000001,0.9100000000000008,2.110000000000002,0,TRUE,0.4312796208530805,0
101567,0.030000000000000027,1.3400000000000012,0.49000000000000044,1.8300000000000016,0,TRUE,0.2677595628415301,0
101568,1.5000000000000013,0.7800000000000007,1.5800000000000014,2.360000000000002,0,TRUE,0.6694915254237288,1
101569,1.110000000000001,2.340000000000002,0.030000000000000027,2.370000000000002,0,TRUE,0.012658227848101267,0
101571,2.8700000000000028,0.7700000000000007,0.26000000000000023,1.030000000000001,0,TRUE,0.2524271844660194,0
101572,0.1100000000000001,2.460000000000002,0.5400000000000005,3.0000000000000027,0,TRUE,0.18,0
101573,0,3.7400000000000033,0,3.7400000000000033,0,TRUE,0,0
101574,0.2100000000000002,3.6800000000000033,0,3.6800000000000033,0,TRUE,0,0
101575,0.2100000000000002,0.4300000000000004,0.7700000000000007,1.200000000000001,0,TRUE,0.6416666666666667,1
101576,0,2.0100000000000016,0.3300000000000003,2.340000000000002,0,TRUE,0.14102564102564102,0
101863,1.4900000000000013,0.14000000000000012,0.8800000000000008,1.020000000000001,0,TRUE,0.8627450980392157,1
101864,0.7200000000000006,1.180000000000001,1.2800000000000011,2.460000000000002,0,TRUE,0.5203252032520326,1
101865,1.7900000000000016,1.9900000000000018,0,1.9900000000000018,0,TRUE,0,0
101867,1.7600000000000016,0.6600000000000006,1.100000000000001,1.7600000000000016,0,TRUE,0.625,1
101868,0,1.7800000000000016,2.060000000000002,3.8400000000000034,0,TRUE,0.5364583333333334,1
101869,0.7400000000000007,2.340000000000002,0.06000000000000005,2.400000000000002,0,TRUE,0.025,0
101871,0.050000000000000044,0,2.280000000000002,2.280000000000002,0,TRUE,1,1
101872,0,0,1.9300000000000017,1.9300000000000017,0,TRUE,1,1
102159,0.1200000000000001,1.4500000000000013,1.6200000000000014,3.070000000000003,0,TRUE,0.5276872964169381,1
102160,2.020000000000002,1.050000000000001,0.49000000000000044,1.5400000000000014,0,TRUE,0.3181818181818182,0
102163,1.3200000000000012,0.030000000000000027,2.2100000000000017,2.240000000000002,0,TRUE,0.9866071428571428,1
102164,0,1.5000000000000013,1.8600000000000017,3.360000000000003,0,TRUE,0.5535714285714286,1
102165,0.8700000000000008,2.2700000000000022,0.3400000000000003,2.610000000000002,0,TRUE,0.1302681992337165,0
102166,0.9800000000000009,0.1200000000000001,1.8300000000000016,1.9500000000000017,0,TRUE,0.9384615384615385,1
102167,0,0,4.0000000000000036,4.0000000000000036,0,TRUE,1,1
102168,0.49000000000000044,0,3.0000000000000027,3.0000000000000027,0,TRUE,1,1
102454,1.3700000000000012,0.17000000000000015,1.4200000000000013,1.5900000000000014,0,TRUE,0.8930817610062893,1
102455,0.5300000000000005,0,2.8900000000000023,2.8900000000000023,0,TRUE,1,1
102459,0.8400000000000007,0.6600000000000006,1.7400000000000015,2.400000000000002,0,TRUE,0.725,1
102460,0,2.0000000000000018,1.8200000000000016,3.8200000000000034,0,TRUE,0.47643979057591623,0
102461,1.6500000000000015,1.3500000000000012,0.3600000000000003,1.7100000000000015,0,TRUE,0.21052631578947367,0
102462,0.20000000000000018,0.5400000000000005,2.120000000000002,2.6600000000000024,0,TRUE,0.7969924812030075,1
102463,0.030000000000000027,0,2.7200000000000024,2.7200000000000024,0,TRUE,1,1
102464,0.010000000000000009,0,2.4300000000000024,2.4300000000000024,0,TRUE,1,1
102750,0,1.5300000000000014,2.120000000000002,3.650000000000003,0,TRUE,0.5808219178082192,1
102751,1.100000000000001,0.2200000000000002,1.4800000000000013,1.7000000000000015,0,TRUE,0.8705882352941177,1
102753,1.5500000000000014,1.8000000000000016,0.13000000000000012,1.9300000000000017,0,TRUE,0.06735751295336788,0
102754,1.3600000000000012,0.7700000000000007,1.030000000000001,1.8000000000000016,0,TRUE,0.5722222222222222,1
102755,0,0.37000000000000033,2.6800000000000024,3.0500000000000025,0,TRUE,0.878688524590164,1
102756,0.16000000000000014,0.7800000000000007,0.5800000000000005,1.3600000000000012,0,TRUE,0.4264705882352941,0
102757,0.14000000000000012,3.0400000000000027,0,3.0400000000000027,0,TRUE,0,0
102758,0.3100000000000003,1.3300000000000012,0.18000000000000016,1.5100000000000013,0,TRUE,0.11920529801324503,0
102759,0.29000000000000026,0,1.8100000000000016,1.8100000000000016,0,TRUE,1,1
102760,0,0,1.210000000000001,1.210000000000001,0,TRUE,1,1
102767,0,2.220000000000002,0,2.220000000000002,0,TRUE,0,0
103045,0,0,2.0100000000000016,2.0100000000000016,0,TRUE,1,1
103046,0,0.28000000000000025,3.150000000000003,3.4300000000000033,0,TRUE,0.9183673469387755,1
103047,0.08000000000000007,1.7600000000000016,0.7100000000000006,2.4700000000000024,0,TRUE,0.2874493927125506,0
103048,0.5700000000000005,1.7600000000000016,0.16000000000000014,1.9200000000000017,0,TRUE,0.08333333333333333,0
103049,0.18000000000000016,0.41000000000000036,1.210000000000001,1.6200000000000014,0,TRUE,0.7469135802469136,1
103050,1.090000000000001,0,2.2500000000000018,2.2500000000000018,0,TRUE,1,1
103051,0.4300000000000004,0,3.570000000000003,3.570000000000003,0,TRUE,1,1
103052,0,0.040000000000000036,3.180000000000003,3.220000000000003,0,TRUE,0.9875776397515528,1
103053,0,1.5900000000000014,0.7900000000000007,2.380000000000002,0,TRUE,0.3319327731092437,0
103055,0,0,1.4400000000000013,1.4400000000000013,0,TRUE,1,1
103056,0,1.110000000000001,2.0100000000000016,3.1200000000000028,0,TRUE,0.6442307692307692,1
103057,0,1.150000000000001,0.030000000000000027,1.180000000000001,0,TRUE,0.025423728813559324,0
103059,0,1.6100000000000014,0.9000000000000008,2.5100000000000025,0,TRUE,0.3585657370517928,0
103060,0,2.650000000000002,1.220000000000001,3.8700000000000037,0,TRUE,0.3152454780361757,0
103061,0,1.9300000000000017,0,1.9300000000000017,0,TRUE,0,0
103062,0,1.160000000000001,0,1.160000000000001,0,TRUE,0,0
103340,0,0,2.2700000000000022,2.2700000000000022,0,TRUE,1,1
103341,0.3500000000000003,0.40000000000000036,1.5900000000000014,1.9900000000000018,0,TRUE,0.7989949748743719,1
103344,0.07000000000000006,1.240000000000001,0.7400000000000007,1.9800000000000018,0,TRUE,0.37373737373737376,0
103345,0.030000000000000027,0.41000000000000036,2.290000000000002,2.7000000000000024,0,TRUE,0.8481481481481481,1
103346,2.0900000000000016,0.10000000000000009,1.8100000000000016,1.9100000000000017,0,TRUE,0.9476439790575916,1
103347,1.060000000000001,0,2.7000000000000024,2.7000000000000024,0,TRUE,1,1
103348,0.41000000000000036,2.0100000000000016,0.8800000000000008,2.8900000000000023,0,TRUE,0.3044982698961938,0
103349,0,1.6800000000000015,0.30000000000000027,1.9800000000000018,0,TRUE,0.15151515151515152,0
103350,0,1.0000000000000009,1.8700000000000017,2.8700000000000028,0,TRUE,0.6515679442508711,1
103351,0,3.150000000000003,0.5300000000000005,3.6800000000000033,0,TRUE,0.14402173913043478,0
103352,0,2.3100000000000023,0.2300000000000002,2.5400000000000023,0,TRUE,0.09055118110236221,0
103353,0,2.0900000000000016,0,2.0900000000000016,0,TRUE,0,0
103354,0,3.300000000000003,0.050000000000000044,3.350000000000003,0,TRUE,0.014925373134328358,0
103355,0,3.610000000000003,0.15000000000000013,3.7600000000000033,0,TRUE,0.0398936170212766,0
103356,0,3.6600000000000033,0,3.6600000000000033,0,TRUE,0,0
103357,0,3.240000000000003,0,3.240000000000003,0,TRUE,0,0
103634,0,0,2.190000000000002,2.190000000000002,0,TRUE,1,1
103637,1.4900000000000013,0,1.170000000000001,1.170000000000001,0,TRUE,1,1
103638,0.7700000000000007,0,1.3500000000000012,1.3500000000000012,0,TRUE,1,1
103640,0.2400000000000002,0.9000000000000008,1.9900000000000018,2.8900000000000023,0,TRUE,0.6885813148788927,1
103641,0,0.8700000000000008,2.6600000000000024,3.530000000000003,0,TRUE,0.7535410764872522,1
103642,0.9300000000000008,1.2800000000000011,1.5500000000000014,2.8300000000000027,0,TRUE,0.5477031802120141,1
103645,0.28000000000000025,0,3.1200000000000028,3.1200000000000028,0,TRUE,1,1
103646,0,0,4.0000000000000036,4.0000000000000036,0,TRUE,1,1
103647,0,1.3400000000000012,2.410000000000002,3.7500000000000036,0,TRUE,0.6426666666666666,1
103648,0,2.7700000000000022,0.3300000000000003,3.1000000000000028,0,TRUE,0.1064516129032258,0
103649,0,2.120000000000002,0,2.120000000000002,0,TRUE,0,0
103650,0,1.4000000000000012,0.2200000000000002,1.6200000000000014,0,TRUE,0.13580246913580246,0
103651,0,2.1700000000000017,0.8700000000000008,3.0400000000000027,0,TRUE,0.28618421052631576,0
103652,0,1.0000000000000009,0,1.0000000000000009,0,TRUE,0,0
103933,0,0.4200000000000004,0.8500000000000008,1.2700000000000011,0,TRUE,0.6692913385826772,1
103934,0,1.030000000000001,1.6500000000000015,2.6800000000000024,0,TRUE,0.6156716417910447,1
103935,0.17000000000000015,1.250000000000001,1.9800000000000018,3.230000000000003,0,TRUE,0.6130030959752322,1
103936,0,0,3.420000000000003,3.420000000000003,0,TRUE,1,1
103937,1.9700000000000017,0.6800000000000006,1.020000000000001,1.7000000000000015,0,TRUE,0.6,1
103940,1.8600000000000017,0,1.9800000000000018,1.9800000000000018,0,TRUE,1,1
103941,0,0,3.610000000000003,3.610000000000003,0,TRUE,1,1
103942,0,1.3600000000000012,2.460000000000002,3.8200000000000034,0,TRUE,0.643979057591623,1
103943,0,1.3900000000000012,0.5700000000000005,1.9600000000000017,0,TRUE,0.29081632653061223,0
103946,0,0.9800000000000009,0.6800000000000006,1.6600000000000015,0,TRUE,0.40963855421686746,0
104228,0,0.5600000000000005,1.040000000000001,1.6000000000000014,0,TRUE,0.65,1
104229,0,3.110000000000003,0.3600000000000003,3.4700000000000033,0,TRUE,0.10374639769452448,0
104230,0.4700000000000004,2.5600000000000023,0.49000000000000044,3.0500000000000025,0,TRUE,0.16065573770491803,0
104231,0.6400000000000006,0,3.220000000000003,3.220000000000003,0,TRUE,1,1
104232,2.080000000000002,0.2100000000000002,1.2900000000000011,1.5000000000000013,0,TRUE,0.86,1
104235,2.5800000000000023,0.10000000000000009,1.180000000000001,1.2800000000000011,0,TRUE,0.921875,1
104236,0,1.220000000000001,2.0900000000000016,3.310000000000003,0,TRUE,0.6314199395770391,1
104237,0,0.5100000000000005,3.230000000000003,3.7400000000000033,0,TRUE,0.8636363636363636,1
104238,0.8000000000000007,0,2.6400000000000023,2.6400000000000023,0,TRUE,1,1
104241,0,0.8600000000000008,0.2300000000000002,1.090000000000001,0,TRUE,0.21100917431192662,0
104525,0,3.240000000000003,0,3.240000000000003,0,TRUE,0,0
104526,0,0.4200000000000004,3.0800000000000027,3.500000000000003,0,TRUE,0.88,1
104527,2.5200000000000022,0,1.2600000000000011,1.2600000000000011,0,TRUE,1,1
104531,0.6300000000000006,2.5100000000000025,0.10000000000000009,2.610000000000002,0,TRUE,0.03831417624521073,0
104532,1.3900000000000012,0.4200000000000004,1.9700000000000017,2.3900000000000023,0,TRUE,0.8242677824267781,1
104534,1.8700000000000017,1.7600000000000016,0.3300000000000003,2.0900000000000016,0,TRUE,0.15789473684210528,0
104535,1.7100000000000015,0.5700000000000005,1.3300000000000012,1.9000000000000017,0,TRUE,0.7,1
104820,0,3.7800000000000034,0,3.7800000000000034,0,TRUE,0,0
104821,0,1.2600000000000011,2.530000000000002,3.7900000000000036,0,TRUE,0.6675461741424801,1
104822,0.6300000000000006,0.20000000000000018,2.440000000000002,2.6400000000000023,0,TRUE,0.9242424242424242,1
104825,1.9300000000000017,1.8400000000000016,0,1.8400000000000016,0,TRUE,0,0
104827,1.110000000000001,1.170000000000001,0.7200000000000006,1.8900000000000017,0,TRUE,0.38095238095238093,0
104828,0.4500000000000004,2.290000000000002,0.14000000000000012,2.4300000000000024,0,TRUE,0.05761316872427983,0
104829,0,2.2700000000000022,1.080000000000001,3.350000000000003,0,TRUE,0.32238805970149254,0
104830,0.06000000000000005,3.310000000000003,0.4600000000000004,3.770000000000003,0,TRUE,0.1220159151193634,0
105114,0,1.210000000000001,0,1.210000000000001,0,TRUE,0,0
105115,0,3.9300000000000033,0,3.9300000000000033,0,TRUE,0,0
105116,0,3.0900000000000025,0.9000000000000008,3.9900000000000038,0,TRUE,0.22556390977443608,0
105117,0.49000000000000044,1.200000000000001,2.060000000000002,3.260000000000003,0,TRUE,0.6319018404907976,1
105120,1.2600000000000011,2.3100000000000023,0,2.3100000000000023,0,TRUE,0,0
105122,0,0.9700000000000009,0.2300000000000002,1.200000000000001,0,TRUE,0.19166666666666668,0
105123,0.4700000000000004,0.6800000000000006,0.9500000000000008,1.6300000000000014,0,TRUE,0.5828220858895705,1
105124,0.16000000000000014,1.2600000000000011,1.9900000000000018,3.2500000000000027,0,TRUE,0.6123076923076923,1
105125,0,1.0000000000000009,2.040000000000002,3.0400000000000027,0,TRUE,0.6710526315789473,1
105402,0,0,2.9700000000000024,2.9700000000000024,0,TRUE,1,1
105403,0,0,2.040000000000002,2.040000000000002,0,TRUE,1,1
105404,0,0,2.0000000000000018,2.0000000000000018,0,TRUE,1,1
105405,0,0,2.300000000000002,2.300000000000002,0,TRUE,1,1
105406,0,0,2.150000000000002,2.150000000000002,0,TRUE,1,1
105407,0,0.6500000000000006,1.030000000000001,1.6800000000000015,0,TRUE,0.6130952380952381,1
105408,0,0.8800000000000008,0.5800000000000005,1.4600000000000013,0,TRUE,0.3972602739726027,0
105409,0.28000000000000025,2.9300000000000024,0,2.9300000000000024,0,TRUE,0,0
105410,1.4200000000000013,2.3500000000000023,0,2.3500000000000023,0,TRUE,0,0
105412,1.8000000000000016,1.6000000000000014,0,1.6000000000000014,0,TRUE,0,0
105417,0,0,1.090000000000001,1.090000000000001,0,TRUE,1,1
105418,0.5500000000000005,0.09000000000000008,2.410000000000002,2.500000000000002,0,TRUE,0.9639999999999999,1
105419,0.10000000000000009,0,3.440000000000003,3.440000000000003,0,TRUE,1,1
105420,0.5700000000000005,0,2.200000000000002,2.200000000000002,0,TRUE,1,1
105697,0.2100000000000002,0.9800000000000009,2.230000000000002,3.2100000000000026,0,TRUE,0.6947040498442368,1
105698,0.3300000000000003,0,3.240000000000003,3.240000000000003,0,TRUE,1,1
105699,1.020000000000001,0.37000000000000033,2.5200000000000022,2.8900000000000023,0,TRUE,0.8719723183391004,1
105700,0.9200000000000008,1.4900000000000013,1.230000000000001,2.7200000000000024,0,TRUE,0.4522058823529412,0
105701,0.41000000000000036,0.9500000000000008,1.6800000000000015,2.6300000000000026,0,TRUE,0.6387832699619771,1
105702,1.240000000000001,1.4500000000000013,0.6600000000000006,2.110000000000002,0,TRUE,0.31279620853080564,0
105703,2.3900000000000023,0.8800000000000008,0.19000000000000017,1.070000000000001,0,TRUE,0.17757009345794392,0
105704,1.5100000000000013,2.2100000000000017,0.2400000000000002,2.450000000000002,0,TRUE,0.0979591836734694,0
105705,1.8700000000000017,1.5000000000000013,0.3200000000000003,1.8200000000000016,0,TRUE,0.17582417582417584,0
105707,0.8900000000000008,3.0200000000000027,0,3.0200000000000027,0,TRUE,0,0
105709,0.9100000000000008,2.190000000000002,0,2.190000000000002,0,TRUE,0,0
105710,1.150000000000001,2.5400000000000023,0,2.5400000000000023,0,TRUE,0,0
105711,1.160000000000001,0,2.280000000000002,2.280000000000002,0,TRUE,1,1
105712,0,0,1.7100000000000015,1.7100000000000015,0,TRUE,1,1
105713,0,0,2.7200000000000024,2.7200000000000024,0,TRUE,1,1
105714,0.040000000000000036,0,1.6100000000000014,1.6100000000000014,0,TRUE,1,1
105715,0.5200000000000005,0,1.190000000000001,1.190000000000001,0,TRUE,1,1
105992,0,1.6500000000000015,0.7400000000000007,2.3900000000000023,0,TRUE,0.30962343096234307,0
105993,0.8800000000000008,2.6300000000000026,0.19000000000000017,2.8200000000000025,0,TRUE,0.0673758865248227,0
105994,0.5800000000000005,2.8300000000000027,0.28000000000000025,3.110000000000003,0,TRUE,0.090032154340836,0
105995,0,2.280000000000002,1.160000000000001,3.440000000000003,0,TRUE,0.3372093023255814,0
105996,0,0.8700000000000008,2.320000000000002,3.190000000000003,0,TRUE,0.7272727272727272,1
105997,1.4000000000000012,0.19000000000000017,2.3900000000000023,2.5800000000000023,0,TRUE,0.9263565891472869,1
105998,2.6300000000000026,0,1.3700000000000012,1.3700000000000012,0,TRUE,1,1
105999,0.16000000000000014,1.2800000000000011,2.530000000000002,3.810000000000003,0,TRUE,0.6640419947506562,1
106000,0.7300000000000006,2.8400000000000025,0.37000000000000033,3.2100000000000026,0,TRUE,0.11526479750778817,0
106002,1.210000000000001,2.5900000000000025,0,2.5900000000000025,0,TRUE,0,0
106003,0.8200000000000007,1.6200000000000014,0.5700000000000005,2.190000000000002,0,TRUE,0.2602739726027397,0
106004,0.7400000000000007,2.3900000000000023,0.3100000000000003,2.7000000000000024,0,TRUE,0.11481481481481481,0
106007,0.020000000000000018,1.100000000000001,0.1200000000000001,1.220000000000001,0,TRUE,0.09836065573770492,0
106008,0,1.030000000000001,0.020000000000000018,1.050000000000001,0,TRUE,0.01904761904761905,0
106288,0.3200000000000003,1.180000000000001,0.4700000000000004,1.6500000000000015,0,TRUE,0.28484848484848485,0
106289,0,0.4300000000000004,0.6700000000000006,1.100000000000001,0,TRUE,0.6090909090909091,1
106293,0,0,1.8300000000000016,1.8300000000000016,0,TRUE,1,1
106294,0,2.0900000000000016,1.120000000000001,3.2100000000000026,0,TRUE,0.3489096573208723,0
106295,0.3200000000000003,3.030000000000003,0.49000000000000044,3.520000000000003,0,TRUE,0.13920454545454544,0
106297,1.8300000000000016,2.140000000000002,0,2.140000000000002,0,TRUE,0,0
106298,0,3.810000000000003,0,3.810000000000003,0,TRUE,0,0
106299,0.5400000000000005,2.990000000000003,0.030000000000000027,3.0200000000000027,0,TRUE,0.009933774834437087,0
106302,0,3.420000000000003,0,3.420000000000003,0,TRUE,0,0
106303,0,3.460000000000003,0,3.460000000000003,0,TRUE,0,0
106590,0,3.400000000000003,0.5400000000000005,3.9400000000000035,0,TRUE,0.13705583756345177,0
106593,0.7600000000000007,1.080000000000001,0.9600000000000009,2.040000000000002,0,TRUE,0.47058823529411764,0
106594,0.7800000000000007,2.150000000000002,0.10000000000000009,2.2500000000000018,0,TRUE,0.044444444444444446,0
106595,2.160000000000002,1.4000000000000012,0.2400000000000002,1.6400000000000015,0,TRUE,0.14634146341463414,0
106597,0,2.410000000000002,0,2.410000000000002,0,TRUE,0,0
106598,0,1.8400000000000016,0,1.8400000000000016,0,TRUE,0,0
106885,0,0.9600000000000009,1.8700000000000017,2.8300000000000027,0,TRUE,0.6607773851590105,1
106886,0.30000000000000027,2.7900000000000027,0.40000000000000036,3.190000000000003,0,TRUE,0.12539184952978055,0
106889,1.8000000000000016,1.2800000000000011,0.4300000000000004,1.7100000000000015,0,TRUE,0.25146198830409355,0
106890,1.2800000000000011,2.500000000000002,0.10000000000000009,2.6000000000000023,0,TRUE,0.038461538461538464,0
107180,0,0.010000000000000009,2.6800000000000024,2.690000000000002,0,TRUE,0.996282527881041,1
107181,0,1.7700000000000016,1.7800000000000016,3.5500000000000034,0,TRUE,0.5014084507042254,1
107182,1.070000000000001,1.9100000000000017,0.8100000000000007,2.7200000000000024,0,TRUE,0.2977941176470588,0
107184,2.080000000000002,1.5700000000000014,0.040000000000000036,1.6100000000000014,0,TRUE,0.024844720496894408,0
107185,0.8100000000000007,3.030000000000003,0,3.030000000000003,0,TRUE,0,0
107186,1.100000000000001,2.650000000000002,0,2.650000000000002,0,TRUE,0,0
107188,0,2.5800000000000023,0.010000000000000009,2.5900000000000025,0,TRUE,0.0038610038610038607,0
107189,0,3.140000000000003,0,3.140000000000003,0,TRUE,0,0
107190,0,1.6900000000000015,0,1.6900000000000015,0,TRUE,0,0
107474,0,0.27000000000000024,3.150000000000003,3.420000000000003,0,TRUE,0.9210526315789475,1
107475,0,1.070000000000001,2.380000000000002,3.450000000000003,0,TRUE,0.6898550724637682,1
107476,0,2.360000000000002,1.6300000000000014,3.9900000000000038,0,TRUE,0.40852130325814534,0
107477,0,2.410000000000002,1.4600000000000013,3.8700000000000037,0,TRUE,0.3772609819121447,0
107478,2.610000000000002,0.5000000000000004,0.5400000000000005,1.040000000000001,0,TRUE,0.5192307692307693,1
107480,1.170000000000001,2.7400000000000024,0,2.7400000000000024,0,TRUE,0,0
107481,0.28000000000000025,3.3900000000000032,0,3.3900000000000032,0,TRUE,0,0
107482,1.0000000000000009,1.5600000000000014,0.13000000000000012,1.6900000000000015,0,TRUE,0.07692307692307693,0
107483,0.7800000000000007,1.120000000000001,1.3100000000000012,2.4300000000000024,0,TRUE,0.5390946502057613,1
107484,0,3.440000000000003,0,3.440000000000003,0,TRUE,0,0
107485,0,3.3300000000000027,0,3.3300000000000027,0,TRUE,0,0
107771,0.010000000000000009,1.9200000000000017,0.010000000000000009,1.9300000000000017,0,TRUE,0.0051813471502590676,0
107772,0,4.0000000000000036,0,4.0000000000000036,0,TRUE,0,0
107773,1.5700000000000014,1.6000000000000014,0.3600000000000003,1.9600000000000017,0,TRUE,0.1836734693877551,0
107775,2.460000000000002,1.180000000000001,0,1.180000000000001,0,TRUE,0,0
107776,0.16000000000000014,2.080000000000002,0,2.080000000000002,0,TRUE,0,0
107777,0,2.9800000000000026,0.8200000000000007,3.8000000000000034,0,TRUE,0.21578947368421053,0
107778,0,1.7400000000000015,1.6900000000000015,3.4300000000000033,0,TRUE,0.49271137026239065,0
107779,0,1.140000000000001,0.17000000000000015,1.3100000000000012,0,TRUE,0.1297709923664122,0
107780,0,2.180000000000002,0.050000000000000044,2.230000000000002,0,TRUE,0.02242152466367713,0
107781,0,2.150000000000002,0.39000000000000035,2.5400000000000023,0,TRUE,0.15354330708661418,0
108067,0,2.3900000000000023,0,2.3900000000000023,0,TRUE,0,0
108068,0.5400000000000005,3.2900000000000027,0,3.2900000000000027,0,TRUE,0,0
108070,1.7100000000000015,1.050000000000001,0,1.050000000000001,0,TRUE,0,0
108071,0.8500000000000008,2.0500000000000016,0.2500000000000002,2.300000000000002,0,TRUE,0.10869565217391304,0
108073,0,0,2.490000000000002,2.490000000000002,0,TRUE,1,1
108074,0.3400000000000003,0,1.9500000000000017,1.9500000000000017,0,TRUE,1,1
108075,0.030000000000000027,0.020000000000000018,1.110000000000001,1.130000000000001,0,TRUE,0.9823008849557522,1
108076,0,0.8800000000000008,1.4600000000000013,2.340000000000002,0,TRUE,0.6239316239316239,1
108077,0,0.9900000000000009,1.4200000000000013,2.410000000000002,0,TRUE,0.5892116182572614,1
108078,0,1.5400000000000014,0,1.5400000000000014,0,TRUE,0,0
108079,0,1.5600000000000014,0,1.5600000000000014,0,TRUE,0,0
108362,0,1.110000000000001,0,1.110000000000001,0,TRUE,0,0
108363,0,3.9800000000000035,0,3.9800000000000035,0,TRUE,0,0
108364,1.150000000000001,2.650000000000002,0,2.650000000000002,0,TRUE,0,0
108367,0.19000000000000017,0.28000000000000025,1.090000000000001,1.3700000000000012,0,TRUE,0.7956204379562044,1
108368,0,0,2.2700000000000022,2.2700000000000022,0,TRUE,1,1
108369,0.9200000000000008,0,2.9600000000000026,2.9600000000000026,0,TRUE,1,1
108371,0,1.190000000000001,0.5300000000000005,1.7200000000000015,0,TRUE,0.3081395348837209,0
108372,0,1.5100000000000013,0.5800000000000005,2.0900000000000016,0,TRUE,0.27751196172248804,0
108374,0.7700000000000007,1.2700000000000011,0.10000000000000009,1.3700000000000012,0,TRUE,0.072992700729927,0
108657,0,3.1700000000000026,0,3.1700000000000026,0,TRUE,0,0
108658,0,3.8000000000000034,0,3.8000000000000034,0,TRUE,0,0
108659,0.08000000000000007,2.2500000000000018,1.5600000000000014,3.810000000000003,0,TRUE,0.40944881889763785,0
108660,1.160000000000001,0.030000000000000027,2.3500000000000023,2.380000000000002,0,TRUE,0.9873949579831933,1
108662,0.6300000000000006,1.8500000000000016,0.4700000000000004,2.320000000000002,0,TRUE,0.2025862068965517,0
108663,2.340000000000002,0.28000000000000025,0.9900000000000009,1.2700000000000011,0,TRUE,0.7795275590551181,1
108666,1.190000000000001,0,1.110000000000001,1.110000000000001,0,TRUE,1,1
108667,0,0,1.6800000000000015,1.6800000000000015,0,TRUE,1,1
108668,0,0.6500000000000006,1.010000000000001,1.6600000000000015,0,TRUE,0.608433734939759,1
108669,0,1.3100000000000012,0,1.3100000000000012,0,TRUE,0,0
108951,0,2.230000000000002,0.39000000000000035,2.6200000000000023,0,TRUE,0.14885496183206107,0
108952,0,3.460000000000003,0,3.460000000000003,0,TRUE,0,0
108953,0,3.9800000000000035,0,3.9800000000000035,0,TRUE,0,0
108954,0,2.4300000000000024,1.5100000000000013,3.9400000000000035,0,TRUE,0.383248730964467,0
108955,0.06000000000000005,0,2.7800000000000025,2.7800000000000025,0,TRUE,1,1
108956,2.070000000000002,0.5100000000000005,1.250000000000001,1.7600000000000016,0,TRUE,0.7102272727272727,1
108957,1.160000000000001,2.220000000000002,0.2200000000000002,2.440000000000002,0,TRUE,0.09016393442622951,0
108958,0.8500000000000008,2.040000000000002,0.030000000000000027,2.070000000000002,0,TRUE,0.014492753623188404,0
108961,0.5300000000000005,0.3400000000000003,2.4700000000000024,2.8100000000000023,0,TRUE,0.8790035587188614,1
108962,0.07000000000000006,1.2800000000000011,1.100000000000001,2.380000000000002,0,TRUE,0.46218487394957986,0
108963,0,2.230000000000002,0.06000000000000005,2.290000000000002,0,TRUE,0.026200873362445417,0
108964,0,2.420000000000002,0,2.420000000000002,0,TRUE,0,0
109246,0,3.270000000000003,0.020000000000000018,3.2900000000000027,0,TRUE,0.006079027355623101,0
109247,0,2.0000000000000018,0.37000000000000033,2.370000000000002,0,TRUE,0.15611814345991562,0
109248,0,3.110000000000003,0.1100000000000001,3.220000000000003,0,TRUE,0.034161490683229816,0
109249,0,0.7600000000000007,0.9800000000000009,1.7400000000000015,0,TRUE,0.5632183908045977,1
109250,0.2200000000000002,0.6100000000000005,1.7300000000000015,2.340000000000002,0,TRUE,0.7393162393162394,1
109251,0.39000000000000035,2.280000000000002,0.2300000000000002,2.5100000000000025,0,TRUE,0.09163346613545816,0
109252,1.7600000000000016,1.9000000000000017,0,1.9000000000000017,0,TRUE,0,0
109253,0,3.180000000000003,0,3.180000000000003,0,TRUE,0,0
109254,0.16000000000000014,2.9700000000000024,0,2.9700000000000024,0,TRUE,0,0
109255,2.5800000000000023,1.4100000000000013,0,1.4100000000000013,0,TRUE,0,0
109256,0,3.340000000000003,0.28000000000000025,3.620000000000003,0,TRUE,0.07734806629834254,0
109257,0.4300000000000004,2.570000000000002,0.07000000000000006,2.6400000000000023,0,TRUE,0.026515151515151516,0
109259,0,1.2800000000000011,0,1.2800000000000011,0,TRUE,0,0
109540,0,0.7100000000000006,1.6800000000000015,2.3900000000000023,0,TRUE,0.702928870292887,1
109541,0,2.9300000000000024,0.9300000000000008,3.8600000000000034,0,TRUE,0.24093264248704663,0
109542,0.13000000000000012,1.4300000000000013,1.9100000000000017,3.340000000000003,0,TRUE,0.5718562874251497,1
109543,0.4300000000000004,1.230000000000001,1.7200000000000015,2.950000000000003,0,TRUE,0.583050847457627,1
109544,0.3400000000000003,0.4700000000000004,1.3300000000000012,1.8000000000000016,0,TRUE,0.7388888888888889,1
109545,0,1.8300000000000016,0.2100000000000002,2.040000000000002,0,TRUE,0.10294117647058823,0
109546,0.13000000000000012,1.8600000000000017,0.6000000000000005,2.460000000000002,0,TRUE,0.24390243902439024,0
109547,0,3.190000000000003,0.37000000000000033,3.560000000000003,0,TRUE,0.10393258426966293,0
109548,0.010000000000000009,3.610000000000003,0,3.610000000000003,0,TRUE,0,0
109549,0,3.8300000000000036,0,3.8300000000000036,0,TRUE,0,0
109550,0,3.850000000000003,0,3.850000000000003,0,TRUE,0,0
109833,0,0.6100000000000005,1.100000000000001,1.7100000000000015,0,TRUE,0.6432748538011696,1
109834,0,0,2.4700000000000024,2.4700000000000024,0,TRUE,1,1
109835,0,0,2.690000000000002,2.690000000000002,0,TRUE,1,1
109836,0.1100000000000001,0,1.5700000000000014,1.5700000000000014,0,TRUE,1,1
109837,0.1100000000000001,0,3.730000000000003,3.730000000000003,0,TRUE,1,1
109838,0,0,3.0400000000000027,3.0400000000000027,0,TRUE,1,1
109839,0,0.8600000000000008,1.160000000000001,2.020000000000002,0,TRUE,0.5742574257425742,1
109840,0,0.7000000000000006,1.010000000000001,1.7100000000000015,0,TRUE,0.5906432748538012,1
109841,0.5300000000000005,2.020000000000002,0,2.020000000000002,0,TRUE,0,0
109842,0.06000000000000005,1.4800000000000013,0.8600000000000008,2.340000000000002,0,TRUE,0.36752136752136755,0
109843,0.2400000000000002,2.5900000000000025,0.4200000000000004,3.0100000000000025,0,TRUE,0.13953488372093023,0
109844,0,3.8600000000000034,0,3.8600000000000034,0,TRUE,0,0
109845,0,2.6700000000000026,0,2.6700000000000026,0,TRUE,0,0
110129,0,0,1.2900000000000011,1.2900000000000011,0,TRUE,1,1
110130,0,0,3.560000000000003,3.560000000000003,0,TRUE,1,1
110131,0,0,3.8200000000000034,3.8200000000000034,0,TRUE,1,1
110132,0.26000000000000023,0,3.220000000000003,3.220000000000003,0,TRUE,1,1
110133,0.13000000000000012,0.5900000000000005,3.1700000000000026,3.7600000000000033,0,TRUE,0.8430851063829786,1
110134,0.3200000000000003,2.690000000000002,0.5900000000000005,3.280000000000003,0,TRUE,0.1798780487804878,0
110135,0,1.9800000000000018,0,1.9800000000000018,0,TRUE,0,0
110136,0.08000000000000007,0.9600000000000009,0.3300000000000003,1.2900000000000011,0,TRUE,0.2558139534883721,0
110138,0.1100000000000001,3.160000000000003,0,3.160000000000003,0,TRUE,0,0
110139,0.29000000000000026,2.5200000000000022,0,2.5200000000000022,0,TRUE,0,0
110425,0,0,2.2500000000000018,2.2500000000000018,0,TRUE,1,1
110426,0,1.4500000000000013,1.6300000000000014,3.0800000000000027,0,TRUE,0.5292207792207793,1
110427,0,1.2600000000000011,1.7400000000000015,3.0000000000000027,0,TRUE,0.58,1
110428,0,0.5300000000000005,2.340000000000002,2.8700000000000028,0,TRUE,0.8153310104529616,1
110429,0.13000000000000012,2.8200000000000025,0.5000000000000004,3.320000000000003,0,TRUE,0.15060240963855423,0
110430,0,2.5800000000000023,0.2300000000000002,2.8100000000000023,0,TRUE,0.08185053380782918,0
110431,0,2.0900000000000016,0,2.0900000000000016,0,TRUE,0,0
110433,0.2100000000000002,1.9900000000000018,0,1.9900000000000018,0,TRUE,0,0
110720,0,0,1.3400000000000012,1.3400000000000012,0,TRUE,1,1
110721,0,2.8600000000000025,0.5700000000000005,3.4300000000000033,0,TRUE,0.1661807580174927,0
110722,0,2.6300000000000026,1.3100000000000012,3.9400000000000035,0,TRUE,0.33248730964467005,0
110723,0.2100000000000002,0,2.7200000000000024,2.7200000000000024,0,TRUE,1,1
110724,0.38000000000000034,1.5600000000000014,0.7300000000000006,2.290000000000002,0,TRUE,0.31877729257641924,0
110727,0.6800000000000006,1.5700000000000014,0.07000000000000006,1.6400000000000015,0,TRUE,0.042682926829268296,0
110728,0.4600000000000004,1.3000000000000012,1.6000000000000014,2.9000000000000026,0,TRUE,0.5517241379310345,1
110729,0.040000000000000036,1.160000000000001,0,1.160000000000001,0,TRUE,0,0
111016,0,1.8300000000000016,0.9200000000000008,2.7500000000000027,0,TRUE,0.33454545454545453,0
111017,0,3.9800000000000035,0,3.9800000000000035,0,TRUE,0,0
111018,0,0.4500000000000004,2.330000000000002,2.7800000000000025,0,TRUE,0.8381294964028776,1
111021,0,0.09000000000000008,1.210000000000001,1.3000000000000012,0,TRUE,0.9307692307692308,1
111022,0.040000000000000036,1.070000000000001,0.020000000000000018,1.090000000000001,0,TRUE,0.01834862385321101,0
111023,0,1.6400000000000015,0.4800000000000004,2.120000000000002,0,TRUE,0.22641509433962265,0
111024,0,2.400000000000002,0,2.400000000000002,0,TRUE,0,0
111311,0,2.420000000000002,0.8500000000000008,3.270000000000003,0,TRUE,0.2599388379204893,0
111312,0,3.770000000000003,0,3.770000000000003,0,TRUE,0,0
111313,0,1.7100000000000015,0.8800000000000008,2.5900000000000025,0,TRUE,0.33976833976833976,0
111315,0,0.40000000000000036,1.8200000000000016,2.220000000000002,0,TRUE,0.8198198198198198,1
111316,0,2.9000000000000026,0.6500000000000006,3.5500000000000034,0,TRUE,0.18309859154929575,0
111318,0,1.9600000000000017,0.38000000000000034,2.340000000000002,0,TRUE,0.1623931623931624,0
111319,0,1.5000000000000013,0,1.5000000000000013,0,TRUE,0,0
111594,0,1.0000000000000009,0,1.0000000000000009,0,TRUE,0,0
111606,0.010000000000000009,0,1.4100000000000013,1.4100000000000013,0,TRUE,1,1
111607,0.10000000000000009,1.070000000000001,1.7000000000000015,2.7700000000000022,0,TRUE,0.6137184115523466,1
111608,0.30000000000000027,0.5200000000000005,0.9000000000000008,1.4200000000000013,0,TRUE,0.6338028169014085,1
111609,0.15000000000000013,1.4300000000000013,1.9000000000000017,3.3300000000000027,0,TRUE,0.5705705705705706,1
111610,0,1.070000000000001,2.7100000000000026,3.7800000000000034,0,TRUE,0.716931216931217,1
111611,0,2.9700000000000024,0,2.9700000000000024,0,TRUE,0,0
111612,0,2.420000000000002,0,2.420000000000002,0,TRUE,0,0
111613,0.14000000000000012,1.8400000000000016,0,1.8400000000000016,0,TRUE,0,0
111614,0,2.320000000000002,0,2.320000000000002,0,TRUE,0,0
111889,0,3.030000000000003,0,3.030000000000003,0,TRUE,0,0
111896,0,2.060000000000002,0,2.060000000000002,0,TRUE,0,0
111898,0,2.220000000000002,0,2.220000000000002,0,TRUE,0,0
111900,0.2200000000000002,1.5700000000000014,0.020000000000000018,1.5900000000000014,0,TRUE,0.012578616352201259,0
111901,1.040000000000001,0.9500000000000008,0.6800000000000006,1.6300000000000014,0,TRUE,0.4171779141104294,0
111903,0.3400000000000003,0,3.4700000000000033,3.4700000000000033,0,TRUE,1,1
111904,0,0.07000000000000006,3.450000000000003,3.520000000000003,0,TRUE,0.9801136363636364,1
111905,0,0.9800000000000009,2.450000000000002,3.4300000000000033,0,TRUE,0.7142857142857142,1
111906,0,2.9700000000000024,0.5700000000000005,3.540000000000003,0,TRUE,0.16101694915254236,0
111907,0,1.250000000000001,1.5800000000000014,2.8300000000000027,0,TRUE,0.558303886925795,1
111908,0,0.28000000000000025,1.250000000000001,1.5300000000000014,0,TRUE,0.8169934640522876,1
111909,0,0.8500000000000008,0.9000000000000008,1.7500000000000016,0,TRUE,0.5142857142857142,1
112183,0,1.210000000000001,0,1.210000000000001,0,TRUE,0,0
112184,0,3.500000000000003,0,3.500000000000003,0,TRUE,0,0
112190,0,1.5400000000000014,0,1.5400000000000014,0,TRUE,0,0
112191,0,3.540000000000003,0.14000000000000012,3.6800000000000033,0,TRUE,0.03804347826086957,0
112192,0,3.8400000000000034,0,3.8400000000000034,0,TRUE,0,0
112193,0,2.040000000000002,0.5900000000000005,2.6300000000000026,0,TRUE,0.22433460076045625,0
112194,0,3.1200000000000028,0.26000000000000023,3.380000000000003,0,TRUE,0.07692307692307693,0
112195,0.20000000000000018,3.4300000000000033,0.06000000000000005,3.490000000000003,0,TRUE,0.017191977077363897,0
112196,0.49000000000000044,1.6300000000000014,1.0000000000000009,2.6300000000000026,0,TRUE,0.38022813688212925,0
112198,0,0,3.7600000000000033,3.7600000000000033,0,TRUE,1,1
112199,0,1.9300000000000017,1.6800000000000015,3.610000000000003,0,TRUE,0.4653739612188366,0
112200,0,3.600000000000003,0.27000000000000024,3.8700000000000037,0,TRUE,0.06976744186046512,0
112201,0,2.8000000000000025,0.1100000000000001,2.910000000000003,0,TRUE,0.037800687285223365,0
112202,0,0.7900000000000007,0.5400000000000005,1.3300000000000012,0,TRUE,0.40601503759398494,0
112478,0,3.3700000000000028,0,3.3700000000000028,0,TRUE,0,0
112479,0,1.8100000000000016,0,1.8100000000000016,0,TRUE,0,0
112484,0.06000000000000005,2.410000000000002,0,2.410000000000002,0,TRUE,0,0
112485,0,3.6700000000000035,0,3.6700000000000035,0,TRUE,0,0
112486,0,3.0800000000000027,0,3.0800000000000027,0,TRUE,0,0
112487,1.220000000000001,2.2700000000000022,0,2.2700000000000022,0,TRUE,0,0
112488,1.6500000000000015,1.190000000000001,0.6500000000000006,1.8400000000000016,0,TRUE,0.3532608695652174,0
112490,1.120000000000001,0,1.8800000000000017,1.8800000000000017,0,TRUE,1,1
112491,1.180000000000001,0,2.290000000000002,2.290000000000002,0,TRUE,1,1
112492,0.3400000000000003,0,3.310000000000003,3.310000000000003,0,TRUE,1,1
112493,0,0,3.8700000000000037,3.8700000000000037,0,TRUE,1,1
112494,0,0.2500000000000002,2.650000000000002,2.9000000000000026,0,TRUE,0.9137931034482758,1
112495,0,3.320000000000003,0,3.320000000000003,0,TRUE,0,0
112496,0.4600000000000004,2.4700000000000024,0.16000000000000014,2.6300000000000026,0,TRUE,0.06083650190114068,0
112772,0,0.5800000000000005,1.6000000000000014,2.180000000000002,0,TRUE,0.7339449541284404,1
112773,0,3.8700000000000037,0.010000000000000009,3.8800000000000034,0,TRUE,0.002577319587628866,0
112774,0,1.070000000000001,0,1.070000000000001,0,TRUE,0,0
112779,0.4800000000000004,2.140000000000002,0.41000000000000036,2.5500000000000025,0,TRUE,0.16078431372549018,0
112780,0,3.7600000000000033,0,3.7600000000000033,0,TRUE,0,0
112781,0.2300000000000002,2.650000000000002,1.010000000000001,3.6600000000000033,0,TRUE,0.27595628415300544,0
112782,2.530000000000002,0.2100000000000002,0.8800000000000008,1.090000000000001,0,TRUE,0.8073394495412844,1
112783,0.6900000000000006,0,3.0900000000000025,3.0900000000000025,0,TRUE,1,1
112784,0,0,3.6700000000000035,3.6700000000000035,0,TRUE,1,1
112785,0,0.06000000000000005,3.450000000000003,3.5100000000000033,0,TRUE,0.9829059829059827,1
112786,0,0.8600000000000008,3.1000000000000028,3.9600000000000035,0,TRUE,0.7828282828282829,1
112787,0,0.2500000000000002,3.7200000000000033,3.9700000000000033,0,TRUE,0.9370277078085643,1
112788,0,0.7000000000000006,2.8800000000000026,3.580000000000003,0,TRUE,0.8044692737430168,1
112789,0,0.7800000000000007,1.4400000000000013,2.220000000000002,0,TRUE,0.6486486486486487,1
112790,0,1.3200000000000012,0,1.3200000000000012,0,TRUE,0,0
112791,0,1.180000000000001,0.06000000000000005,1.240000000000001,0,TRUE,0.04838709677419355,0
113067,0,2.6200000000000023,1.100000000000001,3.7200000000000033,0,TRUE,0.2956989247311828,0
113068,0,3.810000000000003,0,3.810000000000003,0,TRUE,0,0
113069,0,1.9600000000000017,0,1.9600000000000017,0,TRUE,0,0
113072,0,1.9200000000000017,0,1.9200000000000017,0,TRUE,0,0
113073,0,2.9300000000000024,0.3300000000000003,3.260000000000003,0,TRUE,0.10122699386503067,0
113074,0,3.520000000000003,0.2200000000000002,3.7400000000000033,0,TRUE,0.058823529411764705,0
113075,0,1.100000000000001,2.7600000000000025,3.8600000000000034,0,TRUE,0.7150259067357513,1
113076,1.7900000000000016,0.9500000000000008,1.170000000000001,2.120000000000002,0,TRUE,0.5518867924528302,1
113077,0.9200000000000008,0,2.7400000000000024,2.7400000000000024,0,TRUE,1,1
113078,0,0,3.6300000000000034,3.6300000000000034,0,TRUE,1,1
113079,0,0,3.200000000000003,3.200000000000003,0,TRUE,1,1
113080,0,1.4300000000000013,1.6300000000000014,3.0600000000000027,0,TRUE,0.5326797385620915,1
113081,0,2.8400000000000025,0,2.8400000000000025,0,TRUE,0,0
113082,0,1.060000000000001,0.2200000000000002,1.2800000000000011,0,TRUE,0.171875,0
113361,0,2.500000000000002,0.6000000000000005,3.1000000000000028,0,TRUE,0.1935483870967742,0
113362,0,4.0000000000000036,0,4.0000000000000036,0,TRUE,0,0
113363,0,3.9300000000000033,0,3.9300000000000033,0,TRUE,0,0
113364,0,3.7900000000000036,0,3.7900000000000036,0,TRUE,0,0
113366,0,2.4700000000000024,0.5300000000000005,3.0000000000000027,0,TRUE,0.17666666666666667,0
113367,0,2.8400000000000025,0.8800000000000008,3.7200000000000033,0,TRUE,0.23655913978494625,0
113368,0,3.400000000000003,0,3.400000000000003,0,TRUE,0,0
113369,0,1.8300000000000016,0.4200000000000004,2.2500000000000018,0,TRUE,0.18666666666666668,0
113370,0.7200000000000006,0.13000000000000012,2.500000000000002,2.6300000000000026,0,TRUE,0.9505703422053231,1
113371,2.040000000000002,0.7900000000000007,0.40000000000000036,1.190000000000001,0,TRUE,0.33613445378151263,0
113372,0,1.5000000000000013,2.260000000000002,3.7600000000000033,0,TRUE,0.601063829787234,1
113373,0,0,3.9500000000000037,3.9500000000000037,0,TRUE,1,1
113374,0,0.4400000000000004,3.420000000000003,3.8600000000000034,0,TRUE,0.8860103626943006,1
113375,0,1.7300000000000015,0.14000000000000012,1.8700000000000017,0,TRUE,0.0748663101604278,0
113651,0,1.140000000000001,0.4600000000000004,1.6000000000000014,0,TRUE,0.2875,0
113655,0,1.210000000000001,0,1.210000000000001,0,TRUE,0,0
113656,0,2.4300000000000024,0.3400000000000003,2.7700000000000022,0,TRUE,0.12274368231046932,0
113657,0,3.450000000000003,0.3100000000000003,3.7600000000000033,0,TRUE,0.08244680851063829,0
113658,0,1.9600000000000017,0.2100000000000002,2.1700000000000017,0,TRUE,0.09677419354838711,0
113659,0,4.0000000000000036,0,4.0000000000000036,0,TRUE,0,0
113660,0,3.9200000000000035,0,3.9200000000000035,0,TRUE,0,0
113661,0,3.8000000000000034,0,3.8000000000000034,0,TRUE,0,0
113662,0,1.7100000000000015,0.09000000000000008,1.8000000000000016,0,TRUE,0.05,0
113663,0,3.8400000000000034,0,3.8400000000000034,0,TRUE,0,0
113664,0.010000000000000009,1.6000000000000014,1.160000000000001,2.7600000000000025,0,TRUE,0.42028985507246375,0
113665,2.0000000000000018,0.14000000000000012,1.250000000000001,1.3900000000000012,0,TRUE,0.8992805755395683,1
113666,0.40000000000000036,0.28000000000000025,1.7200000000000015,2.0000000000000018,0,TRUE,0.86,1
113667,0,0.2200000000000002,2.8400000000000025,3.0600000000000027,0,TRUE,0.9281045751633987,1
113668,0,1.4100000000000013,2.380000000000002,3.7900000000000036,0,TRUE,0.6279683377308707,1
113669,0,3.0500000000000025,0.8800000000000008,3.9300000000000033,0,TRUE,0.22391857506361323,0
113946,0,2.110000000000002,0.19000000000000017,2.300000000000002,0,TRUE,0.08260869565217391,0
113947,0,2.400000000000002,0.1100000000000001,2.5100000000000025,0,TRUE,0.04382470119521912,0
113948,0,1.240000000000001,0.9000000000000008,2.140000000000002,0,TRUE,0.4205607476635514,0
113950,0,2.690000000000002,0,2.690000000000002,0,TRUE,0,0
113951,0,2.0500000000000016,0,2.0500000000000016,0,TRUE,0,0
113952,0,2.230000000000002,0,2.230000000000002,0,TRUE,0,0
113953,0,2.380000000000002,0,2.380000000000002,0,TRUE,0,0
113954,0,3.8800000000000034,0,3.8800000000000034,0,TRUE,0,0
113955,0,3.9700000000000033,0,3.9700000000000033,0,TRUE,0,0
113956,0,3.7600000000000033,0,3.7600000000000033,0,TRUE,0,0
113957,0,3.580000000000003,0,3.580000000000003,0,TRUE,0,0
113958,0,3.8800000000000034,0.1200000000000001,4.0000000000000036,0,TRUE,0.03,0
113959,1.210000000000001,1.2800000000000011,1.090000000000001,2.370000000000002,0,TRUE,0.45991561181434604,0
113960,2.370000000000002,0.39000000000000035,0.6800000000000006,1.070000000000001,0,TRUE,0.6355140186915887,1
113961,0.13000000000000012,1.4200000000000013,1.030000000000001,2.450000000000002,0,TRUE,0.42040816326530617,0
113962,0,0.17000000000000015,1.5000000000000013,1.6700000000000015,0,TRUE,0.8982035928143712,1
113963,0,3.600000000000003,0,3.600000000000003,0,TRUE,0,0
113964,0,3.730000000000003,0,3.730000000000003,0,TRUE,0,0
113965,0,1.6400000000000015,0,1.6400000000000015,0,TRUE,0,0
114240,0,2.9400000000000026,0,2.9400000000000026,0,TRUE,0,0
114241,0,2.7400000000000024,0,2.7400000000000024,0,TRUE,0,0
114242,0,1.190000000000001,0,1.190000000000001,0,TRUE,0,0
114243,0,2.1700000000000017,0,2.1700000000000017,0,TRUE,0,0
114244,0,3.0800000000000027,0,3.0800000000000027,0,TRUE,0,0
114245,0,2.9700000000000024,0,2.9700000000000024,0,TRUE,0,0
114246,0.5100000000000005,2.6600000000000024,0.18000000000000016,2.8400000000000025,0,TRUE,0.06338028169014084,0
114247,0,2.950000000000003,0,2.950000000000003,0,TRUE,0,0
114248,0,3.350000000000003,0,3.350000000000003,0,TRUE,0,0
114249,0,3.7200000000000033,0,3.7200000000000033,0,TRUE,0,0
114250,0,3.0800000000000027,0,3.0800000000000027,0,TRUE,0,0
114251,0,3.810000000000003,0,3.810000000000003,0,TRUE,0,0
114252,0,3.8200000000000034,0,3.8200000000000034,0,TRUE,0,0
114253,0,3.0200000000000027,0.9200000000000008,3.9400000000000035,0,TRUE,0.233502538071066,0
114254,2.400000000000002,0.040000000000000036,1.020000000000001,1.060000000000001,0,TRUE,0.9622641509433962,1
114255,0.9300000000000008,1.100000000000001,1.4000000000000012,2.500000000000002,0,TRUE,0.56,1
114256,0,2.7700000000000022,1.060000000000001,3.8300000000000036,0,TRUE,0.27676240208877284,0
114257,0,0.9500000000000008,1.6600000000000015,2.610000000000002,0,TRUE,0.6360153256704981,1
114258,0,2.5900000000000025,0.6700000000000006,3.260000000000003,0,TRUE,0.20552147239263804,0
114259,0,3.9100000000000037,0,3.9100000000000037,0,TRUE,0,0
114260,0,3.9100000000000037,0,3.9100000000000037,0,TRUE,0,0
114538,0,2.240000000000002,0,2.240000000000002,0,TRUE,0,0
114539,0,3.280000000000003,0,3.280000000000003,0,TRUE,0,0
114540,0,1.110000000000001,0,1.110000000000001,0,TRUE,0,0
114541,0.09000000000000008,1.3300000000000012,0.7100000000000006,2.040000000000002,0,TRUE,0.3480392156862745,0
114543,0,2.910000000000003,0,2.910000000000003,0,TRUE,0,0
114544,0,3.2900000000000027,0,3.2900000000000027,0,TRUE,0,0
114545,0,3.8000000000000034,0,3.8000000000000034,0,TRUE,0,0
114546,0,3.410000000000003,0,3.410000000000003,0,TRUE,0,0
114547,0,3.570000000000003,0.09000000000000008,3.6600000000000033,0,TRUE,0.02459016393442623,0
114548,0.08000000000000007,2.020000000000002,1.5300000000000014,3.5500000000000034,0,TRUE,0.4309859154929577,0
114549,2.410000000000002,0.16000000000000014,1.030000000000001,1.190000000000001,0,TRUE,0.865546218487395,1
114550,1.4500000000000013,2.0100000000000016,0.15000000000000013,2.160000000000002,0,TRUE,0.06944444444444445,0
114551,0,3.8000000000000034,0.040000000000000036,3.8400000000000034,0,TRUE,0.010416666666666666,0
114552,0.020000000000000018,2.200000000000002,0.9300000000000008,3.1300000000000026,0,TRUE,0.29712460063897767,0
114553,0,1.7200000000000015,0.9900000000000009,2.7100000000000026,0,TRUE,0.36531365313653136,0
114554,0.2300000000000002,1.5600000000000014,0.30000000000000027,1.8600000000000017,0,TRUE,0.16129032258064516,0
114555,0.040000000000000036,1.6200000000000014,0,1.6200000000000014,0,TRUE,0,0
114838,0,1.2600000000000011,0,1.2600000000000011,0,TRUE,0,0
114839,0,3.5100000000000033,0.040000000000000036,3.5500000000000034,0,TRUE,0.011267605633802816,0
114840,0,0.9800000000000009,1.8800000000000017,2.8600000000000025,0,TRUE,0.6573426573426573,1
114841,0,3.560000000000003,0.10000000000000009,3.6600000000000033,0,TRUE,0.0273224043715847,0
114842,0.3100000000000003,3.360000000000003,0.29000000000000026,3.650000000000003,0,TRUE,0.07945205479452055,0
114843,1.4600000000000013,0.7400000000000007,1.190000000000001,1.9300000000000017,0,TRUE,0.616580310880829,1
114846,1.140000000000001,1.3600000000000012,0.4800000000000004,1.8400000000000016,0,TRUE,0.2608695652173913,0
114851,1.230000000000001,1.5700000000000014,0.13000000000000012,1.7000000000000015,0,TRUE,0.07647058823529412,0
114852,0.20000000000000018,1.6900000000000015,0.18000000000000016,1.8700000000000017,0,TRUE,0.0962566844919786,0
115132,0,3.610000000000003,0,3.610000000000003,0,TRUE,0,0
115133,0,3.9100000000000037,0,3.9100000000000037,0,TRUE,0,0
115134,0,3.7900000000000036,0,3.7900000000000036,0,TRUE,0,0
115135,0,0,1.8900000000000017,1.8900000000000017,0,TRUE,1,1
115136,0,1.9300000000000017,1.070000000000001,3.0000000000000027,0,TRUE,0.3566666666666667,0
115137,1.030000000000001,2.9700000000000024,0,2.9700000000000024,0,TRUE,0,0
115139,1.8800000000000017,1.6000000000000014,0.16000000000000014,1.7600000000000016,0,TRUE,0.09090909090909091,0
115140,2.450000000000002,1.3400000000000012,0,1.3400000000000012,0,TRUE,0,0
115141,1.5000000000000013,0.8400000000000007,0.6000000000000005,1.4400000000000013,0,TRUE,0.4166666666666667,0
115142,0.6600000000000006,1.9400000000000017,0.2500000000000002,2.190000000000002,0,TRUE,0.1141552511415525,0
115143,0.1100000000000001,2.570000000000002,0.3200000000000003,2.8900000000000023,0,TRUE,0.11072664359861592,0
115144,0.06000000000000005,3.450000000000003,0.20000000000000018,3.650000000000003,0,TRUE,0.05479452054794521,0
115145,0.3500000000000003,0.40000000000000036,1.8900000000000017,2.290000000000002,0,TRUE,0.8253275109170306,1
115146,1.240000000000001,0.4500000000000004,1.8600000000000017,2.3100000000000023,0,TRUE,0.8051948051948051,1
115147,0.6500000000000006,1.9300000000000017,0.1100000000000001,2.040000000000002,0,TRUE,0.05392156862745098,0
115148,0,2.5600000000000023,0,2.5600000000000023,0,TRUE,0,0
115423,0,2.530000000000002,0.37000000000000033,2.9000000000000026,0,TRUE,0.12758620689655173,0
115424,0,1.6800000000000015,0,1.6800000000000015,0,TRUE,0,0
115425,0,1.7000000000000015,0,1.7000000000000015,0,TRUE,0,0
115426,0.040000000000000036,3.200000000000003,0,3.200000000000003,0,TRUE,0,0
115427,0.18000000000000016,3.0500000000000025,0,3.0500000000000025,0,TRUE,0,0
115428,0,3.8700000000000037,0.020000000000000018,3.8900000000000032,0,TRUE,0.0051413881748071984,0
115429,0,2.9800000000000026,0.8600000000000008,3.8400000000000034,0,TRUE,0.22395833333333334,0
115430,1.6400000000000015,0.040000000000000036,1.100000000000001,1.140000000000001,0,TRUE,0.9649122807017544,1
115434,0.7800000000000007,2.690000000000002,0.050000000000000044,2.7400000000000024,0,TRUE,0.01824817518248175,0
115435,0,3.450000000000003,0,3.450000000000003,0,TRUE,0,0
115436,0,3.3900000000000032,0,3.3900000000000032,0,TRUE,0,0
115437,0,1.4900000000000013,0,1.4900000000000013,0,TRUE,0,0
115439,0,1.230000000000001,0,1.230000000000001,0,TRUE,0,0
115442,0,1.030000000000001,0.20000000000000018,1.230000000000001,0,TRUE,0.16260162601626016,0
115443,0,2.0500000000000016,0.050000000000000044,2.100000000000002,0,TRUE,0.023809523809523808,0
115712,0,2.6000000000000023,0,2.6000000000000023,0,TRUE,0,0
115716,0,0.7900000000000007,0.2200000000000002,1.010000000000001,0,TRUE,0.21782178217821782,0
115717,0,1.140000000000001,1.180000000000001,2.320000000000002,0,TRUE,0.5086206896551724,1
115718,0,1.9500000000000017,0.7500000000000007,2.7000000000000024,0,TRUE,0.2777777777777778,0
115719,0,3.1700000000000026,0,3.1700000000000026,0,TRUE,0,0
115720,0,3.1000000000000028,0,3.1000000000000028,0,TRUE,0,0
115721,1.4100000000000013,2.080000000000002,0,2.080000000000002,0,TRUE,0,0
115722,1.6800000000000015,1.220000000000001,0,1.220000000000001,0,TRUE,0,0
115723,1.4100000000000013,0.5600000000000005,0.7300000000000006,1.2900000000000011,0,TRUE,0.5658914728682171,1
115724,2.340000000000002,0.7100000000000006,0.7900000000000007,1.5000000000000013,0,TRUE,0.5266666666666666,1
115729,0.1100000000000001,2.8400000000000025,0,2.8400000000000025,0,TRUE,0,0
115730,0,3.8200000000000034,0,3.8200000000000034,0,TRUE,0,0
115731,0,3.6400000000000032,0,3.6400000000000032,0,TRUE,0,0
115732,0,2.7900000000000027,0,2.7900000000000027,0,TRUE,0,0
116006,0,1.5200000000000014,0,1.5200000000000014,0,TRUE,0,0
116007,0,3.8600000000000034,0,3.8600000000000034,0,TRUE,0,0
116008,0,1.5200000000000014,0,1.5200000000000014,0,TRUE,0,0
116010,0.2300000000000002,1.4600000000000013,0,1.4600000000000013,0,TRUE,0,0
116013,0,2.110000000000002,0.4800000000000004,2.5900000000000025,0,TRUE,0.18532818532818532,0
116014,0,2.260000000000002,0.16000000000000014,2.420000000000002,0,TRUE,0.06611570247933884,0
116016,1.3500000000000012,2.420000000000002,0,2.420000000000002,0,TRUE,0,0
116017,0,3.9100000000000037,0,3.9100000000000037,0,TRUE,0,0
116018,1.5400000000000014,1.9700000000000017,0,1.9700000000000017,0,TRUE,0,0
116019,2.4700000000000024,0.3100000000000003,0.8200000000000007,1.130000000000001,0,TRUE,0.7256637168141593,1
116020,0.7600000000000007,0.020000000000000018,1.8000000000000016,1.8200000000000016,0,TRUE,0.989010989010989,1
116021,0,0.1100000000000001,2.330000000000002,2.440000000000002,0,TRUE,0.9549180327868851,1
116022,0,1.4700000000000013,0.5400000000000005,2.0100000000000016,0,TRUE,0.2686567164179105,0
116023,0,3.1700000000000026,0.17000000000000015,3.340000000000003,0,TRUE,0.05089820359281437,0
116024,0,3.270000000000003,0,3.270000000000003,0,TRUE,0,0
116025,0,3.8900000000000032,0,3.8900000000000032,0,TRUE,0,0
116026,0,1.130000000000001,0,1.130000000000001,0,TRUE,0,0
116301,0,1.6600000000000015,0,1.6600000000000015,0,TRUE,0,0
116302,0,3.240000000000003,0,3.240000000000003,0,TRUE,0,0
116303,0,1.7100000000000015,0,1.7100000000000015,0,TRUE,0,0
116306,0.5900000000000005,1.5000000000000013,0.09000000000000008,1.5900000000000014,0,TRUE,0.05660377358490566,0
116307,0,2.8600000000000025,0.26000000000000023,3.1200000000000028,0,TRUE,0.08333333333333333,0
116308,0,3.570000000000003,0,3.570000000000003,0,TRUE,0,0
116309,0,1.8000000000000016,1.8300000000000016,3.6300000000000034,0,TRUE,0.5041322314049587,1
116311,1.3700000000000012,2.5500000000000025,0,2.5500000000000025,0,TRUE,0,0
116312,0,3.9500000000000037,0,3.9500000000000037,0,TRUE,0,0
116313,0.020000000000000018,3.8600000000000034,0,3.8600000000000034,0,TRUE,0,0
116314,0,3.520000000000003,0.37000000000000033,3.8900000000000032,0,TRUE,0.09511568123393317,0
116315,0,0.040000000000000036,3.400000000000003,3.440000000000003,0,TRUE,0.9883720930232558,1
116316,0,2.030000000000002,1.9200000000000017,3.9500000000000037,0,TRUE,0.4860759493670886,0
116317,0,2.240000000000002,0.3500000000000003,2.5900000000000025,0,TRUE,0.13513513513513511,0
116318,0,1.7400000000000015,1.3500000000000012,3.0900000000000025,0,TRUE,0.4368932038834952,0
116319,0,2.7100000000000026,0.7400000000000007,3.450000000000003,0,TRUE,0.21449275362318843,0
116320,0,3.360000000000003,0,3.360000000000003,0,TRUE,0,0
116321,0,1.9900000000000018,0,1.9900000000000018,0,TRUE,0,0
116596,0,1.3200000000000012,0,1.3200000000000012,0,TRUE,0,0
116598,0.07000000000000006,1.7800000000000016,0.40000000000000036,2.180000000000002,0,TRUE,0.1834862385321101,0
116599,0.28000000000000025,1.7600000000000016,0.3400000000000003,2.100000000000002,0,TRUE,0.1619047619047619,0
116600,0,1.4300000000000013,0.49000000000000044,1.9200000000000017,0,TRUE,0.2552083333333333,0
116601,0.5300000000000005,2.8000000000000025,0.41000000000000036,3.2100000000000026,0,TRUE,0.12772585669781933,0
116602,0,3.200000000000003,0,3.200000000000003,0,TRUE,0,0
116603,0,3.1700000000000026,0,3.1700000000000026,0,TRUE,0,0
116604,0,2.7600000000000025,0.6200000000000006,3.380000000000003,0,TRUE,0.1834319526627219,0
116605,0.8400000000000007,1.5400000000000014,0.4500000000000004,1.9900000000000018,0,TRUE,0.22613065326633167,0
116607,0.020000000000000018,3.8800000000000034,0.010000000000000009,3.8900000000000032,0,TRUE,0.0025706940874035992,0
116608,0,3.9800000000000035,0,3.9800000000000035,0,TRUE,0,0
116609,0,2.480000000000002,1.180000000000001,3.6600000000000033,0,TRUE,0.3224043715846995,0
116610,0,2.500000000000002,1.080000000000001,3.580000000000003,0,TRUE,0.3016759776536313,0
116611,0,1.100000000000001,0.5300000000000005,1.6300000000000014,0,TRUE,0.32515337423312884,0
116615,0,3.160000000000003,0,3.160000000000003,0,TRUE,0,0
116616,0,1.240000000000001,0.06000000000000005,1.3000000000000012,0,TRUE,0.046153846153846156,0
116891,0,1.040000000000001,0,1.040000000000001,0,TRUE,0,0
116892,0.6000000000000005,2.7600000000000025,0,2.7600000000000025,0,TRUE,0,0
116893,0.39000000000000035,1.6700000000000015,0,1.6700000000000015,0,TRUE,0,0
116894,0.06000000000000005,3.620000000000003,0,3.620000000000003,0,TRUE,0,0
116895,0,4.0000000000000036,0,4.0000000000000036,0,TRUE,0,0
116896,0,3.770000000000003,0,3.770000000000003,0,TRUE,0,0
116897,0,3.5500000000000034,0,3.5500000000000034,0,TRUE,0,0
116898,0,3.8800000000000034,0,3.8800000000000034,0,TRUE,0,0
116899,0,2.7800000000000025,1.150000000000001,3.9300000000000033,0,TRUE,0.2926208651399491,0
116900,0.14000000000000012,2.6000000000000023,0.5400000000000005,3.140000000000003,0,TRUE,0.17197452229299362,0
116902,1.5400000000000014,0.9700000000000009,0.9600000000000009,1.9300000000000017,0,TRUE,0.49740932642487046,0
116903,0,3.190000000000003,0.5500000000000005,3.7400000000000033,0,TRUE,0.14705882352941177,0
116904,0,3.620000000000003,0.050000000000000044,3.6700000000000035,0,TRUE,0.013623978201634877,0
116905,0,2.070000000000002,0,2.070000000000002,0,TRUE,0,0
117184,0,3.530000000000003,0,3.530000000000003,0,TRUE,0,0
117185,0,2.370000000000002,0,2.370000000000002,0,TRUE,0,0
117186,0,1.2700000000000011,0,1.2700000000000011,0,TRUE,0,0
117187,0,1.150000000000001,0,1.150000000000001,0,TRUE,0,0
117189,0,3.0900000000000025,0,3.0900000000000025,0,TRUE,0,0
117190,0,3.8400000000000034,0,3.8400000000000034,0,TRUE,0,0
117191,0,3.8300000000000036,0,3.8300000000000036,0,TRUE,0,0
117192,0,2.8200000000000025,0.7800000000000007,3.600000000000003,0,TRUE,0.21666666666666667,0
117193,0,3.410000000000003,0.20000000000000018,3.610000000000003,0,TRUE,0.0554016620498615,0
117194,0,1.160000000000001,2.190000000000002,3.350000000000003,0,TRUE,0.6537313432835821,1
117195,0.3300000000000003,0.1100000000000001,3.1700000000000026,3.280000000000003,0,TRUE,0.9664634146341463,1
117197,0.7400000000000007,2.040000000000002,0.6900000000000006,2.730000000000002,0,TRUE,0.2527472527472528,0
117198,0,1.4900000000000013,0.3100000000000003,1.8000000000000016,0,TRUE,0.17222222222222222,0
117479,0,1.120000000000001,0,1.120000000000001,0,TRUE,0,0
117480,0,2.110000000000002,0,2.110000000000002,0,TRUE,0,0
117481,0,3.410000000000003,0,3.410000000000003,0,TRUE,0,0
117482,0,2.410000000000002,0,2.410000000000002,0,TRUE,0,0
117483,0,2.5500000000000025,0,2.5500000000000025,0,TRUE,0,0
117484,0,3.9200000000000035,0,3.9200000000000035,0,TRUE,0,0
117485,0,3.5900000000000034,0.3100000000000003,3.9000000000000035,0,TRUE,0.07948717948717948,0
117486,0,1.6900000000000015,2.300000000000002,3.9900000000000038,0,TRUE,0.5764411027568922,1
117487,0,3.030000000000003,0.040000000000000036,3.070000000000003,0,TRUE,0.013029315960912051,0
117488,0,3.3700000000000028,0.4400000000000004,3.810000000000003,0,TRUE,0.11548556430446195,0
117489,0.030000000000000027,0.1100000000000001,2.910000000000003,3.0200000000000027,0,TRUE,0.9635761589403974,1
117491,1.9400000000000017,0.2300000000000002,0.8800000000000008,1.110000000000001,0,TRUE,0.7927927927927928,1
117777,0,1.4500000000000013,0,1.4500000000000013,0,TRUE,0,0
117778,0,3.770000000000003,0,3.770000000000003,0,TRUE,0,0
117779,0,3.7200000000000033,0,3.7200000000000033,0,TRUE,0,0
117780,0,3.9800000000000035,0.010000000000000009,3.9900000000000038,0,TRUE,0.002506265664160401,0
117781,0,0.9600000000000009,3.030000000000003,3.9900000000000038,0,TRUE,0.7593984962406015,1
117782,0,3.0600000000000027,0.8600000000000008,3.9200000000000035,0,TRUE,0.2193877551020408,0
117783,0.07000000000000006,3.8800000000000034,0,3.8800000000000034,0,TRUE,0,0
117784,2.060000000000002,0.7800000000000007,0.4700000000000004,1.250000000000001,0,TRUE,0.376,0
117785,0.7000000000000006,0.38000000000000034,2.410000000000002,2.7900000000000027,0,TRUE,0.8637992831541217,1
117786,0,0,1.5700000000000014,1.5700000000000014,0,TRUE,1,1
118072,0,2.3100000000000023,0,2.3100000000000023,0,TRUE,0,0
118073,0,3.460000000000003,0,3.460000000000003,0,TRUE,0,0
118074,0,3.9000000000000035,0,3.9000000000000035,0,TRUE,0,0
118075,0,2.7500000000000027,1.070000000000001,3.8200000000000034,0,TRUE,0.2801047120418848,0
118076,0,2.180000000000002,1.6600000000000015,3.8400000000000034,0,TRUE,0.4322916666666667,0
118077,0.37000000000000033,0.7700000000000007,2.7800000000000025,3.5500000000000034,0,TRUE,0.7830985915492957,1
118078,2.490000000000002,1.110000000000001,0,1.110000000000001,0,TRUE,0,0
118079,0.8200000000000007,2.280000000000002,0.8400000000000007,3.1200000000000028,0,TRUE,0.2692307692307692,0
118080,0,0.8600000000000008,2.400000000000002,3.260000000000003,0,TRUE,0.7361963190184049,1
118366,0,1.7400000000000015,0,1.7400000000000015,0,TRUE,0,0
118367,0,3.7900000000000036,0,3.7900000000000036,0,TRUE,0,0
118368,0,3.9300000000000033,0,3.9300000000000033,0,TRUE,0,0
118369,0,3.850000000000003,0,3.850000000000003,0,TRUE,0,0
118370,0,3.850000000000003,0.020000000000000018,3.8700000000000037,0,TRUE,0.005167958656330749,0
118371,0.030000000000000027,2.6000000000000023,1.3200000000000012,3.9200000000000035,0,TRUE,0.336734693877551,0
118372,2.4700000000000024,0.26000000000000023,0.8100000000000007,1.070000000000001,0,TRUE,0.7570093457943925,1
118373,0.5000000000000004,2.7900000000000027,0,2.7900000000000027,0,TRUE,0,0
118374,0,3.9200000000000035,0,3.9200000000000035,0,TRUE,0,0
118375,0,2.0900000000000016,0.6000000000000005,2.690000000000002,0,TRUE,0.2230483271375465,0
118660,0,1.3300000000000012,0.4600000000000004,1.7900000000000016,0,TRUE,0.2569832402234637,0
118661,0,3.570000000000003,0,3.570000000000003,0,TRUE,0,0
118662,0,3.9600000000000035,0,3.9600000000000035,0,TRUE,0,0
118663,0,3.9500000000000037,0,3.9500000000000037,0,TRUE,0,0
118664,0.4200000000000004,3.380000000000003,0,3.380000000000003,0,TRUE,0,0
118665,0.6900000000000006,3.230000000000003,0,3.230000000000003,0,TRUE,0,0
118666,1.250000000000001,2.1300000000000017,0,2.1300000000000017,0,TRUE,0,0
118667,1.220000000000001,0,2.370000000000002,2.370000000000002,0,TRUE,1,1
118668,0,1.7500000000000016,1.8600000000000017,3.610000000000003,0,TRUE,0.515235457063712,1
118669,0,3.0800000000000027,0.37000000000000033,3.450000000000003,0,TRUE,0.10724637681159421,0
118670,0,0.7400000000000007,3.1200000000000028,3.8600000000000034,0,TRUE,0.8082901554404145,1
118671,0,0.6000000000000005,2.570000000000002,3.1700000000000026,0,TRUE,0.8107255520504731,1
118672,0,0.8800000000000008,0.3500000000000003,1.230000000000001,0,TRUE,0.2845528455284553,0
118951,0,1.170000000000001,0,1.170000000000001,0,TRUE,0,0
118953,0,1.150000000000001,0,1.150000000000001,0,TRUE,0,0
118954,0,2.7400000000000024,0,2.7400000000000024,0,TRUE,0,0
118955,0,2.110000000000002,1.3800000000000012,3.490000000000003,0,TRUE,0.39541547277936967,0
118956,0,3.9600000000000035,0,3.9600000000000035,0,TRUE,0,0
118957,0,3.690000000000003,0,3.690000000000003,0,TRUE,0,0
118958,0.10000000000000009,3.8000000000000034,0,3.8000000000000034,0,TRUE,0,0
118959,1.110000000000001,0.8700000000000008,1.7800000000000016,2.650000000000002,0,TRUE,0.6716981132075472,1
118962,0.040000000000000036,0,2.070000000000002,2.070000000000002,0,TRUE,1,1
118965,0,0,3.150000000000003,3.150000000000003,0,TRUE,1,1
118966,0,0,2.910000000000003,2.910000000000003,0,TRUE,1,1
118967,0,1.8200000000000016,0.9100000000000008,2.730000000000002,0,TRUE,0.33333333333333337,0
118968,0.08000000000000007,3.3900000000000032,0.1200000000000001,3.5100000000000033,0,TRUE,0.034188034188034185,0
118969,0.17000000000000015,2.8300000000000027,0,2.8300000000000027,0,TRUE,0,0
118970,0,3.6400000000000032,0,3.6400000000000032,0,TRUE,0,0
118971,0,2.0000000000000018,0,2.0000000000000018,0,TRUE,0,0
118972,0,1.8300000000000016,0.7300000000000006,2.5600000000000023,0,TRUE,0.28515625,0
119246,0,1.7700000000000016,0.49000000000000044,2.260000000000002,0,TRUE,0.2168141592920354,0
119247,0,1.8900000000000017,0.49000000000000044,2.380000000000002,0,TRUE,0.20588235294117646,0
119248,0,3.150000000000003,0.14000000000000012,3.2900000000000027,0,TRUE,0.04255319148936171,0
119249,0,3.3700000000000028,0.010000000000000009,3.380000000000003,0,TRUE,0.0029585798816568047,0
119250,0,1.6600000000000015,1.6800000000000015,3.340000000000003,0,TRUE,0.5029940119760479,1
119251,0,3.3900000000000032,0.19000000000000017,3.580000000000003,0,TRUE,0.05307262569832402,0
119252,0,3.0400000000000027,0.5800000000000005,3.620000000000003,0,TRUE,0.16022099447513813,0
119253,0.30000000000000027,1.5300000000000014,1.9100000000000017,3.440000000000003,0,TRUE,0.5552325581395349,1
119254,1.3400000000000012,0,1.8000000000000016,1.8000000000000016,0,TRUE,1,1
119256,0.4600000000000004,2.070000000000002,0.1100000000000001,2.180000000000002,0,TRUE,0.05045871559633028,0
119261,0,0.3500000000000003,0.8700000000000008,1.220000000000001,0,TRUE,0.7131147540983607,1
119263,0,3.810000000000003,0,3.810000000000003,0,TRUE,0,0
119264,0,3.6800000000000033,0,3.6800000000000033,0,TRUE,0,0
119265,0,3.9800000000000035,0,3.9800000000000035,0,TRUE,0,0
119266,0,3.520000000000003,0,3.520000000000003,0,TRUE,0,0
119267,0.28000000000000025,1.090000000000001,0.30000000000000027,1.3900000000000012,0,TRUE,0.2158273381294964,0
119541,0,2.030000000000002,1.220000000000001,3.2500000000000027,0,TRUE,0.37538461538461543,0
119542,0.16000000000000014,2.030000000000002,0,2.030000000000002,0,TRUE,0,0
119543,0.14000000000000012,0.09000000000000008,1.9200000000000017,2.0100000000000016,0,TRUE,0.955223880597015,1
119544,0,0.49000000000000044,3.500000000000003,3.9900000000000038,0,TRUE,0.8771929824561403,1
119545,0,3.540000000000003,0.4600000000000004,4.0000000000000036,0,TRUE,0.115,0
119546,0,2.8800000000000026,1.110000000000001,3.9900000000000038,0,TRUE,0.2781954887218045,0
119547,0,1.9900000000000018,1.8800000000000017,3.8700000000000037,0,TRUE,0.4857881136950904,0
119548,0,0.2500000000000002,3.270000000000003,3.520000000000003,0,TRUE,0.9289772727272728,1
119550,1.5700000000000014,0.8400000000000007,0.2500000000000002,1.090000000000001,0,TRUE,0.22935779816513763,0
119557,0,3.270000000000003,0,3.270000000000003,0,TRUE,0,0
119558,0,3.6800000000000033,0,3.6800000000000033,0,TRUE,0,0
119559,0,4.0000000000000036,0,4.0000000000000036,0,TRUE,0,0
119560,0,4.0000000000000036,0,4.0000000000000036,0,TRUE,0,0
119561,0,2.8100000000000023,0,2.8100000000000023,0,TRUE,0,0
119837,2.190000000000002,0.5500000000000005,0.4800000000000004,1.030000000000001,0,TRUE,0.46601941747572817,0
119838,0.7100000000000006,0,1.2800000000000011,1.2800000000000011,0,TRUE,1,1
119839,0,0.40000000000000036,3.600000000000003,4.0000000000000036,0,TRUE,0.9,1
119840,0,3.600000000000003,0.40000000000000036,4.0000000000000036,0,TRUE,0.1,0
119841,0,1.080000000000001,2.9200000000000026,4.0000000000000036,0,TRUE,0.73,1
119842,0,2.420000000000002,1.5400000000000014,3.9600000000000035,0,TRUE,0.3888888888888889,0
119843,0.2200000000000002,1.220000000000001,1.9800000000000018,3.200000000000003,0,TRUE,0.61875,1
119844,1.2800000000000011,0,2.480000000000002,2.480000000000002,0,TRUE,1,1
119852,0,1.9800000000000018,0,1.9800000000000018,0,TRUE,0,0
119853,0.7200000000000006,1.9800000000000018,0,1.9800000000000018,0,TRUE,0,0
119854,0,3.0400000000000027,0,3.0400000000000027,0,TRUE,0,0
119855,0,1.6500000000000015,0,1.6500000000000015,0,TRUE,0,0
120131,0,1.3200000000000012,0,1.3200000000000012,0,TRUE,0,0
120132,1.200000000000001,2.120000000000002,0,2.120000000000002,0,TRUE,0,0
120133,1.4700000000000013,1.060000000000001,0.8400000000000007,1.9000000000000017,0,TRUE,0.4421052631578947,0
120134,1.090000000000001,0.5000000000000004,1.8900000000000017,2.3900000000000023,0,TRUE,0.7907949790794978,1
120135,1.3500000000000012,0.9400000000000008,1.3500000000000012,2.290000000000002,0,TRUE,0.5895196506550219,1
120136,1.2800000000000011,1.5300000000000014,0.8400000000000007,2.370000000000002,0,TRUE,0.3544303797468355,0
120137,1.2900000000000011,1.8100000000000016,0.4700000000000004,2.280000000000002,0,TRUE,0.20614035087719298,0
120138,1.040000000000001,2.020000000000002,0.06000000000000005,2.080000000000002,0,TRUE,0.028846153846153848,0
120139,1.8200000000000016,1.080000000000001,0.5300000000000005,1.6100000000000014,0,TRUE,0.32919254658385094,0
120147,0,1.4500000000000013,0,1.4500000000000013,0,TRUE,0,0
120148,0.20000000000000018,1.4900000000000013,0.040000000000000036,1.5300000000000014,0,TRUE,0.026143790849673203,0
120428,0,2.460000000000002,0,2.460000000000002,0,TRUE,0,0
120429,0,2.490000000000002,1.3000000000000012,3.7900000000000036,0,TRUE,0.34300791556728233,0
120430,0,0.30000000000000027,3.7000000000000033,4.0000000000000036,0,TRUE,0.925,1
120431,0,3.600000000000003,0.40000000000000036,4.0000000000000036,0,TRUE,0.1,0
120432,0,1.6700000000000015,2.190000000000002,3.8600000000000034,0,TRUE,0.5673575129533679,1
120433,0,3.0600000000000027,0.5200000000000005,3.580000000000003,0,TRUE,0.1452513966480447,0
120434,0.7700000000000007,2.5600000000000023,0.15000000000000013,2.7100000000000026,0,TRUE,0.05535055350553505,0
120443,0,1.6900000000000015,0,1.6900000000000015,0,TRUE,0,0
120725,0,1.8600000000000017,1.9400000000000017,3.8000000000000034,0,TRUE,0.5105263157894737,1
120726,0,3.300000000000003,0.5200000000000005,3.8200000000000034,0,TRUE,0.13612565445026178,0
120727,0,3.6700000000000035,0,3.6700000000000035,0,TRUE,0,0
120728,0,2.360000000000002,1.3600000000000012,3.7200000000000033,0,TRUE,0.3655913978494624,0
120729,0.8600000000000008,2.070000000000002,0.6000000000000005,2.6700000000000026,0,TRUE,0.2247191011235955,0
120959,2.4700000000000024,1.4100000000000013,0.010000000000000009,1.4200000000000013,0,TRUE,0.007042253521126761,0
121020,0,2.0500000000000016,0.7000000000000006,2.7500000000000027,0,TRUE,0.2545454545454545,0
121021,0,1.090000000000001,1.150000000000001,2.240000000000002,0,TRUE,0.5133928571428571,1
121023,0.08000000000000007,2.120000000000002,1.6900000000000015,3.810000000000003,0,TRUE,0.4435695538057743,0
121024,2.140000000000002,0.16000000000000014,1.140000000000001,1.3000000000000012,0,TRUE,0.8769230769230769,1
121025,1.5000000000000013,0.8200000000000007,0.5300000000000005,1.3500000000000012,0,TRUE,0.3925925925925926,0
121254,1.160000000000001,2.450000000000002,0.26000000000000023,2.7100000000000026,0,TRUE,0.09594095940959409,0
121255,0.28000000000000025,0.7900000000000007,1.020000000000001,1.8100000000000016,0,TRUE,0.56353591160221,1
121315,0,1.5500000000000014,1.4600000000000013,3.0100000000000025,0,TRUE,0.4850498338870432,0
121316,0,0,3.6400000000000032,3.6400000000000032,0,TRUE,1,1
121317,0.06000000000000005,0,1.4700000000000013,1.4700000000000013,0,TRUE,1,1
121318,2.260000000000002,0.3100000000000003,0.8600000000000008,1.170000000000001,0,TRUE,0.7350427350427351,1
121319,2.0900000000000016,1.6200000000000014,0,1.6200000000000014,0,TRUE,0,0
121320,0.7400000000000007,1.5300000000000014,0.030000000000000027,1.5600000000000014,0,TRUE,0.019230769230769232,0
121550,0.7600000000000007,2.240000000000002,0.4300000000000004,2.6700000000000026,0,TRUE,0.16104868913857676,0
121610,0,1.3300000000000012,1.5000000000000013,2.8300000000000027,0,TRUE,0.5300353356890459,1
121611,0.4400000000000004,1.060000000000001,2.180000000000002,3.240000000000003,0,TRUE,0.6728395061728395,1
121612,2.460000000000002,0.6300000000000006,0.4500000000000004,1.080000000000001,0,TRUE,0.4166666666666667,0
121613,0.15000000000000013,2.290000000000002,0.8400000000000007,3.1300000000000026,0,TRUE,0.26837060702875404,0
121614,0,3.0400000000000027,0.6200000000000006,3.6600000000000033,0,TRUE,0.16939890710382513,0
121615,0,2.1700000000000017,0.1100000000000001,2.280000000000002,0,TRUE,0.04824561403508772,0
121843,2.1700000000000017,1.060000000000001,0.020000000000000018,1.080000000000001,0,TRUE,0.018518518518518517,0
121904,0,2.370000000000002,0,2.370000000000002,0,TRUE,0,0
121905,0,1.040000000000001,2.5100000000000025,3.5500000000000034,0,TRUE,0.7070422535211268,1
121906,1.5700000000000014,1.7200000000000015,0.3100000000000003,2.030000000000002,0,TRUE,0.1527093596059113,0
121908,0,2.5800000000000023,1.2600000000000011,3.8400000000000034,0,TRUE,0.328125,0
121909,0,0.27000000000000024,2.8300000000000027,3.1000000000000028,0,TRUE,0.9129032258064517,1
121910,0.2200000000000002,1.7300000000000015,0.3400000000000003,2.070000000000002,0,TRUE,0.16425120772946858,0
122199,0,3.160000000000003,0,3.160000000000003,0,TRUE,0,0
122200,0.28000000000000025,2.020000000000002,1.5700000000000014,3.5900000000000034,0,TRUE,0.43732590529247906,0
122202,0.30000000000000027,1.030000000000001,2.380000000000002,3.410000000000003,0,TRUE,0.6979472140762464,1
122203,0,2.530000000000002,0.7500000000000007,3.280000000000003,0,TRUE,0.22865853658536586,0
122204,0,2.8900000000000023,0.3200000000000003,3.2100000000000026,0,TRUE,0.09968847352024923,0
122205,0,2.6800000000000024,0,2.6800000000000024,0,TRUE,0,0
122427,0,1.8200000000000016,0.16000000000000014,1.9800000000000018,0,TRUE,0.08080808080808081,0
122428,0.010000000000000009,1.0000000000000009,0,1.0000000000000009,0,TRUE,0,0
122429,0.040000000000000036,0.8500000000000008,0.2500000000000002,1.100000000000001,0,TRUE,0.22727272727272727,0
122430,0,2.6800000000000024,0.4200000000000004,3.1000000000000028,0,TRUE,0.13548387096774195,0
122431,0,1.180000000000001,0,1.180000000000001,0,TRUE,0,0
122434,0.7500000000000007,1.090000000000001,0,1.090000000000001,0,TRUE,0,0
122436,1.9900000000000018,0.1200000000000001,1.5200000000000014,1.6400000000000015,0,TRUE,0.926829268292683,1
122491,0,1.4700000000000013,0,1.4700000000000013,0,TRUE,0,0
122492,0,2.500000000000002,0,2.500000000000002,0,TRUE,0,0
122493,0,3.220000000000003,0,3.220000000000003,0,TRUE,0,0
122494,1.5800000000000014,2.080000000000002,0,2.080000000000002,0,TRUE,0,0
122495,2.160000000000002,1.4700000000000013,0,1.4700000000000013,0,TRUE,0,0
122496,0.6000000000000005,2.7700000000000022,0.39000000000000035,3.160000000000003,0,TRUE,0.12341772151898735,0
122497,0,3.8700000000000037,0,3.8700000000000037,0,TRUE,0,0
122498,0,1.7000000000000015,0.19000000000000017,1.8900000000000017,0,TRUE,0.10052910052910052,0
122499,0,3.3300000000000027,0,3.3300000000000027,0,TRUE,0,0
122500,0,3.810000000000003,0,3.810000000000003,0,TRUE,0,0
122501,0,1.8100000000000016,0,1.8100000000000016,0,TRUE,0,0
122726,0,2.6400000000000023,0.7000000000000006,3.340000000000003,0,TRUE,0.20958083832335328,0
122727,0.17000000000000015,2.730000000000002,0.28000000000000025,3.0100000000000025,0,TRUE,0.0930232558139535,0
122728,0.7200000000000006,2.080000000000002,0,2.080000000000002,0,TRUE,0,0
122729,1.030000000000001,1.7300000000000015,0.2300000000000002,1.9600000000000017,0,TRUE,0.11734693877551021,0
122731,0.4200000000000004,0.09000000000000008,3.110000000000003,3.200000000000003,0,TRUE,0.971875,1
122732,1.9800000000000018,0,1.9900000000000018,1.9900000000000018,0,TRUE,1,1
122774,0,1.2900000000000011,0.1100000000000001,1.4000000000000012,0,TRUE,0.07857142857142857,0
122775,0,1.5100000000000013,0.020000000000000018,1.5300000000000014,0,TRUE,0.013071895424836602,0
122784,0,2.300000000000002,0,2.300000000000002,0,TRUE,0,0
122785,0,3.7000000000000033,0,3.7000000000000033,0,TRUE,0,0
122786,0,4.0000000000000036,0,4.0000000000000036,0,TRUE,0,0
122787,0,3.9500000000000037,0,3.9500000000000037,0,TRUE,0,0
122788,0.2500000000000002,3.030000000000003,0.5700000000000005,3.600000000000003,0,TRUE,0.15833333333333333,0
122789,2.230000000000002,1.4800000000000013,0,1.4800000000000013,0,TRUE,0,0
122790,0,3.9700000000000033,0,3.9700000000000033,0,TRUE,0,0
122791,0,3.850000000000003,0,3.850000000000003,0,TRUE,0,0
122792,0,2.7600000000000025,0,2.7600000000000025,0,TRUE,0,0
122793,0,3.5100000000000033,0,3.5100000000000033,0,TRUE,0,0
122794,0,3.530000000000003,0,3.530000000000003,0,TRUE,0,0
122795,0,2.180000000000002,0,2.180000000000002,0,TRUE,0,0
122796,0,3.8300000000000036,0,3.8300000000000036,0,TRUE,0,0
122797,0,2.220000000000002,0.17000000000000015,2.3900000000000023,0,TRUE,0.0711297071129707,0
123021,0,1.8800000000000017,0.10000000000000009,1.9800000000000018,0,TRUE,0.050505050505050504,0
123022,0,3.2900000000000027,0.030000000000000027,3.320000000000003,0,TRUE,0.009036144578313253,0
123023,0,3.4300000000000033,0,3.4300000000000033,0,TRUE,0,0
123024,0,2.240000000000002,0,2.240000000000002,0,TRUE,0,0
123025,0.3600000000000003,1.5300000000000014,1.7900000000000016,3.320000000000003,0,TRUE,0.5391566265060241,1
123026,2.260000000000002,0.2300000000000002,1.220000000000001,1.4500000000000013,0,TRUE,0.8413793103448276,1
123030,0.19000000000000017,1.6800000000000015,0,1.6800000000000015,0,TRUE,0,0
123070,0,3.7200000000000033,0,3.7200000000000033,0,TRUE,0,0
123071,0,1.170000000000001,0,1.170000000000001,0,TRUE,0,0
123077,0,1.8800000000000017,0,1.8800000000000017,0,TRUE,0,0
123078,0,3.360000000000003,0,3.360000000000003,0,TRUE,0,0
123079,0,4.0000000000000036,0,4.0000000000000036,0,TRUE,0,0
123080,0,4.0000000000000036,0,4.0000000000000036,0,TRUE,0,0
123081,0.8400000000000007,3.0000000000000027,0,3.0000000000000027,0,TRUE,0,0
123082,1.5900000000000014,2.110000000000002,0,2.110000000000002,0,TRUE,0,0
123083,1.180000000000001,2.4700000000000024,0.06000000000000005,2.530000000000002,0,TRUE,0.023715415019762848,0
123084,0.6600000000000006,3.230000000000003,0,3.230000000000003,0,TRUE,0,0
123085,0,3.8800000000000034,0,3.8800000000000034,0,TRUE,0,0
123086,0,1.5500000000000014,0,1.5500000000000014,0,TRUE,0,0
123087,0,1.9600000000000017,0,1.9600000000000017,0,TRUE,0,0
123090,0,3.5100000000000033,0,3.5100000000000033,0,TRUE,0,0
123091,0,3.500000000000003,0,3.500000000000003,0,TRUE,0,0
123092,0,3.240000000000003,0.06000000000000005,3.300000000000003,0,TRUE,0.01818181818181818,0
123093,0,3.1300000000000026,0.3400000000000003,3.4700000000000033,0,TRUE,0.09798270893371758,0
123094,0,2.4300000000000024,0.3100000000000003,2.7400000000000024,0,TRUE,0.11313868613138686,0
123315,0,1.5700000000000014,0.1200000000000001,1.6900000000000015,0,TRUE,0.07100591715976332,0
123316,0,1.6400000000000015,0,1.6400000000000015,0,TRUE,0,0
123317,0,2.380000000000002,0,2.380000000000002,0,TRUE,0,0
123318,0,3.240000000000003,0,3.240000000000003,0,TRUE,0,0
123319,0,3.350000000000003,0,3.350000000000003,0,TRUE,0,0
123320,0.19000000000000017,3.270000000000003,0.3500000000000003,3.620000000000003,0,TRUE,0.09668508287292818,0
123325,2.340000000000002,1.6600000000000015,0,1.6600000000000015,0,TRUE,0,0
123326,0.37000000000000033,1.9300000000000017,0.1100000000000001,2.040000000000002,0,TRUE,0.05392156862745098,0
123327,0.040000000000000036,1.4400000000000013,0,1.4400000000000013,0,TRUE,0,0
123328,0,1.120000000000001,0,1.120000000000001,0,TRUE,0,0
123365,0,2.0000000000000018,0,2.0000000000000018,0,TRUE,0,0
123366,0,3.0900000000000025,0,3.0900000000000025,0,TRUE,0,0
123367,0,2.650000000000002,0,2.650000000000002,0,TRUE,0,0
123369,0,1.100000000000001,0.6100000000000005,1.7100000000000015,0,TRUE,0.3567251461988304,0
123370,0,3.8400000000000034,0,3.8400000000000034,0,TRUE,0,0
123371,0,3.9500000000000037,0,3.9500000000000037,0,TRUE,0,0
123372,0,3.9200000000000035,0,3.9200000000000035,0,TRUE,0,0
123373,0,3.220000000000003,0,3.220000000000003,0,TRUE,0,0
123374,0,3.9600000000000035,0,3.9600000000000035,0,TRUE,0,0
123375,0.5700000000000005,3.4300000000000033,0,3.4300000000000033,0,TRUE,0,0
123376,2.140000000000002,1.5500000000000014,0,1.5500000000000014,0,TRUE,0,0
123377,0.3300000000000003,3.570000000000003,0,3.570000000000003,0,TRUE,0,0
123378,0,3.7800000000000034,0,3.7800000000000034,0,TRUE,0,0
123379,0,3.770000000000003,0,3.770000000000003,0,TRUE,0,0
123380,0,1.8900000000000017,0,1.8900000000000017,0,TRUE,0,0
123381,0,3.6700000000000035,0,3.6700000000000035,0,TRUE,0,0
123382,0,3.8900000000000032,0,3.8900000000000032,0,TRUE,0,0
123385,0,1.3800000000000012,0,1.3800000000000012,0,TRUE,0,0
123386,0,1.130000000000001,0,1.130000000000001,0,TRUE,0,0
123387,0,1.6100000000000014,0,1.6100000000000014,0,TRUE,0,0
123389,0,1.4000000000000012,0,1.4000000000000012,0,TRUE,0,0
123609,0,1.4100000000000013,0.8600000000000008,2.2700000000000022,0,TRUE,0.37885462555066074,0
123613,0,1.4600000000000013,1.3300000000000012,2.7900000000000027,0,TRUE,0.4767025089605734,0
123614,0,3.1200000000000028,0.41000000000000036,3.530000000000003,0,TRUE,0.1161473087818697,0
123615,0.8700000000000008,2.8200000000000025,0,2.8200000000000025,0,TRUE,0,0
123618,0.6500000000000006,1.3600000000000012,1.5800000000000014,2.9400000000000026,0,TRUE,0.5374149659863946,1
123619,1.5000000000000013,1.6600000000000015,0.5300000000000005,2.190000000000002,0,TRUE,0.2420091324200913,0
123620,2.230000000000002,0.020000000000000018,1.120000000000001,1.140000000000001,0,TRUE,0.9824561403508771,1
123621,1.5600000000000014,0.6200000000000006,0.49000000000000044,1.110000000000001,0,TRUE,0.44144144144144143,0
123622,0.16000000000000014,1.5100000000000013,0,1.5100000000000013,0,TRUE,0,0
123627,0,2.6800000000000024,0,2.6800000000000024,0,TRUE,0,0
123628,0,1.3400000000000012,0,1.3400000000000012,0,TRUE,0,0
123658,0,2.2500000000000018,0,2.2500000000000018,0,TRUE,0,0
123660,0,1.010000000000001,0,1.010000000000001,0,TRUE,0,0
123661,0,1.220000000000001,0,1.220000000000001,0,TRUE,0,0
123662,0,1.5600000000000014,0,1.5600000000000014,0,TRUE,0,0
123665,0,2.5600000000000023,0,2.5600000000000023,0,TRUE,0,0
123666,0,3.9100000000000037,0,3.9100000000000037,0,TRUE,0,0
123667,0,3.8700000000000037,0,3.8700000000000037,0,TRUE,0,0
123668,0.37000000000000033,3.520000000000003,0,3.520000000000003,0,TRUE,0,0
123669,1.5600000000000014,2.370000000000002,0,2.370000000000002,0,TRUE,0,0
123670,1.8200000000000016,1.8600000000000017,0,1.8600000000000017,0,TRUE,0,0
123671,0.3600000000000003,3.570000000000003,0,3.570000000000003,0,TRUE,0,0
123672,0.2500000000000002,3.650000000000003,0,3.650000000000003,0,TRUE,0,0
123673,0,3.110000000000003,0,3.110000000000003,0,TRUE,0,0
123674,0,1.6800000000000015,0.6000000000000005,2.280000000000002,0,TRUE,0.2631578947368421,0
123675,0,1.9200000000000017,0,1.9200000000000017,0,TRUE,0,0
123676,0,2.7900000000000027,0,2.7900000000000027,0,TRUE,0,0
123678,0,1.9800000000000018,0,1.9800000000000018,0,TRUE,0,0
123908,0,1.5600000000000014,1.4100000000000013,2.9700000000000024,0,TRUE,0.4747474747474748,0
123909,0.7100000000000006,1.040000000000001,1.6000000000000014,2.6400000000000023,0,TRUE,0.6060606060606061,1
123910,2.220000000000002,1.5400000000000014,0,1.5400000000000014,0,TRUE,0,0
123911,0.8500000000000008,2.5900000000000025,0.4500000000000004,3.0400000000000027,0,TRUE,0.14802631578947367,0
123912,1.8800000000000017,1.6800000000000015,0,1.6800000000000015,0,TRUE,0,0
123913,0,3.7900000000000036,0,3.7900000000000036,0,TRUE,0,0
123914,0.38000000000000034,2.3500000000000023,0.4500000000000004,2.8000000000000025,0,TRUE,0.16071428571428573,0
123915,2.460000000000002,0.030000000000000027,1.100000000000001,1.130000000000001,0,TRUE,0.9734513274336283,1
123917,0.5000000000000004,2.7900000000000027,0,2.7900000000000027,0,TRUE,0,0
123921,0,1.4700000000000013,0,1.4700000000000013,0,TRUE,0,0
123922,0,3.9900000000000038,0,3.9900000000000038,0,TRUE,0,0
123923,0,3.730000000000003,0,3.730000000000003,0,TRUE,0,0
123926,0,1.3300000000000012,0.49000000000000044,1.8200000000000016,0,TRUE,0.2692307692307692,0
123952,0.1200000000000001,3.7000000000000033,0,3.7000000000000033,0,TRUE,0,0
123953,0,3.1000000000000028,0,3.1000000000000028,0,TRUE,0,0
123954,0,3.7900000000000036,0,3.7900000000000036,0,TRUE,0,0
123955,0,3.650000000000003,0,3.650000000000003,0,TRUE,0,0
123960,0,2.280000000000002,0,2.280000000000002,0,TRUE,0,0
123961,0,3.9800000000000035,0,3.9800000000000035,0,TRUE,0,0
123962,0.2500000000000002,3.6700000000000035,0,3.6700000000000035,0,TRUE,0,0
123963,1.8700000000000017,1.9200000000000017,0,1.9200000000000017,0,TRUE,0,0
123965,0.2100000000000002,1.5700000000000014,2.040000000000002,3.610000000000003,0,TRUE,0.5650969529085873,1
123966,0,1.7500000000000016,0.14000000000000012,1.8900000000000017,0,TRUE,0.07407407407407407,0
123970,0,1.120000000000001,0,1.120000000000001,0,TRUE,0,0
123971,0,3.7800000000000034,0,3.7800000000000034,0,TRUE,0,0
123972,0,1.050000000000001,0,1.050000000000001,0,TRUE,0,0
124202,0,1.9600000000000017,0,1.9600000000000017,0,TRUE,0,0
124203,0,2.070000000000002,1.5800000000000014,3.650000000000003,0,TRUE,0.4328767123287672,0
124205,0.6600000000000006,2.400000000000002,0.7300000000000006,3.1300000000000026,0,TRUE,0.23322683706070288,0
124206,0,3.460000000000003,0,3.460000000000003,0,TRUE,0,0
124207,0,3.240000000000003,0,3.240000000000003,0,TRUE,0,0
124208,0,3.6300000000000034,0,3.6300000000000034,0,TRUE,0,0
124209,0.8300000000000007,2.8000000000000025,0.07000000000000006,2.8700000000000028,0,TRUE,0.024390243902439022,0
124210,0.8200000000000007,1.8200000000000016,1.3100000000000012,3.1300000000000026,0,TRUE,0.41853035143769973,0
124211,1.7100000000000015,0.1200000000000001,1.9100000000000017,2.030000000000002,0,TRUE,0.940886699507389,1
124213,0.040000000000000036,2.5500000000000025,0,2.5500000000000025,0,TRUE,0,0
124214,0,1.5900000000000014,0,1.5900000000000014,0,TRUE,0,0
124216,0,3.2100000000000026,0,3.2100000000000026,0,TRUE,0,0
124217,0,3.9100000000000037,0,3.9100000000000037,0,TRUE,0,0
124218,0,2.6600000000000024,0,2.6600000000000024,0,TRUE,0,0
124220,0.2100000000000002,2.070000000000002,0,2.070000000000002,0,TRUE,0,0
124221,0,1.7800000000000016,0,1.7800000000000016,0,TRUE,0,0
124246,0.010000000000000009,1.5300000000000014,0,1.5300000000000014,0,TRUE,0,0
124247,1.240000000000001,2.6200000000000023,0,2.6200000000000023,0,TRUE,0,0
124249,0,2.9300000000000024,0,2.9300000000000024,0,TRUE,0,0
124250,0,3.180000000000003,0,3.180000000000003,0,TRUE,0,0
124251,0,2.610000000000002,0,2.610000000000002,0,TRUE,0,0
124255,0,1.080000000000001,0,1.080000000000001,0,TRUE,0,0
124256,0.08000000000000007,1.7300000000000015,0,1.7300000000000015,0,TRUE,0,0
124258,1.8700000000000017,0.9100000000000008,0.41000000000000036,1.3200000000000012,0,TRUE,0.3106060606060606,0
124259,0.17000000000000015,0,1.2600000000000011,1.2600000000000011,0,TRUE,1,1
124260,0,0,1.3600000000000012,1.3600000000000012,0,TRUE,1,1
124267,0,2.260000000000002,0,2.260000000000002,0,TRUE,0,0
124496,0,2.0500000000000016,0.9000000000000008,2.950000000000003,0,TRUE,0.30508474576271183,0
124497,0,2.140000000000002,1.240000000000001,3.380000000000003,0,TRUE,0.3668639053254438,0
124498,0,0.5800000000000005,2.0000000000000018,2.5800000000000023,0,TRUE,0.7751937984496124,1
124499,0,0.9600000000000009,1.5700000000000014,2.530000000000002,0,TRUE,0.6205533596837945,1
124500,0,0.08000000000000007,2.440000000000002,2.5200000000000022,0,TRUE,0.9682539682539683,1
124504,0,3.420000000000003,0,3.420000000000003,0,TRUE,0,0
124505,0.020000000000000018,3.7600000000000033,0,3.7600000000000033,0,TRUE,0,0
124506,1.9000000000000017,1.7400000000000015,0.2300000000000002,1.9700000000000017,0,TRUE,0.116751269035533,0
124508,2.5400000000000023,0.9200000000000008,0.18000000000000016,1.100000000000001,0,TRUE,0.16363636363636364,0
124509,0.2300000000000002,2.140000000000002,1.3300000000000012,3.4700000000000033,0,TRUE,0.3832853025936599,0
124510,0,2.080000000000002,1.6100000000000014,3.690000000000003,0,TRUE,0.4363143631436315,0
124511,0,2.8800000000000026,0.9800000000000009,3.8600000000000034,0,TRUE,0.2538860103626943,0
124512,0.010000000000000009,3.8900000000000032,0.09000000000000008,3.9800000000000035,0,TRUE,0.022613065326633167,0
124513,0.8800000000000008,2.300000000000002,0.020000000000000018,2.320000000000002,0,TRUE,0.008620689655172414,0
124514,0.7700000000000007,2.9400000000000026,0,2.9400000000000026,0,TRUE,0,0
124515,0,2.6300000000000026,0,2.6300000000000026,0,TRUE,0,0
124516,0,2.690000000000002,0,2.690000000000002,0,TRUE,0,0
124542,1.2900000000000011,2.040000000000002,0,2.040000000000002,0,TRUE,0,0
124543,0,2.500000000000002,0,2.500000000000002,0,TRUE,0,0
124544,0,3.570000000000003,0,3.570000000000003,0,TRUE,0,0
124545,0,2.7600000000000025,0,2.7600000000000025,0,TRUE,0,0
124546,0,3.6400000000000032,0,3.6400000000000032,0,TRUE,0,0
124547,0,2.290000000000002,0,2.290000000000002,0,TRUE,0,0
124548,0,1.7600000000000016,0,1.7600000000000016,0,TRUE,0,0
124550,1.210000000000001,1.2900000000000011,0,1.2900000000000011,0,TRUE,0,0
124551,1.5400000000000014,1.4300000000000013,0,1.4300000000000013,0,TRUE,0,0
124552,0.6800000000000006,2.450000000000002,0.26000000000000023,2.7100000000000026,0,TRUE,0.09594095940959409,0
124553,0,1.040000000000001,0.5400000000000005,1.5800000000000014,0,TRUE,0.34177215189873417,0
124790,0.040000000000000036,1.6400000000000015,0.020000000000000018,1.6600000000000015,0,TRUE,0.012048192771084338,0
124792,0.050000000000000044,0,2.910000000000003,2.910000000000003,0,TRUE,1,1
124795,0,0.030000000000000027,1.5000000000000013,1.5300000000000014,0,TRUE,0.9803921568627451,1
124798,0,1.190000000000001,0,1.190000000000001,0,TRUE,0,0
124799,0.010000000000000009,3.620000000000003,0,3.620000000000003,0,TRUE,0,0
124800,0,3.6600000000000033,0,3.6600000000000033,0,TRUE,0,0
124801,0,2.240000000000002,0.17000000000000015,2.410000000000002,0,TRUE,0.07053941908713694,0
124802,0.17000000000000015,1.6000000000000014,1.8800000000000017,3.480000000000003,0,TRUE,0.5402298850574713,1
124804,0.9400000000000008,0,2.290000000000002,2.290000000000002,0,TRUE,1,1
124805,0,0.010000000000000009,3.8000000000000034,3.810000000000003,0,TRUE,0.9973753280839895,1
124806,0,0.5800000000000005,3.3300000000000027,3.9100000000000037,0,TRUE,0.8516624040920715,1
124807,0,3.0800000000000027,0.4400000000000004,3.520000000000003,0,TRUE,0.125,0
124808,0,3.110000000000003,0.26000000000000023,3.3700000000000028,0,TRUE,0.0771513353115727,0
124809,0,1.5600000000000014,0,1.5600000000000014,0,TRUE,0,0
124810,0,1.5800000000000014,0,1.5800000000000014,0,TRUE,0,0
124836,0,1.230000000000001,0,1.230000000000001,0,TRUE,0,0
124837,0,2.7200000000000024,0,2.7200000000000024,0,TRUE,0,0
124838,0,3.6800000000000033,0,3.6800000000000033,0,TRUE,0,0
124839,0,3.320000000000003,0,3.320000000000003,0,TRUE,0,0
124840,0,3.200000000000003,0,3.200000000000003,0,TRUE,0,0
124841,0,3.8200000000000034,0,3.8200000000000034,0,TRUE,0,0
124842,0,3.360000000000003,0,3.360000000000003,0,TRUE,0,0
124843,0,3.5500000000000034,0,3.5500000000000034,0,TRUE,0,0
124844,0.08000000000000007,1.8200000000000016,0,1.8200000000000016,0,TRUE,0,0
124846,0,3.140000000000003,0,3.140000000000003,0,TRUE,0,0
124847,0,1.4600000000000013,0,1.4600000000000013,0,TRUE,0,0
125086,0.6400000000000006,1.4800000000000013,1.030000000000001,2.5100000000000025,0,TRUE,0.41035856573705176,0
125094,0.6300000000000006,3.2900000000000027,0,3.2900000000000027,0,TRUE,0,0
125095,0,3.8300000000000036,0,3.8300000000000036,0,TRUE,0,0
125096,0,3.2500000000000027,0.18000000000000016,3.4300000000000033,0,TRUE,0.05247813411078717,0
125097,0,2.7700000000000022,0.2100000000000002,2.9800000000000026,0,TRUE,0.07046979865771812,0
125098,2.240000000000002,0.6500000000000006,0.6500000000000006,1.3000000000000012,0,TRUE,0.5,1
125099,1.200000000000001,0,1.060000000000001,1.060000000000001,0,TRUE,1,1
125100,0,0,3.9400000000000035,3.9400000000000035,0,TRUE,1,1
125101,0,0.3200000000000003,3.6800000000000033,4.0000000000000036,0,TRUE,0.92,1
125102,0.050000000000000044,3.350000000000003,0.14000000000000012,3.490000000000003,0,TRUE,0.04011461318051576,0
125103,1.040000000000001,1.5400000000000014,1.3900000000000012,2.9300000000000024,0,TRUE,0.4744027303754267,0
125104,0,3.240000000000003,0.14000000000000012,3.380000000000003,0,TRUE,0.04142011834319527,0
125105,0,3.9200000000000035,0,3.9200000000000035,0,TRUE,0,0
125106,0,1.250000000000001,0,1.250000000000001,0,TRUE,0,0
125132,0,1.6600000000000015,0.2200000000000002,1.8800000000000017,0,TRUE,0.11702127659574468,0
125133,0,3.7000000000000033,0,3.7000000000000033,0,TRUE,0,0
125134,0,2.650000000000002,0,2.650000000000002,0,TRUE,0,0
125135,0,3.0800000000000027,0,3.0800000000000027,0,TRUE,0,0
125136,0,3.7200000000000033,0,3.7200000000000033,0,TRUE,0,0
125137,0,3.030000000000003,0,3.030000000000003,0,TRUE,0,0
125138,0,3.0100000000000025,0,3.0100000000000025,0,TRUE,0,0
125139,2.110000000000002,1.3900000000000012,0,1.3900000000000012,0,TRUE,0,0
125140,1.2900000000000011,1.5200000000000014,0,1.5200000000000014,0,TRUE,0,0
125389,0.1100000000000001,3.1300000000000026,0.5500000000000005,3.6800000000000033,0,TRUE,0.14945652173913043,0
125390,0,2.7700000000000022,1.120000000000001,3.8900000000000032,0,TRUE,0.2879177377892031,0
125391,0,2.3100000000000023,0,2.3100000000000023,0,TRUE,0,0
125392,0,3.9200000000000035,0,3.9200000000000035,0,TRUE,0,0
125393,1.8400000000000016,1.7300000000000015,0.3300000000000003,2.060000000000002,0,TRUE,0.16019417475728157,0
125395,0.6000000000000005,0.010000000000000009,3.0900000000000025,3.1000000000000028,0,TRUE,0.996774193548387,1
125396,0.49000000000000044,0.5600000000000005,2.320000000000002,2.8800000000000026,0,TRUE,0.8055555555555556,1
125397,0,3.6400000000000032,0.18000000000000016,3.8200000000000034,0,TRUE,0.04712041884816754,0
125398,1.060000000000001,1.6100000000000014,0.29000000000000026,1.9000000000000017,0,TRUE,0.15263157894736842,0
125399,0,0.8700000000000008,2.8500000000000023,3.7200000000000033,0,TRUE,0.7661290322580645,1
125400,0,2.9600000000000026,0.6000000000000005,3.560000000000003,0,TRUE,0.16853932584269662,0
125401,0,1.4500000000000013,0.5800000000000005,2.030000000000002,0,TRUE,0.2857142857142857,0
125426,0,1.7300000000000015,0,1.7300000000000015,0,TRUE,0,0
125427,0,2.7500000000000027,0,2.7500000000000027,0,TRUE,0,0
125428,0.16000000000000014,2.570000000000002,0.6800000000000006,3.2500000000000027,0,TRUE,0.20923076923076925,0
125429,0.7200000000000006,3.110000000000003,0,3.110000000000003,0,TRUE,0,0
125430,0,3.340000000000003,0,3.340000000000003,0,TRUE,0,0
125431,0,3.7500000000000036,0,3.7500000000000036,0,TRUE,0,0
125432,0,3.9500000000000037,0,3.9500000000000037,0,TRUE,0,0
125433,1.5300000000000014,1.6400000000000015,0,1.6400000000000015,0,TRUE,0,0
125434,2.2100000000000017,1.6000000000000014,0,1.6000000000000014,0,TRUE,0,0
125435,0.7600000000000007,2.530000000000002,0,2.530000000000002,0,TRUE,0,0
125684,0,3.110000000000003,0.41000000000000036,3.520000000000003,0,TRUE,0.11647727272727272,0
125685,0,1.3200000000000012,1.4200000000000013,2.7400000000000024,0,TRUE,0.5182481751824818,1
125686,0,2.240000000000002,0,2.240000000000002,0,TRUE,0,0
125687,0,3.9800000000000035,0,3.9800000000000035,0,TRUE,0,0
125688,0.7200000000000006,2.240000000000002,0,2.240000000000002,0,TRUE,0,0
125690,2.100000000000002,0.13000000000000012,1.4600000000000013,1.5900000000000014,0,TRUE,0.9182389937106918,1
125691,0,0.4400000000000004,3.400000000000003,3.8400000000000034,0,TRUE,0.8854166666666666,1
125692,0,3.5500000000000034,0,3.5500000000000034,0,TRUE,0,0
125693,0.6300000000000006,2.570000000000002,0.050000000000000044,2.6200000000000023,0,TRUE,0.019083969465648856,0
125694,0.050000000000000044,1.0000000000000009,2.570000000000002,3.570000000000003,0,TRUE,0.7198879551820728,1
125695,0,0.7700000000000007,2.9300000000000024,3.7000000000000033,0,TRUE,0.7918918918918918,1
125696,0,0.7200000000000006,0.5200000000000005,1.240000000000001,0,TRUE,0.41935483870967744,0
125719,0.6000000000000005,0.28000000000000025,1.180000000000001,1.4600000000000013,0,TRUE,0.8082191780821918,1
125720,0,2.650000000000002,0.4500000000000004,3.1000000000000028,0,TRUE,0.14516129032258066,0
125721,0,3.600000000000003,0,3.600000000000003,0,TRUE,0,0
125722,0,3.0400000000000027,0,3.0400000000000027,0,TRUE,0,0
125723,1.9900000000000018,1.050000000000001,0.14000000000000012,1.190000000000001,0,TRUE,0.11764705882352941,0
125726,1.8000000000000016,2.0900000000000016,0,2.0900000000000016,0,TRUE,0,0
125729,1.5900000000000014,1.8400000000000016,0,1.8400000000000016,0,TRUE,0,0
125978,0,1.130000000000001,0.13000000000000012,1.2600000000000011,0,TRUE,0.10317460317460317,0
125979,0,1.180000000000001,0,1.180000000000001,0,TRUE,0,0
125985,2.650000000000002,0.29000000000000026,0.8300000000000007,1.120000000000001,0,TRUE,0.7410714285714286,1
125986,0.9600000000000009,0,1.8200000000000016,1.8200000000000016,0,TRUE,1,1
125987,0.040000000000000036,2.040000000000002,0.2100000000000002,2.2500000000000018,0,TRUE,0.09333333333333334,0
125988,0,3.1700000000000026,0.1100000000000001,3.280000000000003,0,TRUE,0.03353658536585366,0
125989,0,1.190000000000001,2.650000000000002,3.8400000000000034,0,TRUE,0.6901041666666666,1
125990,0,0.9500000000000008,3.0000000000000027,3.9500000000000037,0,TRUE,0.7594936708860759,1
125991,0,0.08000000000000007,0.9900000000000009,1.070000000000001,0,TRUE,0.9252336448598131,1
126014,0.3400000000000003,3.350000000000003,0,3.350000000000003,0,TRUE,0,0
126015,0,1.8700000000000017,0,1.8700000000000017,0,TRUE,0,0
126016,0,3.2900000000000027,0,3.2900000000000027,0,TRUE,0,0
126017,0,1.8300000000000016,0,1.8300000000000016,0,TRUE,0,0
126018,0.010000000000000009,2.500000000000002,0,2.500000000000002,0,TRUE,0,0
126019,1.4500000000000013,1.8900000000000017,0.39000000000000035,2.280000000000002,0,TRUE,0.17105263157894737,0
126021,2.650000000000002,1.2800000000000011,0,1.2800000000000011,0,TRUE,0,0
126025,1.6400000000000015,1.4600000000000013,0,1.4600000000000013,0,TRUE,0,0
126280,1.250000000000001,0.09000000000000008,1.5700000000000014,1.6600000000000015,0,TRUE,0.9457831325301205,1
126282,1.8300000000000016,1.5600000000000014,0.4300000000000004,1.9900000000000018,0,TRUE,0.21608040201005024,0
126283,0,3.410000000000003,0.2200000000000002,3.6300000000000034,0,TRUE,0.0606060606060606,0
126284,0,1.4700000000000013,1.4900000000000013,2.9600000000000026,0,TRUE,0.5033783783783784,1
126285,0,1.220000000000001,2.650000000000002,3.8700000000000037,0,TRUE,0.6847545219638242,1
126286,0,0.49000000000000044,1.7000000000000015,2.190000000000002,0,TRUE,0.776255707762557,1
126308,0,1.7000000000000015,0,1.7000000000000015,0,TRUE,0,0
126309,0,2.480000000000002,0,2.480000000000002,0,TRUE,0,0
126310,0.040000000000000036,2.5400000000000023,0,2.5400000000000023,0,TRUE,0,0
126311,0,3.8400000000000034,0,3.8400000000000034,0,TRUE,0,0
126312,0,3.0800000000000027,0,3.0800000000000027,0,TRUE,0,0
126313,0,3.850000000000003,0,3.850000000000003,0,TRUE,0,0
126314,0.7300000000000006,2.9300000000000024,0.1100000000000001,3.0400000000000027,0,TRUE,0.03618421052631579,0
126319,2.320000000000002,1.3700000000000012,0,1.3700000000000012,0,TRUE,0,0
126576,0.7800000000000007,0.040000000000000036,1.6200000000000014,1.6600000000000015,0,TRUE,0.9759036144578314,1
126577,2.480000000000002,0.2400000000000002,0.8600000000000008,1.100000000000001,0,TRUE,0.7818181818181819,1
126578,0.6200000000000006,1.9200000000000017,0.7500000000000007,2.6700000000000026,0,TRUE,0.28089887640449435,0
126579,0,1.5600000000000014,2.040000000000002,3.600000000000003,0,TRUE,0.5666666666666667,1
126580,0,0.6000000000000005,3.030000000000003,3.6300000000000034,0,TRUE,0.8347107438016529,1
126581,0,1.7700000000000016,1.3500000000000012,3.1200000000000028,0,TRUE,0.4326923076923077,0
126598,0.09000000000000008,1.010000000000001,0,1.010000000000001,0,TRUE,0,0
126599,1.070000000000001,1.6100000000000014,0,1.6100000000000014,0,TRUE,0,0
126600,0,3.150000000000003,0.040000000000000036,3.190000000000003,0,TRUE,0.012539184952978056,0
126601,0,2.0100000000000016,1.090000000000001,3.1000000000000028,0,TRUE,0.35161290322580646,0
126602,0,3.7400000000000033,0,3.7400000000000033,0,TRUE,0,0
126603,0,3.7400000000000033,0,3.7400000000000033,0,TRUE,0,0
126604,0.2100000000000002,3.500000000000003,0,3.500000000000003,0,TRUE,0,0
126605,1.010000000000001,2.950000000000003,0,2.950000000000003,0,TRUE,0,0
126606,2.440000000000002,1.5600000000000014,0,1.5600000000000014,0,TRUE,0,0
126608,2.2700000000000022,1.5600000000000014,0,1.5600000000000014,0,TRUE,0,0
126609,1.4900000000000013,1.060000000000001,1.100000000000001,2.160000000000002,0,TRUE,0.5092592592592593,1
126872,0.49000000000000044,2.950000000000003,0.3600000000000003,3.310000000000003,0,TRUE,0.10876132930513595,0
126873,2.080000000000002,1.2900000000000011,0.28000000000000025,1.5700000000000014,0,TRUE,0.17834394904458598,0
126874,0.1100000000000001,2.0100000000000016,1.4700000000000013,3.480000000000003,0,TRUE,0.4224137931034483,0
126875,0,1.2700000000000011,1.4400000000000013,2.7100000000000026,0,TRUE,0.5313653136531364,1
126876,0,3.9200000000000035,0,3.9200000000000035,0,TRUE,0,0
126877,0,3.140000000000003,0,3.140000000000003,0,TRUE,0,0
126892,0,2.030000000000002,0,2.030000000000002,0,TRUE,0,0
126893,0,3.9400000000000035,0,3.9400000000000035,0,TRUE,0,0
126894,0.9400000000000008,3.0200000000000027,0,3.0200000000000027,0,TRUE,0,0
126895,0.38000000000000034,2.9600000000000026,0.26000000000000023,3.220000000000003,0,TRUE,0.08074534161490683,0
126896,0,2.610000000000002,0.9900000000000009,3.600000000000003,0,TRUE,0.275,0
126897,0,3.8600000000000034,0,3.8600000000000034,0,TRUE,0,0
126898,0,3.230000000000003,0,3.230000000000003,0,TRUE,0,0
126899,2.140000000000002,1.8000000000000016,0,1.8000000000000016,0,TRUE,0,0
126914,0,1.3100000000000012,0,1.3100000000000012,0,TRUE,0,0
127161,0.6800000000000006,1.3900000000000012,0,1.3900000000000012,0,TRUE,0,0
127163,0,2.7800000000000025,0,2.7800000000000025,0,TRUE,0,0
127164,0,1.4300000000000013,0,1.4300000000000013,0,TRUE,0,0
127167,0.8300000000000007,2.3100000000000023,0.38000000000000034,2.690000000000002,0,TRUE,0.1412639405204461,0
127168,2.4300000000000024,0.9500000000000008,0.16000000000000014,1.110000000000001,0,TRUE,0.14414414414414414,0
127171,0.5600000000000005,1.040000000000001,1.5200000000000014,2.5600000000000023,0,TRUE,0.59375,1
127172,0,3.440000000000003,0.2400000000000002,3.6800000000000033,0,TRUE,0.06521739130434782,0
127173,0,3.7600000000000033,0,3.7600000000000033,0,TRUE,0,0
127174,0,1.4900000000000013,0,1.4900000000000013,0,TRUE,0,0
127185,0,2.910000000000003,0,2.910000000000003,0,TRUE,0,0
127186,0,2.5400000000000023,0,2.5400000000000023,0,TRUE,0,0
127187,0,2.320000000000002,0,2.320000000000002,0,TRUE,0,0
127188,0,4.0000000000000036,0,4.0000000000000036,0,TRUE,0,0
127189,0,3.440000000000003,0,3.440000000000003,0,TRUE,0,0
127190,0,3.2900000000000027,0,3.2900000000000027,0,TRUE,0,0
127191,0,3.140000000000003,0,3.140000000000003,0,TRUE,0,0
127192,0,2.320000000000002,0,2.320000000000002,0,TRUE,0,0
127193,0,2.280000000000002,0,2.280000000000002,0,TRUE,0,0
127194,1.3000000000000012,2.5900000000000025,0,2.5900000000000025,0,TRUE,0,0
127209,0.2200000000000002,2.7100000000000026,0,2.7100000000000026,0,TRUE,0,0
127210,0,1.8600000000000017,0,1.8600000000000017,0,TRUE,0,0
127457,0.3600000000000003,2.0100000000000016,0,2.0100000000000016,0,TRUE,0,0
127458,0,3.150000000000003,0,3.150000000000003,0,TRUE,0,0
127459,0,2.8000000000000025,0,2.8000000000000025,0,TRUE,0,0
127460,0.2300000000000002,3.0100000000000025,0.030000000000000027,3.0400000000000027,0,TRUE,0.009868421052631578,0
127461,0.16000000000000014,0.5100000000000005,0.7700000000000007,1.2800000000000011,0,TRUE,0.6015625,1
127462,0.040000000000000036,1.170000000000001,0.6400000000000006,1.8100000000000016,0,TRUE,0.35359116022099446,0
127463,0,0.30000000000000027,2.120000000000002,2.420000000000002,0,TRUE,0.8760330578512396,1
127464,0.5200000000000005,2.300000000000002,1.070000000000001,3.3700000000000028,0,TRUE,0.31750741839762614,0
127466,2.7200000000000024,0.40000000000000036,0.7200000000000006,1.120000000000001,0,TRUE,0.6428571428571429,1
127467,0.38000000000000034,3.0900000000000025,0.4400000000000004,3.530000000000003,0,TRUE,0.1246458923512748,0
127468,0,3.1200000000000028,0,3.1200000000000028,0,TRUE,0,0
127469,0,3.160000000000003,0,3.160000000000003,0,TRUE,0,0
127478,0,1.210000000000001,0,1.210000000000001,0,TRUE,0,0
127479,0,3.230000000000003,0,3.230000000000003,0,TRUE,0,0
127480,0,3.0400000000000027,0,3.0400000000000027,0,TRUE,0,0
127481,0,1.5300000000000014,0,1.5300000000000014,0,TRUE,0,0
127482,0,3.2500000000000027,0,3.2500000000000027,0,TRUE,0,0
127483,0,3.440000000000003,0,3.440000000000003,0,TRUE,0,0
127484,0.1100000000000001,3.770000000000003,0,3.770000000000003,0,TRUE,0,0
127485,1.3100000000000012,2.570000000000002,0,2.570000000000002,0,TRUE,0,0
127486,1.4600000000000013,2.070000000000002,0,2.070000000000002,0,TRUE,0,0
127487,0.030000000000000027,3.8900000000000032,0,3.8900000000000032,0,TRUE,0,0
127488,1.3000000000000012,2.690000000000002,0,2.690000000000002,0,TRUE,0,0
127504,1.130000000000001,2.8700000000000028,0,2.8700000000000028,0,TRUE,0,0
127505,0,3.9400000000000035,0,3.9400000000000035,0,TRUE,0,0
127506,0,1.8100000000000016,0,1.8100000000000016,0,TRUE,0,0
127754,0,3.9300000000000033,0,3.9300000000000033,0,TRUE,0,0
127755,0,3.350000000000003,0,3.350000000000003,0,TRUE,0,0
127756,0,2.530000000000002,0,2.530000000000002,0,TRUE,0,0
127757,0,1.9400000000000017,0.7900000000000007,2.730000000000002,0,TRUE,0.2893772893772894,0
127758,0,1.4000000000000012,2.3100000000000023,3.7100000000000035,0,TRUE,0.6226415094339622,1
127759,0.07000000000000006,3.350000000000003,0.3100000000000003,3.6600000000000033,0,TRUE,0.08469945355191257,0
127763,1.030000000000001,2.320000000000002,0,2.320000000000002,0,TRUE,0,0
127764,0,4.0000000000000036,0,4.0000000000000036,0,TRUE,0,0
127765,0,3.6300000000000034,0,3.6300000000000034,0,TRUE,0,0
127774,0,2.8300000000000027,0.010000000000000009,2.8400000000000025,0,TRUE,0.0035211267605633804,0
127775,0,3.280000000000003,0.030000000000000027,3.310000000000003,0,TRUE,0.009063444108761328,0
127776,0,3.200000000000003,0.27000000000000024,3.4700000000000033,0,TRUE,0.07780979827089336,0
127777,0,2.2700000000000022,0,2.2700000000000022,0,TRUE,0,0
127778,0,3.8000000000000034,0,3.8000000000000034,0,TRUE,0,0
127779,0,3.7400000000000033,0,3.7400000000000033,0,TRUE,0,0
127780,0.9500000000000008,1.9700000000000017,0,1.9700000000000017,0,TRUE,0,0
127782,2.8000000000000025,1.190000000000001,0,1.190000000000001,0,TRUE,0,0
127800,2.5900000000000025,1.4000000000000012,0,1.4000000000000012,0,TRUE,0,0
127801,0.15000000000000013,2.570000000000002,0,2.570000000000002,0,TRUE,0,0
128049,0,3.8700000000000037,0,3.8700000000000037,0,TRUE,0,0
128050,0,3.440000000000003,0,3.440000000000003,0,TRUE,0,0
128051,0,3.360000000000003,0,3.360000000000003,0,TRUE,0,0
128052,0,2.6800000000000024,0.09000000000000008,2.7700000000000022,0,TRUE,0.03249097472924188,0
128053,0,2.2700000000000022,1.3500000000000012,3.620000000000003,0,TRUE,0.3729281767955801,0
128054,0,3.460000000000003,0.2300000000000002,3.690000000000003,0,TRUE,0.06233062330623307,0
128055,2.020000000000002,1.8700000000000017,0,1.8700000000000017,0,TRUE,0,0
128059,0.6700000000000006,3.220000000000003,0.07000000000000006,3.2900000000000027,0,TRUE,0.021276595744680854,0
128060,0,3.6800000000000033,0,3.6800000000000033,0,TRUE,0,0
128061,0,2.340000000000002,0,2.340000000000002,0,TRUE,0,0
128069,0,1.2900000000000011,0,1.2900000000000011,0,TRUE,0,0
128070,0,3.850000000000003,0.08000000000000007,3.9300000000000033,0,TRUE,0.020356234096692113,0
128071,0,3.180000000000003,0.09000000000000008,3.270000000000003,0,TRUE,0.027522935779816512,0
128072,0,3.350000000000003,0,3.350000000000003,0,TRUE,0,0
128073,0,2.8500000000000023,0,2.8500000000000023,0,TRUE,0,0
128074,0,3.4700000000000033,0,3.4700000000000033,0,TRUE,0,0
128075,0,3.350000000000003,0,3.350000000000003,0,TRUE,0,0
128076,0.5400000000000005,3.3300000000000027,0,3.3300000000000027,0,TRUE,0,0
128077,0.3400000000000003,3.540000000000003,0,3.540000000000003,0,TRUE,0,0
128078,2.420000000000002,1.5100000000000013,0,1.5100000000000013,0,TRUE,0,0
128092,0.07000000000000006,2.8700000000000028,0,2.8700000000000028,0,TRUE,0,0
128093,0.40000000000000036,3.0900000000000025,0,3.0900000000000025,0,TRUE,0,0
128094,1.4600000000000013,2.0100000000000016,0,2.0100000000000016,0,TRUE,0,0
128095,0.5000000000000004,1.180000000000001,0.8300000000000007,2.0100000000000016,0,TRUE,0.41293532338308464,0
128096,0,0.8100000000000007,0.2400000000000002,1.050000000000001,0,TRUE,0.22857142857142856,0
128344,0,2.150000000000002,0,2.150000000000002,0,TRUE,0,0
128345,0,3.410000000000003,0,3.410000000000003,0,TRUE,0,0
128346,0,2.5800000000000023,0,2.5800000000000023,0,TRUE,0,0
128348,0,2.500000000000002,0.4700000000000004,2.9700000000000024,0,TRUE,0.15824915824915825,0
128349,0.2200000000000002,2.5500000000000025,0.8600000000000008,3.410000000000003,0,TRUE,0.25219941348973607,0
128350,0.7600000000000007,2.6800000000000024,0.3100000000000003,2.990000000000003,0,TRUE,0.10367892976588627,0
128354,0,2.140000000000002,1.2900000000000011,3.4300000000000033,0,TRUE,0.3760932944606414,0
128355,0,3.8200000000000034,0,3.8200000000000034,0,TRUE,0,0
128356,0,3.9300000000000033,0,3.9300000000000033,0,TRUE,0,0
128363,0,1.110000000000001,0.5300000000000005,1.6400000000000015,0,TRUE,0.3231707317073171,0
128364,0,0.9100000000000008,0.7100000000000006,1.6200000000000014,0,TRUE,0.4382716049382716,0
128365,0,3.8300000000000036,0,3.8300000000000036,0,TRUE,0,0
128366,0,3.6800000000000033,0,3.6800000000000033,0,TRUE,0,0
128367,0,3.6600000000000033,0,3.6600000000000033,0,TRUE,0,0
128368,0,3.8400000000000034,0,3.8400000000000034,0,TRUE,0,0
128369,0,3.2100000000000026,0,3.2100000000000026,0,TRUE,0,0
128370,0,3.650000000000003,0,3.650000000000003,0,TRUE,0,0
128371,0,2.200000000000002,0,2.200000000000002,0,TRUE,0,0
128372,0,3.8700000000000037,0.010000000000000009,3.8800000000000034,0,TRUE,0.002577319587628866,0
128373,0.37000000000000033,1.5400000000000014,0.06000000000000005,1.6000000000000014,0,TRUE,0.0375,0
128383,2.230000000000002,1.210000000000001,0,1.210000000000001,0,TRUE,0,0
128386,2.5600000000000023,0.7900000000000007,0.3100000000000003,1.100000000000001,0,TRUE,0.2818181818181818,0
128387,0,3.450000000000003,0.010000000000000009,3.460000000000003,0,TRUE,0.002890173410404624,0
128388,0,3.420000000000003,0.3300000000000003,3.7500000000000036,0,TRUE,0.088,0
128389,0,2.6000000000000023,0.41000000000000036,3.0100000000000025,0,TRUE,0.1362126245847176,0
128390,0,1.4900000000000013,0.14000000000000012,1.6300000000000014,0,TRUE,0.08588957055214724,0
128640,0,3.650000000000003,0,3.650000000000003,0,TRUE,0,0
128641,0,4.0000000000000036,0,4.0000000000000036,0,TRUE,0,0
128642,0,3.420000000000003,0.1200000000000001,3.540000000000003,0,TRUE,0.03389830508474576,0
128643,0,3.4700000000000033,0,3.4700000000000033,0,TRUE,0,0
128644,0.1200000000000001,3.520000000000003,0.08000000000000007,3.600000000000003,0,TRUE,0.022222222222222223,0
128645,1.110000000000001,2.6700000000000026,0.1100000000000001,2.7800000000000025,0,TRUE,0.039568345323741004,0
128646,2.020000000000002,1.2800000000000011,0.15000000000000013,1.4300000000000013,0,TRUE,0.1048951048951049,0
128647,0.9800000000000009,0.49000000000000044,0.5600000000000005,1.050000000000001,0,TRUE,0.5333333333333333,1
128649,0.17000000000000015,0.9500000000000008,1.100000000000001,2.0500000000000016,0,TRUE,0.5365853658536586,1
128650,0,2.7600000000000025,0.3100000000000003,3.070000000000003,0,TRUE,0.1009771986970684,0
128651,0,3.580000000000003,0,3.580000000000003,0,TRUE,0,0
128655,0,0,1.200000000000001,1.200000000000001,0,TRUE,1,1
128658,0,3.530000000000003,0,3.530000000000003,0,TRUE,0,0
128659,0,3.030000000000003,0.3300000000000003,3.360000000000003,0,TRUE,0.09821428571428571,0
128660,0,3.0400000000000027,0,3.0400000000000027,0,TRUE,0,0
128661,0.27000000000000024,2.9700000000000024,0,2.9700000000000024,0,TRUE,0,0
128662,0.17000000000000015,3.450000000000003,0,3.450000000000003,0,TRUE,0,0
128663,0,3.9200000000000035,0,3.9200000000000035,0,TRUE,0,0
128664,0,3.360000000000003,0,3.360000000000003,0,TRUE,0,0
128665,0,3.580000000000003,0,3.580000000000003,0,TRUE,0,0
128666,0.8700000000000008,2.300000000000002,0,2.300000000000002,0,TRUE,0,0
128667,1.5700000000000014,1.140000000000001,0.07000000000000006,1.210000000000001,0,TRUE,0.05785123966942149,0
128678,2.300000000000002,1.130000000000001,0,1.130000000000001,0,TRUE,0,0
128681,0.9000000000000008,3.0500000000000025,0,3.0500000000000025,0,TRUE,0,0
128682,0,2.650000000000002,0.10000000000000009,2.7500000000000027,0,TRUE,0.03636363636363636,0
128683,0,3.140000000000003,0.38000000000000034,3.520000000000003,0,TRUE,0.10795454545454546,0
128684,0,2.8200000000000025,0,2.8200000000000025,0,TRUE,0,0
128935,0,1.7200000000000015,0,1.7200000000000015,0,TRUE,0,0
128936,0,3.1300000000000026,0.08000000000000007,3.2100000000000026,0,TRUE,0.024922118380062308,0
128937,0,2.370000000000002,1.170000000000001,3.540000000000003,0,TRUE,0.3305084745762712,0
128938,0,3.580000000000003,0.040000000000000036,3.620000000000003,0,TRUE,0.011049723756906077,0
128939,0,3.770000000000003,0,3.770000000000003,0,TRUE,0,0
128940,0,3.3300000000000027,0.2500000000000002,3.580000000000003,0,TRUE,0.06983240223463687,0
128941,0,1.3000000000000012,1.7100000000000015,3.0100000000000025,0,TRUE,0.5681063122923589,1
128942,0.5800000000000005,0.4400000000000004,1.5500000000000014,1.9900000000000018,0,TRUE,0.7788944723618091,1
128943,1.8400000000000016,0,1.4900000000000013,1.4900000000000013,0,TRUE,1,1
128944,2.1700000000000017,1.030000000000001,0,1.030000000000001,0,TRUE,0,0
128950,0,0,1.030000000000001,1.030000000000001,0,TRUE,1,1
128952,0,1.3000000000000012,0,1.3000000000000012,0,TRUE,0,0
128953,0,3.9400000000000035,0,3.9400000000000035,0,TRUE,0,0
128954,0,4.0000000000000036,0,4.0000000000000036,0,TRUE,0,0
128955,0,3.190000000000003,0,3.190000000000003,0,TRUE,0,0
128956,0,3.9500000000000037,0,3.9500000000000037,0,TRUE,0,0
128957,0,3.3300000000000027,0.39000000000000035,3.7200000000000033,0,TRUE,0.10483870967741936,0
128958,0,3.8900000000000032,0,3.8900000000000032,0,TRUE,0,0
128959,0,2.8400000000000025,0.010000000000000009,2.8500000000000023,0,TRUE,0.0035087719298245615,0
128960,1.9100000000000017,1.7200000000000015,0.15000000000000013,1.8700000000000017,0,TRUE,0.08021390374331551,0
128966,1.8000000000000016,1.8300000000000016,0,1.8300000000000016,0,TRUE,0,0
128974,2.140000000000002,0.9600000000000009,0.2300000000000002,1.190000000000001,0,TRUE,0.19327731092436976,0
128975,1.050000000000001,1.080000000000001,0.6700000000000006,1.7500000000000016,0,TRUE,0.38285714285714284,0
128976,0,3.150000000000003,0,3.150000000000003,0,TRUE,0,0
128977,0,3.270000000000003,0,3.270000000000003,0,TRUE,0,0
128978,0,2.8000000000000025,0,2.8000000000000025,0,TRUE,0,0
128979,0,1.230000000000001,0,1.230000000000001,0,TRUE,0,0
129230,0,1.160000000000001,1.6900000000000015,2.8500000000000023,0,TRUE,0.5929824561403509,1
129231,0,0.6900000000000006,1.240000000000001,1.9300000000000017,0,TRUE,0.6424870466321243,1
129232,0,2.500000000000002,0,2.500000000000002,0,TRUE,0,0
129233,0,1.6600000000000015,0,1.6600000000000015,0,TRUE,0,0
129234,0,3.190000000000003,0.2500000000000002,3.440000000000003,0,TRUE,0.07267441860465117,0
129235,0,3.560000000000003,0.040000000000000036,3.600000000000003,0,TRUE,0.011111111111111112,0
129236,0,3.530000000000003,0.27000000000000024,3.8000000000000034,0,TRUE,0.07105263157894737,0
129237,0,3.8600000000000034,0.010000000000000009,3.8700000000000037,0,TRUE,0.0025839793281653744,0
129238,0.20000000000000018,2.400000000000002,1.120000000000001,3.520000000000003,0,TRUE,0.3181818181818182,0
129239,1.6500000000000015,0.08000000000000007,1.6800000000000015,1.7600000000000016,0,TRUE,0.9545454545454546,1
129245,2.040000000000002,0.6700000000000006,0.5800000000000005,1.250000000000001,0,TRUE,0.464,0
129248,0,2.5600000000000023,0,2.5600000000000023,0,TRUE,0,0
129249,0,3.6600000000000033,0,3.6600000000000033,0,TRUE,0,0
129250,0,1.5800000000000014,0,1.5800000000000014,0,TRUE,0,0
129251,0,3.070000000000003,0,3.070000000000003,0,TRUE,0,0
129252,0,2.5600000000000023,0.39000000000000035,2.950000000000003,0,TRUE,0.13220338983050847,0
129253,0,3.2500000000000027,0,3.2500000000000027,0,TRUE,0,0
129254,0.8600000000000008,2.0900000000000016,0.49000000000000044,2.5800000000000023,0,TRUE,0.18992248062015504,0
129268,1.8900000000000017,1.0000000000000009,0.2100000000000002,1.210000000000001,0,TRUE,0.17355371900826447,0
129269,0,3.520000000000003,0,3.520000000000003,0,TRUE,0,0
129270,0,1.8000000000000016,0.6300000000000006,2.4300000000000024,0,TRUE,0.25925925925925924,0
129271,0,1.3200000000000012,1.5800000000000014,2.9000000000000026,0,TRUE,0.5448275862068965,1
129272,0,3.3300000000000027,0.030000000000000027,3.360000000000003,0,TRUE,0.008928571428571428,0
129273,0,2.410000000000002,0,2.410000000000002,0,TRUE,0,0
129527,0,2.8500000000000023,0.10000000000000009,2.950000000000003,0,TRUE,0.03389830508474576,0
129528,0,3.9800000000000035,0,3.9800000000000035,0,TRUE,0,0
129529,0,3.8000000000000034,0,3.8000000000000034,0,TRUE,0,0
129530,0,3.730000000000003,0,3.730000000000003,0,TRUE,0,0
129531,0,3.7100000000000035,0.19000000000000017,3.9000000000000035,0,TRUE,0.04871794871794872,0
129532,0,3.0500000000000025,0.8200000000000007,3.8700000000000037,0,TRUE,0.2118863049095607,0
129533,0,3.8400000000000034,0,3.8400000000000034,0,TRUE,0,0
129534,0,2.6400000000000023,0.2400000000000002,2.8800000000000026,0,TRUE,0.08333333333333333,0
129539,0,2.440000000000002,0,2.440000000000002,0,TRUE,0,0
129540,0.8700000000000008,2.410000000000002,0,2.410000000000002,0,TRUE,0,0
129543,2.9800000000000026,1.020000000000001,0,1.020000000000001,0,TRUE,0,0
129544,1.8800000000000017,2.120000000000002,0,2.120000000000002,0,TRUE,0,0
129545,0.13000000000000012,3.300000000000003,0,3.300000000000003,0,TRUE,0,0
129546,0,3.0000000000000027,0,3.0000000000000027,0,TRUE,0,0
129547,1.120000000000001,1.8100000000000016,0.17000000000000015,1.9800000000000018,0,TRUE,0.08585858585858586,0
129548,1.7900000000000016,1.230000000000001,0.2300000000000002,1.4600000000000013,0,TRUE,0.15753424657534246,0
129553,2.9300000000000024,1.060000000000001,0,1.060000000000001,0,TRUE,0,0
129557,1.8400000000000016,1.9900000000000018,0,1.9900000000000018,0,TRUE,0,0
129558,0,3.6400000000000032,0,3.6400000000000032,0,TRUE,0,0
129562,0.4600000000000004,3.1000000000000028,0,3.1000000000000028,0,TRUE,0,0
129563,0,3.810000000000003,0,3.810000000000003,0,TRUE,0,0
129564,0,3.810000000000003,0,3.810000000000003,0,TRUE,0,0
129565,0.07000000000000006,3.0200000000000027,0.30000000000000027,3.320000000000003,0,TRUE,0.09036144578313253,0
129566,0,2.7700000000000022,0.3600000000000003,3.1300000000000026,0,TRUE,0.11501597444089458,0
129567,0,3.7900000000000036,0.09000000000000008,3.8800000000000034,0,TRUE,0.023195876288659795,0
129568,0,1.4400000000000013,0,1.4400000000000013,0,TRUE,0,0
129823,0,2.500000000000002,1.230000000000001,3.730000000000003,0,TRUE,0.3297587131367292,0
129824,0,3.810000000000003,0,3.810000000000003,0,TRUE,0,0
129825,0,3.9000000000000035,0,3.9000000000000035,0,TRUE,0,0
129826,0,3.9900000000000038,0,3.9900000000000038,0,TRUE,0,0
129827,0,3.7200000000000033,0,3.7200000000000033,0,TRUE,0,0
129828,0,3.160000000000003,0.09000000000000008,3.2500000000000027,0,TRUE,0.027692307692307693,0
129829,0,3.8300000000000036,0,3.8300000000000036,0,TRUE,0,0
129840,2.7000000000000024,1.020000000000001,0,1.020000000000001,0,TRUE,0,0
129841,2.650000000000002,1.180000000000001,0,1.180000000000001,0,TRUE,0,0
129843,2.190000000000002,1.5000000000000013,0,1.5000000000000013,0,TRUE,0,0
129844,1.180000000000001,2.6700000000000026,0,2.6700000000000026,0,TRUE,0,0
129845,2.290000000000002,0.5200000000000005,0.8500000000000008,1.3700000000000012,0,TRUE,0.6204379562043796,1
129846,2.610000000000002,1.2600000000000011,0,1.2600000000000011,0,TRUE,0,0
129848,2.370000000000002,1.240000000000001,0,1.240000000000001,0,TRUE,0,0
129849,2.3900000000000023,1.6000000000000014,0,1.6000000000000014,0,TRUE,0,0
129852,1.160000000000001,0,1.2600000000000011,1.2600000000000011,0,TRUE,1,1
129853,2.0100000000000016,1.6900000000000015,0.20000000000000018,1.8900000000000017,0,TRUE,0.10582010582010581,0
129857,0.8100000000000007,1.3800000000000012,0,1.3800000000000012,0,TRUE,0,0
129860,0,2.370000000000002,0,2.370000000000002,0,TRUE,0,0
129861,0,3.8800000000000034,0,3.8800000000000034,0,TRUE,0,0
129862,0,2.6300000000000026,0,2.6300000000000026,0,TRUE,0,0
130118,0,3.260000000000003,0.5500000000000005,3.810000000000003,0,TRUE,0.14435695538057744,0
130119,0,2.9800000000000026,0,2.9800000000000026,0,TRUE,0,0
130120,0,2.5100000000000025,0,2.5100000000000025,0,TRUE,0,0
130121,0,2.9600000000000026,0.1200000000000001,3.0800000000000027,0,TRUE,0.03896103896103896,0
130122,0,1.6000000000000014,2.0500000000000016,3.650000000000003,0,TRUE,0.5616438356164384,1
130123,0,3.320000000000003,0.37000000000000033,3.690000000000003,0,TRUE,0.1002710027100271,0
130124,0,3.8400000000000034,0,3.8400000000000034,0,TRUE,0,0
130125,0,3.0400000000000027,0,3.0400000000000027,0,TRUE,0,0
130132,0,0.15000000000000013,0.9100000000000008,1.060000000000001,0,TRUE,0.8584905660377359,1
130138,0.7300000000000006,3.0600000000000027,0,3.0600000000000027,0,TRUE,0,0
130139,1.5100000000000013,2.330000000000002,0,2.330000000000002,0,TRUE,0,0
130144,2.7400000000000024,1.2600000000000011,0,1.2600000000000011,0,TRUE,0,0
130150,1.230000000000001,1.110000000000001,0,1.110000000000001,0,TRUE,0,0
130417,0,0,3.0400000000000027,3.0400000000000027,0,TRUE,1,1
130418,0,3.520000000000003,0.27000000000000024,3.7900000000000036,0,TRUE,0.07124010554089709,0
130419,0,3.9500000000000037,0,3.9500000000000037,0,TRUE,0,0
130420,0,2.330000000000002,0.2300000000000002,2.5600000000000023,0,TRUE,0.08984375,0
130421,0,1.4200000000000013,0.14000000000000012,1.5600000000000014,0,TRUE,0.08974358974358974,0
130422,0,1.8100000000000016,0,1.8100000000000016,0,TRUE,0,0
130423,0,1.3400000000000012,0,1.3400000000000012,0,TRUE,0,0
130429,0.7400000000000007,2.6000000000000023,0,2.6000000000000023,0,TRUE,0,0
130430,1.6100000000000014,1.7400000000000015,0.3400000000000003,2.080000000000002,0,TRUE,0.16346153846153846,0
130433,1.8300000000000016,1.9300000000000017,0,1.9300000000000017,0,TRUE,0,0
130434,2.7000000000000024,1.030000000000001,0,1.030000000000001,0,TRUE,0,0
130438,2.5600000000000023,1.4200000000000013,0,1.4200000000000013,0,TRUE,0,0
130444,0.7000000000000006,1.5300000000000014,0,1.5300000000000014,0,TRUE,0,0
130445,0,1.9700000000000017,0,1.9700000000000017,0,TRUE,0,0
130712,0.8000000000000007,0.050000000000000044,1.8300000000000016,1.8800000000000017,0,TRUE,0.973404255319149,1
130713,0.2200000000000002,3.0200000000000027,0.10000000000000009,3.1200000000000028,0,TRUE,0.03205128205128205,0
130714,0,3.8300000000000036,0,3.8300000000000036,0,TRUE,0,0
130715,0,2.080000000000002,0,2.080000000000002,0,TRUE,0,0
130716,0,3.3300000000000027,0,3.3300000000000027,0,TRUE,0,0
130717,0,3.9800000000000035,0,3.9800000000000035,0,TRUE,0,0
130718,0,3.410000000000003,0,3.410000000000003,0,TRUE,0,0
130719,0,1.6300000000000014,0,1.6300000000000014,0,TRUE,0,0
130733,2.290000000000002,1.6700000000000015,0,1.6700000000000015,0,TRUE,0,0
130734,2.5900000000000025,1.170000000000001,0,1.170000000000001,0,TRUE,0,0
130735,0.040000000000000036,2.6400000000000023,0.07000000000000006,2.7100000000000026,0,TRUE,0.025830258302583023,0
130736,0.4400000000000004,1.2900000000000011,0.8400000000000007,2.1300000000000017,0,TRUE,0.3943661971830986,0
130739,0.1100000000000001,2.2100000000000017,0,2.2100000000000017,0,TRUE,0,0
130740,0,3.5900000000000034,0,3.5900000000000034,0,TRUE,0,0
131008,0,1.4900000000000013,0.2300000000000002,1.7200000000000015,0,TRUE,0.13372093023255813,0
131009,0,2.290000000000002,0,2.290000000000002,0,TRUE,0,0
131010,0,3.730000000000003,0,3.730000000000003,0,TRUE,0,0
131011,0,3.9700000000000033,0,3.9700000000000033,0,TRUE,0,0
131012,0,2.9000000000000026,0,2.9000000000000026,0,TRUE,0,0
131013,0,1.7900000000000016,0,1.7900000000000016,0,TRUE,0,0
131014,0,3.270000000000003,0,3.270000000000003,0,TRUE,0,0
131015,0,3.410000000000003,0,3.410000000000003,0,TRUE,0,0
131016,0,2.260000000000002,0,2.260000000000002,0,TRUE,0,0
131019,1.8200000000000016,0.3200000000000003,1.3200000000000012,1.6400000000000015,0,TRUE,0.8048780487804879,1
131021,2.240000000000002,1.150000000000001,0.20000000000000018,1.3500000000000012,0,TRUE,0.14814814814814814,0
131024,1.6500000000000015,2.3100000000000023,0,2.3100000000000023,0,TRUE,0,0
131025,2.5900000000000025,1.3800000000000012,0,1.3800000000000012,0,TRUE,0,0
131028,1.040000000000001,2.5900000000000025,0,2.5900000000000025,0,TRUE,0,0
131029,0.6000000000000005,1.3100000000000012,0.7000000000000006,2.0100000000000016,0,TRUE,0.3482587064676617,0
131030,0,1.170000000000001,0.3600000000000003,1.5300000000000014,0,TRUE,0.23529411764705882,0
131031,0,2.7900000000000027,0.6600000000000006,3.450000000000003,0,TRUE,0.19130434782608696,0
131032,0.06000000000000005,2.9800000000000026,0,2.9800000000000026,0,TRUE,0,0
131033,0.010000000000000009,3.1300000000000026,0.5500000000000005,3.6800000000000033,0,TRUE,0.14945652173913043,0
131034,0.1200000000000001,3.0600000000000027,0.010000000000000009,3.070000000000003,0,TRUE,0.0032573289902280127,0
131035,0,1.2800000000000011,0.3600000000000003,1.6400000000000015,0,TRUE,0.21951219512195122,0
131309,0,1.7300000000000015,0,1.7300000000000015,0,TRUE,0,0
131310,0,1.3500000000000012,0,1.3500000000000012,0,TRUE,0,0
131311,0,1.140000000000001,0,1.140000000000001,0,TRUE,0,0
131312,0,2.7000000000000024,0,2.7000000000000024,0,TRUE,0,0
131313,0,1.3600000000000012,0.10000000000000009,1.4600000000000013,0,TRUE,0.0684931506849315,0
131317,2.0900000000000016,1.8600000000000017,0,1.8600000000000017,0,TRUE,0,0
131318,0.2400000000000002,2.400000000000002,0,2.400000000000002,0,TRUE,0,0
131319,0.13000000000000012,2.7400000000000024,0,2.7400000000000024,0,TRUE,0,0
131320,0.7600000000000007,2.3500000000000023,0,2.3500000000000023,0,TRUE,0,0
131323,0.6000000000000005,0.7600000000000007,0.7200000000000006,1.4800000000000013,0,TRUE,0.4864864864864865,0
131327,0.010000000000000009,1.230000000000001,0.020000000000000018,1.250000000000001,0,TRUE,0.016,0
131328,0.2300000000000002,2.110000000000002,0.1100000000000001,2.220000000000002,0,TRUE,0.04954954954954955,0
131329,1.5000000000000013,1.7800000000000016,0,1.7800000000000016,0,TRUE,0,0
131607,0,1.3700000000000012,0,1.3700000000000012,0,TRUE,0,0
131608,0,1.080000000000001,0,1.080000000000001,0,TRUE,0,0
131609,0,2.9700000000000024,0,2.9700000000000024,0,TRUE,0,0
131610,0.5000000000000004,1.6800000000000015,0,1.6800000000000015,0,TRUE,0,0
131611,0.5700000000000005,2.440000000000002,0,2.440000000000002,0,TRUE,0,0
131612,0,3.0600000000000027,0,3.0600000000000027,0,TRUE,0,0
131613,0,1.4200000000000013,0,1.4200000000000013,0,TRUE,0,0
131614,0,1.6700000000000015,0,1.6700000000000015,0,TRUE,0,0
131615,0.020000000000000018,3.0400000000000027,0,3.0400000000000027,0,TRUE,0,0
131619,0,1.3100000000000012,0.7000000000000006,2.0100000000000016,0,TRUE,0.3482587064676617,0
131620,1.0000000000000009,2.1700000000000017,0.13000000000000012,2.300000000000002,0,TRUE,0.05652173913043478,0
131622,1.8100000000000016,1.5300000000000014,0.14000000000000012,1.6700000000000015,0,TRUE,0.08383233532934131,0
131902,0,1.9500000000000017,0,1.9500000000000017,0,TRUE,0,0
131903,0,3.460000000000003,0,3.460000000000003,0,TRUE,0,0
131904,0.9200000000000008,2.9400000000000026,0,2.9400000000000026,0,TRUE,0,0
131910,0,1.110000000000001,0,1.110000000000001,0,TRUE,0,0
132197,0,3.6700000000000035,0.16000000000000014,3.8300000000000036,0,TRUE,0.04177545691906005,0
132198,0.2100000000000002,3.3900000000000032,0.18000000000000016,3.570000000000003,0,TRUE,0.05042016806722689,0
132199,1.3900000000000012,1.7500000000000016,0,1.7500000000000016,0,TRUE,0,0
132200,1.7600000000000016,1.160000000000001,0,1.160000000000001,0,TRUE,0,0
132201,0.5100000000000005,2.1300000000000017,0,2.1300000000000017,0,TRUE,0,0
132494,0,1.9400000000000017,0,1.9400000000000017,0,TRUE,0,0
132495,0.29000000000000026,3.0000000000000027,0,3.0000000000000027,0,TRUE,0,0
132496,0,3.270000000000003,0,3.270000000000003,0,TRUE,0,0
132497,0,2.7700000000000022,0,2.7700000000000022,0,TRUE,0,0
