coarse_cell_id,original_landuse,landuse,IsProductionForestCell,forest_rule_repair
2932,OpenWetRich,OpenWetRich,0,FALSE
3222,OpenWetRich,OpenWetRich,0,FALSE
3223,OpenWetRich,OpenWetRich,0,FALSE
3224,OpenWetRich,OpenWetRich,0,FALSE
3225,OpenWetRich,OpenWetRich,0,FALSE
3226,OpenWetRich,OpenWetRich,0,FALSE
3227,OpenWetRich,OpenWetRich,0,FALSE
3228,OpenWetRich,OpenWetRich,0,FALSE
3516,OpenWetRich,OpenWetRich,0,FALSE
3517,OpenWetRich,OpenWetRich,0,FALSE
3518,OpenWetRich,OpenWetRich,0,FALSE
3519,OpenWetRich,OpenWetRich,0,FALSE
3520,OpenWetRich,OpenWetRich,0,FALSE
3521,OpenWetRich,OpenWetRich,0,FALSE
3522,OpenWetRich,OpenWetRich,0,FALSE
3523,OpenWetRich,OpenWetRich,0,FALSE
3524,OpenWetRich,OpenWetRich,0,FALSE
3811,OpenWetRich,OpenWetRich,0,FALSE
3812,OpenWetRich,OpenWetRich,0,FALSE
3813,OpenWetRich,OpenWetRich,0,FALSE
3814,OpenWetRich,OpenWetRich,0,FALSE
3815,OpenWetRich,OpenWetRich,0,FALSE
3816,OpenWetRich,OpenWetRich,0,FALSE
3817,OpenWetRich,OpenWetRich,0,FALSE
3818,OpenWetRich,OpenWetRich,0,FALSE
3819,OpenWetRich,OpenWetRich,0,FALSE
4106,OpenWetRich,OpenWetRich,0,FALSE
4107,OpenWetRich,OpenWetRich,0,FALSE
4108,OpenWetRich,OpenWetRich,0,FALSE
4109,OpenWetRich,OpenWetRich,0,FALSE
4110,OpenWetRich,OpenWetRich,0,FALSE
4111,OpenWetRich,OpenWetRich,0,FALSE
4112,OpenWetRich,OpenWetRich,0,FALSE
4113,OpenWetRich,OpenWetRich,0,FALSE
4114,OpenWetRich,OpenWetRich,0,FALSE
4401,OpenWetRich,OpenWetRich,0,FALSE
4402,OpenWetRich,OpenWetRich,0,FALSE
4403,OpenWetRich,OpenWetRich,0,FALSE
4404,OpenWetRich,OpenWetRich,0,FALSE
4405,OpenWetRich,OpenWetRich,0,FALSE
4406,OpenWetRich,OpenWetRich,0,FALSE
4407,OpenWetRich,OpenWetRich,0,FALSE
4408,OpenWetRich,OpenWetRich,0,FALSE
4409,OpenWetRich,OpenWetRich,0,FALSE
4703,OpenWetRich,OpenWetRich,0,FALSE
4704,OpenWetRich,OpenWetRich,0,FALSE
4998,OpenWetRich,OpenWetRich,0,FALSE
5298,OpenWetRich,OpenWetRich,0,FALSE
5299,OpenWetRich,OpenWetRich,0,FALSE
5592,ForestWetRich,ForestWetRich,1,FALSE
5593,ForestWetRich,ForestWetRich,1,FALSE
5594,OpenWetRich,OpenWetRich,0,FALSE
5595,OpenWetRich,OpenWetRich,0,FALSE
5888,ForestWetRich,ForestWetRich,1,FALSE
5889,OpenWetRich,OpenWetRich,0,FALSE
5890,OpenWetRich,OpenWetRich,0,FALSE
5891,OpenWetRich,OpenWetRich,0,FALSE
6165,OpenWetRich,OpenWetRich,0,FALSE
6166,OpenWetRich,OpenWetRich,0,FALSE
6167,OpenWetRich,OpenWetRich,0,FALSE
6183,ForestWetRich,ForestWetRich,1,FALSE
6184,ForestWetRich,ForestWetRich,1,FALSE
6185,OpenWetRich,OpenWetRich,0,FALSE
6186,OpenWetRich,OpenWetRich,0,FALSE
6188,OpenWetRich,OpenWetRich,0,FALSE
6189,OpenWetRich,OpenWetRich,0,FALSE
6461,OpenWetRich,OpenWetRich,0,FALSE
6462,OpenWetRich,OpenWetRich,0,FALSE
6463,OpenWetRich,OpenWetRich,0,FALSE
6478,ForestWetRich,ForestWetRich,1,FALSE
6479,ForestWetRich,ForestWetRich,1,FALSE
6481,OpenWetRich,OpenWetRich,0,FALSE
6482,OpenWetRich,OpenWetRich,0,FALSE
6483,OpenWetRich,OpenWetRich,0,FALSE
6486,OpenWetRich,OpenWetRich,0,FALSE
6487,OpenWetRich,OpenWetRich,0,FALSE
6754,OpenWetRich,OpenWetRich,0,FALSE
6755,OpenWetRich,OpenWetRich,0,FALSE
6756,OpenWetRich,OpenWetRich,0,FALSE
6757,OpenWetRich,OpenWetRich,0,FALSE
6758,OpenWetRich,OpenWetRich,0,FALSE
6773,OpenWetRich,OpenWetRich,0,FALSE
6774,OpenWetRich,OpenWetRich,0,FALSE
6776,OpenWetRich,OpenWetRich,0,FALSE
6777,OpenWetRich,OpenWetRich,0,FALSE
6781,OpenWetRich,OpenWetRich,0,FALSE
7050,OpenWetRich,OpenWetRich,0,FALSE
7051,OpenWetRich,OpenWetRich,0,FALSE
7052,OpenWetRich,OpenWetRich,0,FALSE
7053,OpenWetRich,OpenWetRich,0,FALSE
7068,OpenWetRich,OpenWetRich,0,FALSE
7069,OpenWetRich,OpenWetRich,0,FALSE
7341,OpenDryPoor,OpenDryPoor,0,FALSE
7344,OpenWetRich,OpenWetRich,0,FALSE
7345,OpenWetRich,OpenWetRich,0,FALSE
7346,OpenWetRich,OpenWetRich,0,FALSE
7347,OpenWetRich,OpenWetRich,0,FALSE
7348,OpenWetRich,OpenWetRich,0,FALSE
7363,ForestWetPoor,ForestWetPoor,1,FALSE
7364,ForestWetPoor,ForestWetPoor,0,FALSE
7365,ForestWetPoor,ForestWetPoor,1,FALSE
7366,ForestWetPoor,ForestWetPoor,1,FALSE
7638,OpenWetRich,OpenWetRich,0,FALSE
7639,OpenWetRich,OpenWetRich,0,FALSE
7640,OpenWetRich,OpenWetRich,0,FALSE
7641,OpenWetRich,OpenWetRich,0,FALSE
7642,OpenWetRich,OpenWetRich,0,FALSE
7643,OpenWetRich,OpenWetRich,0,FALSE
7658,ForestWetPoor,ForestWetPoor,1,FALSE
7659,ForestWetPoor,ForestWetPoor,0,FALSE
7660,ForestWetPoor,ForestWetPoor,0,FALSE
7661,ForestWetPoor,ForestWetPoor,0,FALSE
7933,OpenWetRich,OpenWetRich,0,FALSE
7934,OpenWetRich,OpenWetRich,0,FALSE
7935,OpenWetRich,OpenWetRich,0,FALSE
7936,OpenWetRich,OpenWetRich,0,FALSE
7937,OpenWetRich,OpenWetRich,0,FALSE
7952,OpenWetRich,OpenWetRich,0,FALSE
7953,OpenDryPoor,OpenDryPoor,0,FALSE
7954,OpenDryPoor,OpenDryPoor,0,FALSE
7955,OpenDryPoor,OpenDryPoor,0,FALSE
7956,OpenDryPoor,OpenDryPoor,0,FALSE
8229,OpenWetRich,OpenWetRich,0,FALSE
8230,OpenWetRich,OpenWetRich,0,FALSE
8231,OpenWetRich,OpenWetRich,0,FALSE
8246,OpenWetRich,OpenWetRich,0,FALSE
8247,OpenWetRich,OpenWetRich,0,FALSE
8248,OpenDryPoor,OpenDryPoor,0,FALSE
8249,OpenDryPoor,OpenDryPoor,0,FALSE
8250,OpenDryPoor,OpenDryPoor,0,FALSE
8251,OpenDryPoor,OpenDryPoor,0,FALSE
8524,OpenWetRich,OpenWetRich,0,FALSE
8525,OpenWetRich,OpenWetRich,0,FALSE
8540,OpenWetRich,OpenWetRich,0,FALSE
8541,OpenWetRich,OpenWetRich,0,FALSE
8542,OpenWetRich,OpenWetRich,0,FALSE
8543,OpenDryPoor,OpenDryPoor,0,FALSE
8544,OpenDryPoor,OpenDryPoor,0,FALSE
8819,OpenWetRich,OpenWetRich,0,FALSE
8820,OpenWetRich,OpenWetRich,0,FALSE
8834,OpenWetRich,OpenWetRich,0,FALSE
8835,OpenWetRich,OpenWetRich,0,FALSE
8836,OpenWetRich,OpenWetRich,0,FALSE
8837,OpenWetRich,OpenWetRich,0,FALSE
8838,OpenDryPoor,OpenDryPoor,0,FALSE
8839,OpenDryPoor,OpenDryPoor,0,FALSE
9129,OpenWetRich,OpenWetRich,0,FALSE
9130,OpenWetRich,OpenWetRich,0,FALSE
9131,OpenWetRich,OpenWetRich,0,FALSE
9132,OpenWetRich,OpenWetRich,0,FALSE
9133,OpenDryPoor,OpenDryPoor,0,FALSE
9408,OpenWetRich,OpenWetRich,0,FALSE
9409,OpenWetRich,OpenWetRich,0,FALSE
9423,OpenWetRich,OpenWetRich,0,FALSE
9424,OpenWetRich,OpenWetRich,0,FALSE
9425,OpenWetRich,OpenWetRich,0,FALSE
9426,OpenDryPoor,OpenDryPoor,0,FALSE
9427,OpenWetRich,OpenWetRich,0,FALSE
9703,OpenWetRich,OpenWetRich,0,FALSE
9717,OpenWetRich,OpenWetRich,0,FALSE
9718,OpenWetRich,OpenWetRich,0,FALSE
9719,OpenWetRich,OpenWetRich,0,FALSE
9720,OpenWetRich,OpenWetRich,0,FALSE
10010,OpenWetRich,OpenWetRich,0,FALSE
10011,OpenWetRich,OpenWetRich,0,FALSE
10012,OpenWetRich,OpenWetRich,0,FALSE
10013,OpenWetRich,OpenWetRich,0,FALSE
10014,OpenWetRich,OpenWetRich,0,FALSE
10015,OpenDryPoor,OpenDryPoor,0,FALSE
10293,OpenWetRich,OpenWetRich,0,FALSE
10304,OpenWetRich,OpenWetRich,0,FALSE
10305,OpenWetRich,OpenWetRich,0,FALSE
10306,OpenWetRich,OpenWetRich,0,FALSE
10307,OpenWetRich,OpenWetRich,0,FALSE
10597,OpenWetRich,OpenWetRich,0,FALSE
10598,OpenWetRich,OpenWetRich,0,FALSE
10599,OpenWetRich,OpenWetRich,0,FALSE
10600,OpenWetRich,OpenWetRich,0,FALSE
10601,OpenWetRich,OpenWetRich,0,FALSE
10602,OpenWetRich,OpenWetRich,0,FALSE
10878,OpenWetRich,OpenWetRich,0,FALSE
10879,OpenWetRich,OpenWetRich,0,FALSE
10892,OpenWetRich,OpenWetRich,0,FALSE
10893,OpenWetRich,OpenWetRich,0,FALSE
10894,ForestWetPoor,ForestWetPoor,0,FALSE
10895,ForestWetPoor,ForestWetPoor,1,FALSE
10896,ForestWetPoor,ForestWetPoor,1,FALSE
10897,ForestWetPoor,ForestWetPoor,1,FALSE
11169,OpenDryPoor,OpenDryPoor,0,FALSE
11170,OpenWetRich,OpenWetRich,0,FALSE
11172,OpenWetRich,OpenWetRich,0,FALSE
11173,OpenWetRich,OpenWetRich,0,FALSE
11174,OpenWetRich,OpenWetRich,0,FALSE
11186,OpenWetRich,OpenWetRich,0,FALSE
11187,OpenWetRich,OpenWetRich,0,FALSE
11188,OpenWetRich,OpenWetRich,0,FALSE
11189,ForestWetPoor,ForestWetPoor,1,FALSE
11190,ForestWetPoor,ForestWetPoor,1,FALSE
11191,ForestWetPoor,ForestWetPoor,1,FALSE
11464,OpenWetRich,OpenWetRich,0,FALSE
11465,OpenWetRich,OpenWetRich,0,FALSE
11466,OpenWetRich,OpenWetRich,0,FALSE
11467,OpenWetRich,OpenWetRich,0,FALSE
11468,OpenWetRich,OpenWetRich,0,FALSE
11481,OpenWetRich,OpenWetRich,0,FALSE
11482,OpenWetRich,OpenWetRich,0,FALSE
11483,OpenWetRich,OpenWetRich,0,FALSE
11484,ForestWetPoor,ForestWetPoor,1,FALSE
11485,ForestWetPoor,ForestWetPoor,0,FALSE
11486,ForestWetPoor,ForestWetPoor,1,FALSE
11487,ForestWetPoor,ForestWetPoor,1,FALSE
11757,OpenWetRich,OpenWetRich,0,FALSE
11758,OpenWetRich,OpenWetRich,0,FALSE
11759,OpenWetRich,OpenWetRich,0,FALSE
11761,OpenWetRich,OpenWetRich,0,FALSE
11762,OpenWetRich,OpenWetRich,0,FALSE
11763,OpenWetRich,OpenWetRich,0,FALSE
11775,OpenWetRich,OpenWetRich,0,FALSE
11776,OpenWetRich,OpenWetRich,0,FALSE
11777,OpenWetRich,OpenWetRich,0,FALSE
11778,OpenWetRich,OpenWetRich,0,FALSE
11779,ForestWetPoor,ForestWetPoor,1,FALSE
12051,OpenWetRich,OpenWetRich,0,FALSE
12053,OpenWetRich,OpenWetRich,0,FALSE
12054,OpenWetRich,OpenWetRich,0,FALSE
12055,OpenWetRich,OpenWetRich,0,FALSE
12056,OpenWetRich,OpenWetRich,0,FALSE
12070,OpenWetRich,OpenWetRich,0,FALSE
12071,OpenWetRich,OpenWetRich,0,FALSE
12072,OpenWetRich,OpenWetRich,0,FALSE
12073,OpenWetRich,OpenWetRich,0,FALSE
12346,OpenWetRich,OpenWetRich,0,FALSE
12348,OpenWetRich,OpenWetRich,0,FALSE
12349,OpenWetRich,OpenWetRich,0,FALSE
12350,OpenWetRich,OpenWetRich,0,FALSE
12351,OpenWetRich,OpenWetRich,0,FALSE
12364,OpenWetRich,OpenWetRich,0,FALSE
12365,OpenWetRich,OpenWetRich,0,FALSE
12366,OpenWetRich,OpenWetRich,0,FALSE
12367,OpenWetRich,OpenWetRich,0,FALSE
12368,OpenWetRich,OpenWetRich,0,FALSE
12640,OpenDryPoor,OpenDryPoor,0,FALSE
12641,OpenWetRich,OpenWetRich,0,FALSE
12642,OpenWetRich,OpenWetRich,0,FALSE
12643,OpenWetRich,OpenWetRich,0,FALSE
12644,OpenWetRich,OpenWetRich,0,FALSE
12645,OpenWetRich,OpenWetRich,0,FALSE
12646,OpenWetRich,OpenWetRich,0,FALSE
12647,OpenWetRich,OpenWetRich,0,FALSE
12648,OpenWetRich,OpenWetRich,0,FALSE
12658,OpenWetRich,OpenWetRich,0,FALSE
12659,OpenWetRich,OpenWetRich,0,FALSE
12661,OpenWetRich,OpenWetRich,0,FALSE
12662,OpenWetRich,OpenWetRich,0,FALSE
12935,OpenDryPoor,OpenDryPoor,0,FALSE
12937,OpenWetRich,OpenWetRich,0,FALSE
12938,OpenWetRich,OpenWetRich,0,FALSE
12939,OpenWetRich,OpenWetRich,0,FALSE
12940,OpenWetRich,OpenWetRich,0,FALSE
12941,OpenWetRich,OpenWetRich,0,FALSE
12942,OpenWetRich,OpenWetRich,0,FALSE
12943,OpenWetRich,OpenWetRich,0,FALSE
12944,OpenWetRich,OpenWetRich,0,FALSE
12952,OpenWetRich,OpenWetRich,0,FALSE
12953,OpenWetRich,OpenWetRich,0,FALSE
12954,OpenWetRich,OpenWetRich,0,FALSE
12955,OpenWetRich,OpenWetRich,0,FALSE
12956,OpenWetRich,OpenWetRich,0,FALSE
12957,OpenWetRich,OpenWetRich,0,FALSE
13234,OpenDryPoor,OpenDryPoor,0,FALSE
13235,OpenWetRich,OpenWetRich,0,FALSE
13236,OpenWetRich,OpenWetRich,0,FALSE
13237,OpenWetRich,OpenWetRich,0,FALSE
13239,OpenWetRich,OpenWetRich,0,FALSE
13247,OpenWetRich,OpenWetRich,0,FALSE
13248,OpenWetRich,OpenWetRich,0,FALSE
13249,OpenWetRich,OpenWetRich,0,FALSE
13250,OpenWetRich,OpenWetRich,0,FALSE
13251,OpenWetRich,OpenWetRich,0,FALSE
13252,OpenWetRich,OpenWetRich,0,FALSE
13254,OpenDryPoor,OpenDryPoor,0,FALSE
13527,ForestDryRich,ForestDryRich,1,FALSE
13528,OpenDryPoor,OpenDryPoor,0,FALSE
13529,OpenDryPoor,OpenDryPoor,0,FALSE
13530,OpenWetRich,OpenWetRich,0,FALSE
13531,OpenWetRich,OpenWetRich,0,FALSE
13532,OpenWetRich,OpenWetRich,0,FALSE
13543,OpenWetRich,OpenWetRich,0,FALSE
13544,OpenWetRich,OpenWetRich,0,FALSE
13545,OpenWetRich,OpenWetRich,0,FALSE
13546,OpenWetRich,OpenWetRich,0,FALSE
13547,OpenWetRich,OpenWetRich,0,FALSE
13549,OpenDryPoor,OpenDryPoor,0,FALSE
13822,ForestDryRich,ForestDryRich,1,FALSE
13823,OpenDryPoor,OpenDryPoor,0,FALSE
13824,OpenDryPoor,OpenDryPoor,0,FALSE
13825,OpenWetRich,OpenWetRich,0,FALSE
13826,OpenWetRich,OpenWetRich,0,FALSE
14118,OpenDryPoor,OpenDryPoor,0,FALSE
14119,OpenDryPoor,OpenDryPoor,0,FALSE
14120,OpenWetRich,OpenWetRich,0,FALSE
14121,OpenWetRich,OpenWetRich,0,FALSE
14413,OpenDryPoor,OpenDryPoor,0,FALSE
14416,OpenWetRich,OpenWetRich,0,FALSE
14708,OpenDryPoor,OpenDryPoor,0,FALSE
15003,OpenDryPoor,OpenDryPoor,0,FALSE
15023,ForestDryRich,ForestDryRich,0,FALSE
15317,OpenDryPoor,OpenDryPoor,0,FALSE
15593,OpenWetRich,OpenWetRich,0,FALSE
15594,OpenWetRich,OpenWetRich,0,FALSE
15595,OpenWetRich,OpenWetRich,0,FALSE
15610,OpenWetRich,OpenWetRich,0,FALSE
15611,OpenWetRich,OpenWetRich,0,FALSE
15612,OpenDryPoor,OpenDryPoor,0,FALSE
15888,OpenWetRich,OpenWetRich,0,FALSE
15890,OpenWetRich,OpenWetRich,0,FALSE
15896,OpenDryPoor,OpenDryPoor,0,FALSE
15897,OpenDryPoor,OpenDryPoor,0,FALSE
15905,OpenWetRich,OpenWetRich,0,FALSE
15906,OpenWetRich,OpenWetRich,0,FALSE
15907,OpenDryPoor,OpenDryPoor,0,FALSE
16180,OpenWetRich,OpenWetRich,0,FALSE
16181,OpenWetRich,OpenWetRich,0,FALSE
16183,OpenWetRich,OpenWetRich,0,FALSE
16184,OpenWetRich,OpenWetRich,0,FALSE
16185,OpenDryPoor,OpenDryPoor,0,FALSE
16191,OpenDryPoor,OpenDryPoor,0,FALSE
16192,OpenDryPoor,OpenDryPoor,0,FALSE
16200,OpenWetRich,OpenWetRich,0,FALSE
16201,OpenDryPoor,OpenDryPoor,0,FALSE
16202,OpenDryPoor,OpenDryPoor,0,FALSE
16475,OpenWetRich,OpenWetRich,0,FALSE
16476,OpenWetRich,OpenWetRich,0,FALSE
16477,OpenWetRich,OpenWetRich,0,FALSE
16478,OpenWetRich,OpenWetRich,0,FALSE
16479,OpenWetRich,OpenWetRich,0,FALSE
16480,OpenWetRich,OpenWetRich,0,FALSE
16491,OpenWetRich,OpenWetRich,0,FALSE
16495,OpenWetRich,OpenWetRich,0,FALSE
16496,OpenWetRich,OpenWetRich,0,FALSE
16768,OpenWetRich,OpenWetRich,0,FALSE
16769,ForestDryRich,ForestDryRich,1,FALSE
16770,OpenWetRich,OpenWetRich,0,FALSE
16771,OpenWetRich,OpenWetRich,0,FALSE
16772,OpenWetRich,OpenWetRich,0,FALSE
16773,OpenWetRich,OpenWetRich,0,FALSE
16774,ForestWetRich,ForestWetRich,1,FALSE
16786,OpenWetRich,OpenWetRich,0,FALSE
16790,OpenWetRich,OpenWetRich,0,FALSE
17063,OpenWetRich,OpenWetRich,0,FALSE
17064,OpenWetRich,OpenWetRich,0,FALSE
17065,OpenWetRich,OpenWetRich,0,FALSE
17066,OpenWetRich,OpenWetRich,0,FALSE
17067,OpenWetRich,OpenWetRich,0,FALSE
17068,OpenWetRich,OpenWetRich,0,FALSE
17069,OpenWetRich,OpenWetRich,0,FALSE
17085,OpenDryPoor,OpenDryPoor,0,FALSE
17358,OpenWetRich,OpenWetRich,0,FALSE
17359,OpenWetRich,OpenWetRich,0,FALSE
17360,OpenWetRich,OpenWetRich,0,FALSE
17361,OpenWetRich,OpenWetRich,0,FALSE
17362,OpenWetRich,OpenWetRich,0,FALSE
17363,OpenWetRich,OpenWetRich,0,FALSE
17364,OpenWetRich,OpenWetRich,0,FALSE
17365,OpenWetRich,OpenWetRich,0,FALSE
17659,OpenWetRich,OpenWetRich,0,FALSE
17660,OpenWetRich,OpenWetRich,0,FALSE
17661,OpenWetRich,OpenWetRich,0,FALSE
17955,OpenWetRich,OpenWetRich,0,FALSE
17956,OpenWetRich,OpenWetRich,0,FALSE
18250,OpenWetRich,OpenWetRich,0,FALSE
18545,OpenWetRich,OpenWetRich,0,FALSE
18841,OpenWetRich,OpenWetRich,0,FALSE
18846,ForestWetPoor,ForestWetPoor,0,FALSE
18847,ForestWetPoor,ForestWetPoor,0,FALSE
18848,ForestWetPoor,ForestWetPoor,0,FALSE
18849,ForestWetPoor,ForestWetPoor,1,FALSE
18850,ForestWetPoor,ForestWetPoor,0,FALSE
19135,OpenWetRich,OpenWetRich,0,FALSE
19136,OpenWetRich,OpenWetRich,0,FALSE
19141,ForestWetPoor,ForestWetPoor,0,FALSE
19142,ForestWetPoor,ForestWetPoor,0,FALSE
19143,ForestWetPoor,ForestWetPoor,1,FALSE
19144,ForestWetPoor,ForestWetPoor,0,FALSE
19429,ForestDryRich,ForestDryRich,1,FALSE
19430,OpenWetRich,OpenWetRich,0,FALSE
19431,OpenWetRich,OpenWetRich,0,FALSE
19438,ForestWetPoor,ForestWetPoor,0,FALSE
19439,ForestWetPoor,ForestWetPoor,0,FALSE
19725,OpenWetRich,OpenWetRich,0,FALSE
19726,OpenWetRich,OpenWetRich,0,FALSE
19732,OpenWetRich,OpenWetRich,0,FALSE
19733,OpenWetRich,OpenWetRich,0,FALSE
20020,OpenWetRich,OpenWetRich,0,FALSE
20021,OpenWetRich,OpenWetRich,0,FALSE
20022,OpenWetRich,OpenWetRich,0,FALSE
20023,OpenWetRich,OpenWetRich,0,FALSE
20027,OpenWetRich,OpenWetRich,0,FALSE
20028,OpenWetRich,OpenWetRich,0,FALSE
20029,OpenWetRich,OpenWetRich,0,FALSE
20311,ForestWetRich,ForestWetRich,1,FALSE
20312,ForestWetRich,ForestWetRich,1,FALSE
20313,ForestWetRich,ForestWetRich,1,FALSE
20314,ForestWetRich,ForestWetRich,0,FALSE
20315,OpenWetRich,OpenWetRich,0,FALSE
20316,OpenWetRich,OpenWetRich,0,FALSE
20317,OpenWetRich,OpenWetRich,0,FALSE
20322,OpenWetRich,OpenWetRich,0,FALSE
20323,OpenWetRich,OpenWetRich,0,FALSE
20324,OpenWetRich,OpenWetRich,0,FALSE
20325,OpenWetRich,OpenWetRich,0,FALSE
20604,ForestWetRich,ForestWetRich,1,FALSE
20605,ForestWetRich,ForestWetRich,1,FALSE
20606,ForestWetRich,ForestWetRich,1,FALSE
20607,ForestWetRich,ForestWetRich,1,FALSE
20608,ForestWetRich,ForestWetRich,1,FALSE
20609,ForestWetRich,ForestWetRich,0,FALSE
20611,OpenWetRich,OpenWetRich,0,FALSE
20612,OpenWetRich,OpenWetRich,0,FALSE
20613,OpenWetRich,OpenWetRich,0,FALSE
20617,OpenWetRich,OpenWetRich,0,FALSE
20618,OpenWetRich,OpenWetRich,0,FALSE
20619,OpenWetRich,OpenWetRich,0,FALSE
20620,OpenWetRich,OpenWetRich,0,FALSE
20899,ForestWetRich,ForestWetRich,1,FALSE
20900,ForestWetRich,ForestWetRich,1,FALSE
20903,ForestWetRich,ForestWetRich,0,FALSE
20904,ForestWetRich,ForestWetRich,0,FALSE
20906,OpenWetRich,OpenWetRich,0,FALSE
20907,OpenWetRich,OpenWetRich,0,FALSE
20908,OpenWetRich,OpenWetRich,0,FALSE
20913,OpenWetRich,OpenWetRich,0,FALSE
20914,OpenWetRich,OpenWetRich,0,FALSE
20915,OpenWetRich,OpenWetRich,0,FALSE
20916,OpenWetRich,OpenWetRich,0,FALSE
20917,OpenWetRich,OpenWetRich,0,FALSE
21195,ForestWetRich,ForestWetRich,1,FALSE
21198,ForestWetRich,ForestWetRich,0,FALSE
21199,ForestWetRich,ForestWetRich,0,FALSE
21203,OpenWetRich,OpenWetRich,0,FALSE
21208,OpenWetRich,OpenWetRich,0,FALSE
21209,OpenWetRich,OpenWetRich,0,FALSE
21210,OpenWetRich,OpenWetRich,0,FALSE
21211,OpenWetRich,OpenWetRich,0,FALSE
21490,ForestWetRich,ForestWetRich,1,FALSE
21491,ForestWetRich,ForestWetRich,1,FALSE
21492,ForestWetRich,ForestWetRich,1,FALSE
21493,ForestWetRich,ForestWetRich,0,FALSE
21494,ForestWetRich,ForestWetRich,0,FALSE
21498,OpenWetRich,OpenWetRich,0,FALSE
21503,OpenWetRich,OpenWetRich,0,FALSE
21504,OpenWetRich,OpenWetRich,0,FALSE
21505,OpenWetRich,OpenWetRich,0,FALSE
21506,OpenWetRich,OpenWetRich,0,FALSE
21786,ForestWetRich,ForestWetRich,1,FALSE
21787,ForestWetRich,ForestWetRich,1,FALSE
21788,ForestWetRich,ForestWetRich,0,FALSE
21789,ForestWetRich,ForestWetRich,0,FALSE
21793,OpenWetRich,OpenWetRich,0,FALSE
22081,ForestWetRich,ForestWetRich,1,FALSE
22082,ForestWetRich,ForestWetRich,1,FALSE
22083,ForestWetRich,ForestWetRich,0,FALSE
22084,ForestWetRich,ForestWetRich,0,FALSE
22088,OpenWetRich,OpenWetRich,0,FALSE
22377,ForestWetRich,ForestWetRich,0,FALSE
22378,ForestWetRich,ForestWetRich,0,FALSE
22379,ForestWetRich,ForestWetRich,0,FALSE
22383,OpenWetRich,OpenWetRich,0,FALSE
22406,OpenWetRich,OpenWetRich,0,FALSE
22672,ForestWetRich,ForestWetRich,0,FALSE
22673,ForestWetRich,ForestWetRich,0,FALSE
22678,OpenWetRich,OpenWetRich,0,FALSE
22691,ForestWetPoor,ForestWetPoor,0,FALSE
22692,ForestWetPoor,ForestWetPoor,0,FALSE
22693,ForestWetPoor,ForestWetPoor,0,FALSE
22694,ForestWetPoor,ForestWetPoor,0,FALSE
22695,ForestWetPoor,ForestWetPoor,0,FALSE
22696,ForestWetPoor,ForestWetPoor,0,FALSE
22697,ForestWetPoor,ForestWetPoor,0,FALSE
22698,ForestWetPoor,ForestWetPoor,0,FALSE
22699,ForestWetPoor,ForestWetPoor,0,FALSE
22701,OpenWetRich,OpenWetRich,0,FALSE
22966,ForestWetRich,ForestWetRich,1,FALSE
22967,ForestWetRich,ForestWetRich,0,FALSE
22968,ForestWetRich,ForestWetRich,0,FALSE
22973,OpenWetRich,OpenWetRich,0,FALSE
22986,ForestWetPoor,ForestWetPoor,0,FALSE
22987,ForestWetPoor,ForestWetPoor,0,FALSE
22988,ForestWetPoor,ForestWetPoor,0,FALSE
22989,ForestWetPoor,ForestWetPoor,0,FALSE
22990,ForestWetPoor,ForestWetPoor,0,FALSE
22991,ForestWetPoor,ForestWetPoor,0,FALSE
22992,ForestWetPoor,ForestWetPoor,0,FALSE
22993,ForestWetPoor,ForestWetPoor,0,FALSE
22994,ForestWetPoor,ForestWetPoor,0,FALSE
23260,ForestWetRich,ForestWetRich,1,FALSE
23261,ForestWetRich,ForestWetRich,1,FALSE
23262,ForestWetRich,ForestWetRich,0,FALSE
23263,ForestWetRich,ForestWetRich,0,FALSE
23274,OpenWetRich,OpenWetRich,0,FALSE
23281,OpenDryPoor,OpenDryPoor,0,FALSE
23282,OpenDryPoor,OpenDryPoor,0,FALSE
23554,ForestWetRich,ForestWetRich,1,FALSE
23555,ForestWetRich,ForestWetRich,1,FALSE
23556,ForestWetRich,ForestWetRich,1,FALSE
23557,ForestWetRich,ForestWetRich,0,FALSE
23558,ForestWetRich,ForestWetRich,0,FALSE
23569,OpenWetRich,OpenWetRich,0,FALSE
23570,OpenWetRich,OpenWetRich,0,FALSE
23576,OpenDryPoor,OpenDryPoor,0,FALSE
23850,ForestWetRich,ForestWetRich,1,FALSE
23851,ForestWetRich,ForestWetRich,1,FALSE
23852,ForestWetRich,ForestWetRich,1,FALSE
23853,ForestWetRich,ForestWetRich,1,FALSE
23857,OpenWetRich,OpenWetRich,0,FALSE
23864,OpenWetRich,OpenWetRich,0,FALSE
23865,OpenWetRich,OpenWetRich,0,FALSE
23871,OpenDryPoor,OpenDryPoor,0,FALSE
23872,OpenDryPoor,OpenDryPoor,0,FALSE
23873,OpenDryPoor,OpenDryPoor,0,FALSE
23874,OpenDryPoor,OpenDryPoor,0,FALSE
23875,OpenDryPoor,OpenDryPoor,0,FALSE
23876,OpenDryPoor,OpenDryPoor,0,FALSE
23877,OpenDryPoor,OpenDryPoor,0,FALSE
23878,OpenDryPoor,OpenDryPoor,0,FALSE
23879,OpenDryPoor,OpenDryPoor,0,FALSE
23880,OpenDryPoor,OpenDryPoor,0,FALSE
24146,ForestWetRich,ForestWetRich,1,FALSE
24147,ForestWetRich,ForestWetRich,1,FALSE
24148,ForestWetRich,ForestWetRich,1,FALSE
24158,OpenWetRich,OpenWetRich,0,FALSE
24159,OpenWetRich,OpenWetRich,0,FALSE
24160,OpenWetRich,OpenWetRich,0,FALSE
24167,OpenDryPoor,OpenDryPoor,0,FALSE
24168,OpenDryPoor,OpenDryPoor,0,FALSE
24169,OpenDryPoor,OpenDryPoor,0,FALSE
24441,ForestWetRich,ForestWetRich,1,FALSE
24442,ForestWetRich,ForestWetRich,1,FALSE
24443,ForestWetRich,ForestWetRich,1,FALSE
24453,OpenWetRich,OpenWetRich,0,FALSE
24454,OpenWetRich,OpenWetRich,0,FALSE
24736,ForestWetRich,ForestWetRich,1,FALSE
24737,ForestWetRich,ForestWetRich,1,FALSE
24738,ForestWetRich,ForestWetRich,1,FALSE
24992,ForestDryRich,ForestDryRich,1,FALSE
24993,ForestDryRich,ForestDryRich,1,FALSE
24994,OpenDryPoor,OpenDryPoor,0,FALSE
25022,ForestWetRich,ForestWetRich,1,FALSE
25031,ForestWetRich,ForestWetRich,1,FALSE
25032,ForestWetRich,ForestWetRich,1,FALSE
25033,ForestWetRich,ForestWetRich,1,FALSE
25034,OpenWetRich,OpenWetRich,0,FALSE
25035,OpenWetRich,OpenWetRich,0,FALSE
25287,ForestDryRich,ForestDryRich,1,FALSE
25288,ForestDryRich,ForestDryRich,1,FALSE
25289,OpenDryPoor,OpenDryPoor,0,FALSE
25313,OpenDryPoor,OpenDryPoor,0,FALSE
25318,OpenWetRich,OpenWetRich,0,FALSE
25321,ForestWetRich,ForestWetRich,1,FALSE
25322,ForestWetRich,ForestWetRich,1,FALSE
25323,ForestWetRich,ForestWetRich,1,FALSE
25325,ForestWetRich,ForestWetRich,0,FALSE
25326,ForestWetRich,ForestWetRich,1,FALSE
25327,ForestWetRich,ForestWetRich,1,FALSE
25328,OpenWetRich,OpenWetRich,0,FALSE
25329,OpenWetRich,OpenWetRich,0,FALSE
25330,OpenWetRich,OpenWetRich,0,FALSE
25355,ForestWetPoor,ForestWetPoor,0,FALSE
25356,ForestWetPoor,ForestWetPoor,0,FALSE
25363,ForestWetPoor,ForestWetPoor,0,FALSE
25364,ForestWetPoor,ForestWetPoor,0,FALSE
25365,ForestWetPoor,ForestWetPoor,0,FALSE
25583,ForestDryRich,ForestDryRich,1,FALSE
25584,ForestDryRich,ForestDryRich,0,FALSE
25603,OpenWetRich,OpenWetRich,0,FALSE
25604,OpenWetRich,OpenWetRich,0,FALSE
25606,OpenWetRich,OpenWetRich,0,FALSE
25607,OpenWetRich,OpenWetRich,0,FALSE
25611,OpenWetRich,OpenWetRich,0,FALSE
25612,OpenWetRich,OpenWetRich,0,FALSE
25613,OpenWetRich,OpenWetRich,0,FALSE
25617,ForestWetRich,ForestWetRich,0,FALSE
25618,ForestWetRich,ForestWetRich,0,FALSE
25619,ForestWetRich,ForestWetRich,0,FALSE
25620,ForestWetRich,ForestWetRich,0,FALSE
25621,ForestWetRich,ForestWetRich,0,FALSE
25622,ForestWetRich,ForestWetRich,0,FALSE
25623,OpenWetRich,OpenWetRich,0,FALSE
25624,OpenWetRich,OpenWetRich,0,FALSE
25625,OpenWetRich,OpenWetRich,0,FALSE
25648,ForestWetPoor,ForestWetPoor,0,FALSE
25649,ForestWetPoor,ForestWetPoor,0,FALSE
25650,ForestWetPoor,ForestWetPoor,0,FALSE
25651,ForestWetPoor,ForestWetPoor,0,FALSE
25652,ForestWetPoor,ForestWetPoor,0,FALSE
25653,ForestWetPoor,ForestWetPoor,0,FALSE
25654,ForestWetPoor,ForestWetPoor,0,FALSE
25655,ForestWetPoor,ForestWetPoor,0,FALSE
25657,ForestWetPoor,ForestWetPoor,0,FALSE
25658,ForestWetPoor,ForestWetPoor,0,FALSE
25659,ForestWetPoor,ForestWetPoor,0,FALSE
25660,ForestWetPoor,ForestWetPoor,0,FALSE
25877,ForestDryRich,ForestDryRich,0,FALSE
25878,ForestDryRich,ForestDryRich,0,FALSE
25879,ForestDryRich,ForestDryRich,0,FALSE
25899,OpenWetRich,OpenWetRich,0,FALSE
25900,OpenWetRich,OpenWetRich,0,FALSE
25901,OpenWetRich,OpenWetRich,0,FALSE
25902,OpenWetRich,OpenWetRich,0,FALSE
25903,OpenWetRich,OpenWetRich,0,FALSE
25904,OpenWetRich,OpenWetRich,0,FALSE
25905,OpenWetRich,OpenWetRich,0,FALSE
25906,OpenWetRich,OpenWetRich,0,FALSE
25907,OpenWetRich,OpenWetRich,0,FALSE
25912,ForestWetRich,ForestWetRich,0,FALSE
25913,ForestWetRich,ForestWetRich,0,FALSE
25914,ForestWetRich,ForestWetRich,0,FALSE
25915,ForestWetRich,ForestWetRich,0,FALSE
25916,ForestWetRich,ForestWetRich,0,FALSE
25917,ForestWetRich,ForestWetRich,0,FALSE
25918,OpenWetRich,OpenWetRich,0,FALSE
25919,OpenWetRich,OpenWetRich,0,FALSE
25920,OpenWetRich,OpenWetRich,0,FALSE
25943,ForestWetPoor,ForestWetPoor,0,FALSE
25944,ForestWetPoor,ForestWetPoor,0,FALSE
25945,ForestWetPoor,ForestWetPoor,0,FALSE
25946,ForestWetPoor,ForestWetPoor,0,FALSE
25947,ForestWetPoor,ForestWetPoor,0,FALSE
25948,ForestWetPoor,ForestWetPoor,0,FALSE
25949,ForestWetPoor,ForestWetPoor,0,FALSE
25950,ForestWetPoor,ForestWetPoor,0,FALSE
25951,ForestWetPoor,ForestWetPoor,0,FALSE
25952,ForestWetPoor,ForestWetPoor,0,FALSE
25953,ForestWetPoor,ForestWetPoor,0,FALSE
25954,ForestWetPoor,ForestWetPoor,0,FALSE
25955,ForestWetPoor,ForestWetPoor,0,FALSE
25956,ForestWetPoor,ForestWetPoor,0,FALSE
26172,ForestDryRich,ForestDryRich,0,FALSE
26173,ForestDryRich,ForestDryRich,0,FALSE
26193,OpenWetRich,OpenWetRich,0,FALSE
26194,OpenWetRich,OpenWetRich,0,FALSE
26195,OpenWetRich,OpenWetRich,0,FALSE
26196,OpenWetRich,OpenWetRich,0,FALSE
26197,OpenWetRich,OpenWetRich,0,FALSE
26198,OpenWetRich,OpenWetRich,0,FALSE
26199,OpenWetRich,OpenWetRich,0,FALSE
26200,OpenWetRich,OpenWetRich,0,FALSE
26201,OpenWetRich,OpenWetRich,0,FALSE
26212,OpenWetRich,OpenWetRich,0,FALSE
26213,OpenWetRich,OpenWetRich,0,FALSE
26214,OpenWetRich,OpenWetRich,0,FALSE
26215,OpenWetRich,OpenWetRich,0,FALSE
26238,ForestWetPoor,ForestWetPoor,0,FALSE
26239,ForestWetPoor,ForestWetPoor,0,FALSE
26240,ForestWetPoor,ForestWetPoor,0,FALSE
26241,ForestWetPoor,ForestWetPoor,1,FALSE
26242,ForestWetPoor,ForestWetPoor,0,FALSE
26243,ForestWetPoor,ForestWetPoor,0,FALSE
26245,ForestWetPoor,ForestWetPoor,0,FALSE
26246,ForestWetPoor,ForestWetPoor,0,FALSE
26247,ForestWetPoor,ForestWetPoor,0,FALSE
26248,ForestWetPoor,ForestWetPoor,0,FALSE
26249,ForestWetPoor,ForestWetPoor,0,FALSE
26250,ForestWetPoor,ForestWetPoor,0,FALSE
26251,ForestWetPoor,ForestWetPoor,0,FALSE
26466,OpenWetRich,OpenWetRich,0,FALSE
26467,ForestDryRich,ForestDryRich,0,FALSE
26484,OpenWetRich,OpenWetRich,0,FALSE
26485,OpenWetRich,OpenWetRich,0,FALSE
26486,OpenWetRich,OpenWetRich,0,FALSE
26487,OpenWetRich,OpenWetRich,0,FALSE
26488,OpenWetRich,OpenWetRich,0,FALSE
26489,OpenWetRich,OpenWetRich,0,FALSE
26490,OpenWetRich,OpenWetRich,0,FALSE
26507,OpenWetRich,OpenWetRich,0,FALSE
26508,OpenWetRich,OpenWetRich,0,FALSE
26509,OpenWetRich,OpenWetRich,0,FALSE
26534,ForestWetPoor,ForestWetPoor,0,FALSE
26535,ForestWetPoor,ForestWetPoor,0,FALSE
26536,ForestWetPoor,ForestWetPoor,0,FALSE
26537,ForestWetPoor,ForestWetPoor,0,FALSE
26538,ForestWetPoor,ForestWetPoor,0,FALSE
26539,ForestWetPoor,ForestWetPoor,0,FALSE
26540,ForestWetPoor,ForestWetPoor,0,FALSE
26541,ForestWetPoor,ForestWetPoor,0,FALSE
26542,ForestWetPoor,ForestWetPoor,0,FALSE
26543,ForestWetPoor,ForestWetPoor,0,FALSE
26544,ForestWetPoor,ForestWetPoor,0,FALSE
26545,ForestWetPoor,ForestWetPoor,0,FALSE
26546,ForestWetPoor,ForestWetPoor,0,FALSE
26547,ForestWetPoor,ForestWetPoor,0,FALSE
26761,OpenWetRich,OpenWetRich,0,FALSE
26778,ForestWetRich,ForestWetRich,1,FALSE
26779,OpenWetRich,OpenWetRich,0,FALSE
26780,OpenWetRich,OpenWetRich,0,FALSE
26782,OpenWetRich,OpenWetRich,0,FALSE
26783,OpenWetRich,OpenWetRich,0,FALSE
26784,OpenWetRich,OpenWetRich,0,FALSE
26785,OpenWetRich,OpenWetRich,0,FALSE
26803,OpenWetRich,OpenWetRich,0,FALSE
26804,OpenWetRich,OpenWetRich,0,FALSE
26830,OpenWetRich,OpenWetRich,0,FALSE
26831,OpenWetRich,OpenWetRich,0,FALSE
26832,OpenWetRich,OpenWetRich,0,FALSE
26833,ForestWetPoor,ForestWetPoor,0,FALSE
26834,ForestWetPoor,ForestWetPoor,0,FALSE
26835,ForestWetPoor,ForestWetPoor,0,FALSE
26836,ForestWetPoor,ForestWetPoor,0,FALSE
26837,ForestWetPoor,ForestWetPoor,0,FALSE
26838,ForestWetPoor,ForestWetPoor,0,FALSE
26839,ForestWetPoor,ForestWetPoor,0,FALSE
26840,ForestWetPoor,ForestWetPoor,0,FALSE
26841,ForestWetPoor,ForestWetPoor,0,FALSE
26842,ForestWetPoor,ForestWetPoor,0,FALSE
27062,OpenWetRich,OpenWetRich,0,FALSE
27071,OpenWetRich,OpenWetRich,0,FALSE
27072,OpenWetRich,OpenWetRich,0,FALSE
27073,OpenWetRich,OpenWetRich,0,FALSE
27074,OpenWetRich,OpenWetRich,0,FALSE
27075,OpenWetRich,OpenWetRich,0,FALSE
27076,OpenWetRich,OpenWetRich,0,FALSE
27077,OpenWetRich,OpenWetRich,0,FALSE
27078,OpenWetRich,OpenWetRich,0,FALSE
27079,OpenWetRich,OpenWetRich,0,FALSE
27094,OpenWetRich,OpenWetRich,0,FALSE
27095,OpenWetRich,OpenWetRich,0,FALSE
27102,OpenWetRich,OpenWetRich,0,FALSE
27103,OpenWetRich,OpenWetRich,0,FALSE
27104,OpenWetRich,OpenWetRich,0,FALSE
27124,OpenWetRich,OpenWetRich,0,FALSE
27125,OpenWetRich,OpenWetRich,0,FALSE
27127,ForestWetPoor,ForestWetPoor,0,FALSE
27128,ForestWetPoor,ForestWetPoor,0,FALSE
27129,ForestWetPoor,ForestWetPoor,0,FALSE
27130,ForestWetPoor,ForestWetPoor,0,FALSE
27131,ForestWetPoor,ForestWetPoor,0,FALSE
27132,ForestWetPoor,ForestWetPoor,0,FALSE
27133,ForestWetPoor,ForestWetPoor,0,FALSE
27134,ForestWetPoor,ForestWetPoor,0,FALSE
27135,ForestWetPoor,ForestWetPoor,0,FALSE
27136,ForestWetPoor,ForestWetPoor,0,FALSE
27137,ForestWetPoor,ForestWetPoor,0,FALSE
27357,OpenWetRich,OpenWetRich,0,FALSE
27358,OpenWetRich,OpenWetRich,0,FALSE
27359,OpenWetRich,OpenWetRich,0,FALSE
27365,OpenWetRich,OpenWetRich,0,FALSE
27366,OpenWetRich,OpenWetRich,0,FALSE
27367,OpenWetRich,OpenWetRich,0,FALSE
27368,OpenWetRich,OpenWetRich,0,FALSE
27369,OpenWetRich,OpenWetRich,0,FALSE
27370,OpenWetRich,OpenWetRich,0,FALSE
27371,OpenWetRich,OpenWetRich,0,FALSE
27372,OpenWetRich,OpenWetRich,0,FALSE
27373,OpenWetRich,OpenWetRich,0,FALSE
27397,OpenWetRich,OpenWetRich,0,FALSE
27398,OpenWetRich,OpenWetRich,0,FALSE
27399,OpenWetRich,OpenWetRich,0,FALSE
27400,OpenWetRich,OpenWetRich,0,FALSE
27422,ForestWetPoor,ForestWetPoor,0,FALSE
27423,ForestWetPoor,ForestWetPoor,0,FALSE
27424,ForestWetPoor,ForestWetPoor,0,FALSE
27425,ForestWetPoor,ForestWetPoor,0,FALSE
27426,ForestWetPoor,ForestWetPoor,0,FALSE
27427,ForestWetPoor,ForestWetPoor,0,FALSE
27428,ForestWetPoor,ForestWetPoor,0,FALSE
27429,ForestWetPoor,ForestWetPoor,0,FALSE
27430,ForestWetPoor,ForestWetPoor,0,FALSE
27431,ForestWetPoor,ForestWetPoor,0,FALSE
27432,ForestWetPoor,ForestWetPoor,0,FALSE
27651,OpenWetRich,OpenWetRich,0,FALSE
27652,OpenWetRich,OpenWetRich,0,FALSE
27653,OpenWetRich,OpenWetRich,0,FALSE
27654,OpenWetRich,OpenWetRich,0,FALSE
27655,OpenWetRich,OpenWetRich,0,FALSE
27656,OpenWetRich,OpenWetRich,0,FALSE
27657,OpenWetRich,OpenWetRich,0,FALSE
27659,OpenWetRich,OpenWetRich,0,FALSE
27660,OpenWetRich,OpenWetRich,0,FALSE
27661,OpenWetRich,OpenWetRich,0,FALSE
27662,OpenWetRich,OpenWetRich,0,FALSE
27663,OpenWetRich,OpenWetRich,0,FALSE
27664,OpenWetRich,OpenWetRich,0,FALSE
27665,OpenWetRich,OpenWetRich,0,FALSE
27666,OpenWetRich,OpenWetRich,0,FALSE
27678,OpenWetRich,OpenWetRich,0,FALSE
27681,OpenWetRich,OpenWetRich,0,FALSE
27687,OpenWetRich,OpenWetRich,0,FALSE
27688,OpenWetRich,OpenWetRich,0,FALSE
27692,OpenWetRich,OpenWetRich,0,FALSE
27693,OpenWetRich,OpenWetRich,0,FALSE
27694,OpenWetRich,OpenWetRich,0,FALSE
27695,OpenWetRich,OpenWetRich,0,FALSE
27696,OpenWetRich,OpenWetRich,0,FALSE
27697,OpenWetRich,OpenWetRich,0,FALSE
27710,OpenWetRich,OpenWetRich,0,FALSE
27711,OpenWetRich,OpenWetRich,0,FALSE
27722,ForestWetPoor,ForestWetPoor,0,FALSE
27723,ForestWetPoor,ForestWetPoor,0,FALSE
27724,ForestWetPoor,ForestWetPoor,0,FALSE
27725,ForestWetPoor,ForestWetPoor,0,FALSE
27726,ForestWetPoor,ForestWetPoor,0,FALSE
27727,ForestWetPoor,ForestWetPoor,0,FALSE
27942,OpenWetRich,OpenWetRich,0,FALSE
27943,OpenWetRich,OpenWetRich,0,FALSE
27944,OpenWetRich,OpenWetRich,0,FALSE
27946,OpenWetRich,OpenWetRich,0,FALSE
27947,OpenWetRich,OpenWetRich,0,FALSE
27948,OpenWetRich,OpenWetRich,0,FALSE
27949,OpenWetRich,OpenWetRich,0,FALSE
27954,OpenWetRich,OpenWetRich,0,FALSE
27955,OpenWetRich,OpenWetRich,0,FALSE
27956,OpenWetRich,OpenWetRich,0,FALSE
27957,OpenWetRich,OpenWetRich,0,FALSE
27958,OpenWetRich,OpenWetRich,0,FALSE
27959,OpenWetRich,OpenWetRich,0,FALSE
27960,OpenWetRich,OpenWetRich,0,FALSE
27971,OpenWetRich,OpenWetRich,0,FALSE
27973,OpenWetRich,OpenWetRich,0,FALSE
27974,OpenWetRich,OpenWetRich,0,FALSE
27975,OpenWetRich,OpenWetRich,0,FALSE
27976,OpenWetRich,OpenWetRich,0,FALSE
27981,OpenWetRich,OpenWetRich,0,FALSE
27982,OpenWetRich,OpenWetRich,0,FALSE
27983,OpenWetRich,OpenWetRich,0,FALSE
27986,OpenWetRich,OpenWetRich,0,FALSE
27987,OpenWetRich,OpenWetRich,0,FALSE
27990,OpenWetRich,OpenWetRich,0,FALSE
27991,OpenWetRich,OpenWetRich,0,FALSE
27992,OpenWetRich,OpenWetRich,0,FALSE
27993,OpenWetRich,OpenWetRich,0,FALSE
28002,OpenWetRich,OpenWetRich,0,FALSE
28003,OpenWetRich,OpenWetRich,0,FALSE
28004,OpenWetRich,OpenWetRich,0,FALSE
28005,OpenWetRich,OpenWetRich,0,FALSE
28006,OpenWetRich,OpenWetRich,0,FALSE
28007,OpenWetRich,OpenWetRich,0,FALSE
28008,OpenWetRich,OpenWetRich,0,FALSE
28009,OpenWetRich,OpenWetRich,0,FALSE
28016,OpenWetRich,OpenWetRich,0,FALSE
28017,OpenWetRich,OpenWetRich,0,FALSE
28236,OpenWetRich,OpenWetRich,0,FALSE
28237,OpenWetRich,OpenWetRich,0,FALSE
28238,OpenWetRich,OpenWetRich,0,FALSE
28251,OpenWetRich,OpenWetRich,0,FALSE
28266,OpenWetRich,OpenWetRich,0,FALSE
28267,OpenWetRich,OpenWetRich,0,FALSE
28268,OpenWetRich,OpenWetRich,0,FALSE
28269,OpenWetRich,OpenWetRich,0,FALSE
28270,OpenWetRich,OpenWetRich,0,FALSE
28271,OpenWetRich,OpenWetRich,0,FALSE
28273,OpenWetRich,OpenWetRich,0,FALSE
28274,OpenWetRich,OpenWetRich,0,FALSE
28275,OpenWetRich,OpenWetRich,0,FALSE
28276,OpenWetRich,OpenWetRich,0,FALSE
28277,OpenWetRich,OpenWetRich,0,FALSE
28278,OpenWetRich,OpenWetRich,0,FALSE
28280,OpenWetRich,OpenWetRich,0,FALSE
28281,OpenWetRich,OpenWetRich,0,FALSE
28282,OpenWetRich,OpenWetRich,0,FALSE
28288,OpenWetRich,OpenWetRich,0,FALSE
28289,OpenWetRich,OpenWetRich,0,FALSE
28290,OpenWetRich,OpenWetRich,0,FALSE
28291,OpenWetRich,OpenWetRich,0,FALSE
28292,OpenWetRich,OpenWetRich,0,FALSE
28293,OpenWetRich,OpenWetRich,0,FALSE
28294,OpenWetRich,OpenWetRich,0,FALSE
28297,OpenWetRich,OpenWetRich,0,FALSE
28298,OpenWetRich,OpenWetRich,0,FALSE
28299,OpenWetRich,OpenWetRich,0,FALSE
28300,OpenWetRich,OpenWetRich,0,FALSE
28302,OpenDryPoor,OpenDryPoor,0,FALSE
28303,OpenWetRich,OpenWetRich,0,FALSE
28305,ForestWetPoor,ForestWetPoor,0,FALSE
28306,ForestWetPoor,ForestWetPoor,0,FALSE
28307,ForestWetPoor,ForestWetPoor,1,FALSE
28308,ForestWetPoor,ForestWetPoor,0,FALSE
28311,OpenWetRich,OpenWetRich,0,FALSE
28312,OpenWetRich,OpenWetRich,0,FALSE
28526,ForestWetRich,ForestWetRich,1,FALSE
28546,OpenWetRich,OpenWetRich,0,FALSE
28560,OpenWetRich,OpenWetRich,0,FALSE
28561,OpenWetRich,OpenWetRich,0,FALSE
28562,OpenWetRich,OpenWetRich,0,FALSE
28563,OpenWetRich,OpenWetRich,0,FALSE
28564,OpenWetRich,OpenWetRich,0,FALSE
28565,OpenWetRich,OpenWetRich,0,FALSE
28566,OpenWetRich,OpenWetRich,0,FALSE
28567,OpenWetRich,OpenWetRich,0,FALSE
28568,OpenWetRich,OpenWetRich,0,FALSE
28569,OpenWetRich,OpenWetRich,0,FALSE
28570,OpenWetRich,OpenWetRich,0,FALSE
28571,OpenWetRich,OpenWetRich,0,FALSE
28572,OpenWetRich,OpenWetRich,0,FALSE
28574,OpenWetRich,OpenWetRich,0,FALSE
28575,OpenWetRich,OpenWetRich,0,FALSE
28576,OpenWetRich,OpenWetRich,0,FALSE
28577,OpenWetRich,OpenWetRich,0,FALSE
28584,OpenDryPoor,OpenDryPoor,0,FALSE
28585,OpenDryPoor,OpenDryPoor,0,FALSE
28586,OpenDryPoor,OpenDryPoor,0,FALSE
28592,OpenWetRich,OpenWetRich,0,FALSE
28593,OpenWetRich,OpenWetRich,0,FALSE
28594,OpenWetRich,OpenWetRich,0,FALSE
28595,OpenWetRich,OpenWetRich,0,FALSE
28596,OpenWetRich,OpenWetRich,0,FALSE
28597,OpenDryPoor,OpenDryPoor,0,FALSE
28600,ForestWetPoor,ForestWetPoor,0,FALSE
28601,ForestWetPoor,ForestWetPoor,0,FALSE
28602,OpenWetRich,OpenWetRich,0,FALSE
28603,ForestWetPoor,ForestWetPoor,0,FALSE
28604,ForestWetPoor,ForestWetPoor,0,FALSE
28606,OpenWetRich,OpenWetRich,0,FALSE
28607,OpenWetRich,OpenWetRich,0,FALSE
28610,ForestWetRich,ForestWetRich,0,FALSE
28611,ForestWetRich,ForestWetRich,0,FALSE
28821,ForestWetRich,ForestWetRich,1,FALSE
28834,ForestWetRich,ForestWetRich,0,FALSE
28835,ForestWetRich,ForestWetRich,0,FALSE
28850,OpenWetRich,OpenWetRich,0,FALSE
28853,OpenWetRich,OpenWetRich,0,FALSE
28854,OpenWetRich,OpenWetRich,0,FALSE
28855,OpenWetRich,OpenWetRich,0,FALSE
28856,OpenWetRich,OpenWetRich,0,FALSE
28857,OpenWetRich,OpenWetRich,0,FALSE
28858,OpenWetRich,OpenWetRich,0,FALSE
28859,OpenWetRich,OpenWetRich,0,FALSE
28860,OpenWetRich,OpenWetRich,0,FALSE
28861,OpenWetRich,OpenWetRich,0,FALSE
28862,OpenWetRich,OpenWetRich,0,FALSE
28864,OpenWetRich,OpenWetRich,0,FALSE
28865,OpenWetRich,OpenWetRich,0,FALSE
28866,OpenWetRich,OpenWetRich,0,FALSE
28867,OpenWetRich,OpenWetRich,0,FALSE
28869,OpenWetRich,OpenWetRich,0,FALSE
28881,OpenDryPoor,OpenDryPoor,0,FALSE
28891,OpenWetRich,OpenWetRich,0,FALSE
28892,OpenWetRich,OpenWetRich,0,FALSE
28895,ForestWetPoor,ForestWetPoor,0,FALSE
28896,ForestWetPoor,ForestWetPoor,0,FALSE
28897,ForestWetPoor,ForestWetPoor,0,FALSE
28898,ForestWetPoor,ForestWetPoor,0,FALSE
28899,ForestWetPoor,ForestWetPoor,0,FALSE
28903,ForestWetRich,ForestWetRich,0,FALSE
28904,ForestWetRich,ForestWetRich,0,FALSE
28905,ForestWetRich,ForestWetRich,0,FALSE
28906,ForestWetRich,ForestWetRich,0,FALSE
29099,OpenWetRich,OpenWetRich,0,FALSE
29100,OpenWetRich,OpenWetRich,0,FALSE
29129,ForestWetRich,ForestWetRich,0,FALSE
29130,ForestWetRich,ForestWetRich,0,FALSE
29131,ForestWetRich,ForestWetRich,0,FALSE
29132,ForestWetRich,ForestWetRich,0,FALSE
29137,OpenWetRich,OpenWetRich,0,FALSE
29147,OpenWetRich,OpenWetRich,0,FALSE
29148,OpenWetRich,OpenWetRich,0,FALSE
29149,OpenWetRich,OpenWetRich,0,FALSE
29150,OpenWetRich,OpenWetRich,0,FALSE
29151,OpenWetRich,OpenWetRich,0,FALSE
29152,ForestWetPoor,ForestWetPoor,1,FALSE
29153,OpenWetRich,OpenWetRich,0,FALSE
29154,OpenWetRich,OpenWetRich,0,FALSE
29155,OpenWetRich,OpenWetRich,0,FALSE
29159,OpenWetRich,OpenWetRich,0,FALSE
29187,OpenWetRich,OpenWetRich,0,FALSE
29191,ForestWetPoor,ForestWetPoor,0,FALSE
29193,ForestWetPoor,ForestWetPoor,0,FALSE
29194,ForestWetPoor,ForestWetPoor,0,FALSE
29199,ForestWetRich,ForestWetRich,0,FALSE
29200,ForestWetRich,ForestWetRich,0,FALSE
29201,ForestWetRich,ForestWetRich,0,FALSE
29389,OpenWetRich,OpenWetRich,0,FALSE
29390,OpenWetRich,OpenWetRich,0,FALSE
29393,OpenWetRich,OpenWetRich,0,FALSE
29394,OpenWetRich,OpenWetRich,0,FALSE
29395,OpenWetRich,OpenWetRich,0,FALSE
29424,ForestWetRich,ForestWetRich,0,FALSE
29425,ForestWetRich,ForestWetRich,0,FALSE
29426,ForestWetRich,ForestWetRich,0,FALSE
29427,ForestWetRich,ForestWetRich,0,FALSE
29428,OpenWetRich,OpenWetRich,0,FALSE
29430,ForestWetRich,ForestWetRich,1,FALSE
29442,OpenWetRich,OpenWetRich,0,FALSE
29443,OpenWetRich,OpenWetRich,0,FALSE
29444,OpenWetRich,OpenWetRich,0,FALSE
29445,OpenWetRich,OpenWetRich,0,FALSE
29447,OpenWetRich,OpenWetRich,0,FALSE
29448,OpenWetRich,OpenWetRich,0,FALSE
29449,OpenWetRich,OpenWetRich,0,FALSE
29450,OpenWetRich,OpenWetRich,0,FALSE
29489,ForestWetPoor,ForestWetPoor,0,FALSE
29683,OpenWetRich,OpenWetRich,0,FALSE
29684,OpenWetRich,OpenWetRich,0,FALSE
29685,OpenWetRich,OpenWetRich,0,FALSE
29687,OpenWetRich,OpenWetRich,0,FALSE
29688,OpenWetRich,OpenWetRich,0,FALSE
29689,OpenWetRich,OpenWetRich,0,FALSE
29690,OpenWetRich,OpenWetRich,0,FALSE
29691,OpenWetRich,OpenWetRich,0,FALSE
29707,ForestDryRich,ForestDryRich,1,FALSE
29715,ForestWetRich,ForestWetRich,0,FALSE
29716,ForestWetRich,ForestWetRich,0,FALSE
29717,ForestWetRich,ForestWetRich,0,FALSE
29719,ForestWetRich,ForestWetRich,0,FALSE
29720,ForestWetRich,ForestWetRich,0,FALSE
29721,ForestWetRich,ForestWetRich,0,FALSE
29722,ForestWetRich,ForestWetRich,0,FALSE
29723,OpenWetRich,OpenWetRich,0,FALSE
29724,OpenWetRich,OpenWetRich,0,FALSE
29737,OpenWetRich,OpenWetRich,0,FALSE
29738,OpenWetRich,OpenWetRich,0,FALSE
29739,OpenWetRich,OpenWetRich,0,FALSE
29741,OpenWetRich,OpenWetRich,0,FALSE
29742,OpenWetRich,OpenWetRich,0,FALSE
29743,OpenWetRich,OpenWetRich,0,FALSE
29744,OpenWetRich,OpenWetRich,0,FALSE
29745,OpenWetRich,OpenWetRich,0,FALSE
29785,OpenWetRich,OpenWetRich,0,FALSE
29786,OpenWetRich,OpenWetRich,0,FALSE
29978,OpenWetRich,OpenWetRich,0,FALSE
29979,OpenWetRich,OpenWetRich,0,FALSE
29981,OpenWetRich,OpenWetRich,0,FALSE
29982,OpenWetRich,OpenWetRich,0,FALSE
30002,ForestDryRich,ForestDryRich,1,FALSE
30011,ForestWetRich,ForestWetRich,0,FALSE
30012,ForestWetRich,ForestWetRich,1,FALSE
30013,ForestWetRich,ForestWetRich,1,FALSE
30014,ForestWetRich,ForestWetRich,1,FALSE
30015,ForestWetRich,ForestWetRich,1,FALSE
30017,ForestWetRich,ForestWetRich,1,FALSE
30018,OpenWetRich,OpenWetRich,0,FALSE
30019,OpenWetRich,OpenWetRich,0,FALSE
30022,OpenWetRich,OpenWetRich,0,FALSE
30023,OpenWetRich,OpenWetRich,0,FALSE
30024,OpenWetRich,OpenWetRich,0,FALSE
30025,OpenWetRich,OpenWetRich,0,FALSE
30026,OpenWetRich,OpenWetRich,0,FALSE
30027,OpenWetRich,OpenWetRich,0,FALSE
30028,OpenWetRich,OpenWetRich,0,FALSE
30029,OpenWetRich,OpenWetRich,0,FALSE
30030,OpenWetRich,OpenWetRich,0,FALSE
30031,OpenWetRich,OpenWetRich,0,FALSE
30032,OpenWetRich,OpenWetRich,0,FALSE
30033,OpenWetRich,OpenWetRich,0,FALSE
30035,OpenWetRich,OpenWetRich,0,FALSE
30036,OpenWetRich,OpenWetRich,0,FALSE
30037,ForestWetPoor,ForestWetPoor,1,FALSE
30038,ForestWetPoor,ForestWetPoor,0,FALSE
30039,ForestWetPoor,ForestWetPoor,1,FALSE
30040,OpenWetRich,OpenWetRich,0,FALSE
30079,OpenWetRich,OpenWetRich,0,FALSE
30080,OpenWetRich,OpenWetRich,0,FALSE
30081,OpenWetRich,OpenWetRich,0,FALSE
30272,OpenWetRich,OpenWetRich,0,FALSE
30273,OpenWetRich,OpenWetRich,0,FALSE
30274,OpenWetRich,OpenWetRich,0,FALSE
30275,OpenWetRich,OpenWetRich,0,FALSE
30276,OpenWetRich,OpenWetRich,0,FALSE
30278,OpenWetRich,OpenWetRich,0,FALSE
30279,OpenWetRich,OpenWetRich,0,FALSE
30297,ForestDryRich,ForestDryRich,0,FALSE
30298,ForestDryRich,ForestDryRich,0,FALSE
30315,OpenWetRich,OpenWetRich,0,FALSE
30317,OpenWetRich,OpenWetRich,0,FALSE
30318,OpenWetRich,OpenWetRich,0,FALSE
30319,OpenWetRich,OpenWetRich,0,FALSE
30320,OpenWetRich,OpenWetRich,0,FALSE
30321,OpenWetRich,OpenWetRich,0,FALSE
30322,OpenWetRich,OpenWetRich,0,FALSE
30323,OpenWetRich,OpenWetRich,0,FALSE
30324,OpenWetRich,OpenWetRich,0,FALSE
30325,OpenWetRich,OpenWetRich,0,FALSE
30326,OpenWetRich,OpenWetRich,0,FALSE
30327,OpenWetRich,OpenWetRich,0,FALSE
30335,OpenWetRich,OpenWetRich,0,FALSE
30362,OpenWetRich,OpenWetRich,0,FALSE
30365,OpenWetRich,OpenWetRich,0,FALSE
30366,OpenWetRich,OpenWetRich,0,FALSE
30374,OpenWetRich,OpenWetRich,0,FALSE
30375,OpenWetRich,OpenWetRich,0,FALSE
30376,OpenWetRich,OpenWetRich,0,FALSE
30568,OpenWetRich,OpenWetRich,0,FALSE
30569,OpenWetRich,OpenWetRich,0,FALSE
30592,ForestDryRich,ForestDryRich,0,FALSE
30593,ForestDryRich,ForestDryRich,0,FALSE
30610,OpenWetRich,OpenWetRich,0,FALSE
30611,OpenWetRich,OpenWetRich,0,FALSE
30612,OpenWetRich,OpenWetRich,0,FALSE
30617,ForestWetRich,ForestWetRich,1,FALSE
30618,OpenWetRich,OpenWetRich,0,FALSE
30619,OpenWetRich,OpenWetRich,0,FALSE
30620,OpenWetRich,OpenWetRich,0,FALSE
30621,OpenWetRich,OpenWetRich,0,FALSE
30622,OpenWetRich,OpenWetRich,0,FALSE
30657,OpenWetRich,OpenWetRich,0,FALSE
30660,OpenWetRich,OpenWetRich,0,FALSE
30861,OpenWetRich,OpenWetRich,0,FALSE
30863,OpenWetRich,OpenWetRich,0,FALSE
30864,OpenWetRich,OpenWetRich,0,FALSE
30887,ForestDryRich,ForestDryRich,1,FALSE
30904,OpenWetRich,OpenWetRich,0,FALSE
30905,OpenWetRich,OpenWetRich,0,FALSE
30906,OpenWetRich,OpenWetRich,0,FALSE
30907,OpenWetRich,OpenWetRich,0,FALSE
30908,ForestWetPoor,ForestWetPoor,1,FALSE
30909,ForestWetPoor,ForestWetPoor,1,FALSE
30911,OpenDryPoor,OpenDryPoor,0,FALSE
30912,OpenWetRich,OpenWetRich,0,FALSE
30913,OpenWetRich,OpenWetRich,0,FALSE
30914,OpenWetRich,OpenWetRich,0,FALSE
30915,OpenWetRich,OpenWetRich,0,FALSE
30916,OpenWetRich,OpenWetRich,0,FALSE
30917,OpenWetRich,OpenWetRich,0,FALSE
31156,OpenWetRich,OpenWetRich,0,FALSE
31157,OpenWetRich,OpenWetRich,0,FALSE
31165,OpenWetRich,OpenWetRich,0,FALSE
31166,OpenWetRich,OpenWetRich,0,FALSE
31167,OpenWetRich,OpenWetRich,0,FALSE
31168,OpenWetRich,OpenWetRich,0,FALSE
31198,OpenWetRich,OpenWetRich,0,FALSE
31199,OpenWetRich,OpenWetRich,0,FALSE
31200,OpenWetRich,OpenWetRich,0,FALSE
31202,OpenWetRich,OpenWetRich,0,FALSE
31203,OpenWetRich,OpenWetRich,0,FALSE
31204,OpenWetRich,OpenWetRich,0,FALSE
31205,OpenWetRich,OpenWetRich,0,FALSE
31206,OpenWetRich,OpenWetRich,0,FALSE
31207,OpenWetRich,OpenWetRich,0,FALSE
31208,OpenWetRich,OpenWetRich,0,FALSE
31209,OpenWetRich,OpenWetRich,0,FALSE
31210,OpenWetRich,OpenWetRich,0,FALSE
31211,ForestWetRich,ForestWetRich,1,FALSE
31448,ForestWetPoor,ForestWetPoor,1,FALSE
31449,ForestWetPoor,ForestWetPoor,1,FALSE
31450,ForestWetPoor,ForestWetPoor,1,FALSE
31451,OpenWetRich,OpenWetRich,0,FALSE
31452,OpenWetRich,OpenWetRich,0,FALSE
31453,OpenWetRich,OpenWetRich,0,FALSE
31456,OpenWetRich,OpenWetRich,0,FALSE
31494,OpenWetRich,OpenWetRich,0,FALSE
31495,OpenDryPoor,OpenDryPoor,0,FALSE
31496,OpenDryPoor,OpenDryPoor,0,FALSE
31497,OpenDryPoor,OpenDryPoor,0,FALSE
31498,OpenWetRich,OpenWetRich,0,FALSE
31499,OpenWetRich,OpenWetRich,0,FALSE
31500,OpenWetRich,OpenWetRich,0,FALSE
31501,OpenWetRich,OpenWetRich,0,FALSE
31502,OpenWetRich,OpenWetRich,0,FALSE
31503,OpenWetRich,OpenWetRich,0,FALSE
31505,ForestWetRich,ForestWetRich,1,FALSE
31746,OpenWetRich,OpenWetRich,0,FALSE
31747,OpenWetRich,OpenWetRich,0,FALSE
31755,OpenWetRich,OpenWetRich,0,FALSE
31760,OpenDryPoor,OpenDryPoor,0,FALSE
31761,ForestWetPoor,ForestWetPoor,1,FALSE
31762,ForestWetPoor,ForestWetPoor,1,FALSE
31790,OpenDryPoor,OpenDryPoor,0,FALSE
31793,OpenDryPoor,OpenDryPoor,0,FALSE
31794,OpenWetRich,OpenWetRich,0,FALSE
31795,OpenWetRich,OpenWetRich,0,FALSE
31796,OpenWetRich,OpenWetRich,0,FALSE
31797,ForestWetRich,ForestWetRich,1,FALSE
31798,ForestWetRich,ForestWetRich,1,FALSE
31799,ForestWetRich,ForestWetRich,1,FALSE
31800,ForestWetRich,ForestWetRich,1,FALSE
32048,OpenWetRich,OpenWetRich,0,FALSE
32049,OpenWetRich,OpenWetRich,0,FALSE
32056,ForestWetPoor,ForestWetPoor,1,FALSE
32057,ForestWetPoor,ForestWetPoor,1,FALSE
32088,ForestWetRich,ForestWetRich,1,FALSE
32089,OpenDryPoor,OpenDryPoor,0,FALSE
32091,OpenWetRich,OpenWetRich,0,FALSE
32092,OpenWetRich,OpenWetRich,0,FALSE
32338,OpenWetRich,OpenWetRich,0,FALSE
32339,OpenWetRich,OpenWetRich,0,FALSE
32340,OpenWetRich,OpenWetRich,0,FALSE
32341,OpenWetRich,OpenWetRich,0,FALSE
32342,OpenWetRich,OpenWetRich,0,FALSE
32629,OpenWetRich,OpenWetRich,0,FALSE
32634,OpenWetRich,OpenWetRich,0,FALSE
32635,OpenWetRich,OpenWetRich,0,FALSE
32636,OpenWetRich,OpenWetRich,0,FALSE
32637,OpenWetRich,OpenWetRich,0,FALSE
32927,OpenDryRich,OpenDryRich,0,FALSE
32928,OpenDryRich,OpenDryRich,0,FALSE
32929,OpenWetRich,OpenWetRich,0,FALSE
32930,OpenWetRich,OpenWetRich,0,FALSE
32931,OpenWetRich,OpenWetRich,0,FALSE
33221,OpenDryRich,OpenDryRich,0,FALSE
33222,OpenDryRich,OpenDryRich,0,FALSE
33223,OpenDryRich,OpenDryRich,0,FALSE
33224,OpenWetRich,OpenWetRich,0,FALSE
33514,OpenWetRich,OpenWetRich,0,FALSE
33516,OpenDryRich,OpenDryRich,0,FALSE
33517,OpenDryRich,OpenDryRich,0,FALSE
33518,OpenDryRich,OpenDryRich,0,FALSE
33519,OpenWetRich,OpenWetRich,0,FALSE
33809,OpenWetRich,OpenWetRich,0,FALSE
33810,OpenWetRich,OpenWetRich,0,FALSE
33813,OpenDryRich,OpenDryRich,0,FALSE
34108,OpenDryRich,OpenDryRich,0,FALSE
34404,OpenWetRich,OpenWetRich,0,FALSE
34985,OpenWetRich,OpenWetRich,0,FALSE
34991,OpenWetRich,OpenWetRich,0,FALSE
35286,OpenWetRich,OpenWetRich,0,FALSE
35867,OpenDryPoor,OpenDryPoor,0,FALSE
35876,OpenWetRich,OpenWetRich,0,FALSE
35877,OpenWetRich,OpenWetRich,0,FALSE
35878,OpenWetRich,OpenWetRich,0,FALSE
36164,OpenWetRich,OpenWetRich,0,FALSE
36165,OpenWetRich,OpenWetRich,0,FALSE
36171,OpenWetRich,OpenWetRich,0,FALSE
36172,OpenWetRich,OpenWetRich,0,FALSE
36173,OpenWetRich,OpenWetRich,0,FALSE
36448,OpenDryPoor,OpenDryPoor,0,FALSE
36458,OpenDryPoor,OpenDryPoor,0,FALSE
36466,OpenWetRich,OpenWetRich,0,FALSE
36467,OpenWetRich,OpenWetRich,0,FALSE
36468,OpenWetRich,OpenWetRich,0,FALSE
36469,OpenWetRich,OpenWetRich,0,FALSE
36741,OpenWetRich,OpenWetRich,0,FALSE
36743,OpenWetRich,OpenWetRich,0,FALSE
36744,OpenWetRich,OpenWetRich,0,FALSE
36749,OpenDryPoor,OpenDryPoor,0,FALSE
36757,OpenWetRich,OpenWetRich,0,FALSE
36761,OpenWetRich,OpenWetRich,0,FALSE
36762,OpenWetRich,OpenWetRich,0,FALSE
37037,OpenWetRich,OpenWetRich,0,FALSE
37038,OpenWetRich,OpenWetRich,0,FALSE
37039,OpenWetRich,OpenWetRich,0,FALSE
37042,OpenDryPoor,OpenDryPoor,0,FALSE
37043,OpenWetRich,OpenWetRich,0,FALSE
37044,OpenWetRich,OpenWetRich,0,FALSE
37326,OpenWetRich,OpenWetRich,0,FALSE
37327,OpenWetRich,OpenWetRich,0,FALSE
37333,OpenWetRich,OpenWetRich,0,FALSE
37334,OpenWetRich,OpenWetRich,0,FALSE
37335,OpenWetRich,OpenWetRich,0,FALSE
37336,OpenWetRich,OpenWetRich,0,FALSE
37337,OpenWetRich,OpenWetRich,0,FALSE
37623,OpenWetRich,OpenWetRich,0,FALSE
37629,OpenWetRich,OpenWetRich,0,FALSE
37630,OpenWetRich,OpenWetRich,0,FALSE
37633,OpenWetRich,OpenWetRich,0,FALSE
37634,OpenWetRich,OpenWetRich,0,FALSE
37635,OpenWetRich,OpenWetRich,0,FALSE
37928,OpenWetRich,OpenWetRich,0,FALSE
38221,OpenWetRich,OpenWetRich,0,FALSE
38222,OpenWetRich,OpenWetRich,0,FALSE
38512,OpenWetRich,OpenWetRich,0,FALSE
38515,OpenWetRich,OpenWetRich,0,FALSE
38780,OpenDryPoor,OpenDryPoor,0,FALSE
38781,OpenDryPoor,OpenDryPoor,0,FALSE
38782,OpenDryPoor,OpenDryPoor,0,FALSE
38789,OpenDryPoor,OpenDryPoor,0,FALSE
38790,OpenDryPoor,OpenDryPoor,0,FALSE
38809,OpenDryPoor,OpenDryPoor,0,FALSE
38810,OpenDryPoor,OpenDryPoor,0,FALSE
39073,OpenWetRich,OpenWetRich,0,FALSE
39077,OpenDryPoor,OpenDryPoor,0,FALSE
39079,OpenDryPoor,OpenDryPoor,0,FALSE
39080,OpenDryPoor,OpenDryPoor,0,FALSE
39083,OpenDryPoor,OpenDryPoor,0,FALSE
39104,OpenDryPoor,OpenDryPoor,0,FALSE
39105,OpenDryPoor,OpenDryPoor,0,FALSE
39368,OpenWetRich,OpenWetRich,0,FALSE
39370,OpenDryPoor,OpenDryPoor,0,FALSE
39371,OpenDryPoor,OpenDryPoor,0,FALSE
39397,OpenWetRich,OpenWetRich,0,FALSE
39398,OpenDryPoor,OpenDryPoor,0,FALSE
39665,OpenWetRich,OpenWetRich,0,FALSE
39666,OpenWetRich,OpenWetRich,0,FALSE
39667,OpenWetRich,OpenWetRich,0,FALSE
39951,ForestWetPoor,ForestWetPoor,1,FALSE
39952,ForestWetPoor,ForestWetPoor,0,FALSE
39953,ForestWetPoor,ForestWetPoor,0,FALSE
39958,OpenWetRich,OpenWetRich,0,FALSE
39959,OpenWetRich,OpenWetRich,0,FALSE
39960,OpenWetRich,OpenWetRich,0,FALSE
39961,OpenWetRich,OpenWetRich,0,FALSE
39963,OpenWetRich,OpenWetRich,0,FALSE
39964,OpenWetRich,OpenWetRich,0,FALSE
39965,OpenWetRich,OpenWetRich,0,FALSE
39966,OpenWetRich,OpenWetRich,0,FALSE
39967,OpenWetRich,OpenWetRich,0,FALSE
39968,OpenWetRich,OpenWetRich,0,FALSE
39969,OpenWetRich,OpenWetRich,0,FALSE
39989,OpenWetRich,OpenWetRich,0,FALSE
40247,ForestWetPoor,ForestWetPoor,1,FALSE
40248,ForestWetPoor,ForestWetPoor,1,FALSE
40249,OpenWetRich,OpenWetRich,0,FALSE
40250,OpenWetRich,OpenWetRich,0,FALSE
40254,OpenWetRich,OpenWetRich,0,FALSE
40255,OpenWetRich,OpenWetRich,0,FALSE
40257,OpenWetRich,OpenWetRich,0,FALSE
40263,OpenWetRich,OpenWetRich,0,FALSE
40284,OpenWetRich,OpenWetRich,0,FALSE
40544,OpenWetRich,OpenWetRich,0,FALSE
40545,OpenWetRich,OpenWetRich,0,FALSE
40549,OpenWetRich,OpenWetRich,0,FALSE
40551,OpenWetRich,OpenWetRich,0,FALSE
40556,OpenWetRich,OpenWetRich,0,FALSE
40559,OpenWetRich,OpenWetRich,0,FALSE
40577,OpenWetRich,OpenWetRich,0,FALSE
40578,OpenWetRich,OpenWetRich,0,FALSE
40579,OpenWetRich,OpenWetRich,0,FALSE
40812,ForestDryPoor,ForestDryPoor,1,FALSE
40813,ForestWetRich,ForestWetRich,1,FALSE
40826,OpenWetRich,OpenWetRich,0,FALSE
40828,OpenWetRich,OpenWetRich,0,FALSE
40844,OpenWetRich,OpenWetRich,0,FALSE
40845,OpenWetRich,OpenWetRich,0,FALSE
40846,OpenWetRich,OpenWetRich,0,FALSE
40848,OpenWetRich,OpenWetRich,0,FALSE
40849,OpenWetRich,OpenWetRich,0,FALSE
40850,OpenWetRich,OpenWetRich,0,FALSE
40855,OpenWetRich,OpenWetRich,0,FALSE
40872,OpenWetRich,OpenWetRich,0,FALSE
40873,OpenWetRich,OpenWetRich,0,FALSE
40874,OpenWetRich,OpenWetRich,0,FALSE
41109,ForestWetRich,ForestWetRich,1,FALSE
41118,OpenWetRich,OpenWetRich,0,FALSE
41119,OpenWetRich,OpenWetRich,0,FALSE
41120,OpenWetRich,OpenWetRich,0,FALSE
41121,OpenWetRich,OpenWetRich,0,FALSE
41124,OpenWetRich,OpenWetRich,0,FALSE
41125,OpenWetRich,OpenWetRich,0,FALSE
41140,OpenWetRich,OpenWetRich,0,FALSE
41141,OpenWetRich,OpenWetRich,0,FALSE
41150,OpenWetRich,OpenWetRich,0,FALSE
41165,ForestWetPoor,ForestWetPoor,1,FALSE
41167,ForestWetPoor,ForestWetPoor,1,FALSE
41168,OpenWetRich,OpenWetRich,0,FALSE
41403,ForestDryPoor,ForestDryPoor,1,FALSE
41405,ForestWetRich,ForestWetRich,1,FALSE
41412,OpenWetRich,OpenWetRich,0,FALSE
41419,OpenWetRich,OpenWetRich,0,FALSE
41420,OpenWetRich,OpenWetRich,0,FALSE
41438,OpenWetRich,OpenWetRich,0,FALSE
41439,OpenWetRich,OpenWetRich,0,FALSE
41440,OpenWetRich,OpenWetRich,0,FALSE
41442,OpenWetRich,OpenWetRich,0,FALSE
41443,OpenWetRich,OpenWetRich,0,FALSE
41444,OpenWetRich,OpenWetRich,0,FALSE
41445,OpenWetRich,OpenWetRich,0,FALSE
41446,OpenWetRich,OpenWetRich,0,FALSE
41447,OpenWetRich,OpenWetRich,0,FALSE
41448,OpenWetRich,OpenWetRich,0,FALSE
41461,ForestWetPoor,ForestWetPoor,1,FALSE
41462,ForestWetPoor,ForestWetPoor,1,FALSE
41463,ForestWetPoor,ForestWetPoor,1,FALSE
41685,OpenWetRich,OpenWetRich,0,FALSE
41694,ForestDryPoor,ForestDryPoor,1,FALSE
41695,ForestDryPoor,ForestDryPoor,1,FALSE
41696,ForestDryPoor,ForestDryPoor,1,FALSE
41697,ForestDryPoor,ForestDryPoor,1,FALSE
41698,ForestDryPoor,ForestDryPoor,1,FALSE
41699,ForestDryPoor,ForestDryPoor,1,FALSE
41700,ForestDryPoor,ForestDryPoor,1,FALSE
41707,OpenWetRich,OpenWetRich,0,FALSE
41710,OpenWetRich,OpenWetRich,0,FALSE
41711,OpenWetRich,OpenWetRich,0,FALSE
41712,ForestDryPoor,ForestDryPoor,1,FALSE
41715,OpenWetRich,OpenWetRich,0,FALSE
41732,OpenDryPoor,OpenDryPoor,0,FALSE
41733,OpenDryPoor,OpenDryPoor,0,FALSE
41734,OpenDryPoor,OpenDryPoor,0,FALSE
41736,OpenWetRich,OpenWetRich,0,FALSE
41741,OpenWetRich,OpenWetRich,0,FALSE
41742,OpenWetRich,OpenWetRich,0,FALSE
41743,OpenWetRich,OpenWetRich,0,FALSE
41744,OpenWetRich,OpenWetRich,0,FALSE
41745,OpenWetRich,OpenWetRich,0,FALSE
41746,OpenWetRich,OpenWetRich,0,FALSE
41755,ForestWetPoor,ForestWetPoor,1,FALSE
41756,ForestWetPoor,ForestWetPoor,1,FALSE
41757,ForestWetPoor,ForestWetPoor,1,FALSE
41758,ForestWetPoor,ForestWetPoor,1,FALSE
41987,ForestDryPoor,ForestDryPoor,1,FALSE
41988,ForestDryPoor,ForestDryPoor,1,FALSE
41989,ForestDryPoor,ForestDryPoor,1,FALSE
41990,ForestDryPoor,ForestDryPoor,1,FALSE
41991,ForestDryPoor,ForestDryPoor,1,FALSE
41992,ForestDryPoor,ForestDryPoor,1,FALSE
41993,ForestDryPoor,ForestDryPoor,1,FALSE
41994,OpenDryRich,OpenDryRich,0,FALSE
41996,OpenWetRich,OpenWetRich,0,FALSE
41997,OpenWetRich,OpenWetRich,0,FALSE
41998,OpenWetRich,OpenWetRich,0,FALSE
42001,OpenWetRich,OpenWetRich,0,FALSE
42002,OpenWetRich,OpenWetRich,0,FALSE
42003,ForestDryPoor,ForestDryPoor,1,FALSE
42004,ForestDryPoor,ForestDryPoor,1,FALSE
42005,ForestDryPoor,ForestDryPoor,0,FALSE
42006,ForestDryPoor,ForestDryPoor,1,FALSE
42007,ForestDryPoor,ForestDryPoor,1,FALSE
42010,OpenWetRich,OpenWetRich,0,FALSE
42013,ForestWetPoor,ForestWetPoor,0,FALSE
42014,ForestWetPoor,ForestWetPoor,1,FALSE
42015,ForestWetPoor,ForestWetPoor,1,FALSE
42029,OpenDryPoor,OpenDryPoor,0,FALSE
42034,OpenWetRich,OpenWetRich,0,FALSE
42035,OpenDryPoor,OpenDryPoor,0,FALSE
42036,OpenWetRich,OpenWetRich,0,FALSE
42037,OpenWetRich,OpenWetRich,0,FALSE
42038,OpenWetRich,OpenWetRich,0,FALSE
42041,OpenWetRich,OpenWetRich,0,FALSE
42042,OpenWetRich,OpenWetRich,0,FALSE
42050,ForestWetPoor,ForestWetPoor,1,FALSE
42051,ForestWetPoor,ForestWetPoor,1,FALSE
42282,ForestDryPoor,ForestDryPoor,1,FALSE
42283,ForestDryPoor,ForestDryPoor,1,FALSE
42284,ForestDryPoor,ForestDryPoor,1,FALSE
42288,OpenWetRich,OpenWetRich,0,FALSE
42289,OpenWetRich,OpenWetRich,0,FALSE
42290,OpenWetRich,OpenWetRich,0,FALSE
42291,OpenWetRich,OpenWetRich,0,FALSE
42298,ForestDryPoor,ForestDryPoor,1,FALSE
42299,ForestDryPoor,ForestDryPoor,1,FALSE
42300,ForestDryPoor,ForestDryPoor,1,FALSE
42306,OpenWetRich,OpenWetRich,0,FALSE
42315,OpenWetRich,OpenWetRich,0,FALSE
42316,OpenWetRich,OpenWetRich,0,FALSE
42317,OpenWetRich,OpenWetRich,0,FALSE
42324,OpenDryPoor,OpenDryPoor,0,FALSE
42331,OpenWetRich,OpenWetRich,0,FALSE
42332,OpenWetRich,OpenWetRich,0,FALSE
42333,OpenWetRich,OpenWetRich,0,FALSE
42338,OpenWetRich,OpenWetRich,0,FALSE
42340,OpenWetRich,OpenWetRich,0,FALSE
42344,OpenWetRich,OpenWetRich,0,FALSE
42345,ForestWetPoor,ForestWetPoor,0,FALSE
42346,ForestWetPoor,ForestWetPoor,0,FALSE
42347,OpenWetRich,OpenWetRich,0,FALSE
42575,ForestDryPoor,ForestDryPoor,1,FALSE
42576,ForestDryPoor,ForestDryPoor,1,FALSE
42577,ForestDryPoor,ForestDryPoor,1,FALSE
42578,ForestDryPoor,ForestDryPoor,1,FALSE
42579,ForestDryPoor,ForestDryPoor,1,FALSE
42583,OpenWetRich,OpenWetRich,0,FALSE
42584,OpenWetRich,OpenWetRich,0,FALSE
42585,OpenDryPoor,OpenDryPoor,0,FALSE
42586,OpenDryPoor,OpenDryPoor,0,FALSE
42601,OpenWetRich,OpenWetRich,0,FALSE
42612,OpenWetRich,OpenWetRich,0,FALSE
42634,OpenWetRich,OpenWetRich,0,FALSE
42870,ForestDryPoor,ForestDryPoor,1,FALSE
42871,ForestDryPoor,ForestDryPoor,1,FALSE
42872,ForestDryPoor,ForestDryPoor,1,FALSE
42873,ForestDryPoor,ForestDryPoor,1,FALSE
42874,OpenDryRich,OpenDryRich,0,FALSE
42877,OpenWetRich,OpenWetRich,0,FALSE
42878,OpenWetRich,OpenWetRich,0,FALSE
42879,OpenWetRich,OpenWetRich,0,FALSE
42903,OpenWetRich,OpenWetRich,0,FALSE
42907,OpenWetRich,OpenWetRich,0,FALSE
42920,OpenWetRich,OpenWetRich,0,FALSE
42929,OpenWetRich,OpenWetRich,0,FALSE
42930,OpenWetRich,OpenWetRich,0,FALSE
42931,OpenWetRich,OpenWetRich,0,FALSE
42932,OpenWetRich,OpenWetRich,0,FALSE
43164,OpenDryPoor,OpenDryPoor,0,FALSE
43165,ForestDryPoor,ForestDryPoor,1,FALSE
43166,ForestDryPoor,ForestDryPoor,1,FALSE
43169,OpenDryRich,OpenDryRich,0,FALSE
43170,OpenDryRich,OpenDryRich,0,FALSE
43171,OpenWetRich,OpenWetRich,0,FALSE
43172,OpenWetRich,OpenWetRich,0,FALSE
43173,OpenWetRich,OpenWetRich,0,FALSE
43174,OpenWetRich,OpenWetRich,0,FALSE
43198,OpenWetRich,OpenWetRich,0,FALSE
43213,ForestWetPoor,ForestWetPoor,1,FALSE
43214,OpenWetRich,OpenWetRich,0,FALSE
43223,OpenWetRich,OpenWetRich,0,FALSE
43229,OpenWetRich,OpenWetRich,0,FALSE
43438,OpenDryPoor,OpenDryPoor,0,FALSE
43460,OpenWetRich,OpenWetRich,0,FALSE
43461,OpenWetRich,OpenWetRich,0,FALSE
43462,OpenWetRich,OpenWetRich,0,FALSE
43463,OpenWetRich,OpenWetRich,0,FALSE
43464,OpenDryRich,OpenDryRich,0,FALSE
43468,OpenWetRich,OpenWetRich,0,FALSE
43509,OpenWetRich,OpenWetRich,0,FALSE
43520,OpenWetRich,OpenWetRich,0,FALSE
43521,OpenWetRich,OpenWetRich,0,FALSE
43524,OpenWetRich,OpenWetRich,0,FALSE
43732,OpenWetRich,OpenWetRich,0,FALSE
43733,OpenDryPoor,OpenDryPoor,0,FALSE
43757,OpenWetRich,OpenWetRich,0,FALSE
43766,OpenWetRich,OpenWetRich,0,FALSE
43767,OpenWetRich,OpenWetRich,0,FALSE
43803,OpenDryPoor,OpenDryPoor,0,FALSE
43804,OpenDryPoor,OpenDryPoor,0,FALSE
43816,OpenWetRich,OpenWetRich,0,FALSE
44047,OpenWetRich,OpenWetRich,0,FALSE
44098,OpenDryPoor,OpenDryPoor,0,FALSE
44099,OpenDryPoor,OpenDryPoor,0,FALSE
44333,OpenWetRich,OpenWetRich,0,FALSE
44356,OpenWetRich,OpenWetRich,0,FALSE
44627,OpenWetRich,OpenWetRich,0,FALSE
44628,OpenWetRich,OpenWetRich,0,FALSE
44638,OpenDryPoor,OpenDryPoor,0,FALSE
44920,OpenDryPoor,OpenDryPoor,0,FALSE
44922,OpenWetRich,OpenWetRich,0,FALSE
45212,OpenDryPoor,OpenDryPoor,0,FALSE
45503,OpenWetRich,OpenWetRich,0,FALSE
45504,OpenWetRich,OpenWetRich,0,FALSE
45523,OpenDryPoor,OpenDryPoor,0,FALSE
45796,OpenWetRich,OpenWetRich,0,FALSE
45797,OpenWetRich,OpenWetRich,0,FALSE
45798,OpenWetRich,OpenWetRich,0,FALSE
45802,OpenWetRich,OpenWetRich,0,FALSE
45819,OpenDryPoor,OpenDryPoor,0,FALSE
45820,OpenDryPoor,OpenDryPoor,0,FALSE
46081,OpenDryPoor,OpenDryPoor,0,FALSE
46082,OpenWetRich,OpenWetRich,0,FALSE
46089,OpenDryPoor,OpenDryPoor,0,FALSE
46091,OpenWetRich,OpenWetRich,0,FALSE
46376,OpenDryPoor,OpenDryPoor,0,FALSE
46381,OpenWetRich,OpenWetRich,0,FALSE
46384,OpenWetRich,OpenWetRich,0,FALSE
46389,OpenWetRich,OpenWetRich,0,FALSE
46673,OpenWetRich,OpenWetRich,0,FALSE
46674,OpenWetRich,OpenWetRich,0,FALSE
46675,OpenWetRich,OpenWetRich,0,FALSE
46677,OpenWetRich,OpenWetRich,0,FALSE
46678,OpenWetRich,OpenWetRich,0,FALSE
46679,OpenWetRich,OpenWetRich,0,FALSE
46965,OpenWetRich,OpenWetRich,0,FALSE
47575,OpenWetRich,OpenWetRich,0,FALSE
47576,OpenWetRich,OpenWetRich,0,FALSE
47846,OpenWetRich,OpenWetRich,0,FALSE
47848,OpenWetRich,OpenWetRich,0,FALSE
48142,OpenWetRich,OpenWetRich,0,FALSE
48156,OpenWetRich,OpenWetRich,0,FALSE
48452,OpenDryPoor,OpenDryPoor,0,FALSE
52570,OpenWetRich,OpenWetRich,0,FALSE
52891,OpenWetRich,OpenWetRich,0,FALSE
53478,OpenWetRich,OpenWetRich,0,FALSE
53775,OpenWetRich,OpenWetRich,0,FALSE
54377,OpenWetRich,OpenWetRich,0,FALSE
54378,OpenWetRich,OpenWetRich,0,FALSE
54655,OpenDryPoor,OpenDryPoor,0,FALSE
54943,OpenWetRich,OpenWetRich,0,FALSE
54951,OpenDryPoor,OpenDryPoor,0,FALSE
55227,OpenDryPoor,OpenDryPoor,0,FALSE
55228,OpenDryPoor,OpenDryPoor,0,FALSE
55520,OpenWetRich,OpenWetRich,0,FALSE
55521,OpenWetRich,OpenWetRich,0,FALSE
55522,OpenWetRich,OpenWetRich,0,FALSE
55523,OpenWetRich,OpenWetRich,0,FALSE
55524,OpenWetRich,OpenWetRich,0,FALSE
55530,OpenWetRich,OpenWetRich,0,FALSE
55533,OpenWetRich,OpenWetRich,0,FALSE
55553,ForestDryRich,ForestDryRich,1,FALSE
55554,ForestDryRich,ForestDryRich,0,FALSE
55555,ForestDryRich,ForestDryRich,0,FALSE
55557,OpenWetRich,OpenWetRich,0,FALSE
55558,OpenWetRich,OpenWetRich,0,FALSE
55559,OpenWetRich,OpenWetRich,0,FALSE
55816,OpenWetRich,OpenWetRich,0,FALSE
55818,OpenWetRich,OpenWetRich,0,FALSE
55819,OpenWetRich,OpenWetRich,0,FALSE
55848,ForestDryRich,ForestDryRich,1,FALSE
55849,ForestDryRich,ForestDryRich,1,FALSE
55850,ForestDryRich,ForestDryRich,0,FALSE
56124,OpenWetRich,OpenWetRich,0,FALSE
56129,OpenWetRich,OpenWetRich,0,FALSE
56143,ForestDryRich,ForestDryRich,1,FALSE
56144,ForestDryRich,ForestDryRich,1,FALSE
56145,ForestDryRich,ForestDryRich,1,FALSE
56147,OpenWetRich,OpenWetRich,0,FALSE
56148,OpenWetRich,OpenWetRich,0,FALSE
56149,OpenWetRich,OpenWetRich,0,FALSE
56150,OpenWetRich,OpenWetRich,0,FALSE
56439,ForestDryRich,ForestDryRich,1,FALSE
56440,ForestDryRich,ForestDryRich,1,FALSE
56441,OpenWetRich,OpenWetRich,0,FALSE
56442,OpenWetRich,OpenWetRich,0,FALSE
56443,OpenWetRich,OpenWetRich,0,FALSE
56444,OpenWetRich,OpenWetRich,0,FALSE
57022,OpenWetRich,OpenWetRich,0,FALSE
57023,OpenWetRich,OpenWetRich,0,FALSE
57032,OpenDryPoor,OpenDryPoor,0,FALSE
57315,OpenWetRich,OpenWetRich,0,FALSE
57316,OpenWetRich,OpenWetRich,0,FALSE
57318,OpenWetRich,OpenWetRich,0,FALSE
57319,OpenWetRich,OpenWetRich,0,FALSE
57611,OpenWetRich,OpenWetRich,0,FALSE
57612,OpenWetRich,OpenWetRich,0,FALSE
57613,OpenWetRich,OpenWetRich,0,FALSE
57614,OpenWetRich,OpenWetRich,0,FALSE
57906,OpenWetRich,OpenWetRich,0,FALSE
57907,OpenWetRich,OpenWetRich,0,FALSE
57908,OpenWetRich,OpenWetRich,0,FALSE
57909,OpenWetRich,OpenWetRich,0,FALSE
58201,OpenWetRich,OpenWetRich,0,FALSE
58202,OpenWetRich,OpenWetRich,0,FALSE
58203,OpenWetRich,OpenWetRich,0,FALSE
58204,OpenWetRich,OpenWetRich,0,FALSE
58496,OpenWetRich,OpenWetRich,0,FALSE
58497,OpenWetRich,OpenWetRich,0,FALSE
58498,OpenWetRich,OpenWetRich,0,FALSE
58790,OpenWetRich,OpenWetRich,0,FALSE
58791,OpenWetRich,OpenWetRich,0,FALSE
58792,OpenWetRich,OpenWetRich,0,FALSE
59084,OpenWetRich,OpenWetRich,0,FALSE
59085,OpenWetRich,OpenWetRich,0,FALSE
59086,OpenWetRich,OpenWetRich,0,FALSE
59374,OpenWetRich,OpenWetRich,0,FALSE
59375,OpenWetRich,OpenWetRich,0,FALSE
59669,OpenWetRich,OpenWetRich,0,FALSE
59670,OpenWetRich,OpenWetRich,0,FALSE
59671,OpenWetRich,OpenWetRich,0,FALSE
59673,OpenWetRich,OpenWetRich,0,FALSE
59676,OpenWetRich,OpenWetRich,0,FALSE
59681,OpenWetRich,OpenWetRich,0,FALSE
59962,OpenWetRich,OpenWetRich,0,FALSE
59963,OpenWetRich,OpenWetRich,0,FALSE
59964,OpenWetRich,OpenWetRich,0,FALSE
59965,OpenWetRich,OpenWetRich,0,FALSE
59966,OpenWetRich,OpenWetRich,0,FALSE
59967,OpenWetRich,OpenWetRich,0,FALSE
59968,OpenWetRich,OpenWetRich,0,FALSE
59971,OpenWetRich,OpenWetRich,0,FALSE
60260,ForestDryRich,ForestDryRich,0,FALSE
60261,ForestDryRich,ForestDryRich,1,FALSE
60262,ForestDryRich,ForestDryRich,1,FALSE
60263,ForestDryRich,ForestDryRich,1,FALSE
60270,OpenWetRich,OpenWetRich,0,FALSE
60556,ForestDryRich,ForestDryRich,0,FALSE
60557,ForestDryRich,ForestDryRich,1,FALSE
60558,ForestDryRich,ForestDryRich,1,FALSE
60560,ForestWetRich,ForestWetRich,1,FALSE
60561,ForestWetRich,ForestWetRich,1,FALSE
60848,ForestDryRich,ForestDryRich,1,FALSE
60849,ForestDryRich,ForestDryRich,1,FALSE
60851,ForestDryRich,ForestDryRich,1,FALSE
60852,ForestDryRich,ForestDryRich,1,FALSE
60853,ForestDryRich,ForestDryRich,1,FALSE
61144,ForestDryRich,ForestDryRich,1,FALSE
61145,ForestDryRich,ForestDryRich,1,FALSE
61146,ForestDryRich,ForestDryRich,1,FALSE
61154,OpenWetRich,OpenWetRich,0,FALSE
61155,OpenWetRich,OpenWetRich,0,FALSE
61437,ForestDryRich,ForestDryRich,1,FALSE
61438,ForestDryRich,ForestDryRich,0,FALSE
61445,ForestWetRich,ForestWetRich,1,FALSE
61446,ForestWetRich,ForestWetRich,0,FALSE
61447,ForestWetRich,ForestWetRich,1,FALSE
61740,OpenWetRich,OpenWetRich,0,FALSE
61741,OpenWetRich,OpenWetRich,0,FALSE
61742,OpenDryPoor,OpenDryPoor,0,FALSE
62035,OpenWetRich,OpenWetRich,0,FALSE
62036,OpenWetRich,OpenWetRich,0,FALSE
62037,OpenWetRich,OpenWetRich,0,FALSE
62038,OpenWetRich,OpenWetRich,0,FALSE
62327,OpenWetRich,OpenWetRich,0,FALSE
62328,OpenWetRich,OpenWetRich,0,FALSE
62330,OpenWetRich,OpenWetRich,0,FALSE
62331,OpenWetRich,OpenWetRich,0,FALSE
62332,OpenWetRich,OpenWetRich,0,FALSE
62333,OpenWetRich,OpenWetRich,0,FALSE
62334,OpenWetRich,OpenWetRich,0,FALSE
62626,OpenWetRich,OpenWetRich,0,FALSE
62627,OpenWetRich,OpenWetRich,0,FALSE
62921,OpenWetRich,OpenWetRich,0,FALSE
63217,OpenWetRich,OpenWetRich,0,FALSE
63218,OpenWetRich,OpenWetRich,0,FALSE
63219,OpenWetRich,OpenWetRich,0,FALSE
63509,OpenWetRich,OpenWetRich,0,FALSE
63513,OpenWetRich,OpenWetRich,0,FALSE
63514,OpenWetRich,OpenWetRich,0,FALSE
63808,OpenWetRich,OpenWetRich,0,FALSE
63809,OpenWetRich,OpenWetRich,0,FALSE
64103,OpenWetRich,OpenWetRich,0,FALSE
64104,OpenWetRich,OpenWetRich,0,FALSE
64398,OpenWetRich,OpenWetRich,0,FALSE
64400,OpenWetRich,OpenWetRich,0,FALSE
64402,OpenWetRich,OpenWetRich,0,FALSE
64693,OpenWetRich,OpenWetRich,0,FALSE
64695,OpenWetRich,OpenWetRich,0,FALSE
64696,ForestWetPoor,ForestWetPoor,0,FALSE
64698,OpenWetRich,OpenWetRich,0,FALSE
64988,OpenWetRich,OpenWetRich,0,FALSE
64990,ForestWetPoor,ForestWetPoor,1,FALSE
64991,ForestWetPoor,ForestWetPoor,0,FALSE
65283,OpenWetRich,OpenWetRich,0,FALSE
65285,ForestWetPoor,ForestWetPoor,1,FALSE
65286,ForestWetPoor,ForestWetPoor,0,FALSE
65578,OpenWetRich,OpenWetRich,0,FALSE
65580,ForestWetPoor,ForestWetPoor,1,FALSE
65581,ForestWetPoor,ForestWetPoor,0,FALSE
65873,OpenWetRich,OpenWetRich,0,FALSE
65874,OpenWetRich,OpenWetRich,0,FALSE
65876,ForestWetPoor,ForestWetPoor,1,FALSE
66168,OpenWetRich,OpenWetRich,0,FALSE
66169,OpenWetRich,OpenWetRich,0,FALSE
66170,OpenWetRich,OpenWetRich,0,FALSE
66457,OpenWetRich,OpenWetRich,0,FALSE
66458,OpenWetRich,OpenWetRich,0,FALSE
66463,OpenWetRich,OpenWetRich,0,FALSE
66464,OpenWetRich,OpenWetRich,0,FALSE
66465,OpenWetRich,OpenWetRich,0,FALSE
66466,OpenWetRich,OpenWetRich,0,FALSE
66751,OpenWetRich,OpenWetRich,0,FALSE
66752,OpenWetRich,OpenWetRich,0,FALSE
66753,OpenWetRich,OpenWetRich,0,FALSE
66755,OpenWetRich,OpenWetRich,0,FALSE
66756,OpenWetRich,OpenWetRich,0,FALSE
66757,OpenWetRich,OpenWetRich,0,FALSE
66758,OpenWetRich,OpenWetRich,0,FALSE
66759,OpenWetRich,OpenWetRich,0,FALSE
66761,OpenWetRich,OpenWetRich,0,FALSE
67046,OpenWetRich,OpenWetRich,0,FALSE
67047,OpenWetRich,OpenWetRich,0,FALSE
67048,OpenWetRich,OpenWetRich,0,FALSE
67049,OpenWetRich,OpenWetRich,0,FALSE
67643,OpenWetRich,OpenWetRich,0,FALSE
67644,OpenWetRich,OpenWetRich,0,FALSE
67645,OpenWetRich,OpenWetRich,0,FALSE
67646,OpenWetRich,OpenWetRich,0,FALSE
67938,OpenWetRich,OpenWetRich,0,FALSE
67939,OpenWetRich,OpenWetRich,0,FALSE
67940,OpenWetRich,OpenWetRich,0,FALSE
67941,OpenWetRich,OpenWetRich,0,FALSE
67945,ForestWetPoor,ForestWetPoor,1,FALSE
68233,OpenWetRich,OpenWetRich,0,FALSE
68234,OpenWetRich,OpenWetRich,0,FALSE
68235,OpenWetRich,OpenWetRich,0,FALSE
68236,OpenWetRich,OpenWetRich,0,FALSE
68528,OpenWetRich,OpenWetRich,0,FALSE
68530,OpenWetRich,OpenWetRich,0,FALSE
68531,OpenWetRich,OpenWetRich,0,FALSE
68823,OpenWetRich,OpenWetRich,0,FALSE
68824,OpenWetRich,OpenWetRich,0,FALSE
68825,OpenWetRich,OpenWetRich,0,FALSE
69118,OpenWetRich,OpenWetRich,0,FALSE
69119,OpenWetRich,OpenWetRich,0,FALSE
69120,OpenWetRich,OpenWetRich,0,FALSE
69125,ForestDryPoor,ForestDryPoor,0,FALSE
69412,OpenWetRich,OpenWetRich,0,FALSE
69413,OpenWetRich,OpenWetRich,0,FALSE
69414,OpenWetRich,OpenWetRich,0,FALSE
69418,ForestWetRich,ForestWetRich,1,FALSE
69419,ForestWetRich,ForestWetRich,0,FALSE
69420,ForestDryPoor,ForestDryPoor,0,FALSE
69707,OpenWetRich,OpenWetRich,0,FALSE
69708,OpenWetRich,OpenWetRich,0,FALSE
69710,OpenWetRich,OpenWetRich,0,FALSE
69711,OpenWetRich,OpenWetRich,0,FALSE
69712,OpenWetRich,OpenWetRich,0,FALSE
69713,ForestWetRich,ForestWetRich,0,FALSE
69714,ForestWetRich,ForestWetRich,0,FALSE
69715,ForestWetRich,ForestWetRich,0,FALSE
70002,ForestWetPoor,ForestWetPoor,1,FALSE
70003,OpenDryPoor,OpenDryPoor,0,FALSE
70008,ForestWetRich,ForestWetRich,1,FALSE
70296,ForestWetPoor,ForestWetPoor,1,FALSE
70297,ForestWetPoor,ForestWetPoor,1,FALSE
70302,OpenWetRich,OpenWetRich,0,FALSE
70303,ForestWetRich,ForestWetRich,1,FALSE
70304,ForestWetRich,ForestWetRich,0,FALSE
70307,ForestWetRich,ForestWetRich,1,FALSE
70590,ForestWetPoor,ForestWetPoor,1,FALSE
70591,ForestWetPoor,ForestWetPoor,1,FALSE
70595,ForestWetRich,ForestWetRich,0,FALSE
70596,ForestWetRich,ForestWetRich,0,FALSE
70597,ForestWetRich,ForestWetRich,1,FALSE
70598,ForestWetRich,ForestWetRich,1,FALSE
70599,ForestWetRich,ForestWetRich,1,FALSE
70600,ForestWetRich,ForestWetRich,1,FALSE
70601,ForestWetRich,ForestWetRich,1,FALSE
70602,ForestWetRich,ForestWetRich,0,FALSE
70897,ForestWetRich,ForestWetRich,1,FALSE
71182,OpenWetRich,OpenWetRich,0,FALSE
71183,OpenWetRich,OpenWetRich,0,FALSE
71465,OpenWetRich,OpenWetRich,0,FALSE
71470,ForestWetPoor,ForestWetPoor,0,FALSE
71471,ForestWetPoor,ForestWetPoor,0,FALSE
71476,OpenWetRich,OpenWetRich,0,FALSE
71477,OpenWetRich,OpenWetRich,0,FALSE
71482,OpenDryPoor,OpenDryPoor,0,FALSE
71483,OpenDryPoor,OpenDryPoor,0,FALSE
71761,OpenWetRich,OpenWetRich,0,FALSE
71762,OpenWetRich,OpenWetRich,0,FALSE
71765,OpenWetRich,OpenWetRich,0,FALSE
71766,ForestWetPoor,ForestWetPoor,1,FALSE
71767,ForestWetPoor,ForestWetPoor,1,FALSE
71770,OpenWetRich,OpenWetRich,0,FALSE
71771,OpenWetRich,OpenWetRich,0,FALSE
71778,OpenDryPoor,OpenDryPoor,0,FALSE
71779,OpenWetRich,OpenWetRich,0,FALSE
72057,OpenWetRich,OpenWetRich,0,FALSE
72058,OpenWetRich,OpenWetRich,0,FALSE
72060,OpenWetRich,OpenWetRich,0,FALSE
72061,OpenDryPoor,OpenDryPoor,0,FALSE
72062,OpenDryPoor,OpenDryPoor,0,FALSE
72065,OpenWetRich,OpenWetRich,0,FALSE
72356,OpenDryPoor,OpenDryPoor,0,FALSE
72357,OpenDryPoor,OpenDryPoor,0,FALSE
72359,OpenDryPoor,OpenDryPoor,0,FALSE
72360,ForestWetRich,ForestWetRich,0,FALSE
72365,OpenDryPoor,OpenDryPoor,0,FALSE
72652,ForestDryRich,ForestDryRich,1,FALSE
72654,ForestWetRich,ForestWetRich,1,FALSE
72655,ForestWetRich,ForestWetRich,1,FALSE
72947,OpenWetRich,OpenWetRich,0,FALSE
72948,ForestWetPoor,ForestWetPoor,1,FALSE
72950,ForestWetRich,ForestWetRich,1,FALSE
73242,OpenWetRich,OpenWetRich,0,FALSE
73243,OpenWetRich,OpenWetRich,0,FALSE
73245,ForestWetRich,ForestWetRich,1,FALSE
73537,OpenWetRich,OpenWetRich,0,FALSE
73538,OpenWetRich,OpenWetRich,0,FALSE
73541,OpenWetRich,OpenWetRich,0,FALSE
73542,OpenWetRich,OpenWetRich,0,FALSE
73806,ForestDryRich,ForestDryRich,1,FALSE
73831,OpenDryPoor,OpenDryPoor,0,FALSE
73832,OpenWetRich,OpenWetRich,0,FALSE
73833,OpenWetRich,OpenWetRich,0,FALSE
73836,OpenWetRich,OpenWetRich,0,FALSE
73837,OpenWetRich,OpenWetRich,0,FALSE
74124,ForestWetPoor,ForestWetPoor,1,FALSE
74125,OpenDryPoor,OpenDryPoor,0,FALSE
74126,OpenDryPoor,OpenDryPoor,0,FALSE
74127,OpenWetRich,OpenWetRich,0,FALSE
74128,ForestWetPoor,ForestWetPoor,1,FALSE
74132,OpenWetRich,OpenWetRich,0,FALSE
74418,OpenWetRich,OpenWetRich,0,FALSE
74419,OpenWetRich,OpenWetRich,0,FALSE
74420,OpenDryPoor,OpenDryPoor,0,FALSE
74421,OpenDryPoor,OpenDryPoor,0,FALSE
74422,OpenWetRich,OpenWetRich,0,FALSE
74423,ForestWetPoor,ForestWetPoor,1,FALSE
74426,OpenWetRich,OpenWetRich,0,FALSE
74427,OpenWetRich,OpenWetRich,0,FALSE
74428,OpenWetRich,OpenWetRich,0,FALSE
74712,OpenWetRich,OpenWetRich,0,FALSE
74713,OpenWetRich,OpenWetRich,0,FALSE
74716,OpenDryPoor,OpenDryPoor,0,FALSE
74717,OpenWetRich,OpenWetRich,0,FALSE
74719,OpenWetRich,OpenWetRich,0,FALSE
74720,OpenWetRich,OpenWetRich,0,FALSE
74721,OpenWetRich,OpenWetRich,0,FALSE
74723,OpenWetRich,OpenWetRich,0,FALSE
74724,ForestDryRich,ForestDryRich,1,FALSE
75006,OpenDryPoor,OpenDryPoor,0,FALSE
75007,OpenWetRich,OpenWetRich,0,FALSE
75008,OpenWetRich,OpenWetRich,0,FALSE
75009,OpenWetRich,OpenWetRich,0,FALSE
75011,OpenDryPoor,OpenDryPoor,0,FALSE
75012,OpenWetRich,OpenWetRich,0,FALSE
75015,ForestWetPoor,ForestWetPoor,1,FALSE
75017,ForestWetRich,ForestWetRich,1,FALSE
75019,ForestDryRich,ForestDryRich,1,FALSE
75020,OpenWetRich,OpenWetRich,0,FALSE
75022,OpenWetRich,OpenWetRich,0,FALSE
75300,OpenDryPoor,OpenDryPoor,0,FALSE
75301,OpenWetRich,OpenWetRich,0,FALSE
75302,OpenWetRich,OpenWetRich,0,FALSE
75303,OpenWetRich,OpenWetRich,0,FALSE
75304,OpenWetRich,OpenWetRich,0,FALSE
75305,OpenWetRich,OpenWetRich,0,FALSE
75306,OpenWetRich,OpenWetRich,0,FALSE
75315,OpenWetRich,OpenWetRich,0,FALSE
75316,OpenWetRich,OpenWetRich,0,FALSE
75317,ForestWetRich,ForestWetRich,1,FALSE
75585,ForestWetRich,ForestWetRich,1,FALSE
75586,ForestWetRich,ForestWetRich,1,FALSE
75594,ForestWetPoor,ForestWetPoor,1,FALSE
75595,OpenDryPoor,OpenDryPoor,0,FALSE
75596,OpenDryPoor,OpenDryPoor,0,FALSE
75597,OpenDryPoor,OpenDryPoor,0,FALSE
75598,OpenWetRich,OpenWetRich,0,FALSE
75599,OpenWetRich,OpenWetRich,0,FALSE
75602,ForestWetPoor,ForestWetPoor,1,FALSE
75603,ForestWetPoor,ForestWetPoor,1,FALSE
75607,ForestWetRich,ForestWetRich,1,FALSE
75610,OpenWetRich,OpenWetRich,0,FALSE
75611,ForestDryRich,ForestDryRich,1,FALSE
75881,ForestWetRich,ForestWetRich,1,FALSE
75887,OpenWetRich,OpenWetRich,0,FALSE
75888,OpenWetRich,OpenWetRich,0,FALSE
75889,ForestWetPoor,ForestWetPoor,1,FALSE
75895,ForestWetPoor,ForestWetPoor,1,FALSE
75896,ForestWetPoor,ForestWetPoor,1,FALSE
75897,ForestWetPoor,ForestWetPoor,1,FALSE
75905,ForestWetRich,ForestWetRich,1,FALSE
76179,OpenDryPoor,OpenDryPoor,0,FALSE
76181,OpenDryPoor,OpenDryPoor,0,FALSE
76190,ForestWetPoor,ForestWetPoor,1,FALSE
76191,ForestWetPoor,ForestWetPoor,1,FALSE
76192,ForestWetPoor,ForestWetPoor,1,FALSE
76199,ForestWetRich,ForestWetRich,0,FALSE
76200,ForestWetRich,ForestWetRich,1,FALSE
76470,ForestWetRich,ForestWetRich,1,FALSE
76473,OpenDryPoor,OpenDryPoor,0,FALSE
76478,ForestWetRich,ForestWetRich,1,FALSE
76479,ForestWetRich,ForestWetRich,1,FALSE
76484,ForestWetPoor,ForestWetPoor,1,FALSE
76485,ForestWetPoor,ForestWetPoor,1,FALSE
76486,ForestWetPoor,ForestWetPoor,1,FALSE
76487,ForestWetPoor,ForestWetPoor,1,FALSE
76494,ForestWetRich,ForestWetRich,1,FALSE
76495,ForestWetRich,ForestWetRich,0,FALSE
76755,ForestWetRich,ForestWetRich,1,FALSE
76771,ForestWetPoor,ForestWetPoor,1,FALSE
76772,ForestWetPoor,ForestWetPoor,1,FALSE
76775,ForestWetPoor,ForestWetPoor,1,FALSE
76776,ForestWetPoor,ForestWetPoor,1,FALSE
76777,ForestWetPoor,ForestWetPoor,1,FALSE
76779,ForestWetPoor,ForestWetPoor,1,FALSE
76780,ForestWetPoor,ForestWetPoor,1,FALSE
76781,ForestWetPoor,ForestWetPoor,1,FALSE
76789,ForestWetRich,ForestWetRich,1,FALSE
77042,ForestWetRich,ForestWetRich,1,FALSE
77043,ForestWetRich,ForestWetRich,1,FALSE
77044,ForestWetRich,ForestWetRich,1,FALSE
77054,ForestWetRich,ForestWetRich,1,FALSE
77055,ForestWetRich,ForestWetRich,1,FALSE
77064,ForestWetPoor,ForestWetPoor,1,FALSE
77065,ForestWetPoor,ForestWetPoor,1,FALSE
77068,ForestWetPoor,ForestWetPoor,1,FALSE
77069,ForestWetPoor,ForestWetPoor,1,FALSE
77070,ForestWetPoor,ForestWetPoor,1,FALSE
77071,ForestWetPoor,ForestWetPoor,1,FALSE
77072,ForestWetPoor,ForestWetPoor,1,FALSE
77073,ForestWetPoor,ForestWetPoor,1,FALSE
77074,ForestWetPoor,ForestWetPoor,1,FALSE
77075,ForestWetPoor,ForestWetPoor,1,FALSE
77076,OpenDryPoor,OpenDryPoor,0,FALSE
77335,ForestDryPoor,ForestDryPoor,1,FALSE
77336,ForestDryPoor,ForestDryPoor,1,FALSE
77337,ForestWetRich,ForestWetRich,1,FALSE
77338,ForestWetRich,ForestWetRich,1,FALSE
77339,ForestWetRich,ForestWetRich,1,FALSE
77351,ForestDryPoor,ForestDryPoor,1,FALSE
77354,ForestDryPoor,ForestDryPoor,1,FALSE
77355,ForestDryPoor,ForestDryPoor,1,FALSE
77356,ForestDryPoor,ForestDryPoor,1,FALSE
77357,ForestDryPoor,ForestDryPoor,1,FALSE
77358,ForestDryPoor,ForestDryPoor,1,FALSE
77360,ForestWetPoor,ForestWetPoor,1,FALSE
77362,ForestDryPoor,ForestDryPoor,1,FALSE
77363,ForestDryPoor,ForestDryPoor,1,FALSE
77366,ForestDryPoor,ForestDryPoor,1,FALSE
77631,ForestWetRich,ForestWetRich,1,FALSE
77646,ForestDryPoor,ForestDryPoor,1,FALSE
77647,ForestDryPoor,ForestDryPoor,1,FALSE
77648,ForestDryPoor,ForestDryPoor,1,FALSE
77649,ForestDryPoor,ForestDryPoor,1,FALSE
77650,ForestDryPoor,ForestDryPoor,1,FALSE
77651,ForestDryPoor,ForestDryPoor,1,FALSE
77652,ForestDryPoor,ForestDryPoor,1,FALSE
77653,ForestDryPoor,ForestDryPoor,1,FALSE
77655,ForestDryPoor,ForestDryPoor,1,FALSE
77657,ForestDryPoor,ForestDryPoor,1,FALSE
77658,ForestDryPoor,ForestDryPoor,1,FALSE
77662,ForestDryPoor,ForestDryPoor,1,FALSE
77939,ForestDryPoor,ForestDryPoor,1,FALSE
77940,ForestDryPoor,ForestDryPoor,1,FALSE
77942,ForestDryPoor,ForestDryPoor,1,FALSE
77943,ForestDryPoor,ForestDryPoor,1,FALSE
77944,ForestDryPoor,ForestDryPoor,1,FALSE
77945,ForestDryPoor,ForestDryPoor,1,FALSE
77946,ForestDryPoor,ForestDryPoor,1,FALSE
77950,ForestDryPoor,ForestDryPoor,1,FALSE
77951,ForestDryPoor,ForestDryPoor,1,FALSE
77952,ForestDryPoor,ForestDryPoor,1,FALSE
77955,ForestDryPoor,ForestDryPoor,1,FALSE
77957,ForestDryPoor,ForestDryPoor,1,FALSE
77959,ForestDryPoor,ForestDryPoor,1,FALSE
78247,ForestDryPoor,ForestDryPoor,1,FALSE
78251,ForestDryPoor,ForestDryPoor,1,FALSE
78542,ForestDryPoor,ForestDryPoor,1,FALSE
78543,ForestDryPoor,ForestDryPoor,1,FALSE
78547,ForestDryPoor,ForestDryPoor,1,FALSE
78821,ForestDryPoor,ForestDryPoor,1,FALSE
79116,ForestDryPoor,ForestDryPoor,1,FALSE
79117,ForestDryPoor,ForestDryPoor,1,FALSE
79118,ForestDryPoor,ForestDryPoor,1,FALSE
79405,ForestDryPoor,ForestDryPoor,1,FALSE
79407,ForestDryPoor,ForestDryPoor,1,FALSE
79411,ForestDryPoor,ForestDryPoor,1,FALSE
79412,ForestDryPoor,ForestDryPoor,1,FALSE
79413,ForestDryPoor,ForestDryPoor,1,FALSE
79414,ForestDryPoor,ForestDryPoor,1,FALSE
79700,ForestDryPoor,ForestDryPoor,1,FALSE
79701,ForestDryPoor,ForestDryPoor,1,FALSE
79702,ForestDryPoor,ForestDryPoor,1,FALSE
79707,ForestDryPoor,ForestDryPoor,1,FALSE
79708,ForestDryPoor,ForestDryPoor,1,FALSE
79710,ForestDryPoor,ForestDryPoor,1,FALSE
79711,ForestDryPoor,ForestDryPoor,1,FALSE
79995,ForestDryPoor,ForestDryPoor,1,FALSE
79996,ForestDryPoor,ForestDryPoor,1,FALSE
79997,ForestDryPoor,ForestDryPoor,1,FALSE
80002,ForestDryPoor,ForestDryPoor,1,FALSE
80003,ForestDryPoor,ForestDryPoor,1,FALSE
80004,ForestDryPoor,ForestDryPoor,1,FALSE
80005,ForestDryPoor,ForestDryPoor,1,FALSE
80006,ForestDryPoor,ForestDryPoor,1,FALSE
80291,ForestDryPoor,ForestDryPoor,1,FALSE
80293,ForestDryPoor,ForestDryPoor,1,FALSE
80295,ForestDryPoor,ForestDryPoor,1,FALSE
80296,ForestDryPoor,ForestDryPoor,1,FALSE
80297,ForestDryPoor,ForestDryPoor,1,FALSE
80298,ForestDryPoor,ForestDryPoor,1,FALSE
80299,ForestDryPoor,ForestDryPoor,1,FALSE
80300,ForestDryPoor,ForestDryPoor,1,FALSE
80301,ForestDryPoor,ForestDryPoor,1,FALSE
80302,ForestDryPoor,ForestDryPoor,1,FALSE
80303,ForestDryPoor,ForestDryPoor,1,FALSE
80587,ForestDryPoor,ForestDryPoor,1,FALSE
80588,ForestDryPoor,ForestDryPoor,1,FALSE
80589,ForestDryPoor,ForestDryPoor,1,FALSE
80591,ForestDryPoor,ForestDryPoor,1,FALSE
80592,ForestDryPoor,ForestDryPoor,1,FALSE
80594,ForestDryPoor,ForestDryPoor,1,FALSE
80595,ForestDryPoor,ForestDryPoor,1,FALSE
80596,ForestDryPoor,ForestDryPoor,1,FALSE
80597,ForestDryPoor,ForestDryPoor,1,FALSE
80598,ForestDryPoor,ForestDryPoor,1,FALSE
80599,ForestDryPoor,ForestDryPoor,1,FALSE
80886,ForestDryPoor,ForestDryPoor,1,FALSE
80891,ForestDryPoor,ForestDryPoor,1,FALSE
80892,ForestDryPoor,ForestDryPoor,1,FALSE
80893,ForestDryPoor,ForestDryPoor,1,FALSE
80894,ForestDryPoor,ForestDryPoor,1,FALSE
80895,ForestDryPoor,ForestDryPoor,1,FALSE
80896,ForestDryPoor,ForestDryPoor,1,FALSE
81177,ForestDryPoor,ForestDryPoor,1,FALSE
81178,ForestDryPoor,ForestDryPoor,1,FALSE
81180,ForestWetRich,ForestWetRich,1,FALSE
81182,ForestDryPoor,ForestDryPoor,1,FALSE
81183,ForestDryPoor,ForestDryPoor,1,FALSE
81191,ForestDryPoor,ForestDryPoor,1,FALSE
81192,ForestDryPoor,ForestDryPoor,1,FALSE
81193,ForestDryPoor,ForestDryPoor,1,FALSE
81194,ForestDryPoor,ForestDryPoor,1,FALSE
81473,ForestWetRich,ForestWetRich,1,FALSE
81476,ForestDryPoor,ForestDryPoor,1,FALSE
81477,ForestDryPoor,ForestDryPoor,1,FALSE
81479,ForestDryPoor,ForestDryPoor,1,FALSE
81480,ForestDryPoor,ForestDryPoor,1,FALSE
81481,ForestDryPoor,ForestDryPoor,1,FALSE
81488,ForestDryPoor,ForestDryPoor,1,FALSE
81489,ForestDryPoor,ForestDryPoor,1,FALSE
81494,ForestWetRich,ForestWetRich,1,FALSE
81767,ForestWetRich,ForestWetRich,1,FALSE
81768,ForestWetRich,ForestWetRich,1,FALSE
81771,ForestDryPoor,ForestDryPoor,1,FALSE
81772,ForestDryPoor,ForestDryPoor,1,FALSE
81773,ForestDryPoor,ForestDryPoor,1,FALSE
81774,ForestDryPoor,ForestDryPoor,1,FALSE
81776,ForestDryPoor,ForestDryPoor,1,FALSE
81787,OpenDryPoor,OpenDryPoor,0,FALSE
81788,OpenDryPoor,OpenDryPoor,0,FALSE
81789,ForestWetRich,ForestWetRich,1,FALSE
81790,ForestWetRich,ForestWetRich,1,FALSE
81791,ForestWetRich,ForestWetRich,1,FALSE
81792,ForestWetRich,ForestWetRich,1,FALSE
82064,OpenWetRich,OpenWetRich,0,FALSE
82067,ForestDryPoor,ForestDryPoor,1,FALSE
82068,ForestDryPoor,ForestDryPoor,1,FALSE
82069,ForestDryPoor,ForestDryPoor,1,FALSE
82070,ForestDryPoor,ForestDryPoor,1,FALSE
82071,ForestDryPoor,ForestDryPoor,1,FALSE
82082,ForestWetRich,ForestWetRich,1,FALSE
82083,ForestWetRich,ForestWetRich,1,FALSE
82084,ForestWetRich,ForestWetRich,1,FALSE
82085,ForestWetRich,ForestWetRich,1,FALSE
82086,ForestWetRich,ForestWetRich,1,FALSE
82087,ForestWetRich,ForestWetRich,0,FALSE
82088,ForestWetRich,ForestWetRich,1,FALSE
82089,ForestWetRich,ForestWetRich,1,FALSE
82090,ForestWetRich,ForestWetRich,1,FALSE
82363,ForestDryPoor,ForestDryPoor,1,FALSE
82365,ForestDryPoor,ForestDryPoor,1,FALSE
82366,ForestDryPoor,ForestDryPoor,1,FALSE
82378,ForestWetRich,ForestWetRich,1,FALSE
82379,ForestWetRich,ForestWetRich,1,FALSE
82382,ForestWetRich,ForestWetRich,0,FALSE
82383,ForestWetRich,ForestWetRich,1,FALSE
82659,ForestDryPoor,ForestDryPoor,1,FALSE
82660,ForestDryPoor,ForestDryPoor,1,FALSE
82676,ForestWetRich,ForestWetRich,1,FALSE
82677,ForestWetRich,ForestWetRich,0,FALSE
82678,ForestWetRich,ForestWetRich,1,FALSE
82955,ForestDryPoor,ForestDryPoor,1,FALSE
83265,ForestWetPoor,ForestWetPoor,1,FALSE
83266,ForestWetPoor,ForestWetPoor,1,FALSE
83270,ForestWetRich,ForestWetRich,0,FALSE
83271,ForestWetRich,ForestWetRich,1,FALSE
83542,OpenWetRich,OpenWetRich,0,FALSE
83543,OpenWetRich,OpenWetRich,0,FALSE
83560,ForestWetPoor,ForestWetPoor,1,FALSE
83561,ForestWetPoor,ForestWetPoor,1,FALSE
83566,ForestWetRich,ForestWetRich,1,FALSE
83567,ForestWetRich,ForestWetRich,1,FALSE
83568,ForestWetRich,ForestWetRich,1,FALSE
83592,ForestWetRich,ForestWetRich,1,FALSE
83841,ForestDryPoor,ForestDryPoor,1,FALSE
83842,ForestDryPoor,ForestDryPoor,1,FALSE
83843,ForestDryPoor,ForestDryPoor,1,FALSE
83849,ForestDryPoor,ForestDryPoor,1,FALSE
83859,OpenWetRich,OpenWetRich,0,FALSE
83860,OpenWetRich,OpenWetRich,0,FALSE
83862,ForestWetRich,ForestWetRich,1,FALSE
83863,ForestWetRich,ForestWetRich,1,FALSE
83887,ForestWetRich,ForestWetRich,1,FALSE
83888,ForestWetRich,ForestWetRich,1,FALSE
84136,ForestDryPoor,ForestDryPoor,1,FALSE
84137,ForestDryPoor,ForestDryPoor,1,FALSE
84138,ForestDryPoor,ForestDryPoor,1,FALSE
84158,ForestWetRich,ForestWetRich,1,FALSE
84169,ForestDryRich,ForestDryRich,1,FALSE
84170,ForestDryRich,ForestDryRich,1,FALSE
84182,ForestWetRich,ForestWetRich,0,FALSE
84183,ForestWetRich,ForestWetRich,1,FALSE
84184,ForestWetRich,ForestWetRich,1,FALSE
84430,ForestDryPoor,ForestDryPoor,1,FALSE
84431,ForestDryPoor,ForestDryPoor,1,FALSE
84432,ForestDryPoor,ForestDryPoor,1,FALSE
84433,ForestWetRich,ForestWetRich,1,FALSE
84443,ForestWetRich,ForestWetRich,1,FALSE
84444,ForestWetRich,ForestWetRich,1,FALSE
84445,ForestWetRich,ForestWetRich,1,FALSE
84446,ForestWetRich,ForestWetRich,1,FALSE
84448,ForestDryPoor,ForestDryPoor,1,FALSE
84449,ForestDryPoor,ForestDryPoor,1,FALSE
84450,ForestDryPoor,ForestDryPoor,1,FALSE
84464,ForestDryRich,ForestDryRich,1,FALSE
84465,ForestDryRich,ForestDryRich,1,FALSE
84466,ForestDryRich,ForestDryRich,1,FALSE
84477,ForestWetRich,ForestWetRich,1,FALSE
84478,ForestWetRich,ForestWetRich,1,FALSE
84479,ForestWetRich,ForestWetRich,1,FALSE
84480,ForestWetRich,ForestWetRich,1,FALSE
84731,ForestDryPoor,ForestDryPoor,1,FALSE
84736,ForestDryPoor,ForestDryPoor,1,FALSE
84737,ForestWetRich,ForestWetRich,1,FALSE
84738,ForestWetRich,ForestWetRich,1,FALSE
84739,ForestWetRich,ForestWetRich,1,FALSE
84740,ForestWetRich,ForestWetRich,1,FALSE
84741,ForestWetRich,ForestWetRich,1,FALSE
84742,ForestDryPoor,ForestDryPoor,1,FALSE
84743,ForestDryPoor,ForestDryPoor,1,FALSE
84744,ForestDryPoor,ForestDryPoor,1,FALSE
84745,ForestDryPoor,ForestDryPoor,1,FALSE
84746,ForestDryPoor,ForestDryPoor,1,FALSE
84761,ForestDryRich,ForestDryRich,1,FALSE
84772,OpenWetRich,OpenWetRich,0,FALSE
84773,ForestWetRich,ForestWetRich,0,FALSE
84774,ForestWetRich,ForestWetRich,0,FALSE
84775,ForestWetRich,ForestWetRich,0,FALSE
84776,ForestWetRich,ForestWetRich,1,FALSE
85022,ForestDryPoor,ForestDryPoor,1,FALSE
85024,ForestWetRich,ForestWetRich,1,FALSE
85025,ForestWetRich,ForestWetRich,1,FALSE
85026,ForestWetRich,ForestWetRich,1,FALSE
85027,ForestDryPoor,ForestDryPoor,1,FALSE
85028,ForestDryPoor,ForestDryPoor,1,FALSE
85029,ForestDryPoor,ForestDryPoor,1,FALSE
85030,ForestDryPoor,ForestDryPoor,1,FALSE
85031,ForestDryPoor,ForestDryPoor,1,FALSE
85032,ForestDryPoor,ForestDryPoor,1,FALSE
85037,ForestDryPoor,ForestDryPoor,1,FALSE
85038,ForestDryPoor,ForestDryPoor,1,FALSE
85039,ForestDryPoor,ForestDryPoor,1,FALSE
85040,ForestDryPoor,ForestDryPoor,1,FALSE
85041,ForestDryPoor,ForestDryPoor,0,FALSE
85042,ForestDryPoor,ForestDryPoor,0,FALSE
85067,OpenWetRich,OpenWetRich,0,FALSE
85068,OpenWetRich,OpenWetRich,0,FALSE
85069,OpenWetRich,OpenWetRich,0,FALSE
85070,OpenWetRich,OpenWetRich,0,FALSE
85071,OpenDryPoor,OpenDryPoor,0,FALSE
85318,ForestDryPoor,ForestDryPoor,1,FALSE
85319,ForestWetRich,ForestWetRich,1,FALSE
85323,ForestDryPoor,ForestDryPoor,1,FALSE
85328,ForestWetPoor,ForestWetPoor,1,FALSE
85330,ForestDryPoor,ForestDryPoor,1,FALSE
85331,ForestDryPoor,ForestDryPoor,1,FALSE
85332,ForestDryPoor,ForestDryPoor,1,FALSE
85333,ForestDryPoor,ForestDryPoor,1,FALSE
85334,ForestDryPoor,ForestDryPoor,1,FALSE
85337,ForestDryPoor,ForestDryPoor,1,FALSE
85360,OpenWetRich,OpenWetRich,0,FALSE
85361,OpenWetRich,OpenWetRich,0,FALSE
85362,OpenWetRich,OpenWetRich,0,FALSE
85363,OpenWetRich,OpenWetRich,0,FALSE
85365,OpenWetRich,OpenWetRich,0,FALSE
85366,OpenWetRich,OpenWetRich,0,FALSE
85616,ForestDryPoor,ForestDryPoor,1,FALSE
85617,ForestDryPoor,ForestDryPoor,1,FALSE
85618,ForestDryPoor,ForestDryPoor,1,FALSE
85619,ForestDryRich,ForestDryRich,1,FALSE
85620,ForestDryPoor,ForestDryPoor,1,FALSE
85621,ForestDryPoor,ForestDryPoor,1,FALSE
85629,ForestDryPoor,ForestDryPoor,1,FALSE
85632,ForestDryPoor,ForestDryPoor,1,FALSE
85633,ForestDryPoor,ForestDryPoor,1,FALSE
85654,ForestWetRich,ForestWetRich,1,FALSE
85655,OpenWetRich,OpenWetRich,0,FALSE
85656,OpenWetRich,OpenWetRich,0,FALSE
85657,OpenWetRich,OpenWetRich,0,FALSE
85658,OpenWetRich,OpenWetRich,0,FALSE
85659,OpenWetRich,OpenWetRich,0,FALSE
85660,OpenWetRich,OpenWetRich,0,FALSE
85661,OpenWetRich,OpenWetRich,0,FALSE
85909,ForestWetRich,ForestWetRich,1,FALSE
85912,ForestDryRich,ForestDryRich,1,FALSE
85913,ForestDryRich,ForestDryRich,1,FALSE
85914,OpenWetRich,OpenWetRich,0,FALSE
85915,OpenWetRich,OpenWetRich,0,FALSE
85916,ForestDryPoor,ForestDryPoor,1,FALSE
85917,ForestDryPoor,ForestDryPoor,1,FALSE
85918,ForestDryPoor,ForestDryPoor,1,FALSE
85927,ForestDryPoor,ForestDryPoor,1,FALSE
85928,ForestDryPoor,ForestDryPoor,1,FALSE
85929,ForestDryPoor,ForestDryPoor,1,FALSE
85930,ForestDryPoor,ForestDryPoor,1,FALSE
85949,ForestWetRich,ForestWetRich,1,FALSE
85952,OpenWetRich,OpenWetRich,0,FALSE
85953,OpenWetRich,OpenWetRich,0,FALSE
85954,OpenWetRich,OpenWetRich,0,FALSE
85955,OpenWetRich,OpenWetRich,0,FALSE
86207,ForestDryRich,ForestDryRich,1,FALSE
86208,ForestDryRich,ForestDryRich,1,FALSE
86209,OpenDryRich,OpenDryRich,0,FALSE
86210,OpenWetRich,OpenWetRich,0,FALSE
86212,ForestDryPoor,ForestDryPoor,1,FALSE
86213,ForestDryPoor,ForestDryPoor,1,FALSE
86214,ForestDryPoor,ForestDryPoor,1,FALSE
86221,ForestDryPoor,ForestDryPoor,1,FALSE
86222,ForestDryPoor,ForestDryPoor,1,FALSE
86225,ForestDryPoor,ForestDryPoor,1,FALSE
86244,ForestWetRich,ForestWetRich,1,FALSE
86247,OpenWetRich,OpenWetRich,0,FALSE
86248,OpenWetRich,OpenWetRich,0,FALSE
86249,OpenWetRich,OpenWetRich,0,FALSE
86250,OpenWetRich,OpenWetRich,0,FALSE
86503,ForestDryRich,ForestDryRich,1,FALSE
86504,ForestDryPoor,ForestDryPoor,1,FALSE
86505,ForestDryPoor,ForestDryPoor,0,FALSE
86506,ForestDryPoor,ForestDryPoor,1,FALSE
86508,ForestDryPoor,ForestDryPoor,1,FALSE
86509,ForestDryPoor,ForestDryPoor,1,FALSE
86510,ForestDryPoor,ForestDryPoor,1,FALSE
86511,ForestDryPoor,ForestDryPoor,1,FALSE
86516,ForestDryPoor,ForestDryPoor,1,FALSE
86517,ForestDryPoor,ForestDryPoor,1,FALSE
86539,ForestWetRich,ForestWetRich,1,FALSE
86543,OpenWetRich,OpenWetRich,0,FALSE
86544,OpenWetRich,OpenWetRich,0,FALSE
86805,OpenDryPoor,OpenDryPoor,0,FALSE
86806,OpenDryPoor,OpenDryPoor,0,FALSE
86807,OpenWetRich,OpenWetRich,0,FALSE
86808,OpenDryRich,OpenDryRich,0,FALSE
86821,ForestDryPoor,ForestDryPoor,1,FALSE
86822,ForestDryPoor,ForestDryPoor,1,FALSE
86823,ForestDryPoor,ForestDryPoor,1,FALSE
86835,ForestDryPoor,ForestDryPoor,1,FALSE
87102,OpenWetRich,OpenWetRich,0,FALSE
87104,ForestDryPoor,ForestDryPoor,1,FALSE
87113,ForestDryPoor,ForestDryPoor,1,FALSE
87114,ForestDryPoor,ForestDryPoor,1,FALSE
87116,ForestDryPoor,ForestDryPoor,1,FALSE
87117,ForestDryPoor,ForestDryPoor,1,FALSE
87118,ForestDryPoor,ForestDryPoor,1,FALSE
87119,ForestDryPoor,ForestDryPoor,1,FALSE
87130,ForestDryPoor,ForestDryPoor,1,FALSE
87131,OpenWetRich,OpenWetRich,0,FALSE
87132,OpenWetRich,OpenWetRich,0,FALSE
87134,OpenWetRich,OpenWetRich,0,FALSE
87135,OpenWetRich,OpenWetRich,0,FALSE
87136,OpenWetRich,OpenWetRich,0,FALSE
87408,ForestDryPoor,ForestDryPoor,1,FALSE
87409,ForestDryPoor,ForestDryPoor,1,FALSE
87411,ForestDryPoor,ForestDryPoor,1,FALSE
87412,ForestDryPoor,ForestDryPoor,1,FALSE
87413,ForestDryPoor,ForestDryPoor,1,FALSE
87414,ForestDryPoor,ForestDryPoor,1,FALSE
87415,ForestDryPoor,ForestDryPoor,1,FALSE
87416,ForestDryPoor,ForestDryPoor,1,FALSE
87421,ForestDryPoor,ForestDryPoor,1,FALSE
87423,ForestDryPoor,ForestDryPoor,1,FALSE
87424,ForestDryPoor,ForestDryPoor,1,FALSE
87425,ForestDryPoor,ForestDryPoor,1,FALSE
87427,OpenDryPoor,OpenDryPoor,0,FALSE
87428,OpenDryPoor,OpenDryPoor,0,FALSE
87430,OpenWetRich,OpenWetRich,0,FALSE
87431,OpenWetRich,OpenWetRich,0,FALSE
87705,ForestDryPoor,ForestDryPoor,1,FALSE
87706,ForestDryPoor,ForestDryPoor,1,FALSE
87707,ForestDryPoor,ForestDryPoor,1,FALSE
87711,ForestDryPoor,ForestDryPoor,1,FALSE
87712,ForestDryPoor,ForestDryPoor,1,FALSE
87713,ForestDryPoor,ForestDryPoor,1,FALSE
87714,ForestDryPoor,ForestDryPoor,1,FALSE
87715,ForestDryPoor,ForestDryPoor,1,FALSE
87716,ForestDryPoor,ForestDryPoor,1,FALSE
87717,ForestDryPoor,ForestDryPoor,1,FALSE
87718,ForestDryPoor,ForestDryPoor,1,FALSE
87719,ForestDryPoor,ForestDryPoor,1,FALSE
87720,ForestDryPoor,ForestDryPoor,1,FALSE
87722,OpenDryRich,OpenDryRich,0,FALSE
87723,ForestWetRich,ForestWetRich,0,FALSE
87724,ForestWetRich,ForestWetRich,1,FALSE
87725,OpenWetRich,OpenWetRich,0,FALSE
87726,OpenWetRich,OpenWetRich,0,FALSE
88003,ForestDryPoor,ForestDryPoor,1,FALSE
88008,ForestDryPoor,ForestDryPoor,1,FALSE
88009,ForestDryPoor,ForestDryPoor,1,FALSE
88010,ForestDryPoor,ForestDryPoor,1,FALSE
88011,ForestDryPoor,ForestDryPoor,1,FALSE
88012,ForestDryPoor,ForestDryPoor,1,FALSE
88013,ForestDryPoor,ForestDryPoor,1,FALSE
88014,ForestDryPoor,ForestDryPoor,1,FALSE
88015,ForestDryPoor,ForestDryPoor,1,FALSE
88018,ForestWetRich,ForestWetRich,1,FALSE
88019,ForestWetRich,ForestWetRich,1,FALSE
88020,ForestWetRich,ForestWetRich,1,FALSE
88021,ForestWetRich,ForestWetRich,1,FALSE
88026,ForestDryRich,ForestDryRich,1,FALSE
88304,ForestDryPoor,ForestDryPoor,1,FALSE
88305,ForestDryPoor,ForestDryPoor,1,FALSE
88306,ForestDryPoor,ForestDryPoor,1,FALSE
88307,ForestDryPoor,ForestDryPoor,1,FALSE
88308,ForestDryPoor,ForestDryPoor,1,FALSE
88309,ForestDryPoor,ForestDryPoor,1,FALSE
88310,ForestDryPoor,ForestDryPoor,1,FALSE
88314,ForestWetRich,ForestWetRich,1,FALSE
88316,ForestWetRich,ForestWetRich,1,FALSE
88318,OpenDryPoor,OpenDryPoor,0,FALSE
88605,ForestDryPoor,ForestDryPoor,1,FALSE
88606,ForestDryPoor,ForestDryPoor,1,FALSE
88609,ForestWetRich,ForestWetRich,1,FALSE
88610,ForestWetRich,ForestWetRich,1,FALSE
88611,ForestWetRich,ForestWetRich,1,FALSE
88612,ForestWetRich,ForestWetRich,1,FALSE
88613,ForestWetRich,ForestWetRich,1,FALSE
88900,ForestDryPoor,ForestDryPoor,1,FALSE
88901,ForestDryPoor,ForestDryPoor,1,FALSE
88903,ForestWetRich,ForestWetRich,1,FALSE
88904,ForestWetRich,ForestWetRich,1,FALSE
88906,ForestWetRich,ForestWetRich,1,FALSE
88907,ForestWetRich,ForestWetRich,1,FALSE
89195,ForestDryPoor,ForestDryPoor,1,FALSE
89196,ForestDryPoor,ForestDryPoor,1,FALSE
89199,ForestWetRich,ForestWetRich,1,FALSE
89200,ForestWetRich,ForestWetRich,1,FALSE
89201,ForestWetRich,ForestWetRich,1,FALSE
89202,ForestWetRich,ForestWetRich,1,FALSE
89212,ForestWetPoor,ForestWetPoor,1,FALSE
89213,ForestWetPoor,ForestWetPoor,1,FALSE
89214,ForestWetPoor,ForestWetPoor,1,FALSE
89491,ForestDryPoor,ForestDryPoor,1,FALSE
89495,ForestDryPoor,ForestDryPoor,1,FALSE
89508,ForestWetPoor,ForestWetPoor,1,FALSE
89786,ForestDryPoor,ForestDryPoor,1,FALSE
89787,ForestDryPoor,ForestDryPoor,1,FALSE
90082,ForestDryPoor,ForestDryPoor,1,FALSE
90385,ForestWetRich,ForestWetRich,1,FALSE
90386,ForestWetRich,ForestWetRich,0,FALSE
91864,ForestWetRich,ForestWetRich,1,FALSE
91867,ForestWetRich,ForestWetRich,1,FALSE
92156,ForestDryRich,ForestDryRich,1,FALSE
92157,ForestDryRich,ForestDryRich,1,FALSE
92160,ForestWetRich,ForestWetRich,1,FALSE
92161,ForestWetRich,ForestWetRich,1,FALSE
92162,ForestWetRich,ForestWetRich,1,FALSE
92163,ForestWetRich,ForestWetRich,1,FALSE
92164,ForestWetRich,ForestWetRich,0,FALSE
92451,ForestDryRich,ForestDryRich,1,FALSE
92452,ForestDryRich,ForestDryRich,1,FALSE
92456,ForestWetRich,ForestWetRich,1,FALSE
92457,ForestWetRich,ForestWetRich,1,FALSE
92458,ForestWetRich,ForestWetRich,0,FALSE
92459,ForestWetRich,ForestWetRich,0,FALSE
92460,ForestWetRich,ForestWetRich,0,FALSE
92461,ForestWetRich,ForestWetRich,0,FALSE
92749,ForestWetRich,ForestWetRich,1,FALSE
92754,ForestWetRich,ForestWetRich,0,FALSE
92755,ForestWetRich,ForestWetRich,0,FALSE
92756,ForestWetRich,ForestWetRich,0,FALSE
93042,ForestWetRich,ForestWetRich,1,FALSE
93043,ForestWetRich,ForestWetRich,1,FALSE
93044,ForestWetRich,ForestWetRich,1,FALSE
93045,ForestWetRich,ForestWetRich,1,FALSE
93046,ForestWetRich,ForestWetRich,0,FALSE
93051,ForestWetRich,ForestWetRich,0,FALSE
93052,ForestWetRich,ForestWetRich,0,FALSE
93053,ForestWetRich,ForestWetRich,1,FALSE
93331,ForestWetPoor,ForestWetPoor,0,FALSE
93337,ForestWetRich,ForestWetRich,1,FALSE
93338,ForestWetRich,ForestWetRich,1,FALSE
93339,ForestWetRich,ForestWetRich,1,FALSE
93343,OpenWetPoor,OpenWetPoor,0,FALSE
93347,ForestWetRich,ForestWetRich,0,FALSE
93348,ForestWetRich,ForestWetRich,1,FALSE
93349,ForestWetRich,ForestWetRich,1,FALSE
93626,ForestWetPoor,ForestWetPoor,1,FALSE
93636,ForestWetRich,ForestWetRich,1,FALSE
93637,OpenWetRich,OpenWetRich,0,FALSE
93638,OpenWetRich,OpenWetRich,0,FALSE
93639,OpenWetRich,OpenWetRich,0,FALSE
93640,OpenWetRich,OpenWetRich,0,FALSE
93911,OpenDryPoor,OpenDryPoor,0,FALSE
93917,ForestWetRich,ForestWetRich,0,FALSE
93918,ForestWetRich,ForestWetRich,1,FALSE
93919,ForestWetRich,ForestWetRich,1,FALSE
93920,ForestWetPoor,ForestWetPoor,1,FALSE
93921,ForestWetPoor,ForestWetPoor,1,FALSE
93922,ForestWetPoor,ForestWetPoor,1,FALSE
93923,ForestWetPoor,ForestWetPoor,1,FALSE
93924,ForestWetPoor,ForestWetPoor,1,FALSE
93931,ForestWetRich,ForestWetRich,1,FALSE
93932,ForestWetRich,ForestWetRich,1,FALSE
93933,OpenWetRich,OpenWetRich,0,FALSE
93934,OpenWetRich,OpenWetRich,0,FALSE
93935,OpenWetRich,OpenWetRich,0,FALSE
93936,OpenWetRich,OpenWetRich,0,FALSE
94202,ForestDryPoor,ForestDryPoor,1,FALSE
94206,OpenDryPoor,OpenDryPoor,0,FALSE
94207,OpenDryPoor,OpenDryPoor,0,FALSE
94211,ForestWetRich,ForestWetRich,1,FALSE
94212,ForestWetRich,ForestWetRich,0,FALSE
94213,ForestWetRich,ForestWetRich,0,FALSE
94214,ForestWetRich,ForestWetRich,0,FALSE
94215,ForestWetPoor,ForestWetPoor,1,FALSE
94216,ForestWetPoor,ForestWetPoor,1,FALSE
94217,ForestWetPoor,ForestWetPoor,1,FALSE
94218,ForestWetPoor,ForestWetPoor,1,FALSE
94219,ForestWetPoor,ForestWetPoor,1,FALSE
94224,ForestWetRich,ForestWetRich,1,FALSE
94226,ForestWetRich,ForestWetRich,1,FALSE
94227,ForestWetRich,ForestWetRich,1,FALSE
94497,ForestDryPoor,ForestDryPoor,1,FALSE
94498,ForestDryPoor,ForestDryPoor,1,FALSE
94503,ForestWetRich,ForestWetRich,1,FALSE
94504,ForestWetRich,ForestWetRich,1,FALSE
94505,ForestWetRich,ForestWetRich,1,FALSE
94506,ForestWetRich,ForestWetRich,1,FALSE
94507,ForestWetRich,ForestWetRich,1,FALSE
94508,ForestWetRich,ForestWetRich,0,FALSE
94511,ForestWetPoor,ForestWetPoor,1,FALSE
94512,ForestWetPoor,ForestWetPoor,1,FALSE
94513,ForestWetPoor,ForestWetPoor,1,FALSE
94514,ForestWetPoor,ForestWetPoor,1,FALSE
94519,ForestWetRich,ForestWetRich,1,FALSE
94521,ForestWetRich,ForestWetRich,1,FALSE
94522,ForestWetRich,ForestWetRich,1,FALSE
94529,OpenWetRich,OpenWetRich,0,FALSE
94790,ForestDryPoor,ForestDryPoor,1,FALSE
94791,ForestDryPoor,ForestDryPoor,1,FALSE
94792,ForestDryPoor,ForestDryPoor,1,FALSE
94796,OpenDryPoor,OpenDryPoor,0,FALSE
94797,ForestDryPoor,ForestDryPoor,1,FALSE
94798,OpenDryPoor,OpenDryPoor,0,FALSE
94799,ForestWetRich,ForestWetRich,1,FALSE
94800,ForestWetRich,ForestWetRich,1,FALSE
94801,ForestWetRich,ForestWetRich,1,FALSE
94802,ForestWetRich,ForestWetRich,1,FALSE
94806,ForestWetPoor,ForestWetPoor,1,FALSE
94807,ForestWetPoor,ForestWetPoor,1,FALSE
94808,ForestWetPoor,ForestWetPoor,1,FALSE
94812,ForestWetPoor,ForestWetPoor,1,FALSE
94814,ForestWetRich,ForestWetRich,1,FALSE
95084,ForestDryPoor,ForestDryPoor,1,FALSE
95085,ForestDryPoor,ForestDryPoor,1,FALSE
95086,ForestDryPoor,ForestDryPoor,1,FALSE
95087,ForestDryPoor,ForestDryPoor,1,FALSE
95088,ForestDryPoor,ForestDryPoor,1,FALSE
95090,ForestDryPoor,ForestDryPoor,1,FALSE
95091,ForestDryPoor,ForestDryPoor,0,FALSE
95092,ForestDryPoor,ForestDryPoor,1,FALSE
95093,ForestDryPoor,ForestDryPoor,0,FALSE
95094,ForestWetRich,ForestWetRich,0,FALSE
95095,ForestWetRich,ForestWetRich,1,FALSE
95096,ForestWetRich,ForestWetRich,1,FALSE
95099,ForestWetRich,ForestWetRich,1,FALSE
95380,ForestDryPoor,ForestDryPoor,1,FALSE
95381,ForestDryPoor,ForestDryPoor,1,FALSE
95382,ForestDryPoor,ForestDryPoor,1,FALSE
95383,ForestDryPoor,ForestDryPoor,1,FALSE
95385,ForestDryPoor,ForestDryPoor,1,FALSE
95386,ForestDryPoor,ForestDryPoor,0,FALSE
95387,ForestDryPoor,ForestDryPoor,0,FALSE
95388,ForestDryPoor,ForestDryPoor,0,FALSE
95389,ForestWetPoor,ForestWetPoor,0,FALSE
95390,ForestWetRich,ForestWetRich,0,FALSE
95391,ForestWetRich,ForestWetRich,1,FALSE
95677,ForestWetRich,ForestWetRich,1,FALSE
95678,ForestWetRich,ForestWetRich,1,FALSE
95682,OpenWetRich,OpenWetRich,0,FALSE
95683,OpenWetRich,OpenWetRich,0,FALSE
95684,ForestWetPoor,ForestWetPoor,0,FALSE
95685,ForestWetRich,ForestWetRich,0,FALSE
95686,ForestWetRich,ForestWetRich,0,FALSE
95687,ForestWetRich,ForestWetRich,0,FALSE
95965,ForestWetPoor,ForestWetPoor,0,FALSE
95966,OpenDryPoor,OpenDryPoor,0,FALSE
95967,OpenDryPoor,OpenDryPoor,0,FALSE
95968,OpenDryPoor,OpenDryPoor,0,FALSE
95969,OpenDryPoor,OpenDryPoor,0,FALSE
95970,OpenDryPoor,OpenDryPoor,0,FALSE
95971,OpenDryPoor,OpenDryPoor,0,FALSE
95972,ForestWetRich,ForestWetRich,1,FALSE
95973,ForestWetRich,ForestWetRich,1,FALSE
95974,ForestWetPoor,ForestWetPoor,1,FALSE
95978,ForestWetRich,ForestWetRich,0,FALSE
95981,ForestWetRich,ForestWetRich,0,FALSE
95982,ForestWetRich,ForestWetRich,0,FALSE
95983,ForestWetRich,ForestWetRich,1,FALSE
95988,OpenDryRich,OpenDryRich,0,FALSE
95989,OpenDryPoor,OpenDryPoor,0,FALSE
95993,ForestWetRich,ForestWetRich,1,FALSE
95995,OpenWetRich,OpenWetRich,0,FALSE
95996,OpenWetRich,OpenWetRich,0,FALSE
96258,ForestWetPoor,ForestWetPoor,1,FALSE
96259,ForestWetPoor,ForestWetPoor,0,FALSE
96260,ForestWetPoor,ForestWetPoor,1,FALSE
96261,ForestWetPoor,ForestWetPoor,0,FALSE
96262,OpenDryPoor,OpenDryPoor,0,FALSE
96263,OpenDryPoor,OpenDryPoor,0,FALSE
96264,OpenDryPoor,OpenDryPoor,0,FALSE
96265,OpenDryPoor,OpenDryPoor,0,FALSE
96266,ForestDryPoor,ForestDryPoor,1,FALSE
96267,ForestDryPoor,ForestDryPoor,1,FALSE
96268,ForestDryPoor,ForestDryPoor,1,FALSE
96269,ForestWetPoor,ForestWetPoor,1,FALSE
96270,ForestWetPoor,ForestWetPoor,1,FALSE
96273,ForestWetRich,ForestWetRich,1,FALSE
96274,ForestWetRich,ForestWetRich,1,FALSE
96275,ForestWetRich,ForestWetRich,1,FALSE
96276,ForestWetRich,ForestWetRich,1,FALSE
96277,ForestWetRich,ForestWetRich,1,FALSE
96289,OpenDryPoor,OpenDryPoor,0,FALSE
96290,OpenWetRich,OpenWetRich,0,FALSE
96291,OpenWetRich,OpenWetRich,0,FALSE
96292,OpenWetRich,OpenWetRich,0,FALSE
96293,OpenWetRich,OpenWetRich,0,FALSE
96554,OpenDryPoor,OpenDryPoor,0,FALSE
96555,ForestWetPoor,ForestWetPoor,0,FALSE
96556,ForestWetPoor,ForestWetPoor,0,FALSE
96557,OpenDryPoor,OpenDryPoor,0,FALSE
96558,OpenDryPoor,OpenDryPoor,0,FALSE
96561,ForestDryPoor,ForestDryPoor,1,FALSE
96562,ForestDryPoor,ForestDryPoor,1,FALSE
96567,ForestWetRich,ForestWetRich,1,FALSE
96569,ForestWetRich,ForestWetRich,1,FALSE
96571,ForestWetRich,ForestWetRich,1,FALSE
96572,ForestWetRich,ForestWetRich,1,FALSE
96574,OpenWetRich,OpenWetRich,0,FALSE
96575,OpenWetRich,OpenWetRich,0,FALSE
96581,OpenWetRich,OpenWetRich,0,FALSE
96582,OpenWetRich,OpenWetRich,0,FALSE
96585,OpenWetRich,OpenWetRich,0,FALSE
96586,OpenWetRich,OpenWetRich,0,FALSE
96587,OpenWetRich,OpenWetRich,0,FALSE
96588,OpenWetRich,OpenWetRich,0,FALSE
96589,OpenDryPoor,OpenDryPoor,0,FALSE
96849,ForestWetPoor,ForestWetPoor,1,FALSE
96850,ForestWetPoor,ForestWetPoor,1,FALSE
96851,ForestWetPoor,ForestWetPoor,1,FALSE
96852,OpenDryPoor,OpenDryPoor,0,FALSE
96853,ForestWetPoor,ForestWetPoor,1,FALSE
96860,OpenDryRich,OpenDryRich,0,FALSE
96862,OpenWetRich,OpenWetRich,0,FALSE
96863,ForestWetRich,ForestWetRich,1,FALSE
96876,OpenWetRich,OpenWetRich,0,FALSE
96877,OpenWetRich,OpenWetRich,0,FALSE
96880,ForestWetPoor,ForestWetPoor,0,FALSE
96881,OpenWetPoor,OpenWetPoor,0,FALSE
96882,OpenWetRich,OpenWetRich,0,FALSE
96883,OpenWetRich,OpenWetRich,0,FALSE
96884,ForestWetPoor,ForestWetPoor,0,FALSE
96885,ForestDryPoor,ForestDryPoor,1,FALSE
97145,ForestWetPoor,ForestWetPoor,1,FALSE
97146,ForestWetPoor,ForestWetPoor,1,FALSE
97147,ForestWetPoor,ForestWetPoor,1,FALSE
97148,ForestWetPoor,ForestWetPoor,1,FALSE
97149,ForestWetPoor,ForestWetPoor,1,FALSE
97152,ForestDryPoor,ForestDryPoor,1,FALSE
97153,ForestDryPoor,ForestDryPoor,1,FALSE
97157,OpenDryPoor,OpenDryPoor,0,FALSE
97158,ForestWetRich,ForestWetRich,0,FALSE
97159,ForestWetRich,ForestWetRich,1,FALSE
97160,ForestWetRich,ForestWetRich,1,FALSE
97172,OpenWetPoor,OpenWetPoor,0,FALSE
97173,OpenWetPoor,OpenWetPoor,0,FALSE
97175,ForestWetPoor,ForestWetPoor,0,FALSE
97176,ForestWetPoor,ForestWetPoor,0,FALSE
97177,OpenWetRich,OpenWetRich,0,FALSE
97180,ForestDryPoor,ForestDryPoor,1,FALSE
97441,ForestWetPoor,ForestWetPoor,1,FALSE
97447,ForestWetRich,ForestWetRich,1,FALSE
97452,ForestWetRich,ForestWetRich,0,FALSE
97453,ForestWetRich,ForestWetRich,0,FALSE
97457,ForestDryPoor,ForestDryPoor,0,FALSE
97458,ForestWetRich,ForestWetRich,0,FALSE
97461,OpenWetRich,OpenWetRich,0,FALSE
97738,OpenDryPoor,OpenDryPoor,0,FALSE
97739,ForestWetRich,ForestWetRich,1,FALSE
97742,ForestWetRich,ForestWetRich,0,FALSE
97743,ForestWetRich,ForestWetRich,0,FALSE
97753,ForestWetRich,ForestWetRich,0,FALSE
98030,ForestWetRich,ForestWetRich,1,FALSE
98031,OpenDryPoor,OpenDryPoor,0,FALSE
98032,OpenDryPoor,OpenDryPoor,0,FALSE
98033,OpenWetRich,OpenWetRich,0,FALSE
98034,OpenWetRich,OpenWetRich,0,FALSE
98325,ForestWetRich,ForestWetRich,1,FALSE
98326,ForestWetRich,ForestWetRich,0,FALSE
98327,ForestWetRich,ForestWetRich,0,FALSE
98614,OpenWetRich,OpenWetRich,0,FALSE
98620,OpenWetPoor,OpenWetPoor,0,FALSE
98621,OpenWetPoor,OpenWetPoor,0,FALSE
98625,ForestWetRich,ForestWetRich,1,FALSE
98909,OpenWetRich,OpenWetRich,0,FALSE
98915,OpenDryPoor,OpenDryPoor,0,FALSE
98916,ForestWetRich,ForestWetRich,1,FALSE
98922,ForestWetRich,ForestWetRich,1,FALSE
99211,ForestWetRich,ForestWetRich,1,FALSE
99220,ForestWetRich,ForestWetRich,1,FALSE
99222,ForestDryPoor,ForestDryPoor,1,FALSE
99223,ForestDryPoor,ForestDryPoor,1,FALSE
99502,OpenDryPoor,OpenDryPoor,0,FALSE
99505,ForestWetRich,ForestWetRich,1,FALSE
99506,ForestWetRich,ForestWetRich,1,FALSE
99517,ForestDryPoor,ForestDryPoor,1,FALSE
99518,ForestDryPoor,ForestDryPoor,1,FALSE
99519,ForestDryPoor,ForestDryPoor,1,FALSE
99795,OpenWetRich,OpenWetRich,0,FALSE
99796,OpenWetRich,OpenWetRich,0,FALSE
99801,ForestWetRich,ForestWetRich,1,FALSE
99816,ForestWetPoor,ForestWetPoor,1,FALSE
100088,OpenDryPoor,OpenDryPoor,0,FALSE
100096,OpenWetRich,OpenWetRich,0,FALSE
100388,ForestWetPoor,ForestWetPoor,0,FALSE
100392,OpenDryPoor,OpenDryPoor,0,FALSE
100393,OpenWetRich,OpenWetRich,0,FALSE
100682,OpenDryPoor,OpenDryPoor,0,FALSE
100684,OpenWetPoor,OpenWetPoor,0,FALSE
100688,ForestDryPoor,ForestDryPoor,1,FALSE
100980,ForestWetPoor,ForestWetPoor,1,FALSE
100983,OpenWetRich,OpenWetRich,0,FALSE
100984,ForestDryPoor,ForestDryPoor,0,FALSE
101278,OpenWetRich,OpenWetRich,0,FALSE
101279,OpenWetRich,OpenWetRich,0,FALSE
101567,OpenDryPoor,OpenDryPoor,0,FALSE
101568,ForestWetPoor,ForestWetPoor,1,FALSE
101569,OpenDryPoor,OpenDryPoor,0,FALSE
101571,OpenWetPoor,OpenWetPoor,0,FALSE
101575,ForestWetRich,ForestWetRich,1,FALSE
101865,ForestWetPoor,ForestWetPoor,0,FALSE
101867,ForestWetPoor,ForestWetPoor,1,FALSE
101869,OpenDryPoor,OpenDryPoor,0,FALSE
101871,ForestWetRich,ForestWetRich,1,FALSE
102160,OpenWetPoor,OpenWetPoor,0,FALSE
102163,ForestWetPoor,ForestWetPoor,1,FALSE
102165,OpenDryPoor,OpenDryPoor,0,FALSE
102166,ForestWetRich,ForestWetRich,1,FALSE
102459,ForestWetPoor,ForestWetPoor,1,FALSE
102461,OpenDryPoor,OpenDryPoor,0,FALSE
102462,ForestWetRich,ForestWetRich,1,FALSE
102751,ForestWetPoor,ForestWetPoor,1,FALSE
102753,ForestWetPoor,ForestWetPoor,0,FALSE
102754,ForestWetPoor,ForestWetPoor,1,FALSE
102757,ForestWetRich,ForestWetRich,0,FALSE
102758,ForestWetRich,ForestWetRich,0,FALSE
102759,ForestWetRich,ForestWetRich,1,FALSE
103048,OpenWetRich,OpenWetRich,0,FALSE
103348,OpenWetRich,OpenWetRich,0,FALSE
104531,OpenWetRich,OpenWetRich,0,FALSE
104534,OpenWetRich,OpenWetRich,0,FALSE
104825,OpenWetRich,OpenWetRich,0,FALSE
104827,OpenWetRich,OpenWetRich,0,FALSE
104828,OpenWetRich,OpenWetRich,0,FALSE
105120,OpenWetRich,OpenWetRich,0,FALSE
105410,OpenWetRich,OpenWetRich,0,FALSE
105412,OpenWetRich,OpenWetRich,0,FALSE
105700,OpenWetRich,OpenWetRich,0,FALSE
105702,OpenDryPoor,OpenDryPoor,0,FALSE
105703,OpenDryPoor,OpenDryPoor,0,FALSE
105704,OpenWetRich,OpenWetRich,0,FALSE
105705,OpenWetRich,OpenWetRich,0,FALSE
105707,OpenWetRich,OpenWetRich,0,FALSE
105710,OpenWetRich,OpenWetRich,0,FALSE
105993,OpenWetRich,OpenWetRich,0,FALSE
106000,OpenWetRich,OpenWetRich,0,FALSE
106002,OpenWetRich,OpenWetRich,0,FALSE
106003,OpenWetRich,OpenWetRich,0,FALSE
106004,OpenWetRich,OpenWetRich,0,FALSE
106297,OpenWetRich,OpenWetRich,0,FALSE
106299,OpenWetRich,OpenWetRich,0,FALSE
106593,OpenWetRich,OpenWetRich,0,FALSE
106594,OpenWetRich,OpenWetRich,0,FALSE
106595,OpenWetRich,OpenWetRich,0,FALSE
106889,OpenWetRich,OpenWetRich,0,FALSE
106890,OpenWetRich,OpenWetRich,0,FALSE
107182,OpenDryPoor,OpenDryPoor,0,FALSE
107184,OpenWetRich,OpenWetRich,0,FALSE
107185,OpenWetRich,OpenWetRich,0,FALSE
107186,OpenWetRich,OpenWetRich,0,FALSE
107480,OpenWetRich,OpenWetRich,0,FALSE
107481,OpenWetRich,OpenWetRich,0,FALSE
107482,OpenWetRich,OpenWetRich,0,FALSE
107773,OpenDryPoor,OpenDryPoor,0,FALSE
107775,OpenWetRich,OpenWetRich,0,FALSE
107776,OpenWetRich,OpenWetRich,0,FALSE
108068,OpenDryPoor,OpenDryPoor,0,FALSE
108070,OpenWetRich,OpenWetRich,0,FALSE
108071,OpenDryPoor,OpenDryPoor,0,FALSE
108364,OpenWetRich,OpenWetRich,0,FALSE
108374,OpenWetRich,OpenWetRich,0,FALSE
108660,ForestDryRich,ForestDryRich,1,FALSE
108662,OpenWetRich,OpenWetRich,0,FALSE
108955,ForestDryRich,ForestDryRich,1,FALSE
108956,ForestDryRich,ForestDryRich,1,FALSE
108957,OpenWetRich,OpenWetRich,0,FALSE
108958,OpenWetRich,OpenWetRich,0,FALSE
109249,ForestDryRich,ForestDryRich,1,FALSE
109250,ForestDryRich,ForestDryRich,1,FALSE
109251,OpenWetRich,OpenWetRich,0,FALSE
109252,OpenWetRich,OpenWetRich,0,FALSE
109255,OpenWetRich,OpenWetRich,0,FALSE
109257,OpenWetRich,OpenWetRich,0,FALSE
109546,OpenWetRich,OpenWetRich,0,FALSE
109841,OpenWetRich,OpenWetRich,0,FALSE
109842,OpenWetRich,OpenWetRich,0,FALSE
109843,OpenWetRich,OpenWetRich,0,FALSE
110134,OpenWetRich,OpenWetRich,0,FALSE
110136,OpenWetRich,OpenWetRich,0,FALSE
110138,OpenWetRich,OpenWetRich,0,FALSE
110139,OpenWetRich,OpenWetRich,0,FALSE
110433,OpenWetRich,OpenWetRich,0,FALSE
110727,OpenWetRich,OpenWetRich,0,FALSE
110729,OpenWetRich,OpenWetRich,0,FALSE
111900,OpenDryPoor,OpenDryPoor,0,FALSE
111901,OpenDryPoor,OpenDryPoor,0,FALSE
112196,OpenWetRich,OpenWetRich,0,FALSE
112487,OpenDryPoor,OpenDryPoor,0,FALSE
112488,OpenWetRich,OpenWetRich,0,FALSE
112496,OpenWetRich,OpenWetRich,0,FALSE
113371,OpenWetRich,OpenWetRich,0,FALSE
113959,OpenDryPoor,OpenDryPoor,0,FALSE
114246,OpenWetRich,OpenWetRich,0,FALSE
114550,OpenDryPoor,OpenDryPoor,0,FALSE
114842,OpenDryPoor,OpenDryPoor,0,FALSE
114846,OpenWetRich,OpenWetRich,0,FALSE
114851,OpenWetRich,OpenWetRich,0,FALSE
114852,OpenWetRich,OpenWetRich,0,FALSE
115137,OpenDryPoor,OpenDryPoor,0,FALSE
115139,OpenWetRich,OpenWetRich,0,FALSE
115140,OpenWetRich,OpenWetRich,0,FALSE
115141,OpenWetRich,OpenWetRich,0,FALSE
115142,OpenWetRich,OpenWetRich,0,FALSE
115147,OpenWetRich,OpenWetRich,0,FALSE
115434,OpenWetRich,OpenWetRich,0,FALSE
115721,OpenWetRich,OpenWetRich,0,FALSE
116010,OpenWetRich,OpenWetRich,0,FALSE
116016,OpenWetRich,OpenWetRich,0,FALSE
116018,OpenWetRich,OpenWetRich,0,FALSE
116306,OpenDryPoor,OpenDryPoor,0,FALSE
116311,OpenWetRich,OpenWetRich,0,FALSE
116598,OpenDryPoor,OpenDryPoor,0,FALSE
116599,OpenDryPoor,OpenDryPoor,0,FALSE
116601,OpenDryPoor,OpenDryPoor,0,FALSE
116892,OpenWetRich,OpenWetRich,0,FALSE
116893,OpenWetRich,OpenWetRich,0,FALSE
117784,OpenWetRich,OpenWetRich,0,FALSE
118078,OpenWetRich,OpenWetRich,0,FALSE
118666,OpenWetRich,OpenWetRich,0,FALSE
119542,OpenWetRich,OpenWetRich,0,FALSE
119550,OpenWetRich,OpenWetRich,0,FALSE
119837,OpenDryPoor,OpenDryPoor,0,FALSE
120132,OpenWetRich,OpenWetRich,0,FALSE
120133,OpenWetRich,OpenWetRich,0,FALSE
120136,OpenWetRich,OpenWetRich,0,FALSE
120137,OpenWetRich,OpenWetRich,0,FALSE
120138,OpenWetRich,OpenWetRich,0,FALSE
120139,OpenWetRich,OpenWetRich,0,FALSE
120959,OpenDryRich,OpenDryRich,0,FALSE
121025,OpenWetRich,OpenWetRich,0,FALSE
121254,OpenDryPoor,OpenDryPoor,0,FALSE
121319,OpenDryPoor,OpenDryPoor,0,FALSE
121550,OpenDryPoor,OpenDryPoor,0,FALSE
121612,OpenWetRich,OpenWetRich,0,FALSE
121843,OpenDryRich,OpenDryRich,0,FALSE
121906,OpenWetRich,OpenWetRich,0,FALSE
122434,OpenDryRich,OpenDryRich,0,FALSE
122494,OpenWetRich,OpenWetRich,0,FALSE
122495,OpenWetRich,OpenWetRich,0,FALSE
122728,OpenDryPoor,OpenDryPoor,0,FALSE
122729,OpenDryPoor,OpenDryPoor,0,FALSE
122789,OpenWetRich,OpenWetRich,0,FALSE
123030,OpenDryPoor,OpenDryPoor,0,FALSE
123082,OpenWetRich,OpenWetRich,0,FALSE
123325,OpenDryPoor,OpenDryPoor,0,FALSE
123326,OpenDryPoor,OpenDryPoor,0,FALSE
123327,OpenDryPoor,OpenDryPoor,0,FALSE
123376,OpenWetRich,OpenWetRich,0,FALSE
123619,OpenWetPoor,OpenWetPoor,0,FALSE
123621,OpenDryPoor,OpenDryPoor,0,FALSE
123622,OpenWetPoor,OpenWetPoor,0,FALSE
123669,OpenWetRich,OpenWetRich,0,FALSE
123670,OpenWetRich,OpenWetRich,0,FALSE
123910,OpenWetRich,OpenWetRich,0,FALSE
123912,OpenDryRich,OpenDryRich,0,FALSE
123917,OpenDryPoor,OpenDryPoor,0,FALSE
123963,OpenWetRich,OpenWetRich,0,FALSE
124210,OpenDryPoor,OpenDryPoor,0,FALSE
124247,OpenWetRich,OpenWetRich,0,FALSE
124258,OpenWetRich,OpenWetRich,0,FALSE
124506,OpenDryPoor,OpenDryPoor,0,FALSE
124508,OpenDryPoor,OpenDryPoor,0,FALSE
124513,OpenWetRich,OpenWetRich,0,FALSE
124542,OpenWetRich,OpenWetRich,0,FALSE
124550,OpenWetRich,OpenWetRich,0,FALSE
124551,OpenWetRich,OpenWetRich,0,FALSE
125094,OpenWetRich,OpenWetRich,0,FALSE
125103,OpenWetRich,OpenWetRich,0,FALSE
125139,OpenWetRich,OpenWetRich,0,FALSE
125393,OpenDryPoor,OpenDryPoor,0,FALSE
125396,ForestWetPoor,ForestWetPoor,1,FALSE
125398,OpenWetRich,OpenWetRich,0,FALSE
125434,OpenWetRich,OpenWetRich,0,FALSE
125688,OpenDryPoor,OpenDryPoor,0,FALSE
125693,OpenWetRich,OpenWetRich,0,FALSE
125723,OpenWetRich,OpenWetRich,0,FALSE
125729,OpenWetRich,OpenWetRich,0,FALSE
126019,OpenWetRich,OpenWetRich,0,FALSE
126021,OpenWetRich,OpenWetRich,0,FALSE
126025,OpenWetRich,OpenWetRich,0,FALSE
126282,OpenDryPoor,OpenDryPoor,0,FALSE
126319,OpenWetPoor,OpenWetPoor,0,FALSE
126577,ForestWetRich,ForestWetRich,1,FALSE
126599,OpenWetRich,OpenWetRich,0,FALSE
126605,OpenWetRich,OpenWetRich,0,FALSE
126606,OpenWetRich,OpenWetRich,0,FALSE
126608,OpenWetRich,OpenWetRich,0,FALSE
126873,OpenWetRich,OpenWetRich,0,FALSE
126899,OpenWetRich,OpenWetRich,0,FALSE
127161,OpenWetRich,OpenWetRich,0,FALSE
127167,OpenDryPoor,OpenDryPoor,0,FALSE
127168,OpenWetRich,OpenWetRich,0,FALSE
127194,OpenWetRich,OpenWetRich,0,FALSE
127485,OpenWetRich,OpenWetRich,0,FALSE
127486,OpenWetRich,OpenWetRich,0,FALSE
127780,OpenWetRich,OpenWetRich,0,FALSE
127782,OpenWetRich,OpenWetRich,0,FALSE
127800,OpenWetRich,OpenWetRich,0,FALSE
128078,OpenWetRich,OpenWetRich,0,FALSE
128383,OpenWetRich,OpenWetRich,0,FALSE
128386,OpenWetRich,OpenWetRich,0,FALSE
128645,OpenWetRich,OpenWetRich,0,FALSE
128646,OpenWetRich,OpenWetRich,0,FALSE
128678,OpenWetPoor,OpenWetPoor,0,FALSE
128944,OpenWetRich,OpenWetRich,0,FALSE
128960,OpenWetRich,OpenWetRich,0,FALSE
128966,OpenWetRich,OpenWetRich,0,FALSE
129245,OpenWetRich,OpenWetRich,0,FALSE
129268,OpenWetRich,OpenWetRich,0,FALSE
129540,OpenWetRich,OpenWetRich,0,FALSE
129543,OpenWetRich,OpenWetRich,0,FALSE
129544,OpenWetRich,OpenWetRich,0,FALSE
129548,OpenWetRich,OpenWetRich,0,FALSE
129553,OpenWetRich,OpenWetRich,0,FALSE
129557,OpenWetRich,OpenWetRich,0,FALSE
129840,OpenWetRich,OpenWetRich,0,FALSE
129841,OpenWetRich,OpenWetRich,0,FALSE
129843,OpenWetRich,OpenWetRich,0,FALSE
129844,OpenWetRich,OpenWetRich,0,FALSE
129846,OpenWetRich,OpenWetRich,0,FALSE
129848,OpenWetRich,OpenWetRich,0,FALSE
129849,OpenWetRich,OpenWetRich,0,FALSE
129853,OpenWetRich,OpenWetRich,0,FALSE
129857,OpenWetRich,OpenWetRich,0,FALSE
130138,OpenWetRich,OpenWetRich,0,FALSE
130139,OpenWetRich,OpenWetRich,0,FALSE
130144,OpenWetRich,OpenWetRich,0,FALSE
130150,OpenWetRich,OpenWetRich,0,FALSE
130429,OpenWetRich,OpenWetRich,0,FALSE
130430,OpenWetRich,OpenWetRich,0,FALSE
130433,OpenWetRich,OpenWetRich,0,FALSE
130434,OpenWetRich,OpenWetRich,0,FALSE
130438,OpenWetRich,OpenWetRich,0,FALSE
130733,OpenWetRich,OpenWetRich,0,FALSE
130734,OpenWetRich,OpenWetRich,0,FALSE
131021,OpenWetRich,OpenWetRich,0,FALSE
131024,OpenWetRich,OpenWetRich,0,FALSE
131025,OpenWetRich,OpenWetRich,0,FALSE
131028,OpenWetRich,OpenWetRich,0,FALSE
131029,OpenWetRich,OpenWetRich,0,FALSE
131317,OpenWetPoor,OpenWetPoor,0,FALSE
131320,OpenWetRich,OpenWetRich,0,FALSE
131329,OpenWetRich,OpenWetRich,0,FALSE
131622,OpenWetRich,OpenWetRich,0,FALSE
131904,OpenWetRich,OpenWetRich,0,FALSE
132199,OpenWetRich,OpenWetRich,0,FALSE
132200,OpenWetRich,OpenWetRich,0,FALSE
132201,OpenWetRich,OpenWetRich,0,FALSE
