subarea_id,coarse_cell_id,RestorableAreaHaBySubarea
1,96845,2.500000000000002
1,96849,0.2500000000000002
1,97139,1.7300000000000015
1,97142,1.8100000000000016
1,97435,2.4300000000000024
1,97436,1.030000000000001
1,97728,2.8800000000000026
1,97729,2.1300000000000017
1,97730,3.600000000000003
1,97731,2.610000000000002
1,98023,3.9300000000000033
1,98024,2.460000000000002
1,98025,2.0500000000000016
1,98026,1.240000000000001
1,98030,1.7800000000000016
1,98031,1.130000000000001
1,98318,3.150000000000003
1,98319,2.6600000000000024
1,98325,2.3100000000000023
1,98326,1.9300000000000017
1,98327,0.15000000000000013
1,98612,2.070000000000002
1,98613,3.650000000000003
1,98614,3.220000000000003
1,98616,2.290000000000002
1,98617,3.1200000000000028
1,98620,2.070000000000002
1,98621,1.9500000000000017
1,98907,1.8200000000000016
1,98908,3.9700000000000033
1,98909,3.0400000000000027
1,98911,1.090000000000001
1,98912,3.770000000000003
1,98913,2.8800000000000026
1,98915,1.120000000000001
1,98916,1.020000000000001
1,99203,2.160000000000002
1,99204,2.8800000000000026
1,99207,3.530000000000003
1,99208,1.010000000000001
1,99209,1.170000000000001
1,99211,1.180000000000001
1,99499,1.6700000000000015
1,99502,2.7000000000000024
1,99503,3.260000000000003
1,99504,3.7200000000000033
1,99505,2.4700000000000024
1,99506,2.360000000000002
1,99792,2.1300000000000017
1,99793,2.7700000000000022
1,99794,3.0100000000000025
1,99795,3.0200000000000027
1,99796,1.210000000000001
1,99797,2.400000000000002
1,99798,1.4400000000000013
1,99799,1.0000000000000009
1,99801,1.060000000000001
1,99802,1.5400000000000014
1,100087,3.190000000000003
1,100088,3.0900000000000025
1,100089,3.180000000000003
1,100090,3.440000000000003
1,100091,3.0800000000000027
1,100092,1.8200000000000016
1,100093,2.5100000000000025
1,100094,3.190000000000003
1,100095,1.9900000000000018
1,100096,1.8000000000000016
1,100097,2.330000000000002
1,100382,1.120000000000001
1,100383,2.6000000000000023
1,100384,2.9600000000000026
1,100385,3.580000000000003
1,100386,3.0200000000000027
1,100388,1.100000000000001
1,100389,3.4700000000000033
1,100390,3.1300000000000026
1,100391,3.2100000000000026
1,100392,2.0500000000000016
1,100393,1.8600000000000017
1,100680,3.3700000000000028
1,100681,3.560000000000003
1,100682,1.3400000000000012
1,100684,1.090000000000001
1,100685,3.690000000000003
1,100686,2.8600000000000025
1,100688,1.200000000000001
1,100689,2.080000000000002
1,100976,3.440000000000003
1,100977,2.2700000000000022
1,100980,2.7600000000000025
1,100981,3.530000000000003
1,100982,2.690000000000002
1,100983,1.020000000000001
1,100984,2.8600000000000025
1,100985,1.050000000000001
1,101272,3.400000000000003
1,101276,3.340000000000003
1,101277,2.230000000000002
1,101278,2.0100000000000016
1,101279,2.7400000000000024
1,101280,2.110000000000002
1,101567,1.8300000000000016
1,101568,2.360000000000002
1,101569,2.370000000000002
1,101571,1.030000000000001
1,101572,3.0000000000000027
1,101573,3.7400000000000033
1,101574,3.6800000000000033
1,101575,1.200000000000001
1,101576,2.340000000000002
1,101863,1.020000000000001
1,101864,2.460000000000002
1,101865,1.9900000000000018
1,101867,1.7600000000000016
1,101868,3.8400000000000034
1,101869,2.400000000000002
1,101871,2.280000000000002
1,101872,1.9300000000000017
1,102159,3.070000000000003
1,102160,1.5400000000000014
1,102163,2.240000000000002
1,102164,3.360000000000003
1,102165,2.610000000000002
1,102166,1.9500000000000017
1,102167,4.0000000000000036
1,102168,3.0000000000000027
1,102454,1.5900000000000014
1,102455,2.8900000000000023
1,102459,2.400000000000002
1,102460,3.8200000000000034
1,102461,1.7100000000000015
1,102462,2.6600000000000024
1,102463,2.7200000000000024
1,102464,2.4300000000000024
1,102750,3.650000000000003
1,102751,1.7000000000000015
1,102753,1.9300000000000017
1,102754,1.8000000000000016
1,102755,3.0500000000000025
1,102756,1.3600000000000012
1,102757,3.0400000000000027
1,102758,1.5100000000000013
1,102759,1.8100000000000016
1,102760,1.210000000000001
1,102767,2.220000000000002
1,103045,2.0100000000000016
1,103046,3.4300000000000033
1,103047,2.4700000000000024
1,103048,1.9200000000000017
1,103049,1.6200000000000014
1,103050,2.2500000000000018
1,103051,3.570000000000003
1,103052,3.220000000000003
1,103053,2.380000000000002
1,103055,1.4400000000000013
1,103056,3.1200000000000028
1,103057,1.180000000000001
1,103059,2.5100000000000025
1,103060,3.8700000000000037
1,103061,1.9300000000000017
1,103062,1.160000000000001
1,103340,2.2700000000000022
1,103341,1.9900000000000018
1,103344,1.9800000000000018
1,103345,2.7000000000000024
1,103346,1.9100000000000017
1,103347,2.7000000000000024
1,103348,2.8900000000000023
1,103349,1.9800000000000018
1,103350,2.8700000000000028
1,103351,3.6800000000000033
1,103352,2.5400000000000023
1,103353,2.0900000000000016
1,103354,3.350000000000003
1,103355,3.7600000000000033
1,103356,3.6600000000000033
1,103357,3.240000000000003
1,103634,2.190000000000002
1,103637,1.170000000000001
1,103638,1.3500000000000012
1,103640,2.8900000000000023
1,103641,3.530000000000003
1,103642,2.8300000000000027
1,103645,3.1200000000000028
1,103646,4.0000000000000036
1,103647,3.7500000000000036
1,103648,3.1000000000000028
1,103649,2.120000000000002
1,103650,1.6200000000000014
1,103651,3.0400000000000027
1,103652,1.0000000000000009
1,103933,1.2700000000000011
1,103934,2.6800000000000024
1,103935,3.230000000000003
1,103936,3.420000000000003
1,103937,1.7000000000000015
1,103940,1.9800000000000018
1,103941,3.610000000000003
1,103942,3.8200000000000034
1,103943,1.9600000000000017
1,103946,1.6600000000000015
1,104228,1.6000000000000014
1,104229,3.4700000000000033
1,104230,3.0500000000000025
1,104231,3.220000000000003
1,104232,1.5000000000000013
1,104235,1.2800000000000011
1,104236,3.310000000000003
1,104237,3.7400000000000033
1,104238,2.6400000000000023
1,104241,1.090000000000001
1,104525,3.240000000000003
1,104526,3.500000000000003
1,104527,1.2600000000000011
1,104531,2.610000000000002
1,104532,2.3900000000000023
1,104534,2.0900000000000016
1,104535,1.9000000000000017
1,104820,3.7800000000000034
1,104821,3.7900000000000036
1,104822,2.6400000000000023
1,104825,1.8400000000000016
1,104827,1.8900000000000017
1,104828,2.4300000000000024
1,104829,3.350000000000003
1,104830,3.770000000000003
1,105114,1.210000000000001
1,105115,3.9300000000000033
1,105116,3.9900000000000038
1,105117,3.260000000000003
1,105120,2.3100000000000023
1,105122,1.200000000000001
1,105123,1.6300000000000014
1,105124,3.2500000000000027
1,105125,3.0400000000000027
1,105402,2.9700000000000024
1,105403,2.040000000000002
1,105404,2.0000000000000018
1,105405,2.300000000000002
1,105406,2.150000000000002
1,105407,1.6800000000000015
1,105408,1.4600000000000013
1,105409,2.9300000000000024
1,105410,2.3500000000000023
1,105412,1.6000000000000014
1,105417,1.090000000000001
1,105418,2.500000000000002
1,105419,3.440000000000003
1,105420,2.200000000000002
1,105697,3.2100000000000026
1,105698,3.240000000000003
1,105699,2.8900000000000023
1,105700,2.7200000000000024
1,105701,2.6300000000000026
1,105702,2.110000000000002
1,105703,1.070000000000001
1,105704,2.450000000000002
1,105705,1.8200000000000016
1,105707,3.0200000000000027
1,105709,2.190000000000002
1,105710,2.5400000000000023
1,105711,2.280000000000002
1,105712,1.7100000000000015
1,105713,2.7200000000000024
1,105714,1.6100000000000014
1,105715,1.190000000000001
1,105992,2.3900000000000023
1,105993,2.8200000000000025
1,105994,3.110000000000003
1,105995,3.440000000000003
1,105996,3.190000000000003
1,105997,2.5800000000000023
1,105998,1.3700000000000012
1,105999,3.810000000000003
1,106000,3.2100000000000026
1,106002,2.5900000000000025
1,106003,2.190000000000002
1,106004,2.7000000000000024
1,106007,1.220000000000001
1,106008,1.050000000000001
1,106288,1.6500000000000015
1,106289,1.100000000000001
1,106293,1.8300000000000016
1,106294,3.2100000000000026
1,106295,3.520000000000003
1,106297,2.140000000000002
1,106298,3.810000000000003
1,106299,3.0200000000000027
1,106302,3.420000000000003
1,106303,3.460000000000003
1,106590,3.9400000000000035
1,106593,2.040000000000002
1,106594,2.2500000000000018
1,106595,1.6400000000000015
1,106597,2.410000000000002
1,106598,1.8400000000000016
1,106885,2.8300000000000027
1,106886,3.190000000000003
1,106889,1.7100000000000015
1,106890,2.6000000000000023
1,107180,2.690000000000002
1,107181,3.5500000000000034
1,107182,2.7200000000000024
1,107184,1.6100000000000014
1,107185,3.030000000000003
1,107186,2.650000000000002
1,107188,2.5900000000000025
1,107189,3.140000000000003
1,107190,1.6900000000000015
1,107474,3.420000000000003
1,107475,3.450000000000003
1,107476,3.9900000000000038
1,107477,3.8700000000000037
1,107478,1.040000000000001
1,107480,2.7400000000000024
1,107481,3.3900000000000032
1,107482,1.6900000000000015
1,107483,2.4300000000000024
1,107484,3.440000000000003
1,107485,3.3300000000000027
1,107771,1.9300000000000017
1,107772,4.0000000000000036
1,107773,1.9600000000000017
1,107775,1.180000000000001
1,107776,2.080000000000002
1,107777,3.8000000000000034
1,107778,3.4300000000000033
1,107779,1.3100000000000012
1,107780,2.230000000000002
1,107781,2.5400000000000023
1,108067,2.3900000000000023
1,108068,3.2900000000000027
1,108070,1.050000000000001
1,108071,2.300000000000002
1,108073,2.490000000000002
1,108074,1.9500000000000017
1,108075,1.130000000000001
1,108076,2.340000000000002
1,108077,2.410000000000002
1,108078,1.5400000000000014
1,108079,1.5600000000000014
1,108362,1.110000000000001
1,108363,3.9800000000000035
1,108364,2.650000000000002
1,108367,1.3700000000000012
1,108368,2.2700000000000022
1,108369,2.9600000000000026
1,108371,1.7200000000000015
1,108372,2.0900000000000016
1,108374,1.3700000000000012
1,108657,3.1700000000000026
1,108658,3.8000000000000034
1,108659,3.810000000000003
1,108660,2.380000000000002
1,108662,2.320000000000002
1,108663,1.2700000000000011
1,108666,1.110000000000001
1,108667,1.6800000000000015
1,108668,1.6600000000000015
1,108669,1.3100000000000012
1,108951,2.6200000000000023
1,108952,3.460000000000003
1,108953,3.9800000000000035
1,108954,3.9400000000000035
1,108955,2.7800000000000025
1,108956,1.7600000000000016
1,108957,2.440000000000002
1,108958,2.070000000000002
1,108961,2.8100000000000023
1,108962,2.380000000000002
1,108963,2.290000000000002
1,108964,2.420000000000002
1,109246,3.2900000000000027
1,109247,2.370000000000002
1,109248,3.220000000000003
1,109249,1.7400000000000015
1,109250,2.340000000000002
1,109251,2.5100000000000025
1,109252,1.9000000000000017
1,109253,3.180000000000003
1,109254,2.9700000000000024
1,109255,1.4100000000000013
1,109256,3.620000000000003
1,109257,2.6400000000000023
1,109259,1.2800000000000011
1,109540,2.3900000000000023
1,109541,3.8600000000000034
1,109542,3.340000000000003
1,109543,2.950000000000003
1,109544,1.8000000000000016
1,109545,2.040000000000002
1,109546,2.460000000000002
1,109547,3.560000000000003
1,109548,3.610000000000003
1,109549,3.8300000000000036
1,109550,3.850000000000003
1,109833,1.7100000000000015
1,109834,2.4700000000000024
1,109835,2.690000000000002
1,109836,1.5700000000000014
1,109837,3.730000000000003
1,109838,3.0400000000000027
1,109839,2.020000000000002
1,109840,1.7100000000000015
1,109841,2.020000000000002
1,109842,2.340000000000002
1,109843,3.0100000000000025
1,109844,3.8600000000000034
1,109845,2.6700000000000026
1,110129,1.2900000000000011
1,110130,3.560000000000003
1,110131,3.8200000000000034
1,110132,3.220000000000003
1,110133,3.7600000000000033
1,110134,3.280000000000003
1,110135,1.9800000000000018
1,110136,1.2900000000000011
1,110138,3.160000000000003
1,110139,2.5200000000000022
1,110425,2.2500000000000018
1,110426,3.0800000000000027
1,110427,3.0000000000000027
1,110428,2.8700000000000028
1,110429,3.320000000000003
1,110430,2.8100000000000023
1,110431,2.0900000000000016
1,110433,1.9900000000000018
1,110720,1.3400000000000012
1,110721,3.4300000000000033
1,110722,3.9400000000000035
1,110723,2.7200000000000024
1,110724,2.290000000000002
1,110727,1.6400000000000015
1,110728,2.9000000000000026
1,110729,1.160000000000001
1,111016,2.7500000000000027
1,111017,3.9800000000000035
1,111018,2.7800000000000025
1,111021,1.3000000000000012
1,111022,1.090000000000001
1,111023,2.120000000000002
1,111024,2.400000000000002
1,111311,3.270000000000003
1,111312,3.770000000000003
1,111313,2.5900000000000025
1,111315,2.220000000000002
1,111316,3.5500000000000034
1,111318,2.340000000000002
1,111319,1.5000000000000013
1,111594,1.0000000000000009
1,111606,1.4100000000000013
1,111607,2.7700000000000022
1,111608,1.4200000000000013
1,111609,3.3300000000000027
1,111610,3.7800000000000034
1,111611,2.9700000000000024
1,111612,2.420000000000002
1,111613,1.8400000000000016
1,111614,2.320000000000002
1,111889,3.030000000000003
1,111896,2.060000000000002
1,111898,2.220000000000002
1,111900,1.5900000000000014
1,111901,1.6300000000000014
1,111903,3.4700000000000033
1,111904,3.520000000000003
1,111905,3.4300000000000033
1,111906,3.540000000000003
1,111907,2.8300000000000027
1,111908,1.5300000000000014
1,111909,1.7500000000000016
1,112183,1.210000000000001
1,112184,3.500000000000003
1,112190,1.5400000000000014
1,112191,3.6800000000000033
1,112192,3.8400000000000034
1,112193,2.6300000000000026
1,112194,3.380000000000003
1,112195,3.490000000000003
1,112196,2.6300000000000026
1,112198,3.7600000000000033
1,112199,3.610000000000003
1,112200,3.8700000000000037
1,112201,2.910000000000003
1,112202,1.3300000000000012
1,112478,3.3700000000000028
1,112479,1.8100000000000016
1,112484,2.410000000000002
1,112485,3.6700000000000035
1,112486,3.0800000000000027
1,112487,2.2700000000000022
1,112488,1.8400000000000016
1,112490,1.8800000000000017
1,112491,2.290000000000002
1,112492,3.310000000000003
1,112493,3.8700000000000037
1,112494,2.9000000000000026
1,112495,3.320000000000003
1,112496,2.6300000000000026
1,112772,2.180000000000002
1,112773,3.8800000000000034
1,112774,1.070000000000001
1,112779,2.5500000000000025
1,112780,3.7600000000000033
1,112781,3.6600000000000033
1,112782,1.090000000000001
1,112783,3.0900000000000025
1,112784,3.6700000000000035
1,112785,3.5100000000000033
1,112786,3.9600000000000035
1,112787,3.9700000000000033
1,112788,3.580000000000003
1,112789,2.220000000000002
1,112790,1.3200000000000012
1,112791,1.240000000000001
1,113067,3.7200000000000033
1,113068,3.810000000000003
1,113069,1.9600000000000017
1,113072,1.9200000000000017
1,113073,3.260000000000003
1,113074,3.7400000000000033
1,113075,3.8600000000000034
1,113076,2.120000000000002
1,113077,2.7400000000000024
1,113078,3.6300000000000034
1,113079,3.200000000000003
1,113080,3.0600000000000027
1,113081,2.8400000000000025
1,113082,1.2800000000000011
1,113361,3.1000000000000028
1,113362,4.0000000000000036
1,113363,3.9300000000000033
1,113364,3.7900000000000036
1,113366,3.0000000000000027
1,113367,3.7200000000000033
1,113368,3.400000000000003
1,113369,2.2500000000000018
1,113370,2.6300000000000026
1,113371,1.190000000000001
1,113372,3.7600000000000033
1,113373,3.9500000000000037
1,113374,3.8600000000000034
1,113375,1.8700000000000017
1,113651,1.6000000000000014
1,113655,1.210000000000001
1,113656,2.7700000000000022
1,113657,3.7600000000000033
1,113658,2.1700000000000017
1,113659,4.0000000000000036
1,113660,3.9200000000000035
1,113661,3.8000000000000034
1,113662,1.8000000000000016
1,113663,3.8400000000000034
1,113664,2.7600000000000025
1,113665,1.3900000000000012
1,113666,2.0000000000000018
1,113667,3.0600000000000027
1,113668,3.7900000000000036
1,113669,3.9300000000000033
1,113946,2.300000000000002
1,113947,2.5100000000000025
1,113948,2.140000000000002
1,113950,2.690000000000002
1,113951,2.0500000000000016
1,113952,2.230000000000002
1,113953,2.380000000000002
1,113954,3.8800000000000034
1,113955,3.9700000000000033
1,113956,3.7600000000000033
1,113957,3.580000000000003
1,113958,4.0000000000000036
1,113959,2.370000000000002
1,113960,1.070000000000001
1,113961,2.450000000000002
1,113962,1.6700000000000015
1,113963,3.600000000000003
1,113964,3.730000000000003
1,113965,1.6400000000000015
1,114240,2.9400000000000026
1,114241,2.7400000000000024
1,114242,1.190000000000001
1,114243,2.1700000000000017
1,114244,3.0800000000000027
1,114245,2.9700000000000024
1,114246,2.8400000000000025
1,114247,2.950000000000003
1,114248,3.350000000000003
1,114249,3.7200000000000033
1,114250,3.0800000000000027
1,114251,3.810000000000003
1,114252,3.8200000000000034
1,114253,3.9400000000000035
1,114254,1.060000000000001
1,114255,2.500000000000002
1,114256,3.8300000000000036
1,114257,2.610000000000002
1,114258,3.260000000000003
1,114259,3.9100000000000037
1,114260,3.9100000000000037
1,114538,2.240000000000002
1,114539,3.280000000000003
1,114540,1.110000000000001
1,114541,2.040000000000002
1,114543,2.910000000000003
1,114544,3.2900000000000027
1,114545,3.8000000000000034
1,114546,3.410000000000003
1,114547,3.6600000000000033
1,114548,3.5500000000000034
1,114549,1.190000000000001
1,114550,2.160000000000002
1,114551,3.8400000000000034
1,114552,3.1300000000000026
1,114553,2.7100000000000026
1,114554,1.8600000000000017
1,114555,1.6200000000000014
1,114838,1.2600000000000011
1,114839,3.5500000000000034
1,114840,2.8600000000000025
1,114841,3.6600000000000033
1,114842,3.650000000000003
1,114843,1.9300000000000017
1,114846,1.8400000000000016
1,114851,1.7000000000000015
1,114852,1.8700000000000017
1,115132,3.610000000000003
1,115133,3.9100000000000037
1,115134,3.7900000000000036
1,115135,1.8900000000000017
1,115136,3.0000000000000027
1,115137,2.9700000000000024
1,115139,1.7600000000000016
1,115140,1.3400000000000012
1,115141,1.4400000000000013
1,115142,2.190000000000002
1,115143,2.8900000000000023
1,115144,3.650000000000003
1,115145,2.290000000000002
1,115146,2.3100000000000023
1,115147,2.040000000000002
1,115148,2.5600000000000023
1,115423,2.9000000000000026
1,115424,1.6800000000000015
1,115425,1.7000000000000015
1,115426,3.200000000000003
1,115427,3.0500000000000025
1,115428,3.8900000000000032
1,115429,3.8400000000000034
1,115430,1.140000000000001
1,115434,2.7400000000000024
1,115435,3.450000000000003
1,115436,3.3900000000000032
1,115437,1.4900000000000013
1,115439,1.230000000000001
1,115442,1.230000000000001
1,115443,2.100000000000002
1,115712,2.6000000000000023
1,115716,1.010000000000001
1,115717,2.320000000000002
1,115718,2.7000000000000024
1,115719,3.1700000000000026
1,115720,3.1000000000000028
1,115721,2.080000000000002
1,115722,1.220000000000001
1,115723,1.2900000000000011
1,115724,1.5000000000000013
1,115729,2.8400000000000025
1,115730,3.8200000000000034
1,115731,3.6400000000000032
1,115732,2.7900000000000027
1,116006,1.5200000000000014
1,116007,3.8600000000000034
1,116008,1.5200000000000014
1,116010,1.4600000000000013
1,116013,2.5900000000000025
1,116014,2.420000000000002
1,116016,2.420000000000002
1,116017,3.9100000000000037
1,116018,1.9700000000000017
1,116019,1.130000000000001
1,116020,1.8200000000000016
1,116021,2.440000000000002
1,116022,2.0100000000000016
1,116023,3.340000000000003
1,116024,3.270000000000003
1,116025,3.8900000000000032
1,116026,1.130000000000001
1,116301,1.6600000000000015
1,116302,3.240000000000003
1,116303,1.7100000000000015
1,116306,1.5900000000000014
1,116307,3.1200000000000028
1,116308,3.570000000000003
1,116309,3.6300000000000034
1,116311,2.5500000000000025
1,116312,3.9500000000000037
1,116313,3.8600000000000034
1,116314,3.8900000000000032
1,116315,3.440000000000003
1,116316,3.9500000000000037
1,116317,2.5900000000000025
1,116318,3.0900000000000025
1,116319,3.450000000000003
1,116320,3.360000000000003
1,116321,1.9900000000000018
1,116596,1.3200000000000012
1,116598,2.180000000000002
1,116599,2.100000000000002
1,116600,1.9200000000000017
1,116601,3.2100000000000026
1,116602,3.200000000000003
1,116603,3.1700000000000026
1,116604,3.380000000000003
1,116605,1.9900000000000018
1,116607,3.8900000000000032
1,116608,3.9800000000000035
1,116609,3.6600000000000033
1,116610,3.580000000000003
1,116611,1.6300000000000014
1,116615,3.160000000000003
1,116616,1.3000000000000012
1,116891,1.040000000000001
1,116892,2.7600000000000025
1,116893,1.6700000000000015
1,116894,3.620000000000003
1,116895,4.0000000000000036
1,116896,3.770000000000003
1,116897,3.5500000000000034
1,116898,3.8800000000000034
1,116899,3.9300000000000033
1,116900,3.140000000000003
1,116902,1.9300000000000017
1,116903,3.7400000000000033
1,116904,3.6700000000000035
1,116905,2.070000000000002
1,117184,3.530000000000003
1,117185,2.370000000000002
1,117186,1.2700000000000011
1,117187,1.150000000000001
1,117189,3.0900000000000025
1,117190,3.8400000000000034
1,117191,3.8300000000000036
1,117192,3.600000000000003
1,117193,3.610000000000003
1,117194,3.350000000000003
1,117195,3.280000000000003
1,117197,2.730000000000002
1,117198,1.8000000000000016
1,117479,1.120000000000001
1,117480,2.110000000000002
1,117481,3.410000000000003
1,117482,2.410000000000002
1,117483,2.5500000000000025
1,117484,3.9200000000000035
1,117485,3.9000000000000035
1,117486,3.9900000000000038
1,117487,3.070000000000003
1,117488,3.810000000000003
1,117489,3.0200000000000027
1,117491,1.110000000000001
1,117777,1.4500000000000013
1,117778,3.770000000000003
1,117779,3.7200000000000033
1,117780,3.9900000000000038
1,117781,3.9900000000000038
1,117782,3.9200000000000035
1,117783,3.8800000000000034
1,117784,1.250000000000001
1,117785,2.7900000000000027
1,117786,1.5700000000000014
1,118072,2.3100000000000023
1,118073,3.460000000000003
1,118074,3.9000000000000035
1,118075,3.8200000000000034
1,118076,3.8400000000000034
1,118077,3.5500000000000034
1,118078,1.110000000000001
1,118079,3.1200000000000028
1,118080,3.260000000000003
1,118366,1.7400000000000015
1,118367,3.7900000000000036
1,118368,3.9300000000000033
1,118369,3.850000000000003
1,118370,3.8700000000000037
1,118371,3.9200000000000035
1,118372,1.070000000000001
1,118373,2.7900000000000027
1,118374,3.9200000000000035
1,118375,2.690000000000002
1,118660,1.7900000000000016
1,118661,3.570000000000003
1,118662,3.9600000000000035
1,118663,3.9500000000000037
1,118664,3.380000000000003
1,118665,3.230000000000003
1,118666,2.1300000000000017
1,118667,2.370000000000002
1,118668,3.610000000000003
1,118669,3.450000000000003
1,118670,3.8600000000000034
1,118671,3.1700000000000026
1,118672,1.230000000000001
1,118951,1.170000000000001
1,118953,1.150000000000001
1,118954,2.7400000000000024
1,118955,3.490000000000003
1,118956,3.9600000000000035
1,118957,3.690000000000003
1,118958,3.8000000000000034
1,118959,2.650000000000002
1,118962,2.070000000000002
1,118965,3.150000000000003
1,118966,2.910000000000003
1,118967,2.730000000000002
1,118968,3.5100000000000033
1,118969,2.8300000000000027
1,118970,3.6400000000000032
1,118971,2.0000000000000018
1,118972,2.5600000000000023
1,119246,2.260000000000002
1,119247,2.380000000000002
1,119248,3.2900000000000027
1,119249,3.380000000000003
1,119250,3.340000000000003
1,119251,3.580000000000003
1,119252,3.620000000000003
1,119253,3.440000000000003
1,119254,1.8000000000000016
1,119256,2.180000000000002
1,119261,1.220000000000001
1,119263,3.810000000000003
1,119264,3.6800000000000033
1,119265,3.9800000000000035
1,119266,3.520000000000003
1,119267,1.3900000000000012
1,119541,3.2500000000000027
1,119542,2.030000000000002
1,119543,2.0100000000000016
1,119544,3.9900000000000038
1,119545,4.0000000000000036
1,119546,3.9900000000000038
1,119547,3.8700000000000037
1,119548,3.520000000000003
1,119550,1.090000000000001
1,119557,3.270000000000003
1,119558,3.6800000000000033
1,119559,4.0000000000000036
1,119560,4.0000000000000036
1,119561,2.8100000000000023
1,119837,1.030000000000001
1,119838,1.2800000000000011
1,119839,4.0000000000000036
1,119840,4.0000000000000036
1,119841,4.0000000000000036
1,119842,3.9600000000000035
1,119843,3.200000000000003
1,119844,2.480000000000002
1,119852,1.9800000000000018
1,119853,1.9800000000000018
1,119854,3.0400000000000027
1,119855,1.6500000000000015
1,120131,1.3200000000000012
1,120132,2.120000000000002
1,120133,1.9000000000000017
1,120134,2.3900000000000023
1,120135,2.290000000000002
1,120136,2.370000000000002
1,120137,2.280000000000002
1,120138,2.080000000000002
1,120139,1.6100000000000014
1,120147,1.4500000000000013
1,120148,1.5300000000000014
1,120428,2.460000000000002
1,120429,3.7900000000000036
1,120430,4.0000000000000036
1,120431,4.0000000000000036
1,120432,3.8600000000000034
1,120433,3.580000000000003
1,120434,2.7100000000000026
1,120443,1.6900000000000015
1,120725,3.8000000000000034
1,120726,3.8200000000000034
1,120727,3.6700000000000035
1,120728,3.7200000000000033
1,120729,2.6700000000000026
1,120959,1.4200000000000013
1,121020,2.7500000000000027
1,121021,2.240000000000002
1,121023,3.810000000000003
1,121024,1.3000000000000012
1,121025,1.3500000000000012
1,121254,2.7100000000000026
1,121255,1.8100000000000016
1,121315,3.0100000000000025
1,121316,3.6400000000000032
1,121317,1.4700000000000013
1,121318,1.170000000000001
1,121319,1.6200000000000014
1,121320,1.5600000000000014
1,121550,2.6700000000000026
1,121610,2.8300000000000027
1,121611,3.240000000000003
1,121612,1.080000000000001
1,121613,3.1300000000000026
1,121614,3.6600000000000033
1,121615,2.280000000000002
1,121843,1.080000000000001
1,121904,2.370000000000002
1,121905,3.5500000000000034
1,121906,2.030000000000002
1,121908,3.8400000000000034
1,121909,3.1000000000000028
1,121910,2.070000000000002
1,122199,3.160000000000003
1,122200,3.5900000000000034
1,122202,3.410000000000003
1,122203,3.280000000000003
1,122204,3.2100000000000026
1,122205,2.6800000000000024
1,122427,1.9800000000000018
1,122428,1.0000000000000009
1,122429,1.100000000000001
1,122430,3.1000000000000028
1,122431,1.180000000000001
1,122434,1.090000000000001
1,122436,1.6400000000000015
1,122491,1.4700000000000013
1,122492,2.500000000000002
1,122493,3.220000000000003
1,122494,2.080000000000002
1,122495,1.4700000000000013
1,122496,3.160000000000003
1,122497,3.8700000000000037
1,122498,1.8900000000000017
1,122499,3.3300000000000027
1,122500,3.810000000000003
1,122501,1.8100000000000016
1,122726,3.340000000000003
1,122727,3.0100000000000025
1,122728,2.080000000000002
1,122729,1.9600000000000017
1,122731,3.200000000000003
1,122732,1.9900000000000018
1,122774,1.4000000000000012
1,122775,1.5300000000000014
1,122784,2.300000000000002
1,122785,3.7000000000000033
1,122786,4.0000000000000036
1,122787,3.9500000000000037
1,122788,3.600000000000003
1,122789,1.4800000000000013
1,122790,3.9700000000000033
1,122791,3.850000000000003
1,122792,2.7600000000000025
1,122793,3.5100000000000033
1,122794,3.530000000000003
1,122795,2.180000000000002
1,122796,3.8300000000000036
1,122797,2.3900000000000023
1,123021,1.9800000000000018
1,123022,3.320000000000003
1,123023,3.4300000000000033
1,123024,2.240000000000002
1,123025,3.320000000000003
1,123026,1.4500000000000013
1,123030,1.6800000000000015
1,123070,3.7200000000000033
1,123071,1.170000000000001
1,123077,1.8800000000000017
1,123078,3.360000000000003
1,123079,4.0000000000000036
1,123080,4.0000000000000036
1,123081,3.0000000000000027
1,123082,2.110000000000002
1,123083,2.530000000000002
1,123084,3.230000000000003
1,123085,3.8800000000000034
1,123086,1.5500000000000014
1,123087,1.9600000000000017
1,123090,3.5100000000000033
1,123091,3.500000000000003
1,123092,3.300000000000003
1,123093,3.4700000000000033
1,123094,2.7400000000000024
1,123315,1.6900000000000015
1,123316,1.6400000000000015
1,123317,2.380000000000002
1,123318,3.240000000000003
1,123319,3.350000000000003
1,123320,3.620000000000003
1,123325,1.6600000000000015
1,123326,2.040000000000002
1,123327,1.4400000000000013
1,123328,1.120000000000001
1,123365,2.0000000000000018
1,123366,3.0900000000000025
1,123367,2.650000000000002
1,123369,1.7100000000000015
1,123370,3.8400000000000034
1,123371,3.9500000000000037
1,123372,3.9200000000000035
1,123373,3.220000000000003
1,123374,3.9600000000000035
1,123375,3.4300000000000033
1,123376,1.5500000000000014
1,123377,3.570000000000003
1,123378,3.7800000000000034
1,123379,3.770000000000003
1,123380,1.8900000000000017
1,123381,3.6700000000000035
1,123382,3.8900000000000032
1,123385,1.3800000000000012
1,123386,1.130000000000001
1,123387,1.6100000000000014
1,123389,1.4000000000000012
1,123609,2.2700000000000022
1,123613,2.7900000000000027
1,123614,3.530000000000003
1,123615,2.8200000000000025
1,123618,2.9400000000000026
1,123619,2.190000000000002
1,123620,1.140000000000001
1,123621,1.110000000000001
1,123622,1.5100000000000013
1,123627,2.6800000000000024
1,123628,1.3400000000000012
1,123658,2.2500000000000018
1,123660,1.010000000000001
1,123661,1.220000000000001
1,123662,1.5600000000000014
1,123665,2.5600000000000023
1,123666,3.9100000000000037
1,123667,3.8700000000000037
1,123668,3.520000000000003
1,123669,2.370000000000002
1,123670,1.8600000000000017
1,123671,3.570000000000003
1,123672,3.650000000000003
1,123673,3.110000000000003
1,123674,2.280000000000002
1,123675,1.9200000000000017
1,123676,2.7900000000000027
1,123678,1.9800000000000018
1,123908,2.9700000000000024
1,123909,2.6400000000000023
1,123910,1.5400000000000014
1,123911,3.0400000000000027
1,123912,1.6800000000000015
1,123913,3.7900000000000036
1,123914,2.8000000000000025
1,123915,1.130000000000001
1,123917,2.7900000000000027
1,123921,1.4700000000000013
1,123922,3.9900000000000038
1,123923,3.730000000000003
1,123926,1.8200000000000016
1,123952,3.7000000000000033
1,123953,3.1000000000000028
1,123954,3.7900000000000036
1,123955,3.650000000000003
1,123960,2.280000000000002
1,123961,3.9800000000000035
1,123962,3.6700000000000035
1,123963,1.9200000000000017
1,123965,3.610000000000003
1,123966,1.8900000000000017
1,123970,1.120000000000001
1,123971,3.7800000000000034
1,123972,1.050000000000001
1,124202,1.9600000000000017
1,124203,3.650000000000003
1,124205,3.1300000000000026
1,124206,3.460000000000003
1,124207,3.240000000000003
1,124208,3.6300000000000034
1,124209,2.8700000000000028
1,124210,3.1300000000000026
1,124211,2.030000000000002
1,124213,2.5500000000000025
1,124214,1.5900000000000014
1,124216,3.2100000000000026
1,124217,3.9100000000000037
1,124218,2.6600000000000024
1,124220,2.070000000000002
1,124221,1.7800000000000016
1,124246,1.5300000000000014
1,124247,2.6200000000000023
1,124249,2.9300000000000024
1,124250,3.180000000000003
1,124251,2.610000000000002
1,124255,1.080000000000001
1,124256,1.7300000000000015
1,124258,1.3200000000000012
1,124259,1.2600000000000011
1,124260,1.3600000000000012
1,124267,2.260000000000002
1,124496,2.950000000000003
1,124497,3.380000000000003
1,124498,2.5800000000000023
1,124499,2.530000000000002
1,124500,2.5200000000000022
1,124504,3.420000000000003
1,124505,3.7600000000000033
1,124506,1.9700000000000017
1,124508,1.100000000000001
1,124509,3.4700000000000033
1,124510,3.690000000000003
1,124511,3.8600000000000034
1,124512,3.9800000000000035
1,124513,2.320000000000002
1,124514,2.9400000000000026
1,124515,2.6300000000000026
1,124516,2.690000000000002
1,124542,2.040000000000002
1,124543,2.500000000000002
1,124544,3.570000000000003
1,124545,2.7600000000000025
1,124546,3.6400000000000032
1,124547,2.290000000000002
1,124548,1.7600000000000016
1,124550,1.2900000000000011
1,124551,1.4300000000000013
1,124552,2.7100000000000026
1,124553,1.5800000000000014
1,124790,1.6600000000000015
1,124792,2.910000000000003
1,124795,1.5300000000000014
1,124798,1.190000000000001
1,124799,3.620000000000003
1,124800,3.6600000000000033
1,124801,2.410000000000002
1,124802,3.480000000000003
1,124804,2.290000000000002
1,124805,3.810000000000003
1,124806,3.9100000000000037
1,124807,3.520000000000003
1,124808,3.3700000000000028
1,124809,1.5600000000000014
1,124810,1.5800000000000014
1,124836,1.230000000000001
1,124837,2.7200000000000024
1,124838,3.6800000000000033
1,124839,3.320000000000003
1,124840,3.200000000000003
1,124841,3.8200000000000034
1,124842,3.360000000000003
1,124843,3.5500000000000034
1,124844,1.8200000000000016
1,124846,3.140000000000003
1,124847,1.4600000000000013
1,125086,2.5100000000000025
1,125094,3.2900000000000027
1,125095,3.8300000000000036
1,125096,3.4300000000000033
1,125097,2.9800000000000026
1,125098,1.3000000000000012
1,125099,1.060000000000001
1,125100,3.9400000000000035
1,125101,4.0000000000000036
1,125102,3.490000000000003
1,125103,2.9300000000000024
1,125104,3.380000000000003
1,125105,3.9200000000000035
1,125106,1.250000000000001
1,125132,1.8800000000000017
1,125133,3.7000000000000033
1,125134,2.650000000000002
1,125135,3.0800000000000027
1,125136,3.7200000000000033
1,125137,3.030000000000003
1,125138,3.0100000000000025
1,125139,1.3900000000000012
1,125140,1.5200000000000014
1,125389,3.6800000000000033
1,125390,3.8900000000000032
1,125391,2.3100000000000023
1,125392,3.9200000000000035
1,125393,2.060000000000002
1,125395,3.1000000000000028
1,125396,2.8800000000000026
1,125397,3.8200000000000034
1,125398,1.9000000000000017
1,125399,3.7200000000000033
1,125400,3.560000000000003
1,125401,2.030000000000002
1,125426,1.7300000000000015
1,125427,2.7500000000000027
1,125428,3.2500000000000027
1,125429,3.110000000000003
1,125430,3.340000000000003
1,125431,3.7500000000000036
1,125432,3.9500000000000037
1,125433,1.6400000000000015
1,125434,1.6000000000000014
1,125435,2.530000000000002
1,125684,3.520000000000003
1,125685,2.7400000000000024
1,125686,2.240000000000002
1,125687,3.9800000000000035
1,125688,2.240000000000002
1,125690,1.5900000000000014
1,125691,3.8400000000000034
1,125692,3.5500000000000034
1,125693,2.6200000000000023
1,125694,3.570000000000003
1,125695,3.7000000000000033
1,125696,1.240000000000001
1,125719,1.4600000000000013
1,125720,3.1000000000000028
1,125721,3.600000000000003
1,125722,3.0400000000000027
1,125723,1.190000000000001
1,125726,2.0900000000000016
1,125729,1.8400000000000016
1,125978,1.2600000000000011
1,125979,1.180000000000001
1,125985,1.120000000000001
1,125986,1.8200000000000016
1,125987,2.2500000000000018
1,125988,3.280000000000003
1,125989,3.8400000000000034
1,125990,3.9500000000000037
1,125991,1.070000000000001
1,126014,3.350000000000003
1,126015,1.8700000000000017
1,126016,3.2900000000000027
1,126017,1.8300000000000016
1,126018,2.500000000000002
1,126019,2.280000000000002
1,126021,1.2800000000000011
1,126025,1.4600000000000013
1,126280,1.6600000000000015
1,126282,1.9900000000000018
1,126283,3.6300000000000034
1,126284,2.9600000000000026
1,126285,3.8700000000000037
1,126286,2.190000000000002
1,126308,1.7000000000000015
1,126309,2.480000000000002
1,126310,2.5400000000000023
1,126311,3.8400000000000034
1,126312,3.0800000000000027
1,126313,3.850000000000003
1,126314,3.0400000000000027
1,126319,1.3700000000000012
1,126576,1.6600000000000015
1,126577,1.100000000000001
1,126578,2.6700000000000026
1,126579,3.600000000000003
1,126580,3.6300000000000034
1,126581,3.1200000000000028
1,126598,1.010000000000001
1,126599,1.6100000000000014
1,126600,3.190000000000003
1,126601,3.1000000000000028
1,126602,3.7400000000000033
1,126603,3.7400000000000033
1,126604,3.500000000000003
1,126605,2.950000000000003
1,126606,1.5600000000000014
1,126608,1.5600000000000014
1,126609,2.160000000000002
1,126872,3.310000000000003
1,126873,1.5700000000000014
1,126874,3.480000000000003
1,126875,2.7100000000000026
1,126876,3.9200000000000035
1,126877,3.140000000000003
1,126892,2.030000000000002
1,126893,3.9400000000000035
1,126894,3.0200000000000027
1,126895,3.220000000000003
1,126896,3.600000000000003
1,126897,3.8600000000000034
1,126898,3.230000000000003
1,126899,1.8000000000000016
1,126914,1.3100000000000012
1,127161,1.3900000000000012
1,127163,2.7800000000000025
1,127164,1.4300000000000013
1,127167,2.690000000000002
1,127168,1.110000000000001
1,127171,2.5600000000000023
1,127172,3.6800000000000033
1,127173,3.7600000000000033
1,127174,1.4900000000000013
1,127185,2.910000000000003
1,127186,2.5400000000000023
1,127187,2.320000000000002
1,127188,4.0000000000000036
1,127189,3.440000000000003
1,127190,3.2900000000000027
1,127191,3.140000000000003
1,127192,2.320000000000002
1,127193,2.280000000000002
1,127194,2.5900000000000025
1,127209,2.7100000000000026
1,127210,1.8600000000000017
1,127457,2.0100000000000016
1,127458,3.150000000000003
1,127459,2.8000000000000025
1,127460,3.0400000000000027
1,127461,1.2800000000000011
1,127462,1.8100000000000016
1,127463,2.420000000000002
1,127464,3.3700000000000028
1,127466,1.120000000000001
1,127467,3.530000000000003
1,127468,3.1200000000000028
1,127469,3.160000000000003
1,127478,1.210000000000001
1,127479,3.230000000000003
1,127480,3.0400000000000027
1,127481,1.5300000000000014
1,127482,3.2500000000000027
1,127483,3.440000000000003
1,127484,3.770000000000003
1,127485,2.570000000000002
1,127486,2.070000000000002
1,127487,3.8900000000000032
1,127488,2.690000000000002
1,127504,2.8700000000000028
1,127505,3.9400000000000035
1,127506,1.8100000000000016
1,127754,3.9300000000000033
1,127755,3.350000000000003
1,127756,2.530000000000002
1,127757,2.730000000000002
1,127758,3.7100000000000035
1,127759,3.6600000000000033
1,127763,2.320000000000002
1,127764,4.0000000000000036
1,127765,3.6300000000000034
1,127774,2.8400000000000025
1,127775,3.310000000000003
1,127776,3.4700000000000033
1,127777,2.2700000000000022
1,127778,3.8000000000000034
1,127779,3.7400000000000033
1,127780,1.9700000000000017
1,127782,1.190000000000001
1,127800,1.4000000000000012
1,127801,2.570000000000002
1,128049,3.8700000000000037
1,128050,3.440000000000003
1,128051,3.360000000000003
1,128052,2.7700000000000022
1,128053,3.620000000000003
1,128054,3.690000000000003
1,128055,1.8700000000000017
1,128059,3.2900000000000027
1,128060,3.6800000000000033
1,128061,2.340000000000002
1,128069,1.2900000000000011
1,128070,3.9300000000000033
1,128071,3.270000000000003
1,128072,3.350000000000003
1,128073,2.8500000000000023
1,128074,3.4700000000000033
1,128075,3.350000000000003
1,128076,3.3300000000000027
1,128077,3.540000000000003
1,128078,1.5100000000000013
1,128092,2.8700000000000028
1,128093,3.0900000000000025
1,128094,2.0100000000000016
1,128095,2.0100000000000016
1,128096,1.050000000000001
1,128344,2.150000000000002
1,128345,3.410000000000003
1,128346,2.5800000000000023
1,128348,2.9700000000000024
1,128349,3.410000000000003
1,128350,2.990000000000003
1,128354,3.4300000000000033
1,128355,3.8200000000000034
1,128356,3.9300000000000033
1,128363,1.6400000000000015
1,128364,1.6200000000000014
1,128365,3.8300000000000036
1,128366,3.6800000000000033
1,128367,3.6600000000000033
1,128368,3.8400000000000034
1,128369,3.2100000000000026
1,128370,3.650000000000003
1,128371,2.200000000000002
1,128372,3.8800000000000034
1,128373,1.6000000000000014
1,128383,1.210000000000001
1,128386,1.100000000000001
1,128387,3.460000000000003
1,128388,3.7500000000000036
1,128389,3.0100000000000025
1,128390,1.6300000000000014
1,128640,3.650000000000003
1,128641,4.0000000000000036
1,128642,3.540000000000003
1,128643,3.4700000000000033
1,128644,3.600000000000003
1,128645,2.7800000000000025
1,128646,1.4300000000000013
1,128647,1.050000000000001
1,128649,2.0500000000000016
1,128650,3.070000000000003
1,128651,3.580000000000003
1,128655,1.200000000000001
1,128658,3.530000000000003
1,128659,3.360000000000003
1,128660,3.0400000000000027
1,128661,2.9700000000000024
1,128662,3.450000000000003
1,128663,3.9200000000000035
1,128664,3.360000000000003
1,128665,3.580000000000003
1,128666,2.300000000000002
1,128667,1.210000000000001
1,128678,1.130000000000001
1,128681,3.0500000000000025
1,128682,2.7500000000000027
1,128683,3.520000000000003
1,128684,2.8200000000000025
1,128935,1.7200000000000015
1,128936,3.2100000000000026
1,128937,3.540000000000003
1,128938,3.620000000000003
1,128939,3.770000000000003
1,128940,3.580000000000003
1,128941,3.0100000000000025
1,128942,1.9900000000000018
1,128943,1.4900000000000013
1,128944,1.030000000000001
1,128950,1.030000000000001
1,128952,1.3000000000000012
1,128953,3.9400000000000035
1,128954,4.0000000000000036
1,128955,3.190000000000003
1,128956,3.9500000000000037
1,128957,3.7200000000000033
1,128958,3.8900000000000032
1,128959,2.8500000000000023
1,128960,1.8700000000000017
1,128966,1.8300000000000016
1,128974,1.190000000000001
1,128975,1.7500000000000016
1,128976,3.150000000000003
1,128977,3.270000000000003
1,128978,2.8000000000000025
1,128979,1.230000000000001
1,129230,2.8500000000000023
1,129231,1.9300000000000017
1,129232,2.500000000000002
1,129233,1.6600000000000015
1,129234,3.440000000000003
1,129235,3.600000000000003
1,129236,3.8000000000000034
1,129237,3.8700000000000037
1,129238,3.520000000000003
1,129239,1.7600000000000016
1,129245,1.250000000000001
1,129248,2.5600000000000023
1,129249,3.6600000000000033
1,129250,1.5800000000000014
1,129251,3.070000000000003
1,129252,2.950000000000003
1,129253,3.2500000000000027
1,129254,2.5800000000000023
1,129268,1.210000000000001
1,129269,3.520000000000003
1,129270,2.4300000000000024
1,129271,2.9000000000000026
1,129272,3.360000000000003
1,129273,2.410000000000002
1,129527,2.950000000000003
1,129528,3.9800000000000035
1,129529,3.8000000000000034
1,129530,3.730000000000003
1,129531,3.9000000000000035
1,129532,3.8700000000000037
1,129533,3.8400000000000034
1,129534,2.8800000000000026
1,129539,2.440000000000002
1,129540,2.410000000000002
1,129543,1.020000000000001
1,129544,2.120000000000002
1,129545,3.300000000000003
1,129546,3.0000000000000027
1,129547,1.9800000000000018
1,129548,1.4600000000000013
1,129553,1.060000000000001
1,129557,1.9900000000000018
1,129558,3.6400000000000032
1,129562,3.1000000000000028
1,129563,3.810000000000003
1,129564,3.810000000000003
1,129565,3.320000000000003
1,129566,3.1300000000000026
1,129567,3.8800000000000034
1,129568,1.4400000000000013
1,129823,3.730000000000003
1,129824,3.810000000000003
1,129825,3.9000000000000035
1,129826,3.9900000000000038
1,129827,3.7200000000000033
1,129828,3.2500000000000027
1,129829,3.8300000000000036
1,129840,1.020000000000001
1,129841,1.180000000000001
1,129843,1.5000000000000013
1,129844,2.6700000000000026
1,129845,1.3700000000000012
1,129846,1.2600000000000011
1,129848,1.240000000000001
1,129849,1.6000000000000014
1,129852,1.2600000000000011
1,129853,1.8900000000000017
1,129857,1.3800000000000012
1,129860,2.370000000000002
1,129861,3.8800000000000034
1,129862,2.6300000000000026
1,130118,3.810000000000003
1,130119,2.9800000000000026
1,130120,2.5100000000000025
1,130121,3.0800000000000027
1,130122,3.650000000000003
1,130123,3.690000000000003
1,130124,3.8400000000000034
1,130125,3.0400000000000027
1,130132,1.060000000000001
1,130138,3.0600000000000027
1,130139,2.330000000000002
1,130144,1.2600000000000011
1,130150,1.110000000000001
1,130417,3.0400000000000027
1,130418,3.7900000000000036
1,130419,3.9500000000000037
1,130420,2.5600000000000023
1,130421,1.5600000000000014
1,130422,1.8100000000000016
1,130423,1.3400000000000012
1,130429,2.6000000000000023
1,130430,2.080000000000002
1,130433,1.9300000000000017
1,130434,1.030000000000001
1,130438,1.4200000000000013
1,130444,1.5300000000000014
1,130445,1.9700000000000017
1,130712,1.8800000000000017
1,130713,3.1200000000000028
1,130714,3.8300000000000036
1,130715,2.080000000000002
1,130716,3.3300000000000027
1,130717,3.9800000000000035
1,130718,3.410000000000003
1,130719,1.6300000000000014
1,130733,1.6700000000000015
1,130734,1.170000000000001
1,130735,2.7100000000000026
1,130736,2.1300000000000017
1,130739,2.2100000000000017
1,130740,3.5900000000000034
1,131008,1.7200000000000015
1,131009,2.290000000000002
1,131010,3.730000000000003
1,131011,3.9700000000000033
1,131012,2.9000000000000026
1,131013,1.7900000000000016
1,131014,3.270000000000003
1,131015,3.410000000000003
1,131016,2.260000000000002
1,131019,1.6400000000000015
1,131021,1.3500000000000012
1,131024,2.3100000000000023
1,131025,1.3800000000000012
1,131028,2.5900000000000025
1,131029,2.0100000000000016
1,131030,1.5300000000000014
1,131031,3.450000000000003
1,131032,2.9800000000000026
1,131033,3.6800000000000033
1,131034,3.070000000000003
1,131035,1.6400000000000015
1,131309,1.7300000000000015
1,131310,1.3500000000000012
1,131311,1.140000000000001
1,131312,2.7000000000000024
1,131313,1.4600000000000013
1,131317,1.8600000000000017
1,131318,2.400000000000002
1,131319,2.7400000000000024
1,131320,2.3500000000000023
1,131323,1.4800000000000013
1,131327,1.250000000000001
1,131328,2.220000000000002
1,131329,1.7800000000000016
1,131607,1.3700000000000012
1,131608,1.080000000000001
1,131609,2.9700000000000024
1,131610,1.6800000000000015
1,131611,2.440000000000002
1,131612,3.0600000000000027
1,131613,1.4200000000000013
1,131614,1.6700000000000015
1,131615,3.0400000000000027
1,131619,2.0100000000000016
1,131620,2.300000000000002
1,131622,1.6700000000000015
1,131902,1.9500000000000017
1,131903,3.460000000000003
1,131904,2.9400000000000026
1,131910,1.110000000000001
1,132197,3.8300000000000036
1,132198,3.570000000000003
1,132199,1.7500000000000016
1,132200,1.160000000000001
1,132201,2.1300000000000017
1,132494,1.9400000000000017
1,132495,3.0000000000000027
1,132496,3.270000000000003
1,132497,2.7700000000000022
2,73806,1.160000000000001
2,75575,1.6500000000000015
2,75585,1.5800000000000014
2,75586,1.3300000000000012
2,75861,1.9700000000000017
2,75862,1.3200000000000012
2,75881,1.5600000000000014
2,76156,1.3600000000000012
2,76470,1.130000000000001
2,76755,1.010000000000001
2,77042,1.3500000000000012
2,77043,3.520000000000003
2,77044,1.9700000000000017
2,77045,1.5900000000000014
2,77054,1.2600000000000011
2,77055,1.170000000000001
2,77335,1.3200000000000012
2,77336,2.8300000000000027
2,77337,3.460000000000003
2,77338,1.3700000000000012
2,77339,1.100000000000001
2,77351,2.1700000000000017
2,77354,1.5600000000000014
2,77355,2.6700000000000026
2,77356,2.9300000000000024
2,77357,2.9300000000000024
2,77358,1.4500000000000013
2,77631,2.190000000000002
2,77646,1.5300000000000014
2,77647,2.080000000000002
2,77648,1.6600000000000015
2,77649,2.8200000000000025
2,77650,4.0000000000000036
2,77651,3.850000000000003
2,77652,2.4300000000000024
2,77653,0.9500000000000008
2,77939,1.4100000000000013
2,77940,1.140000000000001
2,77942,1.4700000000000013
2,77943,3.8800000000000034
2,77944,3.5100000000000033
2,77945,3.1700000000000026
2,77946,2.6400000000000023
2,77947,3.620000000000003
2,77948,2.8100000000000023
2,78238,1.4000000000000012
2,78239,3.580000000000003
2,78240,3.8800000000000034
2,78241,3.7800000000000034
2,78242,3.540000000000003
2,78243,3.6300000000000034
2,78244,0.06000000000000005
2,78525,1.3400000000000012
2,78534,1.050000000000001
2,78535,3.7400000000000033
2,78536,4.0000000000000036
2,78537,3.7500000000000036
2,78538,4.0000000000000036
2,78539,0.6700000000000006
2,78821,1.3700000000000012
2,78830,1.010000000000001
2,78831,3.200000000000003
2,78832,3.7500000000000036
2,78833,4.0000000000000036
2,78834,1.3300000000000012
2,79116,2.110000000000002
2,79117,3.260000000000003
2,79118,1.230000000000001
2,79127,1.080000000000001
2,79128,2.2500000000000018
2,79129,1.3000000000000012
2,79405,2.5800000000000023
2,79407,1.070000000000001
2,79411,1.7900000000000016
2,79412,2.2700000000000022
2,79413,2.9200000000000026
2,79414,2.9400000000000026
2,79700,1.6400000000000015
2,79701,1.8100000000000016
2,79702,2.500000000000002
2,79707,2.7500000000000027
2,79708,2.910000000000003
2,79710,3.200000000000003
2,79711,2.120000000000002
2,79995,2.570000000000002
2,79996,1.9700000000000017
2,79997,1.220000000000001
2,80002,3.2100000000000026
2,80003,3.0400000000000027
2,80004,1.130000000000001
2,80005,1.8400000000000016
2,80006,3.8200000000000034
2,80007,3.340000000000003
2,80291,1.9400000000000017
2,80293,1.4000000000000012
2,80295,2.1300000000000017
2,80296,1.5600000000000014
2,80297,1.070000000000001
2,80298,2.060000000000002
2,80299,3.400000000000003
2,80300,3.450000000000003
2,80301,1.9500000000000017
2,80302,3.6300000000000034
2,80303,2.9200000000000026
2,80587,2.1300000000000017
2,80588,1.8800000000000017
2,80589,1.9100000000000017
2,80591,1.040000000000001
2,80592,1.230000000000001
2,80594,1.0000000000000009
2,80595,2.3500000000000023
2,80596,3.480000000000003
2,80597,3.230000000000003
2,80598,3.7600000000000033
2,80599,2.150000000000002
2,80886,1.250000000000001
2,80891,1.5800000000000014
2,80892,1.8500000000000016
2,80893,1.3400000000000012
2,80894,2.400000000000002
2,80895,2.2100000000000017
2,80896,1.3900000000000012
2,81177,1.3000000000000012
2,81178,1.180000000000001
2,81180,1.7900000000000016
2,81182,1.6400000000000015
2,81183,1.6600000000000015
2,81191,2.340000000000002
2,81192,3.5100000000000033
2,81193,1.9200000000000017
2,81194,1.220000000000001
2,81473,2.110000000000002
2,81476,3.200000000000003
2,81477,2.080000000000002
2,81479,1.040000000000001
2,81480,1.5900000000000014
2,81481,2.5600000000000023
2,81488,1.9600000000000017
2,81489,1.6600000000000015
2,81494,1.070000000000001
2,81767,1.2800000000000011
2,81768,2.410000000000002
2,81771,2.480000000000002
2,81772,2.8600000000000025
2,81773,1.3100000000000012
2,81774,1.5100000000000013
2,81776,3.540000000000003
2,81787,1.6000000000000014
2,81788,2.5600000000000023
2,81789,2.370000000000002
2,81790,2.3500000000000023
2,81791,2.220000000000002
2,81792,1.250000000000001
2,82064,1.050000000000001
2,82067,1.7600000000000016
2,82068,2.1700000000000017
2,82069,1.4000000000000012
2,82070,1.160000000000001
2,82071,2.8200000000000025
2,82072,1.3600000000000012
2,82082,3.0500000000000025
2,82083,3.6300000000000034
2,82084,1.8100000000000016
2,82085,2.030000000000002
2,82086,3.0000000000000027
2,82087,2.8500000000000023
2,82088,1.4400000000000013
2,82089,1.120000000000001
2,82090,1.180000000000001
2,82358,2.0900000000000016
2,82363,1.4900000000000013
2,82365,2.120000000000002
2,82366,2.500000000000002
2,82367,3.5500000000000034
2,82368,2.330000000000002
2,82378,2.480000000000002
2,82379,2.8500000000000023
2,82382,4.0000000000000036
2,82383,3.5500000000000034
2,82384,4.0000000000000036
2,82385,3.480000000000003
2,82386,2.7500000000000027
2,82387,1.200000000000001
2,82659,1.5500000000000014
2,82660,2.650000000000002
2,82662,1.4500000000000013
2,82663,3.6400000000000032
2,82664,1.8900000000000017
2,82666,2.320000000000002
2,82676,1.010000000000001
2,82677,3.580000000000003
2,82678,3.200000000000003
2,82679,3.9800000000000035
2,82680,3.610000000000003
2,82681,3.450000000000003
2,82682,1.5100000000000013
2,82683,1.4200000000000013
2,82955,1.4400000000000013
2,82958,1.7000000000000015
2,82959,3.180000000000003
2,82960,3.4700000000000033
2,82961,3.6600000000000033
2,82962,1.4200000000000013
2,82974,3.610000000000003
2,82975,3.480000000000003
2,82976,3.0400000000000027
2,82977,3.560000000000003
2,82978,3.0800000000000027
2,83256,2.260000000000002
2,83257,1.6800000000000015
2,83258,2.5200000000000022
2,83265,3.070000000000003
2,83266,1.4800000000000013
2,83269,1.5800000000000014
2,83270,1.0000000000000009
2,83271,1.8200000000000016
2,83272,3.9600000000000035
2,83273,3.6800000000000033
2,83274,3.7800000000000034
2,83275,1.9400000000000017
2,83276,1.020000000000001
2,83542,2.8500000000000023
2,83543,1.010000000000001
2,83550,1.0000000000000009
2,83551,2.220000000000002
2,83552,2.5200000000000022
2,83553,3.460000000000003
2,83560,1.7500000000000016
2,83561,2.0000000000000018
2,83566,2.4300000000000024
2,83567,3.650000000000003
2,83568,3.5100000000000033
2,83569,3.8000000000000034
2,83570,3.4300000000000033
2,83571,3.190000000000003
2,83592,1.3900000000000012
2,83841,1.8500000000000016
2,83842,1.9400000000000017
2,83843,1.4000000000000012
2,83846,1.2800000000000011
2,83847,1.100000000000001
2,83848,1.5600000000000014
2,83849,2.070000000000002
2,83859,1.230000000000001
2,83860,1.090000000000001
2,83862,1.6800000000000015
2,83863,3.240000000000003
2,83864,4.0000000000000036
2,83865,3.730000000000003
2,83866,3.770000000000003
2,83867,3.1000000000000028
2,83868,1.3500000000000012
2,83874,1.7000000000000015
2,83887,3.3700000000000028
2,83888,2.7400000000000024
2,84136,2.610000000000002
2,84137,3.7500000000000036
2,84138,1.5300000000000014
2,84158,1.210000000000001
2,84159,2.9800000000000026
2,84160,3.520000000000003
2,84161,3.690000000000003
2,84162,2.0000000000000018
2,84163,2.100000000000002
2,84164,1.7900000000000016
2,84165,1.170000000000001
2,84166,1.160000000000001
2,84167,2.230000000000002
2,84168,2.910000000000003
2,84169,2.2500000000000018
2,84170,1.2800000000000011
2,84172,1.5200000000000014
2,84182,2.450000000000002
2,84183,3.2500000000000027
2,84184,3.6300000000000034
2,84430,2.240000000000002
2,84431,4.0000000000000036
2,84432,3.500000000000003
2,84433,2.7600000000000025
2,84434,2.1300000000000017
2,84443,1.6200000000000014
2,84444,1.6800000000000015
2,84445,1.2800000000000011
2,84446,1.150000000000001
2,84448,1.9700000000000017
2,84449,1.5400000000000014
2,84450,1.110000000000001
2,84454,2.380000000000002
2,84455,1.2900000000000011
2,84456,1.6100000000000014
2,84457,1.7500000000000016
2,84463,2.480000000000002
2,84464,1.170000000000001
2,84465,1.230000000000001
2,84466,2.910000000000003
2,84477,1.4300000000000013
2,84478,1.5400000000000014
2,84479,3.8700000000000037
2,84480,2.2700000000000022
2,84731,2.0000000000000018
2,84734,1.9200000000000017
2,84736,1.8800000000000017
2,84737,3.260000000000003
2,84738,2.320000000000002
2,84739,2.5900000000000025
2,84740,2.8200000000000025
2,84741,3.310000000000003
2,84742,3.270000000000003
2,84743,2.6600000000000024
2,84744,2.8300000000000027
2,84745,1.130000000000001
2,84746,1.6600000000000015
2,84749,1.140000000000001
2,84761,2.020000000000002
2,84772,3.350000000000003
2,84773,3.150000000000003
2,84774,3.350000000000003
2,84775,3.9000000000000035
2,84776,1.5500000000000014
2,85022,1.5100000000000013
2,85024,2.450000000000002
2,85025,2.9200000000000026
2,85026,3.190000000000003
2,85027,2.9700000000000024
2,85028,2.9200000000000026
2,85029,2.280000000000002
2,85030,2.3500000000000023
2,85031,1.5900000000000014
2,85032,2.300000000000002
2,85037,1.4200000000000013
2,85038,2.9700000000000024
2,85039,3.690000000000003
2,85040,3.7400000000000033
2,85041,3.570000000000003
2,85042,1.150000000000001
2,85052,1.8700000000000017
2,85053,2.340000000000002
2,85054,1.6300000000000014
2,85057,1.5900000000000014
2,85058,1.9900000000000018
2,85059,2.7700000000000022
2,85060,2.370000000000002
2,85062,2.070000000000002
2,85067,3.200000000000003
2,85068,3.3300000000000027
2,85069,1.8900000000000017
2,85070,3.440000000000003
2,85071,1.020000000000001
2,85318,1.150000000000001
2,85319,1.3800000000000012
2,85323,2.3900000000000023
2,85328,1.5100000000000013
2,85330,2.110000000000002
2,85331,2.5600000000000023
2,85332,1.7200000000000015
2,85333,1.5400000000000014
2,85334,2.4300000000000024
2,85337,2.8000000000000025
2,85348,2.400000000000002
2,85349,2.730000000000002
2,85354,1.110000000000001
2,85360,1.020000000000001
2,85361,2.330000000000002
2,85362,3.650000000000003
2,85363,3.0900000000000025
2,85365,2.7900000000000027
2,85366,2.6200000000000023
2,85616,1.180000000000001
2,85617,2.8000000000000025
2,85618,2.040000000000002
2,85619,2.100000000000002
2,85620,3.5500000000000034
2,85621,1.7200000000000015
2,85629,1.030000000000001
2,85631,1.9600000000000017
2,85632,1.5600000000000014
2,85633,1.6000000000000014
2,85649,1.030000000000001
2,85654,1.9700000000000017
2,85655,1.7500000000000016
2,85656,1.6400000000000015
2,85657,2.9800000000000026
2,85658,3.810000000000003
2,85659,2.4300000000000024
2,85660,2.5100000000000025
2,85661,2.370000000000002
2,85909,1.8600000000000017
2,85912,2.8000000000000025
2,85913,3.0100000000000025
2,85914,2.8200000000000025
2,85915,2.3500000000000023
2,85916,2.9300000000000024
2,85917,3.2900000000000027
2,85918,2.5500000000000025
2,85927,1.110000000000001
2,85928,1.4500000000000013
2,85929,1.6000000000000014
2,85930,2.100000000000002
2,85931,1.8700000000000017
2,85949,2.450000000000002
2,85952,1.010000000000001
2,85953,3.7200000000000033
2,85954,4.0000000000000036
2,85955,3.140000000000003
2,85956,1.8900000000000017
2,86207,1.030000000000001
2,86208,3.0100000000000025
2,86209,1.100000000000001
2,86210,3.320000000000003
2,86212,2.9200000000000026
2,86213,3.270000000000003
2,86214,1.8300000000000016
2,86221,2.260000000000002
2,86222,2.6000000000000023
2,86225,1.0000000000000009
2,86227,1.9200000000000017
2,86228,2.0000000000000018
2,86229,1.5100000000000013
2,86241,1.180000000000001
2,86242,3.150000000000003
2,86244,2.290000000000002
2,86247,1.160000000000001
2,86248,3.9500000000000037
2,86249,3.8600000000000034
2,86250,2.5500000000000025
2,86503,1.180000000000001
2,86504,1.200000000000001
2,86505,1.7800000000000016
2,86506,1.8500000000000016
2,86508,1.100000000000001
2,86509,3.480000000000003
2,86510,1.120000000000001
2,86511,2.230000000000002
2,86516,1.5700000000000014
2,86517,1.5900000000000014
2,86522,2.330000000000002
2,86523,1.6500000000000015
2,86524,2.8000000000000025
2,86525,3.0900000000000025
2,86536,2.440000000000002
2,86537,3.270000000000003
2,86539,1.8100000000000016
2,86543,2.110000000000002
2,86544,1.7700000000000016
2,86805,1.5200000000000014
2,86806,1.4900000000000013
2,86807,1.180000000000001
2,86808,1.100000000000001
2,86819,2.6400000000000023
2,86820,3.580000000000003
2,86821,3.6400000000000032
2,86822,1.170000000000001
2,86823,2.0000000000000018
2,86830,2.5200000000000022
2,86835,2.5100000000000025
2,87102,1.230000000000001
2,87104,1.6500000000000015
2,87113,2.160000000000002
2,87114,1.5400000000000014
2,87116,3.0600000000000027
2,87117,3.9100000000000037
2,87118,3.500000000000003
2,87119,2.160000000000002
2,87123,1.9300000000000017
2,87124,2.7900000000000027
2,87125,3.540000000000003
2,87127,1.6700000000000015
2,87130,2.070000000000002
2,87131,1.3900000000000012
2,87132,3.4700000000000033
2,87134,2.950000000000003
2,87135,1.5600000000000014
2,87136,1.170000000000001
2,87408,1.180000000000001
2,87409,1.4400000000000013
2,87411,2.9000000000000026
2,87412,3.420000000000003
2,87413,2.8800000000000026
2,87414,2.500000000000002
2,87415,2.9400000000000026
2,87416,2.7400000000000024
2,87417,3.6400000000000032
2,87418,3.7500000000000036
2,87419,3.8200000000000034
2,87420,3.6600000000000033
2,87421,1.4000000000000012
2,87423,1.8400000000000016
2,87424,1.6400000000000015
2,87425,3.0500000000000025
2,87427,3.240000000000003
2,87428,1.4200000000000013
2,87430,1.6100000000000014
2,87431,1.3700000000000012
2,87705,1.8100000000000016
2,87706,1.2900000000000011
2,87707,2.5100000000000025
2,87711,1.070000000000001
2,87712,1.5600000000000014
2,87713,3.6800000000000033
2,87714,3.7200000000000033
2,87715,3.6800000000000033
2,87716,3.4300000000000033
2,87717,1.230000000000001
2,87718,2.180000000000002
2,87719,3.610000000000003
2,87720,1.8900000000000017
2,87722,1.110000000000001
2,87723,3.380000000000003
2,87724,1.7200000000000015
2,87725,1.6900000000000015
2,87726,1.4400000000000013
2,87733,1.9800000000000018
2,88003,1.6900000000000015
2,88008,3.7100000000000035
2,88009,4.0000000000000036
2,88010,3.770000000000003
2,88011,3.5100000000000033
2,88012,3.600000000000003
2,88013,2.260000000000002
2,88014,3.7800000000000034
2,88015,1.5300000000000014
2,88018,2.7500000000000027
2,88019,3.8200000000000034
2,88020,2.020000000000002
2,88021,2.5500000000000025
2,88026,1.7700000000000016
2,88027,1.8400000000000016
2,88304,2.950000000000003
2,88305,3.8200000000000034
2,88306,3.1000000000000028
2,88307,3.580000000000003
2,88308,3.690000000000003
2,88309,3.610000000000003
2,88310,1.5900000000000014
2,88314,1.7100000000000015
2,88316,1.210000000000001
2,88318,2.3100000000000023
2,88600,2.8900000000000023
2,88601,3.480000000000003
2,88602,3.7400000000000033
2,88603,3.850000000000003
2,88604,3.410000000000003
2,88605,3.490000000000003
2,88606,2.8300000000000027
2,88609,3.8900000000000032
2,88610,1.6200000000000014
2,88611,3.7000000000000033
2,88612,1.5100000000000013
2,88613,1.4100000000000013
2,88895,1.9100000000000017
2,88896,3.560000000000003
2,88897,3.9500000000000037
2,88898,3.8600000000000034
2,88899,3.220000000000003
2,88900,3.490000000000003
2,88901,2.910000000000003
2,88903,1.200000000000001
2,88904,3.9700000000000033
2,88905,1.9800000000000018
2,88906,2.8400000000000025
2,88907,1.3000000000000012
2,89191,3.5900000000000034
2,89192,3.580000000000003
2,89193,3.6600000000000033
2,89194,3.410000000000003
2,89195,3.490000000000003
2,89196,1.8400000000000016
2,89199,3.520000000000003
2,89200,3.380000000000003
2,89201,1.7600000000000016
2,89202,2.030000000000002
2,89212,1.100000000000001
2,89213,1.2600000000000011
2,89214,1.4200000000000013
2,89486,1.2600000000000011
2,89487,3.2900000000000027
2,89488,3.4300000000000033
2,89489,2.3900000000000023
2,89490,3.9900000000000038
2,89491,3.2500000000000027
2,89495,1.150000000000001
2,89508,1.6200000000000014
2,89782,3.220000000000003
2,89783,2.9700000000000024
2,89784,3.620000000000003
2,89785,4.0000000000000036
2,89786,3.770000000000003
2,89787,1.5200000000000014
2,90077,1.5100000000000013
2,90078,2.9000000000000026
2,90079,3.850000000000003
2,90080,3.9500000000000037
2,90081,3.6400000000000032
2,90082,1.2800000000000011
2,90372,1.7600000000000016
2,90373,2.8500000000000023
2,90374,3.6400000000000032
2,90375,3.7100000000000035
2,90376,3.5900000000000034
2,90377,3.3700000000000028
2,90378,2.570000000000002
2,90379,2.2700000000000022
2,90380,2.490000000000002
2,90381,2.490000000000002
2,90382,2.320000000000002
2,90383,2.6300000000000026
2,90384,2.9800000000000026
2,90385,3.420000000000003
2,90386,1.6700000000000015
2,90667,1.190000000000001
2,90668,1.8600000000000017
2,90669,3.5500000000000034
2,90670,3.350000000000003
2,90671,2.8100000000000023
2,90672,3.180000000000003
2,90673,3.7500000000000036
2,90674,3.6300000000000034
2,90675,3.600000000000003
2,90676,2.7800000000000025
2,90677,2.400000000000002
2,90678,2.7800000000000025
2,90679,3.7400000000000033
2,90680,3.190000000000003
2,90681,3.9500000000000037
2,90682,1.7500000000000016
2,90962,1.6300000000000014
2,90963,2.240000000000002
2,90964,3.0800000000000027
2,90965,1.5500000000000014
2,90968,1.020000000000001
2,90970,1.5900000000000014
2,90971,1.6100000000000014
2,90974,1.5600000000000014
2,90975,3.460000000000003
2,90976,3.7000000000000033
2,90977,3.400000000000003
2,91257,1.020000000000001
2,91258,2.5400000000000023
2,91259,1.3400000000000012
2,91266,1.4500000000000013
2,91270,1.9300000000000017
2,91271,3.7000000000000033
2,91272,4.0000000000000036
2,91566,3.410000000000003
2,91567,3.9300000000000033
2,91861,3.340000000000003
2,91862,2.110000000000002
2,91864,1.6700000000000015
2,91867,1.3000000000000012
2,92156,3.240000000000003
2,92157,1.2800000000000011
2,92160,1.9100000000000017
2,92161,1.5100000000000013
2,92162,1.9200000000000017
2,92163,2.370000000000002
2,92164,2.0100000000000016
2,92451,2.040000000000002
2,92452,1.2700000000000011
2,92456,1.070000000000001
2,92457,1.5500000000000014
2,92458,3.3300000000000027
2,92459,3.180000000000003
2,92460,1.8400000000000016
2,92461,2.5200000000000022
2,92747,2.480000000000002
2,92749,1.060000000000001
2,92754,2.240000000000002
2,92755,3.7000000000000033
2,92756,3.460000000000003
2,93042,1.5600000000000014
2,93043,2.9200000000000026
2,93044,1.250000000000001
2,93045,1.6700000000000015
2,93046,1.5800000000000014
2,93051,2.370000000000002
2,93052,2.9700000000000024
2,93053,1.8700000000000017
2,93330,1.5600000000000014
2,93331,1.250000000000001
2,93337,1.250000000000001
2,93338,3.850000000000003
2,93339,3.8300000000000036
2,93343,1.7600000000000016
2,93347,1.050000000000001
2,93348,1.6300000000000014
2,93349,1.6300000000000014
2,93626,1.8900000000000017
2,93631,2.3500000000000023
2,93632,3.7800000000000034
2,93633,3.3300000000000027
2,93634,3.8200000000000034
2,93636,1.0000000000000009
2,93637,3.280000000000003
2,93638,3.7500000000000036
2,93639,3.350000000000003
2,93640,1.040000000000001
2,93911,1.4500000000000013
2,93917,1.250000000000001
2,93918,2.9700000000000024
2,93919,1.5100000000000013
2,93920,2.110000000000002
2,93921,2.8800000000000026
2,93922,1.3100000000000012
2,93923,1.040000000000001
2,93924,2.340000000000002
2,93925,2.5500000000000025
2,93926,1.3000000000000012
2,93929,3.560000000000003
2,93931,2.3500000000000023
2,93932,3.5500000000000034
2,93933,1.9700000000000017
2,93934,1.7800000000000016
2,93935,3.0100000000000025
2,93936,2.290000000000002
2,94201,1.8000000000000016
2,94202,1.2700000000000011
2,94206,1.4400000000000013
2,94207,2.080000000000002
2,94211,1.7900000000000016
2,94212,3.6800000000000033
2,94213,3.9400000000000035
2,94214,3.7600000000000033
2,94215,2.190000000000002
2,94216,1.4200000000000013
2,94217,3.340000000000003
2,94218,3.4300000000000033
2,94219,2.5100000000000025
2,94224,1.2700000000000011
2,94226,3.0000000000000027
2,94227,2.9600000000000026
2,94231,1.2900000000000011
2,94232,2.200000000000002
2,94496,3.7800000000000034
2,94497,2.460000000000002
2,94498,1.110000000000001
2,94503,3.270000000000003
2,94504,3.6800000000000033
2,94505,3.610000000000003
2,94506,4.0000000000000036
2,94507,3.200000000000003
2,94508,1.5300000000000014
2,94511,1.0000000000000009
2,94512,3.0400000000000027
2,94513,2.300000000000002
2,94514,2.370000000000002
2,94519,1.4500000000000013
2,94521,1.9000000000000017
2,94522,2.290000000000002
2,94529,1.3900000000000012
2,94790,2.9300000000000024
2,94791,3.7000000000000033
2,94792,3.0900000000000025
2,94796,1.9700000000000017
2,94797,1.050000000000001
2,94798,3.270000000000003
2,94799,3.8900000000000032
2,94800,3.140000000000003
2,94801,3.480000000000003
2,94802,2.2100000000000017
2,94806,1.5700000000000014
2,94807,1.7000000000000015
2,94808,1.210000000000001
2,94810,1.7600000000000016
2,94811,2.440000000000002
2,94812,2.1300000000000017
2,94813,3.0200000000000027
2,94814,3.1000000000000028
2,94817,1.6900000000000015
2,95084,1.220000000000001
2,95085,3.7600000000000033
2,95086,3.7400000000000033
2,95087,3.4300000000000033
2,95088,1.5800000000000014
2,95090,3.580000000000003
2,95091,3.7100000000000035
2,95092,3.490000000000003
2,95093,3.4300000000000033
2,95094,3.4700000000000033
2,95095,3.0100000000000025
2,95096,2.650000000000002
2,95099,1.190000000000001
2,95111,1.5800000000000014
2,95380,1.6100000000000014
2,95381,1.8300000000000016
2,95382,3.650000000000003
2,95383,2.7100000000000026
2,95385,1.3700000000000012
2,95386,3.690000000000003
2,95387,1.8200000000000016
2,95388,2.9300000000000024
2,95389,2.360000000000002
2,95390,1.9700000000000017
2,95391,2.030000000000002
2,95406,1.100000000000001
2,95677,1.060000000000001
2,95678,1.5400000000000014
2,95682,1.7500000000000016
2,95683,3.490000000000003
2,95684,2.8200000000000025
2,95685,1.4500000000000013
2,95686,1.5800000000000014
2,95687,2.080000000000002
2,95701,2.500000000000002
2,95965,2.040000000000002
2,95966,3.6300000000000034
2,95967,3.8000000000000034
2,95968,1.9100000000000017
2,95969,1.5400000000000014
2,95970,2.8800000000000026
2,95971,1.7500000000000016
2,95972,2.990000000000003
2,95973,3.2900000000000027
2,95974,2.0900000000000016
2,95978,1.100000000000001
2,95981,2.380000000000002
2,95982,3.770000000000003
2,95983,1.6600000000000015
2,95988,2.100000000000002
2,95989,1.6600000000000015
2,95993,1.6900000000000015
2,95995,1.7000000000000015
2,95996,2.9300000000000024
2,96258,1.7100000000000015
2,96259,2.8200000000000025
2,96260,1.190000000000001
2,96261,4.0000000000000036
2,96262,4.0000000000000036
2,96263,3.2500000000000027
2,96264,1.090000000000001
2,96265,2.360000000000002
2,96266,3.8200000000000034
2,96267,3.8000000000000034
2,96268,2.480000000000002
2,96269,2.8100000000000023
2,96270,1.7500000000000016
2,96273,2.7900000000000027
2,96274,2.3500000000000023
2,96275,2.110000000000002
2,96276,2.0100000000000016
2,96277,3.600000000000003
2,96278,3.5100000000000033
2,96279,1.6200000000000014
2,96288,1.6000000000000014
2,96289,2.9300000000000024
2,96290,3.560000000000003
2,96291,3.650000000000003
2,96292,3.310000000000003
2,96293,1.4200000000000013
2,96554,2.110000000000002
2,96555,3.540000000000003
2,96556,3.7800000000000034
2,96557,3.9800000000000035
2,96558,3.520000000000003
2,96561,1.6500000000000015
2,96562,2.5100000000000025
2,96567,2.500000000000002
2,96568,1.6900000000000015
2,96569,2.140000000000002
2,96571,1.4000000000000012
2,96572,1.8400000000000016
2,96573,2.5400000000000023
2,96574,2.230000000000002
2,96575,1.4800000000000013
2,96581,1.020000000000001
2,96582,3.0100000000000025
2,96583,3.280000000000003
2,96584,3.620000000000003
2,96585,3.8000000000000034
2,96586,3.8800000000000034
2,96587,3.480000000000003
2,96588,3.8000000000000034
2,96589,2.370000000000002
2,96849,2.040000000000002
2,96850,3.8600000000000034
2,96851,2.8100000000000023
2,96852,1.3800000000000012
2,96853,2.440000000000002
2,96860,1.030000000000001
2,96862,3.650000000000003
2,96863,2.7200000000000024
2,96876,1.2900000000000011
2,96877,3.850000000000003
2,96878,3.490000000000003
2,96879,3.850000000000003
2,96880,2.360000000000002
2,96881,1.3700000000000012
2,96882,2.360000000000002
2,96883,3.520000000000003
2,96884,2.5400000000000023
2,96885,2.8000000000000025
2,96886,1.7400000000000015
2,97145,2.180000000000002
2,97146,3.4300000000000033
2,97147,2.150000000000002
2,97148,3.030000000000003
2,97149,1.8900000000000017
2,97152,1.150000000000001
2,97153,1.3400000000000012
2,97157,3.490000000000003
2,97158,3.240000000000003
2,97159,3.160000000000003
2,97160,2.5800000000000023
2,97172,3.1200000000000028
2,97173,3.480000000000003
2,97174,3.8800000000000034
2,97175,3.1300000000000026
2,97176,1.9700000000000017
2,97177,1.070000000000001
2,97180,1.8800000000000017
2,97441,1.5000000000000013
2,97447,1.8900000000000017
2,97452,3.0800000000000027
2,97453,1.3700000000000012
2,97457,2.330000000000002
2,97458,1.4900000000000013
2,97459,1.7800000000000016
2,97461,1.0000000000000009
2,97738,1.3300000000000012
2,97739,1.3200000000000012
2,97740,1.170000000000001
2,97742,1.7000000000000015
2,97743,2.9300000000000024
2,97753,1.250000000000001
2,98031,1.3400000000000012
2,98032,2.360000000000002
2,98033,2.570000000000002
2,98034,1.3900000000000012
2,98326,0.07000000000000006
2,98327,2.6000000000000023
2,98625,1.3900000000000012
2,98922,1.220000000000001
2,99220,1.170000000000001
2,99222,1.7900000000000016
2,99223,1.4800000000000013
2,99517,1.200000000000001
2,99518,2.1700000000000017
2,99519,2.160000000000002
2,99815,2.200000000000002
2,99816,2.7000000000000024
3,27619,1.100000000000001
3,27914,1.5900000000000014
3,29095,1.8700000000000017
3,29099,1.9300000000000017
3,29100,1.240000000000001
3,29102,1.220000000000001
3,29389,1.6600000000000015
3,29390,3.110000000000003
3,29393,1.7400000000000015
3,29394,3.8400000000000034
3,29395,2.570000000000002
3,29683,1.2900000000000011
3,29684,3.6300000000000034
3,29685,2.910000000000003
3,29687,1.9900000000000018
3,29688,3.5900000000000034
3,29689,3.320000000000003
3,29690,3.2100000000000026
3,29691,1.3800000000000012
3,29978,3.1200000000000028
3,29979,3.280000000000003
3,29981,2.490000000000002
3,29982,2.8500000000000023
3,30271,1.160000000000001
3,30272,3.220000000000003
3,30273,1.040000000000001
3,30274,1.190000000000001
3,30275,2.690000000000002
3,30276,1.6900000000000015
3,30278,2.180000000000002
3,30279,1.4100000000000013
3,30566,3.190000000000003
3,30567,3.440000000000003
3,30568,3.110000000000003
3,30569,2.9000000000000026
3,30570,2.8800000000000026
3,30859,1.030000000000001
3,30860,1.6500000000000015
3,30861,3.8700000000000037
3,30862,3.0200000000000027
3,30863,2.370000000000002
3,30864,3.570000000000003
3,31156,1.4000000000000012
3,31157,1.160000000000001
3,31158,4.0000000000000036
3,31159,2.320000000000002
3,31160,2.570000000000002
3,31165,1.040000000000001
3,31166,1.190000000000001
3,31167,1.8600000000000017
3,31168,2.4300000000000024
3,31169,2.7600000000000025
3,31172,1.2800000000000011
3,31448,2.7400000000000024
3,31449,2.400000000000002
3,31450,1.8100000000000016
3,31451,3.1200000000000028
3,31452,2.8100000000000023
3,31453,2.9800000000000026
3,31454,2.0000000000000018
3,31455,3.850000000000003
3,31456,1.9600000000000017
3,31460,3.540000000000003
3,31461,2.480000000000002
3,31462,3.310000000000003
3,31463,3.180000000000003
3,31464,3.7600000000000033
3,31465,1.0000000000000009
3,31746,1.140000000000001
3,31747,1.5400000000000014
3,31748,2.370000000000002
3,31749,3.650000000000003
3,31750,3.8700000000000037
3,31751,3.8400000000000034
3,31755,3.0800000000000027
3,31756,1.8200000000000016
3,31757,2.3500000000000023
3,31758,1.010000000000001
3,31759,1.7900000000000016
3,31760,1.010000000000001
3,31761,1.5000000000000013
3,31762,1.5500000000000014
3,32042,2.8600000000000025
3,32043,3.850000000000003
3,32044,3.9800000000000035
3,32045,3.730000000000003
3,32046,3.540000000000003
3,32048,1.180000000000001
3,32049,3.1300000000000026
3,32050,2.8600000000000025
3,32051,1.030000000000001
3,32056,1.170000000000001
3,32057,1.2700000000000011
3,32333,2.460000000000002
3,32338,2.460000000000002
3,32339,1.9000000000000017
3,32340,1.4300000000000013
3,32341,1.9100000000000017
3,32342,1.050000000000001
3,32344,2.650000000000002
3,32629,2.100000000000002
3,32632,2.1700000000000017
3,32633,2.340000000000002
3,32634,2.160000000000002
3,32635,2.7600000000000025
3,32636,2.440000000000002
3,32637,1.7200000000000015
3,32927,1.5900000000000014
3,32928,3.560000000000003
3,32929,2.8000000000000025
3,32930,2.020000000000002
3,32931,1.9400000000000017
3,32932,2.2700000000000022
3,32933,1.3300000000000012
3,33217,2.5100000000000025
3,33218,1.5700000000000014
3,33219,2.530000000000002
3,33221,1.100000000000001
3,33222,3.4300000000000033
3,33223,1.3700000000000012
3,33224,2.7900000000000027
3,33227,3.450000000000003
3,33511,2.2700000000000022
3,33512,2.150000000000002
3,33513,2.070000000000002
3,33514,1.8300000000000016
3,33516,2.7400000000000024
3,33517,3.200000000000003
3,33518,3.500000000000003
3,33519,1.8700000000000017
3,33521,3.270000000000003
3,33522,1.5800000000000014
3,33809,2.400000000000002
3,33810,1.7800000000000016
3,33811,4.0000000000000036
3,33812,3.9400000000000035
3,33813,2.5100000000000025
3,33815,3.580000000000003
3,33816,2.260000000000002
3,34104,2.420000000000002
3,34105,2.100000000000002
3,34106,4.0000000000000036
3,34107,3.8200000000000034
3,34108,3.0400000000000027
3,34110,2.2700000000000022
3,34111,2.8700000000000028
3,34394,1.6400000000000015
3,34401,1.5600000000000014
3,34402,3.770000000000003
3,34403,3.5100000000000033
3,34404,2.8900000000000023
3,34405,2.290000000000002
3,34689,3.2900000000000027
3,34697,3.8000000000000034
3,34698,3.850000000000003
3,34699,2.2700000000000022
3,34983,1.6800000000000015
3,34984,3.3700000000000028
3,34985,3.1000000000000028
3,34991,1.8600000000000017
3,34992,3.6300000000000034
3,34993,1.3800000000000012
3,35278,2.6300000000000026
3,35279,3.650000000000003
3,35280,3.460000000000003
3,35286,3.580000000000003
3,35287,3.360000000000003
3,35573,3.8900000000000032
3,35574,3.460000000000003
3,35575,2.610000000000002
3,35580,2.6800000000000024
3,35581,3.9200000000000035
3,35582,3.9200000000000035
3,35583,2.6700000000000026
3,35854,1.6800000000000015
3,35855,3.4300000000000033
3,35856,3.0200000000000027
3,35857,1.2600000000000011
3,35867,1.7300000000000015
3,35868,3.770000000000003
3,35869,3.310000000000003
3,35874,1.5600000000000014
3,35875,4.0000000000000036
3,35876,3.3900000000000032
3,35877,2.2500000000000018
3,35878,3.0500000000000025
3,35884,1.7100000000000015
3,36149,3.410000000000003
3,36150,3.7500000000000036
3,36151,3.9200000000000035
3,36152,2.6800000000000024
3,36162,3.520000000000003
3,36163,2.9300000000000024
3,36164,3.2100000000000026
3,36165,1.040000000000001
3,36168,1.100000000000001
3,36169,2.7700000000000022
3,36170,3.4700000000000033
3,36171,3.6700000000000035
3,36172,1.6300000000000014
3,36173,2.490000000000002
3,36174,1.3800000000000012
3,36175,1.8200000000000016
3,36176,3.460000000000003
3,36177,3.480000000000003
3,36178,3.500000000000003
3,36442,1.5800000000000014
3,36443,3.0600000000000027
3,36444,1.8100000000000016
3,36445,2.060000000000002
3,36446,3.2500000000000027
3,36447,3.7600000000000033
3,36448,1.5200000000000014
3,36455,1.8800000000000017
3,36456,3.8800000000000034
3,36457,3.1200000000000028
3,36458,1.6600000000000015
3,36464,2.5900000000000025
3,36465,3.690000000000003
3,36466,2.160000000000002
3,36467,1.7900000000000016
3,36468,3.8200000000000034
3,36469,2.400000000000002
3,36470,3.9000000000000035
3,36471,3.070000000000003
3,36472,3.6800000000000033
3,36473,2.020000000000002
3,36737,3.110000000000003
3,36738,2.460000000000002
3,36739,2.490000000000002
3,36740,2.5800000000000023
3,36741,3.030000000000003
3,36742,3.9600000000000035
3,36743,3.300000000000003
3,36744,1.7200000000000015
3,36749,3.1200000000000028
3,36750,3.6600000000000033
3,36751,2.5600000000000023
3,36757,1.7600000000000016
3,36758,3.6300000000000034
3,36759,3.810000000000003
3,36760,3.7000000000000033
3,36761,1.240000000000001
3,36762,2.500000000000002
3,36763,3.7000000000000033
3,36764,3.9600000000000035
3,36765,3.8700000000000037
3,36766,3.9400000000000035
3,36767,3.380000000000003
3,37031,2.950000000000003
3,37032,3.6800000000000033
3,37033,3.730000000000003
3,37034,2.6800000000000024
3,37035,2.460000000000002
3,37036,3.4300000000000033
3,37037,2.8100000000000023
3,37038,3.450000000000003
3,37039,3.8300000000000036
3,37040,3.6700000000000035
3,37041,2.9800000000000026
3,37042,3.070000000000003
3,37043,2.990000000000003
3,37044,1.6500000000000015
3,37048,1.5800000000000014
3,37049,2.650000000000002
3,37050,3.400000000000003
3,37051,3.6800000000000033
3,37052,2.6800000000000024
3,37053,3.070000000000003
3,37054,3.0600000000000027
3,37055,2.2500000000000018
3,37056,2.260000000000002
3,37057,2.8700000000000028
3,37058,3.0400000000000027
3,37059,1.9500000000000017
3,37060,3.240000000000003
3,37061,3.7600000000000033
3,37062,1.5700000000000014
3,37326,1.250000000000001
3,37327,2.8900000000000023
3,37328,3.030000000000003
3,37329,2.290000000000002
3,37330,2.500000000000002
3,37331,3.9900000000000038
3,37332,4.0000000000000036
3,37333,2.8400000000000025
3,37334,2.730000000000002
3,37335,3.770000000000003
3,37336,3.340000000000003
3,37337,1.4400000000000013
3,37342,2.950000000000003
3,37343,3.9600000000000035
3,37344,3.9200000000000035
3,37345,4.0000000000000036
3,37346,3.310000000000003
3,37347,2.060000000000002
3,37348,1.3600000000000012
3,37350,1.7300000000000015
3,37351,3.0600000000000027
3,37352,3.420000000000003
3,37353,3.360000000000003
3,37354,2.7000000000000024
3,37355,3.190000000000003
3,37356,2.3100000000000023
3,37600,1.2800000000000011
3,37621,1.7300000000000015
3,37622,3.6400000000000032
3,37623,3.2500000000000027
3,37624,3.6300000000000034
3,37625,2.6600000000000024
3,37626,3.7900000000000036
3,37627,3.8700000000000037
3,37628,2.2500000000000018
3,37629,1.090000000000001
3,37630,1.200000000000001
3,37633,1.0000000000000009
3,37634,1.060000000000001
3,37635,1.4400000000000013
3,37636,3.6800000000000033
3,37637,3.8800000000000034
3,37638,3.9900000000000038
3,37639,3.9300000000000033
3,37640,3.280000000000003
3,37641,2.280000000000002
3,37646,3.580000000000003
3,37647,3.7600000000000033
3,37648,4.0000000000000036
3,37649,3.480000000000003
3,37917,1.210000000000001
3,37918,3.8300000000000036
3,37919,4.0000000000000036
3,37920,2.0100000000000016
3,37922,1.090000000000001
3,37928,3.150000000000003
3,37929,3.730000000000003
3,37930,3.570000000000003
3,37931,1.4600000000000013
3,37932,2.500000000000002
3,37933,3.7600000000000033
3,37934,3.6600000000000033
3,37935,3.570000000000003
3,37936,1.9200000000000017
3,37941,3.9000000000000035
3,37942,3.9700000000000033
3,37943,2.9700000000000024
3,38213,2.8000000000000025
3,38214,3.8300000000000036
3,38215,3.320000000000003
3,38221,1.120000000000001
3,38222,3.570000000000003
3,38223,2.7000000000000024
3,38224,1.6200000000000014
3,38229,2.0000000000000018
3,38230,1.8400000000000016
3,38235,1.080000000000001
3,38236,3.9400000000000035
3,38237,3.400000000000003
3,38494,1.8100000000000016
3,38508,1.3600000000000012
3,38509,2.260000000000002
3,38510,1.060000000000001
3,38512,1.060000000000001
3,38515,1.6500000000000015
3,38516,3.8000000000000034
3,38517,2.2500000000000018
3,38529,1.210000000000001
3,38530,3.8200000000000034
3,38531,2.7000000000000024
3,38759,2.0500000000000016
3,38771,1.3500000000000012
3,38780,1.020000000000001
3,38781,1.8000000000000016
3,38782,1.050000000000001
3,38789,1.130000000000001
3,38790,2.290000000000002
3,38804,1.4600000000000013
3,38809,1.2700000000000011
3,38810,3.810000000000003
3,38811,2.9200000000000026
3,38824,2.7100000000000026
3,39052,1.050000000000001
3,39053,2.160000000000002
3,39054,2.8100000000000023
3,39066,2.190000000000002
3,39073,1.090000000000001
3,39074,1.4100000000000013
3,39077,2.6200000000000023
3,39078,1.8600000000000017
3,39079,1.3300000000000012
3,39080,1.4400000000000013
3,39082,1.180000000000001
3,39083,2.200000000000002
3,39084,1.3300000000000012
3,39085,3.540000000000003
3,39086,2.140000000000002
3,39099,2.440000000000002
3,39104,3.3700000000000028
3,39105,3.6800000000000033
3,39347,2.4300000000000024
3,39348,3.3300000000000027
3,39351,1.210000000000001
3,39352,2.1700000000000017
3,39353,1.8000000000000016
3,39361,2.8900000000000023
3,39362,1.8700000000000017
3,39363,2.160000000000002
3,39364,2.060000000000002
3,39365,1.170000000000001
3,39366,2.020000000000002
3,39367,1.9900000000000018
3,39368,3.0600000000000027
3,39369,2.7000000000000024
3,39370,1.9200000000000017
3,39371,3.300000000000003
3,39372,3.4300000000000033
3,39373,3.9900000000000038
3,39374,3.9500000000000037
3,39375,3.9200000000000035
3,39376,3.620000000000003
3,39377,3.070000000000003
3,39378,3.0900000000000025
3,39379,2.420000000000002
3,39380,3.180000000000003
3,39381,1.7700000000000016
3,39394,1.4100000000000013
3,39397,1.9200000000000017
3,39398,1.5600000000000014
3,39399,3.770000000000003
3,39400,2.7500000000000027
3,39643,3.0800000000000027
3,39645,1.5900000000000014
3,39646,3.220000000000003
3,39647,3.3700000000000028
3,39648,3.3300000000000027
3,39652,2.650000000000002
3,39653,1.0000000000000009
3,39654,2.6800000000000024
3,39655,3.4300000000000033
3,39656,2.6300000000000026
3,39657,3.0800000000000027
3,39658,3.770000000000003
3,39659,3.0500000000000025
3,39660,3.620000000000003
3,39661,3.030000000000003
3,39662,3.460000000000003
3,39663,3.110000000000003
3,39664,3.650000000000003
3,39665,2.100000000000002
3,39666,2.320000000000002
3,39667,2.730000000000002
3,39668,2.340000000000002
3,39669,2.030000000000002
3,39670,2.4700000000000024
3,39671,2.9200000000000026
3,39672,3.360000000000003
3,39673,2.8300000000000027
3,39674,3.410000000000003
3,39675,3.9400000000000035
3,39676,1.7200000000000015
3,39689,1.4500000000000013
3,39691,1.7000000000000015
3,39692,2.040000000000002
3,39694,3.0600000000000027
3,39695,2.690000000000002
3,39933,1.150000000000001
3,39934,1.190000000000001
3,39936,2.420000000000002
3,39937,2.180000000000002
3,39938,3.730000000000003
3,39939,1.9800000000000018
3,39940,2.080000000000002
3,39941,3.180000000000003
3,39942,3.150000000000003
3,39943,3.0900000000000025
3,39944,4.0000000000000036
3,39945,3.9800000000000035
3,39946,3.770000000000003
3,39947,3.6700000000000035
3,39948,3.9000000000000035
3,39949,3.9800000000000035
3,39950,3.1000000000000028
3,39951,1.7400000000000015
3,39952,3.420000000000003
3,39953,3.8600000000000034
3,39954,2.910000000000003
3,39955,3.240000000000003
3,39956,2.420000000000002
3,39957,2.7000000000000024
3,39958,3.0000000000000027
3,39959,2.5200000000000022
3,39960,1.6400000000000015
3,39961,1.0000000000000009
3,39962,3.0500000000000025
3,39963,1.3300000000000012
3,39964,3.0600000000000027
3,39965,3.070000000000003
3,39966,3.7000000000000033
3,39967,1.7300000000000015
3,39968,1.150000000000001
3,39969,3.0500000000000025
3,39970,3.440000000000003
3,39971,2.460000000000002
3,39986,2.3100000000000023
3,39989,1.5100000000000013
3,39990,2.5200000000000022
3,40222,1.5000000000000013
3,40227,1.3300000000000012
3,40228,3.0900000000000025
3,40229,3.570000000000003
3,40230,3.6400000000000032
3,40231,3.620000000000003
3,40232,3.8900000000000032
3,40233,3.9000000000000035
3,40234,1.250000000000001
3,40235,2.280000000000002
3,40236,2.8600000000000025
3,40237,3.070000000000003
3,40238,2.690000000000002
3,40239,3.1200000000000028
3,40241,2.5900000000000025
3,40242,3.0800000000000027
3,40243,2.5400000000000023
3,40244,2.060000000000002
3,40245,1.3100000000000012
3,40247,1.020000000000001
3,40248,1.9000000000000017
3,40249,3.2900000000000027
3,40250,2.150000000000002
3,40251,3.690000000000003
3,40252,1.7700000000000016
3,40253,1.4300000000000013
3,40254,3.400000000000003
3,40255,1.7700000000000016
3,40256,1.8100000000000016
3,40257,1.4600000000000013
3,40263,3.0900000000000025
3,40264,3.8000000000000034
3,40265,3.460000000000003
3,40266,3.6600000000000033
3,40279,1.3300000000000012
3,40284,2.080000000000002
3,40285,1.9800000000000018
3,40517,3.190000000000003
3,40518,2.5100000000000025
3,40521,1.6600000000000015
3,40522,3.9500000000000037
3,40523,3.7900000000000036
3,40524,3.8400000000000034
3,40525,4.0000000000000036
3,40526,3.770000000000003
3,40527,3.5900000000000034
3,40528,3.380000000000003
3,40529,1.5200000000000014
3,40530,1.7000000000000015
3,40531,3.030000000000003
3,40532,3.530000000000003
3,40533,1.9500000000000017
3,40534,1.060000000000001
3,40544,2.380000000000002
3,40545,3.180000000000003
3,40546,3.0400000000000027
3,40548,1.4100000000000013
3,40549,1.9900000000000018
3,40551,2.6400000000000023
3,40556,1.3600000000000012
3,40557,1.050000000000001
3,40558,1.200000000000001
3,40559,1.4600000000000013
3,40560,3.5900000000000034
3,40561,1.210000000000001
3,40562,1.110000000000001
3,40577,1.2800000000000011
3,40578,1.3300000000000012
3,40579,2.340000000000002
3,40580,1.5400000000000014
3,40812,2.080000000000002
3,40813,3.3300000000000027
3,40814,3.1300000000000026
3,40815,2.3900000000000023
3,40816,2.360000000000002
3,40817,3.9500000000000037
3,40818,3.4300000000000033
3,40819,3.450000000000003
3,40820,3.650000000000003
3,40821,3.270000000000003
3,40822,2.0100000000000016
3,40823,1.3400000000000012
3,40825,3.340000000000003
3,40826,1.7700000000000016
3,40828,1.020000000000001
3,40844,2.7800000000000025
3,40845,3.6800000000000033
3,40846,1.8700000000000017
3,40848,2.3100000000000023
3,40849,1.9500000000000017
3,40850,1.2900000000000011
3,40855,3.0800000000000027
3,40856,2.950000000000003
3,40872,1.5800000000000014
3,40873,2.440000000000002
3,40874,3.7200000000000033
3,40875,2.2500000000000018
3,41109,2.3500000000000023
3,41110,3.9600000000000035
3,41111,3.6600000000000033
3,41112,2.9700000000000024
3,41113,2.7900000000000027
3,41114,3.2900000000000027
3,41115,3.520000000000003
3,41116,3.9500000000000037
3,41117,2.330000000000002
3,41118,1.9600000000000017
3,41119,2.480000000000002
3,41120,3.8200000000000034
3,41121,3.560000000000003
3,41124,1.5200000000000014
3,41125,2.990000000000003
3,41126,1.5200000000000014
3,41127,1.7100000000000015
3,41136,1.3400000000000012
3,41138,1.2900000000000011
3,41139,3.580000000000003
3,41140,2.5900000000000025
3,41141,2.190000000000002
3,41143,1.9100000000000017
3,41150,2.3500000000000023
3,41151,3.9200000000000035
3,41152,3.400000000000003
3,41153,2.570000000000002
3,41154,2.400000000000002
3,41165,1.2700000000000011
3,41167,1.5900000000000014
3,41168,1.4500000000000013
3,41169,3.480000000000003
3,41170,3.0600000000000027
3,41403,1.3500000000000012
3,41405,2.5500000000000025
3,41406,3.300000000000003
3,41407,3.310000000000003
3,41408,3.7400000000000033
3,41409,3.9100000000000037
3,41410,3.7000000000000033
3,41411,4.0000000000000036
3,41412,2.950000000000003
3,41418,1.220000000000001
3,41419,2.7600000000000025
3,41420,1.140000000000001
3,41428,1.250000000000001
3,41431,1.7500000000000016
3,41432,3.0000000000000027
3,41433,3.190000000000003
3,41434,2.280000000000002
3,41435,1.5800000000000014
3,41436,2.140000000000002
3,41437,3.7500000000000036
3,41438,2.420000000000002
3,41439,2.730000000000002
3,41440,1.6400000000000015
3,41442,1.5100000000000013
3,41443,2.120000000000002
3,41444,2.280000000000002
3,41445,2.4700000000000024
3,41446,3.580000000000003
3,41447,3.6600000000000033
3,41448,2.5900000000000025
3,41449,2.080000000000002
3,41450,3.380000000000003
3,41461,1.4500000000000013
3,41462,1.8000000000000016
3,41463,2.8200000000000025
3,41464,3.8200000000000034
3,41465,3.1300000000000026
3,41677,1.3200000000000012
3,41685,1.010000000000001
3,41694,1.200000000000001
3,41695,2.360000000000002
3,41696,2.2500000000000018
3,41697,2.450000000000002
3,41698,2.6200000000000023
3,41699,2.4700000000000024
3,41700,2.8200000000000025
3,41701,3.810000000000003
3,41702,3.9700000000000033
3,41703,3.9700000000000033
3,41704,3.9600000000000035
3,41705,3.9100000000000037
3,41706,3.9500000000000037
3,41707,3.7400000000000033
3,41710,1.7400000000000015
3,41711,2.650000000000002
3,41712,2.400000000000002
3,41713,2.5100000000000025
3,41714,2.370000000000002
3,41715,1.5800000000000014
3,41722,1.2900000000000011
3,41723,1.110000000000001
3,41726,1.7300000000000015
3,41727,2.3900000000000023
3,41728,3.1200000000000028
3,41729,2.7700000000000022
3,41732,2.020000000000002
3,41733,1.9300000000000017
3,41734,3.0500000000000025
3,41735,3.480000000000003
3,41736,3.5100000000000033
3,41737,3.0600000000000027
3,41738,3.650000000000003
3,41741,1.3200000000000012
3,41742,2.8600000000000025
3,41743,2.9200000000000026
3,41744,1.8500000000000016
3,41745,2.140000000000002
3,41746,3.2500000000000027
3,41747,2.3500000000000023
3,41748,1.0000000000000009
3,41755,3.2900000000000027
3,41756,2.7600000000000025
3,41757,2.160000000000002
3,41758,2.480000000000002
3,41759,3.530000000000003
3,41760,2.730000000000002
3,41971,2.7200000000000024
3,41972,3.310000000000003
3,41987,1.7900000000000016
3,41988,2.340000000000002
3,41989,3.140000000000003
3,41990,3.2500000000000027
3,41991,3.030000000000003
3,41992,1.6300000000000014
3,41993,2.8700000000000028
3,41994,3.2100000000000026
3,41996,2.690000000000002
3,41997,3.380000000000003
3,41998,2.370000000000002
3,41999,2.9200000000000026
3,42000,3.2900000000000027
3,42001,1.7500000000000016
3,42002,1.010000000000001
3,42003,1.5600000000000014
3,42004,2.9200000000000026
3,42005,3.160000000000003
3,42006,2.8400000000000025
3,42007,2.7100000000000026
3,42008,2.370000000000002
3,42009,1.9800000000000018
3,42010,2.080000000000002
3,42011,1.080000000000001
3,42013,1.3500000000000012
3,42014,2.4700000000000024
3,42015,1.5300000000000014
3,42021,1.5700000000000014
3,42022,2.730000000000002
3,42023,1.100000000000001
3,42029,2.990000000000003
3,42030,4.0000000000000036
3,42031,3.570000000000003
3,42032,3.580000000000003
3,42033,3.7900000000000036
3,42034,2.490000000000002
3,42035,2.290000000000002
3,42036,3.8800000000000034
3,42037,3.730000000000003
3,42038,2.6000000000000023
3,42039,3.7500000000000036
3,42040,3.0600000000000027
3,42041,2.180000000000002
3,42042,3.400000000000003
3,42043,2.4300000000000024
3,42044,2.2700000000000022
3,42045,1.140000000000001
3,42050,3.410000000000003
3,42051,2.420000000000002
3,42054,3.540000000000003
3,42267,3.480000000000003
3,42268,2.3900000000000023
3,42269,2.990000000000003
3,42278,1.070000000000001
3,42281,2.8400000000000025
3,42282,3.6600000000000033
3,42283,3.450000000000003
3,42284,3.580000000000003
3,42288,1.7000000000000015
3,42289,2.030000000000002
3,42290,2.280000000000002
3,42291,1.7500000000000016
3,42292,3.5500000000000034
3,42293,3.6300000000000034
3,42294,3.6800000000000033
3,42295,2.490000000000002
3,42296,2.7000000000000024
3,42297,1.8200000000000016
3,42298,1.5000000000000013
3,42299,2.100000000000002
3,42300,1.7300000000000015
3,42306,3.220000000000003
3,42314,1.110000000000001
3,42315,1.7400000000000015
3,42316,3.160000000000003
3,42317,3.9000000000000035
3,42318,1.240000000000001
3,42324,2.4300000000000024
3,42325,3.570000000000003
3,42326,3.9300000000000033
3,42327,3.8200000000000034
3,42328,3.9200000000000035
3,42329,3.7500000000000036
3,42330,3.7600000000000033
3,42331,2.8000000000000025
3,42332,2.8700000000000028
3,42333,1.6500000000000015
3,42334,3.7100000000000035
3,42335,3.500000000000003
3,42336,2.9700000000000024
3,42337,3.3900000000000032
3,42338,2.8000000000000025
3,42340,1.7300000000000015
3,42342,1.8100000000000016
3,42344,1.8100000000000016
3,42345,3.160000000000003
3,42346,1.110000000000001
3,42347,1.2700000000000011
3,42348,2.6600000000000024
3,42349,3.440000000000003
3,42561,2.2500000000000018
3,42562,3.7100000000000035
3,42563,3.6600000000000033
3,42564,3.150000000000003
3,42573,2.8300000000000027
3,42574,1.3400000000000012
3,42575,2.070000000000002
3,42576,3.030000000000003
3,42577,1.8200000000000016
3,42578,2.4700000000000024
3,42579,3.030000000000003
3,42583,1.5600000000000014
3,42584,3.2900000000000027
3,42585,3.030000000000003
3,42586,3.260000000000003
3,42587,3.8600000000000034
3,42588,3.6300000000000034
3,42589,4.0000000000000036
3,42590,3.8700000000000037
3,42591,2.9600000000000026
3,42592,1.4900000000000013
3,42601,1.140000000000001
3,42602,2.3900000000000023
3,42608,2.0000000000000018
3,42609,3.280000000000003
3,42610,1.040000000000001
3,42612,2.500000000000002
3,42620,1.6400000000000015
3,42621,3.8300000000000036
3,42622,3.1000000000000028
3,42623,3.190000000000003
3,42624,2.6600000000000024
3,42625,1.7800000000000016
3,42626,1.6500000000000015
3,42627,2.0900000000000016
3,42628,1.5000000000000013
3,42629,2.6800000000000024
3,42630,3.600000000000003
3,42631,3.9400000000000035
3,42632,2.8100000000000023
3,42633,3.2100000000000026
3,42634,2.460000000000002
3,42638,2.4300000000000024
3,42639,3.8400000000000034
3,42640,3.8000000000000034
3,42641,3.540000000000003
3,42642,3.6300000000000034
3,42643,3.6800000000000033
3,42644,2.610000000000002
3,42856,1.2800000000000011
3,42857,1.3900000000000012
3,42858,1.130000000000001
3,42868,3.0800000000000027
3,42869,2.3100000000000023
3,42870,1.3200000000000012
3,42871,1.110000000000001
3,42872,1.7900000000000016
3,42873,2.1700000000000017
3,42874,3.450000000000003
3,42877,2.8900000000000023
3,42878,3.6800000000000033
3,42879,3.360000000000003
3,42880,3.810000000000003
3,42881,3.6700000000000035
3,42882,3.850000000000003
3,42883,2.9000000000000026
3,42884,3.0900000000000025
3,42885,2.910000000000003
3,42886,1.7200000000000015
3,42903,2.080000000000002
3,42907,1.4200000000000013
3,42908,1.080000000000001
3,42917,1.9500000000000017
3,42918,1.4000000000000012
3,42920,2.2500000000000018
3,42921,3.7600000000000033
3,42922,2.7600000000000025
3,42923,2.450000000000002
3,42924,1.3500000000000012
3,42925,2.5400000000000023
3,42926,3.7400000000000033
3,42927,3.9300000000000033
3,42928,1.9200000000000017
3,42929,1.110000000000001
3,42930,3.570000000000003
3,42931,3.600000000000003
3,42932,2.400000000000002
3,42933,2.5200000000000022
3,42934,3.6300000000000034
3,42935,3.9900000000000038
3,42936,3.9000000000000035
3,42937,3.6300000000000034
3,42938,4.0000000000000036
3,42939,1.9500000000000017
3,43142,1.2600000000000011
3,43161,1.240000000000001
3,43162,3.180000000000003
3,43163,3.160000000000003
3,43164,3.0600000000000027
3,43165,2.420000000000002
3,43166,1.6700000000000015
3,43169,1.6000000000000014
3,43170,2.3900000000000023
3,43171,2.400000000000002
3,43172,3.440000000000003
3,43173,1.4400000000000013
3,43174,2.8300000000000027
3,43175,3.8300000000000036
3,43176,3.9000000000000035
3,43177,3.350000000000003
3,43178,3.3300000000000027
3,43179,2.7400000000000024
3,43180,1.7500000000000016
3,43198,1.5400000000000014
3,43199,2.260000000000002
3,43200,2.160000000000002
3,43201,1.250000000000001
3,43213,2.480000000000002
3,43214,3.5900000000000034
3,43215,1.8700000000000017
3,43216,3.490000000000003
3,43218,1.8100000000000016
3,43219,2.6600000000000024
3,43220,1.3700000000000012
3,43221,3.8700000000000037
3,43222,3.440000000000003
3,43223,3.300000000000003
3,43224,2.6700000000000026
3,43225,3.7900000000000036
3,43226,3.490000000000003
3,43227,3.1000000000000028
3,43228,3.3300000000000027
3,43229,2.6800000000000024
3,43230,3.9900000000000038
3,43231,3.6700000000000035
3,43232,3.5900000000000034
3,43233,1.7900000000000016
3,43437,1.170000000000001
3,43438,1.4300000000000013
3,43456,2.6000000000000023
3,43457,1.3500000000000012
3,43460,1.3000000000000012
3,43461,2.400000000000002
3,43462,2.910000000000003
3,43463,2.8500000000000023
3,43464,1.4500000000000013
3,43465,2.5400000000000023
3,43466,2.410000000000002
3,43467,3.9400000000000035
3,43468,2.9400000000000026
3,43469,3.6700000000000035
3,43470,3.7800000000000034
3,43471,3.650000000000003
3,43472,3.4700000000000033
3,43473,3.3300000000000027
3,43474,3.560000000000003
3,43475,3.8800000000000034
3,43476,2.0100000000000016
3,43509,3.140000000000003
3,43510,3.4300000000000033
3,43511,1.3900000000000012
3,43514,3.9200000000000035
3,43515,2.8600000000000025
3,43516,2.260000000000002
3,43517,4.0000000000000036
3,43518,3.5500000000000034
3,43519,2.8500000000000023
3,43520,3.500000000000003
3,43521,1.4000000000000012
3,43522,3.7000000000000033
3,43523,3.400000000000003
3,43524,2.9400000000000026
3,43525,3.730000000000003
3,43526,3.110000000000003
3,43527,1.7900000000000016
3,43732,2.3900000000000023
3,43733,2.480000000000002
3,43734,3.6300000000000034
3,43735,2.0000000000000018
3,43748,2.7700000000000022
3,43749,2.330000000000002
3,43750,2.7400000000000024
3,43751,2.9000000000000026
3,43752,3.0600000000000027
3,43754,1.2600000000000011
3,43755,1.7000000000000015
3,43756,3.230000000000003
3,43757,2.9400000000000026
3,43758,3.560000000000003
3,43759,2.320000000000002
3,43760,2.5800000000000023
3,43761,3.420000000000003
3,43762,2.6800000000000024
3,43763,3.030000000000003
3,43764,3.0400000000000027
3,43765,3.200000000000003
3,43766,1.5500000000000014
3,43767,2.7800000000000025
3,43769,1.5900000000000014
3,43770,3.6300000000000034
3,43771,3.690000000000003
3,43772,2.1300000000000017
3,43773,2.610000000000002
3,43774,2.7800000000000025
3,43775,1.070000000000001
3,43803,1.9900000000000018
3,43804,3.7800000000000034
3,43805,2.9800000000000026
3,43809,1.5400000000000014
3,43810,3.8000000000000034
3,43811,3.9700000000000033
3,43812,3.6600000000000033
3,43813,3.600000000000003
3,43814,2.910000000000003
3,43815,2.1700000000000017
3,43816,2.5500000000000025
3,43817,4.0000000000000036
3,43818,3.220000000000003
3,43819,1.9300000000000017
3,43820,3.400000000000003
3,43821,2.3100000000000023
3,44027,1.2900000000000011
3,44028,2.4700000000000024
3,44029,3.1300000000000026
3,44030,2.290000000000002
3,44042,1.030000000000001
3,44043,2.2100000000000017
3,44044,2.7900000000000027
3,44045,2.450000000000002
3,44047,1.5400000000000014
3,44048,2.2500000000000018
3,44049,2.650000000000002
3,44050,1.4200000000000013
3,44051,2.7800000000000025
3,44052,3.8300000000000036
3,44053,4.0000000000000036
3,44054,4.0000000000000036
3,44055,3.9700000000000033
3,44056,3.160000000000003
3,44057,1.4400000000000013
3,44065,1.7100000000000015
3,44066,1.9700000000000017
3,44067,1.5600000000000014
3,44068,1.180000000000001
3,44098,1.3000000000000012
3,44099,3.0500000000000025
3,44100,3.2100000000000026
3,44101,1.190000000000001
3,44106,1.8700000000000017
3,44107,1.6200000000000014
3,44111,3.690000000000003
3,44112,3.7600000000000033
3,44113,1.4900000000000013
3,44114,2.2700000000000022
3,44115,2.3900000000000023
3,44321,2.7900000000000027
3,44322,3.0900000000000025
3,44323,3.8300000000000036
3,44324,3.230000000000003
3,44333,1.090000000000001
3,44343,2.190000000000002
3,44346,1.8500000000000016
3,44347,3.520000000000003
3,44348,3.7900000000000036
3,44349,3.240000000000003
3,44350,1.090000000000001
3,44356,1.6900000000000015
3,44405,2.110000000000002
3,44406,2.7500000000000027
3,44407,3.770000000000003
3,44408,3.260000000000003
3,44410,2.220000000000002
3,44411,1.2900000000000011
3,44615,3.3700000000000028
3,44616,4.0000000000000036
3,44617,3.7200000000000033
3,44618,2.9400000000000026
3,44619,1.2900000000000011
3,44625,1.190000000000001
3,44626,1.3300000000000012
3,44627,2.370000000000002
3,44628,1.210000000000001
3,44638,3.0400000000000027
3,44639,3.1700000000000026
3,44640,3.450000000000003
3,44641,1.3100000000000012
3,44642,2.8000000000000025
3,44643,1.6900000000000015
3,44702,1.9800000000000018
3,44703,3.690000000000003
3,44705,1.6700000000000015
3,44706,3.770000000000003
3,44707,1.4300000000000013
3,44909,2.260000000000002
3,44910,3.9900000000000038
3,44911,3.3300000000000027
3,44912,1.2600000000000011
3,44913,2.490000000000002
3,44914,3.0000000000000027
3,44915,3.7000000000000033
3,44916,3.7800000000000034
3,44917,3.770000000000003
3,44918,3.7900000000000036
3,44920,1.040000000000001
3,44921,3.0200000000000027
3,44922,2.200000000000002
3,44923,1.240000000000001
3,44931,1.5300000000000014
3,44932,2.200000000000002
3,44933,2.5600000000000023
3,44934,1.8700000000000017
3,44936,1.3200000000000012
3,44998,3.030000000000003
3,44999,1.3700000000000012
3,45001,1.3100000000000012
3,45002,1.140000000000001
3,45203,1.040000000000001
3,45204,3.8000000000000034
3,45205,2.8400000000000025
3,45207,2.730000000000002
3,45208,3.9300000000000033
3,45209,3.9600000000000035
3,45210,3.7200000000000033
3,45211,3.570000000000003
3,45212,2.5500000000000025
3,45213,1.6300000000000014
3,45214,1.9100000000000017
3,45215,3.260000000000003
3,45216,2.3100000000000023
3,45217,1.170000000000001
3,45218,2.0900000000000016
3,45226,1.7800000000000016
3,45227,2.260000000000002
3,45496,1.130000000000001
3,45497,1.060000000000001
3,45498,3.500000000000003
3,45499,2.4700000000000024
3,45500,2.8600000000000025
3,45501,3.7400000000000033
3,45502,3.6300000000000034
3,45503,3.540000000000003
3,45504,2.650000000000002
3,45505,1.8300000000000016
3,45506,3.440000000000003
3,45507,2.9600000000000026
3,45508,3.360000000000003
3,45509,2.490000000000002
3,45510,1.6500000000000015
3,45511,2.8200000000000025
3,45512,3.7600000000000033
3,45513,3.300000000000003
3,45514,2.230000000000002
3,45515,1.220000000000001
3,45523,2.100000000000002
3,45785,1.8500000000000016
3,45786,3.180000000000003
3,45791,1.200000000000001
3,45792,2.9600000000000026
3,45793,1.4900000000000013
3,45794,3.150000000000003
3,45795,3.8700000000000037
3,45796,2.690000000000002
3,45797,2.100000000000002
3,45798,1.8600000000000017
3,45802,2.320000000000002
3,45803,3.480000000000003
3,45804,2.8900000000000023
3,45805,3.350000000000003
3,45806,3.610000000000003
3,45807,3.8700000000000037
3,45808,2.5100000000000025
3,45809,3.260000000000003
3,45810,1.4400000000000013
3,45819,2.500000000000002
3,45820,2.0100000000000016
3,45823,1.150000000000001
3,45824,1.8900000000000017
3,45825,1.6200000000000014
3,46079,1.5800000000000014
3,46080,3.3900000000000032
3,46081,3.0400000000000027
3,46082,1.6000000000000014
3,46085,1.4300000000000013
3,46086,1.6200000000000014
3,46088,1.7000000000000015
3,46089,2.260000000000002
3,46090,3.570000000000003
3,46091,1.9800000000000018
3,46092,2.6200000000000023
3,46093,3.8200000000000034
3,46094,3.260000000000003
3,46095,3.240000000000003
3,46096,1.6700000000000015
3,46097,3.410000000000003
3,46098,3.6700000000000035
3,46099,2.7200000000000024
3,46100,1.6800000000000015
3,46101,2.6000000000000023
3,46102,2.1300000000000017
3,46103,1.8300000000000016
3,46374,3.5100000000000033
3,46375,2.340000000000002
3,46376,1.2700000000000011
3,46378,1.2900000000000011
3,46380,2.610000000000002
3,46381,1.6500000000000015
3,46384,3.0000000000000027
3,46385,3.530000000000003
3,46387,2.9800000000000026
3,46388,3.8000000000000034
3,46389,2.5800000000000023
3,46390,2.6000000000000023
3,46391,3.440000000000003
3,46392,3.5500000000000034
3,46393,2.650000000000002
3,46394,1.3300000000000012
3,46395,2.120000000000002
3,46396,2.200000000000002
3,46397,1.010000000000001
3,46669,1.200000000000001
3,46670,3.110000000000003
3,46671,2.990000000000003
3,46672,1.8500000000000016
3,46673,2.260000000000002
3,46674,2.3900000000000023
3,46675,1.7200000000000015
3,46677,1.6000000000000014
3,46678,1.5700000000000014
3,46679,1.2700000000000011
3,46680,3.300000000000003
3,46681,2.460000000000002
3,46682,3.3900000000000032
3,46683,3.160000000000003
3,46684,2.280000000000002
3,46685,1.3400000000000012
3,46963,2.060000000000002
3,46964,2.9200000000000026
3,46965,1.6000000000000014
3,46970,2.8800000000000026
3,46971,1.8000000000000016
3,46972,2.370000000000002
3,46974,3.110000000000003
3,46975,3.9000000000000035
3,46976,3.440000000000003
3,46977,3.350000000000003
3,46978,1.3600000000000012
3,46979,1.200000000000001
3,46980,3.2100000000000026
3,46981,1.5900000000000014
3,46982,1.040000000000001
3,47257,1.6500000000000015
3,47258,2.080000000000002
3,47265,3.140000000000003
3,47266,3.850000000000003
3,47267,1.7500000000000016
3,47268,1.3600000000000012
3,47269,3.400000000000003
3,47270,3.3300000000000027
3,47271,2.9700000000000024
3,47272,3.8700000000000037
3,47273,3.6400000000000032
3,47274,1.6200000000000014
3,47275,3.8900000000000032
3,47276,2.9300000000000024
3,47277,1.3200000000000012
3,47278,1.5900000000000014
3,47551,1.120000000000001
3,47552,2.570000000000002
3,47559,1.100000000000001
3,47560,3.650000000000003
3,47561,1.7800000000000016
3,47562,1.3800000000000012
3,47564,1.3600000000000012
3,47565,3.460000000000003
3,47566,3.230000000000003
3,47567,3.3700000000000028
3,47568,3.600000000000003
3,47569,3.200000000000003
3,47570,1.190000000000001
3,47571,2.060000000000002
3,47573,1.3600000000000012
3,47574,1.8400000000000016
3,47575,1.5800000000000014
3,47576,2.190000000000002
3,47577,2.2500000000000018
3,47846,1.5900000000000014
3,47848,1.240000000000001
3,47849,1.020000000000001
3,47850,1.150000000000001
3,47860,2.6300000000000026
3,47861,3.440000000000003
3,47862,3.190000000000003
3,47863,2.650000000000002
3,47864,1.3000000000000012
3,47865,2.3100000000000023
3,48140,1.3400000000000012
3,48141,3.580000000000003
3,48142,2.110000000000002
3,48146,1.6500000000000015
3,48147,2.460000000000002
3,48148,2.9600000000000026
3,48149,3.7500000000000036
3,48150,2.0900000000000016
3,48154,2.5600000000000023
3,48155,1.5500000000000014
3,48156,3.0800000000000027
3,48157,2.5500000000000025
3,48159,3.3700000000000028
3,48160,1.090000000000001
3,48440,1.7200000000000015
3,48441,3.420000000000003
3,48442,3.450000000000003
3,48443,1.5800000000000014
3,48448,1.220000000000001
3,48449,3.9400000000000035
3,48450,3.7100000000000035
3,48451,3.0100000000000025
3,48452,1.7700000000000016
3,48453,2.2500000000000018
3,48454,1.4200000000000013
3,48736,1.7000000000000015
3,48743,3.200000000000003
3,48744,3.230000000000003
3,48745,2.6200000000000023
3,48746,1.020000000000001
3,48747,1.7300000000000015
3,48748,1.2900000000000011
3,49037,1.8800000000000017
3,49038,3.220000000000003
3,49039,2.2100000000000017
3,49042,1.3500000000000012
3,49043,2.060000000000002
3,49044,1.250000000000001
3,49323,1.170000000000001
3,49324,1.3200000000000012
3,49331,2.5200000000000022
3,49332,3.6800000000000033
3,49333,3.380000000000003
3,49339,1.080000000000001
3,49618,2.570000000000002
3,49619,3.320000000000003
3,49625,1.4500000000000013
3,49626,3.8400000000000034
3,49627,3.570000000000003
3,49628,2.2500000000000018
3,49913,3.200000000000003
3,49914,2.6400000000000023
3,49915,1.8300000000000016
3,49920,2.530000000000002
3,49921,3.810000000000003
3,49922,3.7100000000000035
3,49923,1.220000000000001
3,50208,3.650000000000003
3,50209,3.2900000000000027
3,50215,2.6400000000000023
3,50216,3.570000000000003
3,50217,3.3900000000000032
3,50503,2.6000000000000023
3,50504,2.530000000000002
3,50510,3.350000000000003
3,50511,3.5900000000000034
3,50512,3.220000000000003
3,50798,1.4100000000000013
3,50805,3.9000000000000035
3,50806,3.850000000000003
3,50807,2.8800000000000026
3,50808,2.370000000000002
3,51099,2.6200000000000023
3,51100,3.7900000000000036
3,51101,4.0000000000000036
3,51102,2.7000000000000024
3,51103,1.070000000000001
3,51389,1.5000000000000013
3,51394,3.260000000000003
3,51395,3.8000000000000034
3,51396,4.0000000000000036
3,51397,1.5000000000000013
3,51682,1.100000000000001
3,51683,1.2900000000000011
3,51684,1.020000000000001
3,51689,3.420000000000003
3,51690,3.7900000000000036
3,51691,4.0000000000000036
3,51692,1.4100000000000013
3,51978,3.8200000000000034
3,51979,2.5200000000000022
3,51984,1.8400000000000016
3,51985,3.8000000000000034
3,51986,4.0000000000000036
3,51987,3.320000000000003
3,51988,3.600000000000003
3,52273,3.440000000000003
3,52274,3.8300000000000036
3,52279,1.2800000000000011
3,52280,3.770000000000003
3,52281,4.0000000000000036
3,52282,3.770000000000003
3,52283,3.0600000000000027
3,52568,2.1700000000000017
3,52569,1.6000000000000014
3,52570,2.690000000000002
3,52574,1.040000000000001
3,52575,3.8000000000000034
3,52576,3.7500000000000036
3,52577,3.0100000000000025
3,52598,1.170000000000001
3,52864,2.7500000000000027
3,52865,3.9400000000000035
3,52866,1.4100000000000013
3,52870,1.5400000000000014
3,52871,3.690000000000003
3,52872,3.690000000000003
3,52873,1.3500000000000012
3,52888,1.6200000000000014
3,52889,2.340000000000002
3,52890,2.260000000000002
3,52891,1.4300000000000013
3,52892,1.7200000000000015
3,52893,2.8800000000000026
3,52894,1.4200000000000013
3,52895,1.080000000000001
3,53159,2.200000000000002
3,53160,1.9600000000000017
3,53166,2.8200000000000025
3,53167,3.9700000000000033
3,53168,3.650000000000003
3,53181,2.460000000000002
3,53182,2.8100000000000023
3,53183,3.7400000000000033
3,53184,3.7500000000000036
3,53185,3.6700000000000035
3,53186,3.190000000000003
3,53187,3.6400000000000032
3,53188,3.490000000000003
3,53189,3.450000000000003
3,53190,3.460000000000003
3,53191,2.140000000000002
3,53452,1.7900000000000016
3,53455,2.370000000000002
3,53456,1.110000000000001
3,53462,3.070000000000003
3,53463,3.770000000000003
3,53464,3.7200000000000033
3,53465,3.450000000000003
3,53466,2.360000000000002
3,53473,2.380000000000002
3,53474,3.110000000000003
3,53475,2.610000000000002
3,53476,3.1000000000000028
3,53477,1.8400000000000016
3,53478,1.7400000000000015
3,53481,1.3700000000000012
3,53482,1.7800000000000016
3,53483,2.690000000000002
3,53484,3.610000000000003
3,53485,3.7100000000000035
3,53486,3.4700000000000033
3,53487,3.350000000000003
3,53488,1.030000000000001
3,53751,2.070000000000002
3,53752,2.340000000000002
3,53758,2.480000000000002
3,53759,3.410000000000003
3,53760,3.490000000000003
3,53761,3.730000000000003
3,53762,3.480000000000003
3,53763,1.5800000000000014
3,53766,1.2600000000000011
3,53767,3.1700000000000026
3,53768,2.2100000000000017
3,53775,1.3600000000000012
3,53777,1.4300000000000013
3,53779,1.4900000000000013
3,53780,3.220000000000003
3,53781,3.280000000000003
3,53782,3.450000000000003
3,53783,3.340000000000003
3,53784,3.380000000000003
3,53785,1.0000000000000009
3,53786,1.060000000000001
3,53787,1.040000000000001
3,53789,1.090000000000001
3,54045,1.7800000000000016
3,54046,3.3700000000000028
3,54047,1.4500000000000013
3,54054,2.650000000000002
3,54055,3.1200000000000028
3,54056,3.770000000000003
3,54057,3.8800000000000034
3,54058,3.6600000000000033
3,54059,1.090000000000001
3,54065,1.5000000000000013
3,54066,3.310000000000003
3,54067,3.0200000000000027
3,54068,3.0400000000000027
3,54069,2.8300000000000027
3,54070,3.240000000000003
3,54075,2.030000000000002
3,54076,2.6000000000000023
3,54077,3.540000000000003
3,54078,3.310000000000003
3,54079,3.690000000000003
3,54080,3.1000000000000028
3,54081,4.0000000000000036
3,54082,3.7600000000000033
3,54083,2.8600000000000025
3,54084,2.2700000000000022
3,54350,1.3600000000000012
3,54351,1.7500000000000016
3,54352,1.5200000000000014
3,54357,1.5100000000000013
3,54359,2.7100000000000026
3,54360,3.7200000000000033
3,54361,2.8200000000000025
3,54362,3.810000000000003
3,54363,2.7800000000000025
3,54364,3.190000000000003
3,54365,2.110000000000002
3,54366,1.9700000000000017
3,54367,2.7100000000000026
3,54369,2.7100000000000026
3,54371,1.6600000000000015
3,54372,3.3900000000000032
3,54373,3.7100000000000035
3,54374,3.310000000000003
3,54375,2.9700000000000024
3,54376,3.5900000000000034
3,54377,3.540000000000003
3,54378,1.3200000000000012
3,54379,2.950000000000003
3,54380,1.7900000000000016
3,54649,1.4000000000000012
3,54651,2.380000000000002
3,54652,3.4700000000000033
3,54653,1.8000000000000016
3,54655,2.2500000000000018
3,54656,1.8100000000000016
3,54657,2.690000000000002
3,54658,1.8300000000000016
3,54661,1.070000000000001
3,54662,1.8800000000000017
3,54664,3.7200000000000033
3,54665,3.4700000000000033
3,54666,1.140000000000001
3,54667,2.7200000000000024
3,54668,3.8800000000000034
3,54669,3.500000000000003
3,54670,3.480000000000003
3,54671,3.8400000000000034
3,54672,3.8300000000000036
3,54673,3.2900000000000027
3,54674,3.8800000000000034
3,54942,1.090000000000001
3,54943,2.070000000000002
3,54944,3.9800000000000035
3,54945,2.5100000000000025
3,54946,2.450000000000002
3,54947,1.030000000000001
3,54948,1.5300000000000014
3,54950,3.160000000000003
3,54951,3.380000000000003
3,54953,1.200000000000001
3,54959,1.9000000000000017
3,54960,3.8000000000000034
3,54962,1.7500000000000016
3,54963,3.260000000000003
3,54964,3.260000000000003
3,54965,3.610000000000003
3,54966,3.770000000000003
3,54967,4.0000000000000036
3,54968,3.9600000000000035
3,54969,3.9400000000000035
3,54970,1.5000000000000013
3,55227,1.3100000000000012
3,55228,3.610000000000003
3,55229,2.7100000000000026
3,55236,2.2500000000000018
3,55237,3.9700000000000033
3,55238,2.6800000000000024
3,55239,2.6600000000000024
3,55240,3.620000000000003
3,55241,2.1700000000000017
3,55243,1.6800000000000015
3,55244,3.0600000000000027
3,55245,2.8000000000000025
3,55246,2.4700000000000024
3,55247,1.3200000000000012
3,55254,1.5300000000000014
3,55255,3.0000000000000027
3,55256,2.070000000000002
3,55257,1.4200000000000013
3,55258,3.6800000000000033
3,55259,3.580000000000003
3,55260,4.0000000000000036
3,55261,3.850000000000003
3,55262,3.8200000000000034
3,55263,3.610000000000003
3,55264,3.7000000000000033
3,55265,1.080000000000001
3,55520,2.300000000000002
3,55521,2.8100000000000023
3,55522,1.090000000000001
3,55523,1.5600000000000014
3,55524,1.070000000000001
3,55530,1.2600000000000011
3,55532,1.8100000000000016
3,55533,2.6200000000000023
3,55534,2.6700000000000026
3,55535,3.310000000000003
3,55536,3.0400000000000027
3,55537,2.9400000000000026
3,55538,2.0100000000000016
3,55551,3.360000000000003
3,55553,3.7900000000000036
3,55554,3.400000000000003
3,55555,3.440000000000003
3,55556,2.220000000000002
3,55557,3.350000000000003
3,55558,2.2100000000000017
3,55559,1.7400000000000015
3,55560,3.0200000000000027
3,55816,1.8500000000000016
3,55817,1.0000000000000009
3,55818,1.060000000000001
3,55819,2.070000000000002
3,55829,2.020000000000002
3,55830,2.9300000000000024
3,55831,3.3900000000000032
3,55832,2.8700000000000028
3,55833,3.9300000000000033
3,55834,1.3300000000000012
3,55844,3.0500000000000025
3,55846,1.3800000000000012
3,55848,1.7600000000000016
3,55849,2.380000000000002
3,55850,1.6100000000000014
3,56124,1.4800000000000013
3,56125,1.010000000000001
3,56126,2.730000000000002
3,56127,1.8500000000000016
3,56128,2.1700000000000017
3,56129,1.120000000000001
3,56143,1.7700000000000016
3,56144,1.180000000000001
3,56145,1.6100000000000014
3,56147,1.5200000000000014
3,56148,3.190000000000003
3,56149,3.7100000000000035
3,56150,2.260000000000002
3,56419,2.6000000000000023
3,56432,1.2700000000000011
3,56433,1.040000000000001
3,56437,2.5800000000000023
3,56438,3.6600000000000033
3,56439,1.6100000000000014
3,56440,2.370000000000002
3,56441,1.8800000000000017
3,56442,3.150000000000003
3,56443,3.7100000000000035
3,56444,1.140000000000001
3,56715,1.3200000000000012
3,56726,1.170000000000001
3,56730,1.100000000000001
3,56731,3.580000000000003
3,56732,3.6800000000000033
3,56733,3.5100000000000033
3,56734,3.270000000000003
3,56735,3.9300000000000033
3,56736,2.8900000000000023
3,56737,3.350000000000003
3,56738,1.6500000000000015
3,57019,1.2700000000000011
3,57020,1.7700000000000016
3,57021,2.100000000000002
3,57022,1.5900000000000014
3,57023,3.9400000000000035
3,57024,2.6000000000000023
3,57025,2.2700000000000022
3,57026,3.5100000000000033
3,57027,2.6300000000000026
3,57028,3.110000000000003
3,57029,3.580000000000003
3,57030,3.6600000000000033
3,57031,3.410000000000003
3,57032,1.090000000000001
3,57313,1.7900000000000016
3,57314,3.6300000000000034
3,57315,1.7600000000000016
3,57316,2.650000000000002
3,57318,3.7200000000000033
3,57319,3.3900000000000032
3,57320,3.600000000000003
3,57321,3.030000000000003
3,57322,2.3900000000000023
3,57323,2.9600000000000026
3,57324,3.240000000000003
3,57325,1.9300000000000017
3,57608,1.190000000000001
3,57609,3.6600000000000033
3,57610,3.7400000000000033
3,57611,3.450000000000003
3,57612,2.9800000000000026
3,57613,1.6900000000000015
3,57614,3.7100000000000035
3,57615,3.8700000000000037
3,57616,3.450000000000003
3,57617,1.3000000000000012
3,57618,3.3900000000000032
3,57903,2.0000000000000018
3,57904,2.0500000000000016
3,57905,3.7900000000000036
3,57906,2.370000000000002
3,57907,2.7700000000000022
3,57908,1.3800000000000012
3,57909,3.7600000000000033
3,57910,3.4300000000000033
3,57911,2.060000000000002
3,57913,1.120000000000001
3,58197,1.2800000000000011
3,58198,3.270000000000003
3,58199,3.690000000000003
3,58200,3.480000000000003
3,58201,1.9500000000000017
3,58202,3.0900000000000025
3,58203,1.2700000000000011
3,58204,3.200000000000003
3,58205,3.490000000000003
3,58206,2.5400000000000023
3,58491,1.4200000000000013
3,58492,2.160000000000002
3,58493,2.480000000000002
3,58494,3.140000000000003
3,58496,2.330000000000002
3,58497,2.990000000000003
3,58498,3.180000000000003
3,58499,2.910000000000003
3,58500,3.2900000000000027
3,58501,3.6300000000000034
3,58784,1.3300000000000012
3,58785,2.610000000000002
3,58786,1.2900000000000011
3,58790,2.5100000000000025
3,58791,3.7400000000000033
3,58792,1.3700000000000012
3,58793,1.6100000000000014
3,58794,3.300000000000003
3,58795,3.9500000000000037
3,58796,3.5900000000000034
3,59078,1.4000000000000012
3,59079,3.4700000000000033
3,59080,3.620000000000003
3,59084,2.070000000000002
3,59085,3.8300000000000036
3,59086,3.7500000000000036
3,59089,1.2700000000000011
3,59090,2.340000000000002
3,59091,3.2100000000000026
3,59373,2.6600000000000024
3,59374,2.3100000000000023
3,59375,3.030000000000003
3,59376,2.8200000000000025
3,59379,3.360000000000003
3,59380,3.8600000000000034
3,59381,2.8700000000000028
3,59386,2.180000000000002
3,59669,2.5800000000000023
3,59670,2.9700000000000024
3,59671,2.7400000000000024
3,59673,3.2500000000000027
3,59674,3.9600000000000035
3,59675,3.770000000000003
3,59676,3.7000000000000033
3,59677,1.5700000000000014
3,59680,3.150000000000003
3,59681,1.8900000000000017
3,59962,1.9000000000000017
3,59963,1.050000000000001
3,59964,3.3300000000000027
3,59965,3.0500000000000025
3,59966,2.0500000000000016
3,59967,3.5500000000000034
3,59968,3.7000000000000033
3,59969,3.8300000000000036
3,59970,3.7800000000000034
3,59971,2.230000000000002
3,59972,1.5100000000000013
3,59975,2.200000000000002
3,60260,2.0100000000000016
3,60261,2.290000000000002
3,60262,3.7100000000000035
3,60263,3.6600000000000033
3,60264,3.6600000000000033
3,60265,3.0500000000000025
3,60266,2.490000000000002
3,60270,1.3800000000000012
3,60556,2.490000000000002
3,60557,3.7100000000000035
3,60558,3.770000000000003
3,60559,3.610000000000003
3,60560,1.3000000000000012
3,60561,1.020000000000001
3,60565,1.3800000000000012
3,60848,1.2600000000000011
3,60849,2.020000000000002
3,60851,1.8900000000000017
3,60852,3.7400000000000033
3,60853,3.6300000000000034
3,60854,3.580000000000003
3,61144,1.180000000000001
3,61145,1.120000000000001
3,61146,1.3700000000000012
3,61147,3.8700000000000037
3,61148,3.6800000000000033
3,61149,3.770000000000003
3,61154,1.3500000000000012
3,61155,1.2900000000000011
3,61437,2.8100000000000023
3,61438,1.4100000000000013
3,61441,1.5800000000000014
3,61442,3.440000000000003
3,61443,3.5500000000000034
3,61444,3.7800000000000034
3,61445,1.8000000000000016
3,61446,2.6300000000000026
3,61447,1.7900000000000016
3,61732,1.8000000000000016
3,61736,1.020000000000001
3,61737,3.340000000000003
3,61738,3.7000000000000033
3,61739,3.7400000000000033
3,61740,1.6400000000000015
3,61741,2.4300000000000024
3,61742,3.6400000000000032
3,62031,2.160000000000002
3,62032,3.9400000000000035
3,62033,3.8200000000000034
3,62034,3.9000000000000035
3,62035,3.570000000000003
3,62036,1.140000000000001
3,62037,3.8700000000000037
3,62038,2.440000000000002
3,62327,2.030000000000002
3,62328,2.690000000000002
3,62329,3.8800000000000034
3,62330,4.0000000000000036
3,62331,2.230000000000002
3,62332,2.150000000000002
3,62333,3.9800000000000035
3,62334,1.4600000000000013
3,62621,1.7400000000000015
3,62622,3.9200000000000035
3,62623,3.520000000000003
3,62624,2.380000000000002
3,62625,3.690000000000003
3,62626,3.9300000000000033
3,62627,1.4200000000000013
3,62628,2.5100000000000025
3,62629,2.0100000000000016
3,62916,1.8100000000000016
3,62917,3.1000000000000028
3,62918,3.9400000000000035
3,62919,1.5600000000000014
3,62920,3.7500000000000036
3,62921,3.9000000000000035
3,62922,3.580000000000003
3,62924,3.620000000000003
3,62925,3.160000000000003
3,62926,1.090000000000001
3,63211,2.030000000000002
3,63212,3.490000000000003
3,63213,3.7000000000000033
3,63214,3.5900000000000034
3,63215,3.8900000000000032
3,63216,3.850000000000003
3,63217,3.190000000000003
3,63218,1.4500000000000013
3,63219,3.6300000000000034
3,63220,3.490000000000003
3,63221,2.7700000000000022
3,63507,2.7700000000000022
3,63508,3.810000000000003
3,63509,3.7800000000000034
3,63510,3.5500000000000034
3,63511,3.8000000000000034
3,63512,3.620000000000003
3,63513,2.730000000000002
3,63514,2.260000000000002
3,63515,3.8200000000000034
3,63516,1.3000000000000012
3,63801,1.9500000000000017
3,63802,3.9000000000000035
3,63803,2.420000000000002
3,63804,3.440000000000003
3,63805,3.8000000000000034
3,63806,2.8100000000000023
3,63807,3.2500000000000027
3,63808,3.7400000000000033
3,63809,1.4300000000000013
3,63810,3.8400000000000034
3,63811,3.0100000000000025
3,64097,3.320000000000003
3,64098,3.8600000000000034
3,64099,2.8400000000000025
3,64100,3.6600000000000033
3,64101,3.340000000000003
3,64102,3.0900000000000025
3,64103,2.9800000000000026
3,64104,1.210000000000001
3,64105,3.7100000000000035
3,64106,3.6700000000000035
3,64107,1.070000000000001
3,64393,3.500000000000003
3,64394,2.7800000000000025
3,64395,3.8300000000000036
3,64396,3.8800000000000034
3,64397,3.8400000000000034
3,64398,2.0500000000000016
3,64400,3.730000000000003
3,64401,3.770000000000003
3,64402,2.320000000000002
3,64688,2.040000000000002
3,64689,3.7400000000000033
3,64690,3.6300000000000034
3,64691,3.380000000000003
3,64692,3.6300000000000034
3,64693,3.6400000000000032
3,64695,3.380000000000003
3,64696,4.0000000000000036
3,64697,3.6800000000000033
3,64698,3.300000000000003
3,64699,1.5700000000000014
3,64983,1.2900000000000011
3,64984,3.150000000000003
3,64985,2.7900000000000027
3,64986,3.0100000000000025
3,64987,3.620000000000003
3,64988,3.110000000000003
3,64990,3.480000000000003
3,64991,4.0000000000000036
3,64992,3.410000000000003
3,64993,3.6600000000000033
3,64994,2.6400000000000023
3,64995,1.7600000000000016
3,65281,2.120000000000002
3,65282,3.420000000000003
3,65283,1.9600000000000017
3,65285,3.0000000000000027
3,65286,2.9700000000000024
3,65287,3.110000000000003
3,65288,3.9500000000000037
3,65289,3.7500000000000036
3,65290,3.380000000000003
3,65576,2.290000000000002
3,65577,2.8000000000000025
3,65578,3.6700000000000035
3,65580,2.6300000000000026
3,65581,3.8800000000000034
3,65582,3.2500000000000027
3,65583,3.730000000000003
3,65584,3.8600000000000034
3,65585,3.2900000000000027
3,65586,1.4800000000000013
3,65872,2.6600000000000024
3,65873,3.6700000000000035
3,65874,1.210000000000001
3,65876,3.6600000000000033
3,65877,3.520000000000003
3,65878,3.3900000000000032
3,65879,3.8400000000000034
3,65880,3.9900000000000038
3,65881,2.990000000000003
3,66166,1.190000000000001
3,66167,2.340000000000002
3,66168,2.8200000000000025
3,66169,1.4300000000000013
3,66170,1.8800000000000017
3,66171,3.460000000000003
3,66172,3.6700000000000035
3,66173,3.9300000000000033
3,66174,3.0500000000000025
3,66175,3.770000000000003
3,66176,2.610000000000002
3,66455,1.230000000000001
3,66456,3.480000000000003
3,66457,1.4200000000000013
3,66458,1.110000000000001
3,66460,1.6000000000000014
3,66461,3.6300000000000034
3,66462,3.850000000000003
3,66463,3.7800000000000034
3,66464,1.100000000000001
3,66465,3.1000000000000028
3,66466,3.6700000000000035
3,66467,3.500000000000003
3,66468,3.410000000000003
3,66469,3.2100000000000026
3,66470,2.6400000000000023
3,66750,1.130000000000001
3,66751,3.7100000000000035
3,66752,2.8500000000000023
3,66753,3.450000000000003
3,66754,3.570000000000003
3,66755,2.260000000000002
3,66756,1.6100000000000014
3,66757,1.080000000000001
3,66758,2.7700000000000022
3,66759,2.650000000000002
3,66761,3.140000000000003
3,66762,3.440000000000003
3,66763,3.260000000000003
3,66764,2.9400000000000026
3,66765,1.190000000000001
3,66766,1.2600000000000011
3,67046,3.6400000000000032
3,67047,2.8600000000000025
3,67048,2.7700000000000022
3,67049,3.8200000000000034
3,67050,3.7900000000000036
3,67051,3.360000000000003
3,67052,2.340000000000002
3,67053,3.360000000000003
3,67054,3.140000000000003
3,67056,3.530000000000003
3,67057,3.240000000000003
3,67058,3.7900000000000036
3,67059,2.4300000000000024
3,67342,1.6100000000000014
3,67343,2.030000000000002
3,67344,2.7000000000000024
3,67345,1.7200000000000015
3,67346,1.230000000000001
3,67347,1.140000000000001
3,67348,2.8900000000000023
3,67349,2.3900000000000023
3,67351,3.0200000000000027
3,67352,3.4700000000000033
3,67353,2.8100000000000023
3,67354,1.6300000000000014
3,67643,1.8400000000000016
3,67644,1.5900000000000014
3,67645,2.5100000000000025
3,67646,3.6600000000000033
3,67647,3.7900000000000036
3,67648,3.580000000000003
3,67649,3.440000000000003
3,67650,3.0100000000000025
3,67937,2.7600000000000025
3,67938,2.5100000000000025
3,67939,1.5600000000000014
3,67940,2.500000000000002
3,67941,3.8300000000000036
3,67942,3.730000000000003
3,67943,3.6600000000000033
3,67944,4.0000000000000036
3,67945,1.9800000000000018
3,68231,1.3800000000000012
3,68232,3.9400000000000035
3,68233,2.360000000000002
3,68234,1.5200000000000014
3,68235,2.8400000000000025
3,68236,2.9800000000000026
3,68237,3.5100000000000033
3,68238,3.540000000000003
3,68239,3.7400000000000033
3,68240,2.140000000000002
3,68525,1.0000000000000009
3,68526,2.9800000000000026
3,68527,3.3900000000000032
3,68528,1.240000000000001
3,68530,3.180000000000003
3,68531,3.8400000000000034
3,68532,3.610000000000003
3,68533,3.730000000000003
3,68534,3.810000000000003
3,68535,2.7900000000000027
3,68821,2.5900000000000025
3,68822,3.7600000000000033
3,68823,2.6600000000000024
3,68824,1.080000000000001
3,68825,3.310000000000003
3,68826,3.230000000000003
3,68827,3.5100000000000033
3,68828,2.7400000000000024
3,68829,3.150000000000003
3,68830,3.160000000000003
3,69116,1.3800000000000012
3,69118,3.8300000000000036
3,69119,1.4900000000000013
3,69120,3.480000000000003
3,69121,3.5500000000000034
3,69122,3.9100000000000037
3,69123,3.690000000000003
3,69124,4.0000000000000036
3,69125,2.380000000000002
3,69410,1.2700000000000011
3,69411,1.220000000000001
3,69412,1.9100000000000017
3,69413,4.0000000000000036
3,69414,1.3800000000000012
3,69415,2.7700000000000022
3,69416,3.7100000000000035
3,69417,3.280000000000003
3,69418,2.9400000000000026
3,69419,3.4700000000000033
3,69420,3.6700000000000035
3,69706,1.7800000000000016
3,69707,2.610000000000002
3,69708,2.950000000000003
3,69710,2.410000000000002
3,69711,2.9600000000000026
3,69712,1.4200000000000013
3,69713,1.2700000000000011
3,69714,1.7600000000000016
3,69715,2.3100000000000023
3,70002,1.6200000000000014
3,70003,1.7600000000000016
3,70008,1.2800000000000011
3,70296,1.090000000000001
3,70297,2.180000000000002
3,70302,2.330000000000002
3,70303,2.8100000000000023
3,70304,2.040000000000002
3,70307,1.5800000000000014
3,70590,1.7600000000000016
3,70591,1.8900000000000017
3,70595,2.8600000000000025
3,70596,3.200000000000003
3,70597,3.0600000000000027
3,70598,2.320000000000002
3,70599,3.220000000000003
3,70600,2.2700000000000022
3,70601,1.6700000000000015
3,70602,1.3300000000000012
3,70876,1.4300000000000013
3,70884,1.020000000000001
3,70889,1.6900000000000015
3,70890,3.320000000000003
3,70891,3.810000000000003
3,70892,3.6600000000000033
3,70893,3.600000000000003
3,70897,1.5600000000000014
3,71170,1.140000000000001
3,71171,2.200000000000002
3,71182,2.9700000000000024
3,71183,2.080000000000002
3,71184,2.9800000000000026
3,71185,3.6700000000000035
3,71186,3.9000000000000035
3,71187,2.610000000000002
3,71465,1.7900000000000016
3,71466,2.6000000000000023
3,71468,2.8100000000000023
3,71469,2.5800000000000023
3,71470,2.440000000000002
3,71471,1.3100000000000012
3,71476,2.0500000000000016
3,71477,2.990000000000003
3,71478,3.500000000000003
3,71479,3.5500000000000034
3,71480,3.230000000000003
3,71481,3.2900000000000027
3,71482,2.9400000000000026
3,71483,1.2800000000000011
3,71760,1.030000000000001
3,71761,1.3400000000000012
3,71762,1.6400000000000015
3,71763,2.280000000000002
3,71764,3.0500000000000025
3,71765,3.410000000000003
3,71766,2.440000000000002
3,71767,2.6000000000000023
3,71770,1.220000000000001
3,71771,3.8700000000000037
3,71772,3.350000000000003
3,71773,3.8400000000000034
3,71774,3.7600000000000033
3,71775,3.7600000000000033
3,71776,3.420000000000003
3,71778,1.030000000000001
3,71779,1.4100000000000013
3,72055,2.290000000000002
3,72056,3.6400000000000032
3,72057,2.320000000000002
3,72058,1.4800000000000013
3,72060,3.0400000000000027
3,72061,3.7000000000000033
3,72062,1.110000000000001
3,72065,3.300000000000003
3,72066,3.8400000000000034
3,72067,3.7100000000000035
3,72068,3.7400000000000033
3,72069,3.7500000000000036
3,72070,3.730000000000003
3,72071,2.570000000000002
3,72356,2.220000000000002
3,72357,1.230000000000001
3,72359,2.110000000000002
3,72360,3.8000000000000034
3,72361,3.690000000000003
3,72362,3.350000000000003
3,72363,3.610000000000003
3,72364,1.9500000000000017
3,72365,1.4400000000000013
3,72652,2.610000000000002
3,72654,1.100000000000001
3,72655,3.650000000000003
3,72656,3.440000000000003
3,72657,3.5500000000000034
3,72658,3.8600000000000034
3,72659,3.0500000000000025
3,72660,2.2100000000000017
3,72947,2.0000000000000018
3,72948,1.030000000000001
3,72950,1.090000000000001
3,72951,1.3500000000000012
3,72952,2.910000000000003
3,72953,1.9000000000000017
3,72954,3.500000000000003
3,72955,2.7100000000000026
3,73242,1.4400000000000013
3,73243,3.320000000000003
3,73245,1.070000000000001
3,73246,3.8800000000000034
3,73247,3.500000000000003
3,73248,2.2500000000000018
3,73249,3.350000000000003
3,73250,2.0000000000000018
3,73537,3.450000000000003
3,73538,3.8700000000000037
3,73541,2.5500000000000025
3,73542,3.2900000000000027
3,73543,2.450000000000002
3,73544,2.8500000000000023
3,73831,2.5500000000000025
3,73832,3.5900000000000034
3,73833,3.380000000000003
3,73836,1.3900000000000012
3,73837,3.160000000000003
3,73838,3.7500000000000036
3,73839,2.480000000000002
3,74124,2.5900000000000025
3,74125,3.7100000000000035
3,74126,3.0500000000000025
3,74127,3.0200000000000027
3,74128,3.7100000000000035
3,74132,3.7600000000000033
3,74133,3.650000000000003
3,74418,1.8200000000000016
3,74419,2.120000000000002
3,74420,1.9700000000000017
3,74421,1.070000000000001
3,74422,2.8300000000000027
3,74423,1.3600000000000012
3,74426,1.6200000000000014
3,74427,3.0400000000000027
3,74428,3.190000000000003
3,74712,2.360000000000002
3,74713,1.2700000000000011
3,74716,2.0900000000000016
3,74717,2.6300000000000026
3,74719,2.0100000000000016
3,74720,2.6000000000000023
3,74721,1.5400000000000014
3,74723,3.070000000000003
3,74724,1.7500000000000016
3,75006,2.100000000000002
3,75007,3.030000000000003
3,75008,2.8000000000000025
3,75009,3.0500000000000025
3,75011,3.110000000000003
3,75012,2.320000000000002
3,75015,1.200000000000001
3,75017,1.4400000000000013
3,75019,2.0900000000000016
3,75020,2.080000000000002
3,75022,1.080000000000001
3,75300,1.5200000000000014
3,75301,2.730000000000002
3,75302,3.3300000000000027
3,75303,2.7700000000000022
3,75304,3.8300000000000036
3,75305,2.5800000000000023
3,75306,1.150000000000001
3,75315,1.220000000000001
3,75316,1.9800000000000018
3,75317,1.250000000000001
3,75594,2.150000000000002
3,75595,1.7400000000000015
3,75596,2.2700000000000022
3,75597,3.190000000000003
3,75598,2.040000000000002
3,75599,2.040000000000002
3,75602,1.5500000000000014
3,75603,1.7900000000000016
3,75607,2.8300000000000027
3,75610,1.7700000000000016
3,75611,2.290000000000002
3,75887,1.6300000000000014
3,75888,2.230000000000002
3,75889,2.0000000000000018
3,75895,2.6800000000000024
3,75896,3.3700000000000028
3,75897,2.460000000000002
3,75898,2.730000000000002
3,75899,1.6100000000000014
3,75905,1.5200000000000014
3,76179,1.3500000000000012
3,76181,1.3700000000000012
3,76190,1.7800000000000016
3,76191,3.140000000000003
3,76192,3.570000000000003
3,76199,2.280000000000002
3,76200,2.280000000000002
3,76473,1.200000000000001
3,76478,1.070000000000001
3,76479,2.7700000000000022
3,76484,1.100000000000001
3,76485,1.8800000000000017
3,76486,2.7500000000000027
3,76487,3.160000000000003
3,76494,3.140000000000003
3,76495,1.2800000000000011
3,76771,1.190000000000001
3,76772,1.200000000000001
3,76775,2.4300000000000024
3,76776,2.7200000000000024
3,76777,1.070000000000001
3,76779,1.6600000000000015
3,76780,2.150000000000002
3,76781,1.9500000000000017
3,76789,1.070000000000001
3,77064,3.1700000000000026
3,77065,2.290000000000002
3,77068,1.180000000000001
3,77069,3.160000000000003
3,77070,3.440000000000003
3,77071,3.7100000000000035
3,77072,1.8900000000000017
3,77073,2.330000000000002
3,77074,2.120000000000002
3,77075,2.0000000000000018
3,77076,2.370000000000002
3,77358,0.19000000000000017
3,77360,2.950000000000003
3,77362,1.8300000000000016
3,77363,3.150000000000003
3,77364,3.620000000000003
3,77365,3.7100000000000035
3,77366,2.160000000000002
3,77367,3.070000000000003
3,77368,2.0900000000000016
3,77369,2.1700000000000017
3,77370,1.7500000000000016
3,77371,1.200000000000001
3,77653,0.4300000000000004
3,77655,2.290000000000002
3,77657,1.190000000000001
3,77658,1.3900000000000012
3,77659,3.1300000000000026
3,77660,3.0500000000000025
3,77662,2.400000000000002
3,77663,3.8900000000000032
3,77664,3.270000000000003
3,77665,1.8800000000000017
3,77948,0.6900000000000006
3,77949,2.8200000000000025
3,77950,2.220000000000002
3,77951,2.8100000000000023
3,77952,1.130000000000001
3,77954,1.250000000000001
3,77955,1.020000000000001
3,77957,3.6300000000000034
3,77958,3.300000000000003
3,77959,1.8200000000000016
3,78243,0.10000000000000009
3,78244,3.490000000000003
3,78245,2.3100000000000023
3,78246,3.350000000000003
3,78247,2.4700000000000024
3,78251,2.320000000000002
3,78252,3.7100000000000035
3,78539,3.3300000000000027
3,78540,3.7900000000000036
3,78541,1.9000000000000017
3,78542,2.200000000000002
3,78543,1.5200000000000014
3,78547,1.6900000000000015
3,78834,2.6700000000000026
3,78835,4.0000000000000036
3,78836,3.7200000000000033
3,78837,1.4800000000000013
3,78838,1.7400000000000015
3,78839,3.0200000000000027
3,79129,1.3900000000000012
3,79130,3.240000000000003
3,79131,2.300000000000002
3,79132,1.6400000000000015
4,2635,1.060000000000001
4,2926,1.6100000000000014
4,2927,2.040000000000002
4,2928,3.530000000000003
4,2929,3.8300000000000036
4,2930,3.9900000000000038
4,2931,3.9200000000000035
4,2932,1.6600000000000015
4,3220,3.9500000000000037
4,3221,3.9400000000000035
4,3222,3.0500000000000025
4,3223,3.690000000000003
4,3224,3.730000000000003
4,3225,3.770000000000003
4,3226,3.9900000000000038
4,3227,3.4700000000000033
4,3228,2.7500000000000027
4,3514,2.9600000000000026
4,3515,4.0000000000000036
4,3516,3.9400000000000035
4,3517,3.2100000000000026
4,3518,3.730000000000003
4,3519,3.380000000000003
4,3520,3.530000000000003
4,3521,3.650000000000003
4,3522,3.1300000000000026
4,3523,3.7000000000000033
4,3524,3.1700000000000026
4,3809,3.320000000000003
4,3810,3.6600000000000033
4,3811,3.4300000000000033
4,3812,3.4700000000000033
4,3813,3.580000000000003
4,3814,3.600000000000003
4,3815,3.9700000000000033
4,3816,3.8000000000000034
4,3817,3.9800000000000035
4,3818,3.8400000000000034
4,3819,3.300000000000003
4,3821,2.180000000000002
4,4103,1.6000000000000014
4,4104,2.5100000000000025
4,4105,4.0000000000000036
4,4106,3.7500000000000036
4,4107,4.0000000000000036
4,4108,3.7400000000000033
4,4109,3.6300000000000034
4,4110,3.9700000000000033
4,4111,4.0000000000000036
4,4112,3.9200000000000035
4,4113,3.9300000000000033
4,4114,2.0000000000000018
4,4398,2.490000000000002
4,4399,3.440000000000003
4,4400,3.8600000000000034
4,4401,3.7400000000000033
4,4402,3.7800000000000034
4,4403,4.0000000000000036
4,4404,3.9700000000000033
4,4405,3.9800000000000035
4,4406,3.7200000000000033
4,4407,3.3900000000000032
4,4408,3.2100000000000026
4,4409,2.0000000000000018
4,4693,2.260000000000002
4,4694,3.6300000000000034
4,4695,3.9100000000000037
4,4696,3.7100000000000035
4,4697,3.7800000000000034
4,4698,3.6600000000000033
4,4699,3.6400000000000032
4,4700,3.540000000000003
4,4701,3.8400000000000034
4,4702,3.8200000000000034
4,4703,3.7900000000000036
4,4704,1.6100000000000014
4,4988,3.450000000000003
4,4989,3.520000000000003
4,4990,3.560000000000003
4,4991,3.500000000000003
4,4992,3.7200000000000033
4,4993,4.0000000000000036
4,4994,4.0000000000000036
4,4995,3.9000000000000035
4,4996,3.9700000000000033
4,4997,3.7800000000000034
4,4998,1.8400000000000016
4,5282,1.7100000000000015
4,5283,3.1700000000000026
4,5284,3.6600000000000033
4,5285,3.540000000000003
4,5286,3.9400000000000035
4,5287,3.8900000000000032
4,5288,4.0000000000000036
4,5289,4.0000000000000036
4,5290,3.9100000000000037
4,5291,3.7200000000000033
4,5292,2.7800000000000025
4,5298,3.0500000000000025
4,5299,2.7800000000000025
4,5578,2.380000000000002
4,5579,3.8000000000000034
4,5580,3.850000000000003
4,5581,3.9000000000000035
4,5582,3.9700000000000033
4,5583,4.0000000000000036
4,5584,4.0000000000000036
4,5585,3.7400000000000033
4,5586,3.7900000000000036
4,5587,1.8400000000000016
4,5592,1.210000000000001
4,5593,2.0000000000000018
4,5594,3.8900000000000032
4,5595,1.4000000000000012
4,5873,2.610000000000002
4,5874,3.6300000000000034
4,5875,3.530000000000003
4,5876,3.730000000000003
4,5877,3.650000000000003
4,5878,3.610000000000003
4,5879,3.3700000000000028
4,5880,3.520000000000003
4,5881,2.650000000000002
4,5888,3.260000000000003
4,5889,1.4400000000000013
4,5890,1.4600000000000013
4,5891,1.150000000000001
4,6165,1.7400000000000015
4,6166,2.7600000000000025
4,6167,1.7300000000000015
4,6168,3.8900000000000032
4,6169,3.9100000000000037
4,6170,3.9000000000000035
4,6171,4.0000000000000036
4,6172,3.9900000000000038
4,6173,3.7800000000000034
4,6174,3.9200000000000035
4,6175,2.8500000000000023
4,6183,3.450000000000003
4,6184,2.650000000000002
4,6185,3.1200000000000028
4,6186,3.6700000000000035
4,6187,2.7200000000000024
4,6188,2.7700000000000022
4,6189,1.3200000000000012
4,6461,2.5800000000000023
4,6462,3.850000000000003
4,6463,3.7800000000000034
4,6464,3.9400000000000035
4,6465,3.770000000000003
4,6466,4.0000000000000036
4,6467,3.8300000000000036
4,6468,3.8700000000000037
4,6469,3.9000000000000035
4,6470,2.0100000000000016
4,6478,2.8400000000000025
4,6479,4.0000000000000036
4,6481,2.400000000000002
4,6482,3.200000000000003
4,6483,1.6800000000000015
4,6484,3.6300000000000034
4,6485,3.9000000000000035
4,6486,3.6800000000000033
4,6487,1.5100000000000013
4,6754,1.150000000000001
4,6755,2.180000000000002
4,6756,2.9800000000000026
4,6757,3.8200000000000034
4,6758,3.8800000000000034
4,6759,3.9400000000000035
4,6760,3.8300000000000036
4,6761,3.8400000000000034
4,6762,3.8300000000000036
4,6763,4.0000000000000036
4,6764,3.110000000000003
4,6773,2.7400000000000024
4,6774,3.6800000000000033
4,6776,1.240000000000001
4,6777,2.120000000000002
4,6778,3.650000000000003
4,6779,3.8700000000000037
4,6780,3.8400000000000034
4,6781,3.4700000000000033
4,7050,1.3100000000000012
4,7051,2.280000000000002
4,7052,2.9700000000000024
4,7053,3.8700000000000037
4,7054,3.9500000000000037
4,7055,3.7900000000000036
4,7056,3.6300000000000034
4,7057,3.9000000000000035
4,7058,3.9500000000000037
4,7059,2.080000000000002
4,7068,2.7200000000000024
4,7069,3.690000000000003
4,7072,2.5800000000000023
4,7073,3.7900000000000036
4,7074,3.8200000000000034
4,7075,3.320000000000003
4,7341,1.100000000000001
4,7344,1.4200000000000013
4,7345,2.4300000000000024
4,7346,3.3700000000000028
4,7347,3.180000000000003
4,7348,3.500000000000003
4,7349,3.560000000000003
4,7350,3.4700000000000033
4,7351,3.8300000000000036
4,7352,3.9100000000000037
4,7353,2.480000000000002
4,7363,2.490000000000002
4,7364,3.560000000000003
4,7365,1.5700000000000014
4,7366,1.0000000000000009
4,7368,2.190000000000002
4,7369,2.8200000000000025
4,7637,2.1300000000000017
4,7638,2.110000000000002
4,7639,1.180000000000001
4,7640,1.7800000000000016
4,7641,3.270000000000003
4,7642,3.810000000000003
4,7643,3.7800000000000034
4,7644,3.440000000000003
4,7645,3.6400000000000032
4,7646,3.8600000000000034
4,7647,3.560000000000003
4,7658,3.440000000000003
4,7659,2.480000000000002
4,7660,3.560000000000003
4,7661,2.570000000000002
4,7933,1.2600000000000011
4,7934,2.610000000000002
4,7935,3.7200000000000033
4,7936,3.3900000000000032
4,7937,3.200000000000003
4,7938,3.9300000000000033
4,7939,3.530000000000003
4,7940,2.6000000000000023
4,7941,2.0000000000000018
4,7942,1.3900000000000012
4,7952,2.2100000000000017
4,7953,3.8900000000000032
4,7954,3.480000000000003
4,7955,3.6300000000000034
4,7956,2.3900000000000023
4,8224,2.360000000000002
4,8225,1.8700000000000017
4,8226,3.0600000000000027
4,8227,3.9000000000000035
4,8228,3.1000000000000028
4,8229,2.180000000000002
4,8230,2.9200000000000026
4,8231,1.9900000000000018
4,8232,3.7200000000000033
4,8233,3.620000000000003
4,8234,3.6600000000000033
4,8246,1.8400000000000016
4,8247,3.8900000000000032
4,8248,3.8000000000000034
4,8249,2.6400000000000023
4,8250,2.9400000000000026
4,8251,2.2500000000000018
4,8518,1.020000000000001
4,8519,3.7100000000000035
4,8520,3.580000000000003
4,8521,1.8200000000000016
4,8522,2.060000000000002
4,8523,3.1300000000000026
4,8524,1.8700000000000017
4,8525,2.7700000000000022
4,8526,3.1700000000000026
4,8527,3.410000000000003
4,8528,3.200000000000003
4,8540,1.7000000000000015
4,8541,3.8000000000000034
4,8542,3.7800000000000034
4,8543,3.9000000000000035
4,8544,3.320000000000003
4,8813,3.280000000000003
4,8814,1.230000000000001
4,8815,2.730000000000002
4,8816,4.0000000000000036
4,8817,3.6600000000000033
4,8818,3.280000000000003
4,8819,3.1200000000000028
4,8820,3.3900000000000032
4,8821,3.8800000000000034
4,8822,1.9600000000000017
4,8834,3.300000000000003
4,8835,3.650000000000003
4,8836,3.8200000000000034
4,8837,3.7600000000000033
4,8838,3.650000000000003
4,8839,2.570000000000002
4,9107,2.200000000000002
4,9108,3.7500000000000036
4,9109,2.0500000000000016
4,9110,2.100000000000002
4,9111,3.3300000000000027
4,9112,2.610000000000002
4,9113,2.8800000000000026
4,9114,3.7900000000000036
4,9115,3.7600000000000033
4,9116,3.9800000000000035
4,9129,3.850000000000003
4,9130,4.0000000000000036
4,9131,3.7200000000000033
4,9132,3.5500000000000034
4,9133,3.230000000000003
4,9402,2.160000000000002
4,9404,3.3700000000000028
4,9405,3.0600000000000027
4,9407,3.070000000000003
4,9408,2.6400000000000023
4,9409,2.6300000000000026
4,9410,3.3300000000000027
4,9411,3.3900000000000032
4,9423,2.6000000000000023
4,9424,3.850000000000003
4,9425,3.7800000000000034
4,9426,3.320000000000003
4,9427,3.650000000000003
4,9699,3.530000000000003
4,9700,3.7000000000000033
4,9701,2.6200000000000023
4,9702,3.3300000000000027
4,9703,3.420000000000003
4,9717,3.190000000000003
4,9718,3.8700000000000037
4,9719,2.420000000000002
4,9720,1.3700000000000012
4,9992,1.3700000000000012
4,9993,3.1700000000000026
4,9994,3.9100000000000037
4,9995,3.770000000000003
4,9996,3.460000000000003
4,9997,2.8800000000000026
4,9998,3.340000000000003
4,10010,1.9400000000000017
4,10011,3.8800000000000034
4,10012,3.8800000000000034
4,10013,2.990000000000003
4,10014,2.9300000000000024
4,10015,2.610000000000002
4,10287,1.7100000000000015
4,10288,3.690000000000003
4,10289,3.810000000000003
4,10290,3.690000000000003
4,10291,3.580000000000003
4,10292,3.520000000000003
4,10293,3.190000000000003
4,10304,2.9000000000000026
4,10305,3.8200000000000034
4,10306,3.770000000000003
4,10307,2.420000000000002
4,10582,3.6700000000000035
4,10583,3.6800000000000033
4,10584,3.7400000000000033
4,10585,3.2500000000000027
4,10586,3.6300000000000034
4,10587,4.0000000000000036
4,10588,3.400000000000003
4,10597,1.3400000000000012
4,10598,3.0100000000000025
4,10599,3.6800000000000033
4,10600,3.4300000000000033
4,10601,3.3300000000000027
4,10602,3.460000000000003
4,10878,1.3600000000000012
4,10879,2.370000000000002
4,10880,3.8600000000000034
4,10881,3.7000000000000033
4,10882,3.9600000000000035
4,10883,3.460000000000003
4,10892,2.990000000000003
4,10893,3.810000000000003
4,10894,3.5500000000000034
4,10895,3.6600000000000033
4,10896,3.360000000000003
4,10897,1.7200000000000015
4,11169,2.0100000000000016
4,11170,2.440000000000002
4,11172,2.7200000000000024
4,11173,2.5600000000000023
4,11174,1.8000000000000016
4,11175,3.7800000000000034
4,11176,3.9700000000000033
4,11177,4.0000000000000036
4,11178,1.9200000000000017
4,11186,1.2800000000000011
4,11187,3.8200000000000034
4,11188,3.9100000000000037
4,11189,3.6700000000000035
4,11190,3.5900000000000034
4,11191,3.6300000000000034
4,11463,1.7300000000000015
4,11464,2.990000000000003
4,11465,3.440000000000003
4,11466,3.600000000000003
4,11467,3.8600000000000034
4,11468,3.7900000000000036
4,11469,3.7100000000000035
4,11470,3.8200000000000034
4,11471,3.8200000000000034
4,11472,4.0000000000000036
4,11481,2.6000000000000023
4,11482,3.8200000000000034
4,11483,3.9200000000000035
4,11484,3.8300000000000036
4,11485,3.5500000000000034
4,11486,2.500000000000002
4,11487,1.7300000000000015
4,11757,1.3000000000000012
4,11758,3.0200000000000027
4,11759,3.030000000000003
4,11760,3.160000000000003
4,11761,3.730000000000003
4,11762,3.560000000000003
4,11763,3.8800000000000034
4,11764,3.8700000000000037
4,11765,3.9600000000000035
4,11766,3.8000000000000034
4,11767,3.9900000000000038
4,11775,1.070000000000001
4,11776,3.500000000000003
4,11777,3.8200000000000034
4,11778,3.3700000000000028
4,11779,2.370000000000002
4,12051,1.3400000000000012
4,12052,1.090000000000001
4,12053,1.160000000000001
4,12054,3.190000000000003
4,12055,3.230000000000003
4,12056,3.1700000000000026
4,12057,3.5900000000000034
4,12058,3.7900000000000036
4,12059,3.850000000000003
4,12060,3.8200000000000034
4,12061,3.9600000000000035
4,12062,2.6800000000000024
4,12070,2.8700000000000028
4,12071,3.770000000000003
4,12072,3.8700000000000037
4,12073,1.6200000000000014
4,12346,1.150000000000001
4,12348,2.6800000000000024
4,12349,3.7200000000000033
4,12350,3.810000000000003
4,12351,3.7500000000000036
4,12352,3.810000000000003
4,12353,3.8400000000000034
4,12354,3.770000000000003
4,12355,3.8000000000000034
4,12356,3.9600000000000035
4,12364,2.8500000000000023
4,12365,3.9300000000000033
4,12366,3.8300000000000036
4,12367,4.0000000000000036
4,12368,2.8100000000000023
4,12369,2.9600000000000026
4,12640,1.240000000000001
4,12641,1.8600000000000017
4,12642,2.460000000000002
4,12643,2.480000000000002
4,12644,1.7700000000000016
4,12645,2.8500000000000023
4,12646,3.8000000000000034
4,12647,3.070000000000003
4,12648,3.2900000000000027
4,12649,3.8900000000000032
4,12650,3.8400000000000034
4,12651,3.500000000000003
4,12658,2.380000000000002
4,12659,2.200000000000002
4,12661,3.1000000000000028
4,12662,3.9000000000000035
4,12663,3.8900000000000032
4,12664,3.730000000000003
4,12935,2.8500000000000023
4,12937,2.6300000000000026
4,12938,3.4300000000000033
4,12939,3.3700000000000028
4,12940,3.1700000000000026
4,12941,2.9400000000000026
4,12942,2.070000000000002
4,12943,1.5000000000000013
4,12944,3.9500000000000037
4,12945,3.8900000000000032
4,12946,2.3100000000000023
4,12952,1.180000000000001
4,12953,3.850000000000003
4,12954,3.560000000000003
4,12955,1.5100000000000013
4,12956,3.1300000000000026
4,12957,3.0600000000000027
4,12958,1.8200000000000016
4,12959,2.8700000000000028
4,13230,1.4600000000000013
4,13231,2.360000000000002
4,13233,1.4300000000000013
4,13234,2.0100000000000016
4,13235,3.140000000000003
4,13236,3.0200000000000027
4,13237,2.990000000000003
4,13239,3.570000000000003
4,13240,3.280000000000003
4,13247,1.120000000000001
4,13248,3.7600000000000033
4,13249,3.7000000000000033
4,13250,2.7600000000000025
4,13251,3.7600000000000033
4,13252,3.300000000000003
4,13253,3.8200000000000034
4,13254,1.9600000000000017
4,13527,2.8300000000000027
4,13528,3.0000000000000027
4,13529,3.6300000000000034
4,13530,3.690000000000003
4,13531,3.5500000000000034
4,13532,1.230000000000001
4,13543,2.9800000000000026
4,13544,3.6300000000000034
4,13545,3.7600000000000033
4,13546,3.7500000000000036
4,13547,3.460000000000003
4,13548,3.1200000000000028
4,13549,1.240000000000001
4,13822,2.1300000000000017
4,13823,3.8900000000000032
4,13824,3.650000000000003
4,13825,3.9100000000000037
4,13826,2.6000000000000023
4,13838,2.080000000000002
4,13839,4.0000000000000036
4,13840,3.7600000000000033
4,13841,3.620000000000003
4,13842,3.3900000000000032
4,13843,2.9200000000000026
4,14118,3.9200000000000035
4,14119,3.8000000000000034
4,14120,3.6800000000000033
4,14121,1.9400000000000017
4,14133,3.7200000000000033
4,14134,3.9500000000000037
4,14135,4.0000000000000036
4,14136,4.0000000000000036
4,14137,3.7400000000000033
4,14138,2.9700000000000024
4,14413,3.0000000000000027
4,14414,3.5500000000000034
4,14415,3.9300000000000033
4,14416,1.2900000000000011
4,14426,1.3600000000000012
4,14427,2.7200000000000024
4,14428,4.0000000000000036
4,14429,3.9600000000000035
4,14430,3.9000000000000035
4,14431,3.9300000000000033
4,14432,3.8200000000000034
4,14433,2.300000000000002
4,14708,1.6800000000000015
4,14709,3.9800000000000035
4,14710,3.9400000000000035
4,14720,3.220000000000003
4,14721,3.8800000000000034
4,14722,3.9500000000000037
4,14723,4.0000000000000036
4,14724,4.0000000000000036
4,14725,4.0000000000000036
4,14726,3.8000000000000034
4,14727,3.8300000000000036
4,14728,1.9700000000000017
4,15003,1.9700000000000017
4,15004,3.9600000000000035
4,15005,3.7000000000000033
4,15014,3.690000000000003
4,15015,3.9600000000000035
4,15016,4.0000000000000036
4,15017,3.7900000000000036
4,15018,3.7900000000000036
4,15019,4.0000000000000036
4,15020,4.0000000000000036
4,15021,3.770000000000003
4,15022,3.850000000000003
4,15023,1.5600000000000014
4,15298,2.340000000000002
4,15299,3.9100000000000037
4,15300,3.0000000000000027
4,15308,1.7400000000000015
4,15309,3.9900000000000038
4,15310,3.9500000000000037
4,15311,3.9300000000000033
4,15312,3.9600000000000035
4,15313,3.9400000000000035
4,15314,3.7800000000000034
4,15315,3.7000000000000033
4,15316,3.9200000000000035
4,15317,3.4700000000000033
4,15593,1.0000000000000009
4,15594,3.0500000000000025
4,15595,2.100000000000002
4,15603,2.7900000000000027
4,15604,3.9600000000000035
4,15605,3.9900000000000038
4,15606,3.9400000000000035
4,15607,3.9300000000000033
4,15608,3.9100000000000037
4,15609,3.9000000000000035
4,15610,3.7400000000000033
4,15611,3.140000000000003
4,15612,1.7700000000000016
4,15881,1.5500000000000014
4,15886,2.3500000000000023
4,15888,2.650000000000002
4,15889,3.0500000000000025
4,15890,2.650000000000002
4,15896,1.3900000000000012
4,15897,2.500000000000002
4,15898,3.8300000000000036
4,15899,3.9300000000000033
4,15900,3.9200000000000035
4,15901,3.850000000000003
4,15902,4.0000000000000036
4,15903,3.9900000000000038
4,15904,3.9100000000000037
4,15905,3.9300000000000033
4,15906,2.9300000000000024
4,15907,2.060000000000002
4,16177,1.5500000000000014
4,16180,3.1000000000000028
4,16181,3.620000000000003
4,16183,3.5500000000000034
4,16184,1.5500000000000014
4,16185,2.990000000000003
4,16191,3.0000000000000027
4,16192,3.8200000000000034
4,16193,4.0000000000000036
4,16194,4.0000000000000036
4,16195,4.0000000000000036
4,16196,3.8700000000000037
4,16197,4.0000000000000036
4,16198,4.0000000000000036
4,16199,3.8600000000000034
4,16200,3.9600000000000035
4,16201,2.990000000000003
4,16202,1.0000000000000009
4,16472,2.140000000000002
4,16475,3.030000000000003
4,16476,1.6300000000000014
4,16477,1.6400000000000015
4,16478,2.6600000000000024
4,16479,1.5200000000000014
4,16480,2.5500000000000025
4,16486,2.9200000000000026
4,16487,3.810000000000003
4,16488,4.0000000000000036
4,16489,4.0000000000000036
4,16490,3.9900000000000038
4,16491,3.320000000000003
4,16492,3.9400000000000035
4,16493,3.9900000000000038
4,16494,3.9400000000000035
4,16495,3.310000000000003
4,16496,3.230000000000003
4,16767,1.8000000000000016
4,16768,3.260000000000003
4,16769,1.6900000000000015
4,16770,2.340000000000002
4,16771,2.380000000000002
4,16772,2.6200000000000023
4,16773,2.9400000000000026
4,16774,1.6900000000000015
4,16781,2.8400000000000025
4,16782,3.7100000000000035
4,16783,3.7600000000000033
4,16784,3.7600000000000033
4,16785,3.520000000000003
4,16786,3.620000000000003
4,16787,3.9000000000000035
4,16788,3.8900000000000032
4,16789,3.8700000000000037
4,16790,1.8000000000000016
4,16791,2.530000000000002
4,17063,2.7900000000000027
4,17064,3.6600000000000033
4,17065,3.650000000000003
4,17066,1.7000000000000015
4,17067,2.2700000000000022
4,17068,3.300000000000003
4,17069,3.320000000000003
4,17076,2.8000000000000025
4,17077,3.7400000000000033
4,17078,4.0000000000000036
4,17079,3.8900000000000032
4,17080,3.8400000000000034
4,17081,3.9700000000000033
4,17082,3.9400000000000035
4,17083,3.9500000000000037
4,17084,3.7500000000000036
4,17085,3.2100000000000026
4,17358,1.6200000000000014
4,17359,3.7400000000000033
4,17360,3.8600000000000034
4,17361,3.6700000000000035
4,17362,3.6400000000000032
4,17363,3.1700000000000026
4,17364,3.500000000000003
4,17365,1.150000000000001
4,17371,2.6600000000000024
4,17372,3.8000000000000034
4,17373,3.7800000000000034
4,17374,3.730000000000003
4,17375,3.8200000000000034
4,17376,3.8900000000000032
4,17377,3.9700000000000033
4,17378,3.7500000000000036
4,17379,3.500000000000003
4,17380,1.4700000000000013
4,17654,2.8800000000000026
4,17655,3.2100000000000026
4,17656,3.7900000000000036
4,17657,4.0000000000000036
4,17658,3.7600000000000033
4,17659,3.7800000000000034
4,17660,3.4700000000000033
4,17661,1.190000000000001
4,17666,2.6800000000000024
4,17667,3.9500000000000037
4,17668,3.9200000000000035
4,17669,3.9800000000000035
4,17670,3.8800000000000034
4,17671,3.7500000000000036
4,17672,3.260000000000003
4,17673,3.580000000000003
4,17674,1.180000000000001
4,17950,2.220000000000002
4,17951,3.0500000000000025
4,17952,3.770000000000003
4,17953,3.360000000000003
4,17954,3.540000000000003
4,17955,2.6300000000000026
4,17956,1.9700000000000017
4,17961,2.6000000000000023
4,17962,4.0000000000000036
4,17963,3.770000000000003
4,17964,3.9900000000000038
4,17965,3.9300000000000033
4,17966,2.990000000000003
4,17967,3.690000000000003
4,17968,1.3400000000000012
4,18245,1.7900000000000016
4,18246,3.8700000000000037
4,18247,3.7900000000000036
4,18248,2.7400000000000024
4,18249,3.0400000000000027
4,18250,2.110000000000002
4,18256,2.6000000000000023
4,18257,3.9800000000000035
4,18258,3.9800000000000035
4,18259,3.9600000000000035
4,18260,3.9000000000000035
4,18261,3.7400000000000033
4,18262,1.4200000000000013
4,18541,1.010000000000001
4,18543,2.9600000000000026
4,18544,2.410000000000002
4,18545,1.010000000000001
4,18551,2.440000000000002
4,18552,3.8700000000000037
4,18553,4.0000000000000036
4,18554,3.7400000000000033
4,18555,3.610000000000003
4,18556,1.4000000000000012
4,18841,1.4600000000000013
4,18842,3.160000000000003
4,18846,2.3900000000000023
4,18847,3.8300000000000036
4,18848,3.9500000000000037
4,18849,3.0600000000000027
4,18850,1.4200000000000013
4,19135,3.1700000000000026
4,19136,3.8400000000000034
4,19137,4.0000000000000036
4,19141,3.2500000000000027
4,19142,4.0000000000000036
4,19143,2.8400000000000025
4,19144,3.0000000000000027
4,19429,1.3700000000000012
4,19430,2.020000000000002
4,19431,2.9300000000000024
4,19432,4.0000000000000036
4,19433,1.8900000000000017
4,19438,1.030000000000001
4,19439,1.4600000000000013
4,19725,1.4400000000000013
4,19726,3.490000000000003
4,19727,4.0000000000000036
4,19728,2.200000000000002
4,19732,3.1200000000000028
4,19733,3.7600000000000033
4,20020,1.9000000000000017
4,20021,3.480000000000003
4,20022,3.850000000000003
4,20023,1.8700000000000017
4,20027,2.7800000000000025
4,20028,3.6700000000000035
4,20029,3.030000000000003
4,20311,1.4900000000000013
4,20312,1.070000000000001
4,20313,1.6400000000000015
4,20314,3.380000000000003
4,20315,3.1200000000000028
4,20316,1.220000000000001
4,20317,1.4400000000000013
4,20322,2.7400000000000024
4,20323,3.300000000000003
4,20324,4.0000000000000036
4,20325,1.4500000000000013
4,20604,1.5800000000000014
4,20605,1.5500000000000014
4,20606,3.0000000000000027
4,20607,2.9000000000000026
4,20608,3.270000000000003
4,20609,3.9200000000000035
4,20610,3.9400000000000035
4,20611,3.6700000000000035
4,20612,3.140000000000003
4,20613,1.6400000000000015
4,20617,2.100000000000002
4,20618,3.140000000000003
4,20619,3.9200000000000035
4,20620,3.620000000000003
4,20899,2.2500000000000018
4,20900,3.600000000000003
4,20903,3.560000000000003
4,20904,4.0000000000000036
4,20905,3.810000000000003
4,20906,3.360000000000003
4,20907,3.8600000000000034
4,20908,2.150000000000002
4,20913,3.9400000000000035
4,20914,3.690000000000003
4,20915,4.0000000000000036
4,20916,3.5500000000000034
4,20917,2.690000000000002
4,20918,2.9200000000000026
4,20919,1.4000000000000012
4,20920,2.200000000000002
4,20921,2.9000000000000026
4,20922,2.9000000000000026
4,21195,1.3300000000000012
4,21198,3.450000000000003
4,21199,3.260000000000003
4,21200,2.8300000000000027
4,21201,3.9800000000000035
4,21202,3.7900000000000036
4,21203,1.5400000000000014
4,21208,3.2900000000000027
4,21209,3.8700000000000037
4,21210,3.490000000000003
4,21211,3.9900000000000038
4,21212,3.9900000000000038
4,21213,3.9100000000000037
4,21214,3.7500000000000036
4,21215,3.9400000000000035
4,21216,4.0000000000000036
4,21217,3.9100000000000037
4,21490,1.5100000000000013
4,21491,3.180000000000003
4,21492,2.6200000000000023
4,21493,3.9200000000000035
4,21494,3.8300000000000036
4,21495,3.7600000000000033
4,21496,3.730000000000003
4,21497,3.530000000000003
4,21498,1.6500000000000015
4,21503,1.8300000000000016
4,21504,3.7200000000000033
4,21505,3.9800000000000035
4,21506,3.610000000000003
4,21507,3.7000000000000033
4,21508,3.8900000000000032
4,21509,3.9200000000000035
4,21510,3.8600000000000034
4,21511,4.0000000000000036
4,21512,3.9000000000000035
4,21513,2.030000000000002
4,21786,2.030000000000002
4,21787,2.950000000000003
4,21788,3.9400000000000035
4,21789,3.770000000000003
4,21790,3.7500000000000036
4,21791,3.9800000000000035
4,21792,3.7400000000000033
4,21793,1.020000000000001
4,21798,1.9800000000000018
4,21799,4.0000000000000036
4,21800,4.0000000000000036
4,21801,4.0000000000000036
4,21802,3.9200000000000035
4,21803,3.560000000000003
4,21804,3.6800000000000033
4,21805,3.600000000000003
4,21806,3.7100000000000035
4,21807,3.7100000000000035
4,21808,3.540000000000003
4,21809,2.7900000000000027
4,21810,2.2700000000000022
4,21811,1.6000000000000014
4,22081,1.090000000000001
4,22082,2.340000000000002
4,22083,3.690000000000003
4,22084,3.8600000000000034
4,22085,3.6800000000000033
4,22086,3.7100000000000035
4,22087,3.9300000000000033
4,22088,1.5900000000000014
4,22094,3.9600000000000035
4,22095,4.0000000000000036
4,22096,3.9400000000000035
4,22097,3.8700000000000037
4,22098,3.8800000000000034
4,22099,4.0000000000000036
4,22100,4.0000000000000036
4,22101,4.0000000000000036
4,22102,4.0000000000000036
4,22103,4.0000000000000036
4,22104,4.0000000000000036
4,22105,3.9400000000000035
4,22106,4.0000000000000036
4,22107,4.0000000000000036
4,22108,4.0000000000000036
4,22109,3.3300000000000027
4,22110,2.9000000000000026
4,22111,2.300000000000002
4,22112,1.6400000000000015
4,22377,1.060000000000001
4,22378,2.7400000000000024
4,22379,3.7800000000000034
4,22380,3.850000000000003
4,22381,3.6600000000000033
4,22382,3.9500000000000037
4,22383,1.9800000000000018
4,22389,2.8100000000000023
4,22390,3.7500000000000036
4,22391,3.9000000000000035
4,22392,4.0000000000000036
4,22393,4.0000000000000036
4,22394,4.0000000000000036
4,22395,4.0000000000000036
4,22396,4.0000000000000036
4,22397,3.9600000000000035
4,22398,3.8800000000000034
4,22399,3.8600000000000034
4,22400,3.9700000000000033
4,22401,3.9400000000000035
4,22402,3.7200000000000033
4,22403,3.7500000000000036
4,22404,3.8300000000000036
4,22405,3.610000000000003
4,22406,1.9300000000000017
4,22407,3.8300000000000036
4,22408,3.7600000000000033
4,22672,3.6300000000000034
4,22673,3.7800000000000034
4,22674,3.8300000000000036
4,22675,4.0000000000000036
4,22676,3.8200000000000034
4,22677,4.0000000000000036
4,22678,1.5800000000000014
4,22684,1.6000000000000014
4,22685,4.0000000000000036
4,22686,4.0000000000000036
4,22687,4.0000000000000036
4,22688,4.0000000000000036
4,22689,4.0000000000000036
4,22690,3.9700000000000033
4,22691,3.8900000000000032
4,22692,3.8900000000000032
4,22693,3.8600000000000034
4,22694,4.0000000000000036
4,22695,4.0000000000000036
4,22696,4.0000000000000036
4,22697,3.310000000000003
4,22698,3.8700000000000037
4,22699,4.0000000000000036
4,22700,3.810000000000003
4,22701,3.8800000000000034
4,22702,3.9700000000000033
4,22703,3.9200000000000035
4,22704,1.3100000000000012
4,22966,2.100000000000002
4,22967,3.8800000000000034
4,22968,3.9400000000000035
4,22969,3.8900000000000032
4,22970,4.0000000000000036
4,22971,3.9000000000000035
4,22972,4.0000000000000036
4,22973,1.8000000000000016
4,22979,2.0500000000000016
4,22980,3.9400000000000035
4,22981,3.9400000000000035
4,22982,3.9300000000000033
4,22983,3.8400000000000034
4,22984,3.8400000000000034
4,22985,3.9200000000000035
4,22986,4.0000000000000036
4,22987,3.8700000000000037
4,22988,3.9200000000000035
4,22989,3.6300000000000034
4,22990,2.480000000000002
4,22991,2.950000000000003
4,22992,3.200000000000003
4,22993,3.340000000000003
4,22994,3.360000000000003
4,22995,3.230000000000003
4,22996,3.380000000000003
4,22997,3.190000000000003
4,22998,1.8800000000000017
4,23260,1.8500000000000016
4,23261,3.160000000000003
4,23262,3.7800000000000034
4,23263,3.810000000000003
4,23264,3.850000000000003
4,23265,3.730000000000003
4,23266,3.8400000000000034
4,23267,3.9800000000000035
4,23274,3.0500000000000025
4,23275,4.0000000000000036
4,23276,3.8800000000000034
4,23277,3.8900000000000032
4,23278,3.9600000000000035
4,23279,3.9100000000000037
4,23280,3.9200000000000035
4,23281,3.9100000000000037
4,23282,2.690000000000002
4,23554,1.040000000000001
4,23555,2.500000000000002
4,23556,3.450000000000003
4,23557,3.610000000000003
4,23558,3.9400000000000035
4,23559,4.0000000000000036
4,23560,3.9100000000000037
4,23561,3.7100000000000035
4,23562,2.6700000000000026
4,23569,3.7100000000000035
4,23570,3.230000000000003
4,23571,3.8700000000000037
4,23572,3.8700000000000037
4,23573,3.8900000000000032
4,23574,3.7900000000000036
4,23575,3.7000000000000033
4,23576,3.8600000000000034
4,23850,2.7600000000000025
4,23851,3.4300000000000033
4,23852,3.7400000000000033
4,23853,3.730000000000003
4,23854,3.9300000000000033
4,23855,4.0000000000000036
4,23856,3.8700000000000037
4,23857,1.160000000000001
4,23864,3.230000000000003
4,23865,3.770000000000003
4,23866,4.0000000000000036
4,23867,4.0000000000000036
4,23868,3.9200000000000035
4,23869,3.7800000000000034
4,23870,3.9300000000000033
4,23871,3.770000000000003
4,23872,1.7800000000000016
4,23873,3.320000000000003
4,23874,3.9900000000000038
4,23875,4.0000000000000036
4,23876,3.850000000000003
4,23877,3.6800000000000033
4,23878,3.480000000000003
4,23879,3.360000000000003
4,23880,1.160000000000001
4,24146,3.340000000000003
4,24147,4.0000000000000036
4,24148,3.9700000000000033
4,24149,3.8600000000000034
4,24150,4.0000000000000036
4,24151,3.5900000000000034
4,24158,1.3000000000000012
4,24159,4.0000000000000036
4,24160,3.9700000000000033
4,24161,3.8900000000000032
4,24162,3.8400000000000034
4,24163,3.7400000000000033
4,24164,3.9500000000000037
4,24165,4.0000000000000036
4,24166,3.9100000000000037
4,24167,2.490000000000002
4,24168,2.490000000000002
4,24169,2.6700000000000026
4,24170,3.110000000000003
4,24171,3.490000000000003
4,24172,3.9000000000000035
4,24173,3.410000000000003
4,24174,3.8700000000000037
4,24175,3.2500000000000027
4,24176,1.020000000000001
4,24441,2.2100000000000017
4,24442,3.7800000000000034
4,24443,3.7800000000000034
4,24444,3.9800000000000035
4,24445,3.8200000000000034
4,24446,2.320000000000002
4,24453,2.3100000000000023
4,24454,4.0000000000000036
4,24455,3.9000000000000035
4,24456,3.620000000000003
4,24457,3.7600000000000033
4,24458,3.9800000000000035
4,24459,4.0000000000000036
4,24460,4.0000000000000036
4,24461,3.6800000000000033
4,24462,3.7200000000000033
4,24463,4.0000000000000036
4,24464,4.0000000000000036
4,24465,4.0000000000000036
4,24466,3.2500000000000027
4,24467,4.0000000000000036
4,24468,3.600000000000003
4,24469,3.8900000000000032
4,24470,4.0000000000000036
4,24471,3.7200000000000033
4,24700,1.030000000000001
4,24701,1.3200000000000012
4,24702,1.220000000000001
4,24736,2.480000000000002
4,24737,4.0000000000000036
4,24738,4.0000000000000036
4,24739,4.0000000000000036
4,24740,3.850000000000003
4,24748,3.500000000000003
4,24749,4.0000000000000036
4,24750,4.0000000000000036
4,24751,3.520000000000003
4,24752,3.9500000000000037
4,24753,4.0000000000000036
4,24754,4.0000000000000036
4,24755,3.7800000000000034
4,24756,3.8800000000000034
4,24757,3.7400000000000033
4,24758,4.0000000000000036
4,24759,4.0000000000000036
4,24760,4.0000000000000036
4,24761,3.580000000000003
4,24762,3.600000000000003
4,24763,3.7000000000000033
4,24764,4.0000000000000036
4,24765,3.9500000000000037
4,24766,3.8900000000000032
4,24767,3.9000000000000035
4,24768,1.7900000000000016
4,24992,1.8200000000000016
4,24993,2.690000000000002
4,24994,3.440000000000003
4,24995,3.9700000000000033
4,24996,4.0000000000000036
4,24997,2.290000000000002
4,25022,1.170000000000001
4,25031,2.8600000000000025
4,25032,4.0000000000000036
4,25033,3.690000000000003
4,25034,3.9200000000000035
4,25035,2.4300000000000024
4,25042,1.230000000000001
4,25043,4.0000000000000036
4,25044,3.9200000000000035
4,25045,3.9000000000000035
4,25046,3.600000000000003
4,25047,3.7800000000000034
4,25048,4.0000000000000036
4,25049,3.9300000000000033
4,25050,3.7900000000000036
4,25051,3.9100000000000037
4,25052,3.8000000000000034
4,25053,4.0000000000000036
4,25054,4.0000000000000036
4,25055,4.0000000000000036
4,25056,3.7800000000000034
4,25057,2.9600000000000026
4,25058,2.7900000000000027
4,25059,4.0000000000000036
4,25060,3.480000000000003
4,25061,3.850000000000003
4,25062,3.9300000000000033
4,25063,3.580000000000003
4,25069,1.9900000000000018
4,25287,1.8100000000000016
4,25288,3.9500000000000037
4,25289,3.280000000000003
4,25290,3.9600000000000035
4,25291,3.9800000000000035
4,25313,1.190000000000001
4,25318,2.4300000000000024
4,25319,2.260000000000002
4,25321,1.220000000000001
4,25322,1.200000000000001
4,25323,1.120000000000001
4,25325,2.570000000000002
4,25326,3.770000000000003
4,25327,3.530000000000003
4,25328,3.1300000000000026
4,25329,4.0000000000000036
4,25330,2.140000000000002
4,25337,3.540000000000003
4,25338,3.8400000000000034
4,25339,3.9800000000000035
4,25340,4.0000000000000036
4,25341,4.0000000000000036
4,25342,3.7200000000000033
4,25343,3.610000000000003
4,25344,3.380000000000003
4,25345,3.9100000000000037
4,25346,3.9900000000000038
4,25347,3.8000000000000034
4,25348,4.0000000000000036
4,25349,3.8900000000000032
4,25350,3.320000000000003
4,25351,3.7900000000000036
4,25352,3.9300000000000033
4,25353,2.7800000000000025
4,25354,3.2500000000000027
4,25355,2.9400000000000026
4,25356,3.180000000000003
4,25357,3.9600000000000035
4,25358,3.8600000000000034
4,25359,2.440000000000002
4,25360,2.260000000000002
4,25363,1.7700000000000016
4,25364,3.9400000000000035
4,25365,1.8700000000000017
4,25583,3.9800000000000035
4,25584,3.7900000000000036
4,25603,1.4600000000000013
4,25604,1.3600000000000012
4,25606,2.2700000000000022
4,25607,1.210000000000001
4,25611,2.9600000000000026
4,25612,3.8200000000000034
4,25613,3.360000000000003
4,25614,3.770000000000003
4,25615,3.440000000000003
4,25616,3.340000000000003
4,25617,2.7900000000000027
4,25618,3.190000000000003
4,25619,3.110000000000003
4,25620,3.500000000000003
4,25621,3.540000000000003
4,25622,2.570000000000002
4,25623,2.730000000000002
4,25624,3.0800000000000027
4,25625,1.4600000000000013
4,25632,3.620000000000003
4,25633,4.0000000000000036
4,25634,4.0000000000000036
4,25635,4.0000000000000036
4,25636,4.0000000000000036
4,25637,3.9000000000000035
4,25638,3.7400000000000033
4,25639,3.3900000000000032
4,25640,3.400000000000003
4,25641,3.540000000000003
4,25642,3.6400000000000032
4,25643,3.730000000000003
4,25644,3.8700000000000037
4,25645,3.9800000000000035
4,25646,3.810000000000003
4,25647,3.9800000000000035
4,25648,2.5500000000000025
4,25649,2.5200000000000022
4,25650,3.9700000000000033
4,25651,3.8800000000000034
4,25652,3.7500000000000036
4,25653,3.4700000000000033
4,25654,3.450000000000003
4,25655,2.5100000000000025
4,25657,1.7500000000000016
4,25658,3.600000000000003
4,25659,2.7900000000000027
4,25660,3.240000000000003
4,25877,1.6300000000000014
4,25878,4.0000000000000036
4,25879,3.0400000000000027
4,25899,1.4600000000000013
4,25900,2.3500000000000023
4,25901,1.7700000000000016
4,25902,3.530000000000003
4,25903,3.380000000000003
4,25904,3.450000000000003
4,25905,3.9100000000000037
4,25906,3.690000000000003
4,25907,3.7400000000000033
4,25908,3.9000000000000035
4,25909,3.9200000000000035
4,25910,3.8700000000000037
4,25911,3.9000000000000035
4,25912,3.9600000000000035
4,25913,3.9900000000000038
4,25914,3.9700000000000033
4,25915,3.8800000000000034
4,25916,3.8700000000000037
4,25917,3.9700000000000033
4,25918,3.9400000000000035
4,25919,4.0000000000000036
4,25920,2.7200000000000024
4,25927,2.060000000000002
4,25928,4.0000000000000036
4,25929,4.0000000000000036
4,25930,4.0000000000000036
4,25931,3.9200000000000035
4,25932,3.730000000000003
4,25933,3.8200000000000034
4,25934,3.8700000000000037
4,25935,3.8700000000000037
4,25936,3.6300000000000034
4,25937,3.9500000000000037
4,25938,3.9300000000000033
4,25939,3.520000000000003
4,25940,2.7400000000000024
4,25941,3.9100000000000037
4,25942,3.850000000000003
4,25943,4.0000000000000036
4,25944,3.9600000000000035
4,25945,3.9600000000000035
4,25946,3.8700000000000037
4,25947,3.9100000000000037
4,25948,1.7400000000000015
4,25949,2.450000000000002
4,25950,3.580000000000003
4,25951,1.6400000000000015
4,25952,3.6700000000000035
4,25953,3.520000000000003
4,25954,2.6400000000000023
4,25955,3.9300000000000033
4,25956,2.6200000000000023
4,26172,3.310000000000003
4,26173,3.440000000000003
4,26175,1.9200000000000017
4,26193,2.7500000000000027
4,26194,2.8300000000000027
4,26195,3.850000000000003
4,26196,2.3500000000000023
4,26197,3.9000000000000035
4,26198,3.420000000000003
4,26199,3.7100000000000035
4,26200,3.9000000000000035
4,26201,4.0000000000000036
4,26202,3.9500000000000037
4,26203,3.9700000000000033
4,26204,4.0000000000000036
4,26205,4.0000000000000036
4,26206,3.9100000000000037
4,26207,3.8400000000000034
4,26208,3.9200000000000035
4,26209,3.9000000000000035
4,26210,3.8400000000000034
4,26211,3.9700000000000033
4,26212,3.540000000000003
4,26213,3.610000000000003
4,26214,3.9200000000000035
4,26215,1.8200000000000016
4,26223,2.340000000000002
4,26224,4.0000000000000036
4,26225,3.9600000000000035
4,26226,3.8300000000000036
4,26227,3.7500000000000036
4,26228,3.7500000000000036
4,26229,4.0000000000000036
4,26230,3.9600000000000035
4,26231,3.770000000000003
4,26232,3.8600000000000034
4,26233,4.0000000000000036
4,26234,3.8000000000000034
4,26235,3.850000000000003
4,26236,3.230000000000003
4,26237,3.360000000000003
4,26238,3.6400000000000032
4,26239,2.9600000000000026
4,26240,3.560000000000003
4,26241,3.300000000000003
4,26242,4.0000000000000036
4,26243,1.4000000000000012
4,26245,2.2500000000000018
4,26246,3.650000000000003
4,26247,3.460000000000003
4,26248,3.280000000000003
4,26249,2.9400000000000026
4,26250,2.420000000000002
4,26251,3.260000000000003
4,26466,1.2900000000000011
4,26467,1.8200000000000016
4,26484,1.030000000000001
4,26485,2.280000000000002
4,26486,1.6500000000000015
4,26487,2.5100000000000025
4,26488,3.6400000000000032
4,26489,3.8700000000000037
4,26490,3.610000000000003
4,26491,3.7000000000000033
4,26492,3.9000000000000035
4,26493,4.0000000000000036
4,26494,3.7600000000000033
4,26495,3.9300000000000033
4,26496,4.0000000000000036
4,26497,4.0000000000000036
4,26498,3.9100000000000037
4,26499,3.9300000000000033
4,26500,3.7400000000000033
4,26501,3.9000000000000035
4,26502,3.8800000000000034
4,26503,3.9100000000000037
4,26504,3.8700000000000037
4,26505,3.9300000000000033
4,26506,3.9400000000000035
4,26507,2.460000000000002
4,26508,3.520000000000003
4,26509,3.350000000000003
4,26519,1.8000000000000016
4,26520,3.4700000000000033
4,26521,3.7600000000000033
4,26522,3.9000000000000035
4,26523,3.8700000000000037
4,26524,4.0000000000000036
4,26525,3.9000000000000035
4,26526,3.8200000000000034
4,26527,3.9100000000000037
4,26528,3.8400000000000034
4,26529,4.0000000000000036
4,26530,3.9600000000000035
4,26531,3.8000000000000034
4,26532,4.0000000000000036
4,26533,3.9200000000000035
4,26534,3.8400000000000034
4,26535,2.6800000000000024
4,26536,3.230000000000003
4,26537,2.530000000000002
4,26538,3.610000000000003
4,26539,3.5100000000000033
4,26540,1.190000000000001
4,26541,3.500000000000003
4,26542,1.8200000000000016
4,26543,2.120000000000002
4,26544,1.9200000000000017
4,26545,2.910000000000003
4,26546,3.9400000000000035
4,26547,1.7900000000000016
4,26761,2.300000000000002
4,26778,1.7500000000000016
4,26779,1.9800000000000018
4,26780,1.3000000000000012
4,26782,1.8200000000000016
4,26783,3.9400000000000035
4,26784,3.9800000000000035
4,26785,3.540000000000003
4,26786,3.9800000000000035
4,26787,3.9600000000000035
4,26788,3.9800000000000035
4,26789,3.770000000000003
4,26790,3.810000000000003
4,26791,3.8900000000000032
4,26792,3.9700000000000033
4,26793,3.9100000000000037
4,26794,4.0000000000000036
4,26795,3.9700000000000033
4,26796,3.9000000000000035
4,26797,4.0000000000000036
4,26798,3.9800000000000035
4,26799,3.8400000000000034
4,26800,3.9700000000000033
4,26801,4.0000000000000036
4,26802,3.7600000000000033
4,26803,3.280000000000003
4,26804,1.4100000000000013
4,26816,3.260000000000003
4,26817,3.850000000000003
4,26818,3.810000000000003
4,26819,4.0000000000000036
4,26820,3.9300000000000033
4,26821,3.2900000000000027
4,26822,2.9200000000000026
4,26823,3.770000000000003
4,26824,3.8200000000000034
4,26825,3.7500000000000036
4,26826,3.9200000000000035
4,26827,3.9600000000000035
4,26828,3.850000000000003
4,26829,3.8300000000000036
4,26830,3.8600000000000034
4,26831,1.9000000000000017
4,26832,3.1200000000000028
4,26833,3.6400000000000032
4,26834,3.9100000000000037
4,26835,3.540000000000003
4,26836,2.7400000000000024
4,26837,2.5400000000000023
4,26838,3.9400000000000035
4,26839,3.3700000000000028
4,26840,3.7200000000000033
4,26841,3.8400000000000034
4,26842,2.910000000000003
4,27062,1.010000000000001
4,27071,1.9300000000000017
4,27072,2.160000000000002
4,27073,3.150000000000003
4,27074,1.9900000000000018
4,27075,3.0800000000000027
4,27076,3.6600000000000033
4,27077,3.8400000000000034
4,27078,3.8600000000000034
4,27079,3.9200000000000035
4,27080,3.560000000000003
4,27081,3.690000000000003
4,27082,3.9200000000000035
4,27083,3.9900000000000038
4,27084,3.9100000000000037
4,27085,3.9500000000000037
4,27086,4.0000000000000036
4,27087,3.9200000000000035
4,27088,3.8900000000000032
4,27089,3.8300000000000036
4,27090,3.9600000000000035
4,27091,2.500000000000002
4,27092,2.490000000000002
4,27093,2.290000000000002
4,27094,2.370000000000002
4,27095,1.8700000000000017
4,27096,1.8800000000000017
4,27097,2.0900000000000016
4,27102,1.3500000000000012
4,27103,2.530000000000002
4,27104,1.7400000000000015
4,27112,1.160000000000001
4,27113,1.020000000000001
4,27114,1.140000000000001
4,27120,1.250000000000001
4,27121,3.2900000000000027
4,27122,3.0400000000000027
4,27123,2.300000000000002
4,27124,2.0900000000000016
4,27125,1.9000000000000017
4,27127,3.770000000000003
4,27128,3.8900000000000032
4,27129,3.9100000000000037
4,27130,3.9000000000000035
4,27131,3.690000000000003
4,27132,3.280000000000003
4,27133,3.0100000000000025
4,27134,3.460000000000003
4,27135,4.0000000000000036
4,27136,2.480000000000002
4,27137,3.490000000000003
4,27357,2.9300000000000024
4,27358,2.030000000000002
4,27359,1.090000000000001
4,27365,2.060000000000002
4,27366,3.530000000000003
4,27367,3.7900000000000036
4,27368,3.9600000000000035
4,27369,3.8900000000000032
4,27370,3.9000000000000035
4,27371,3.9400000000000035
4,27372,3.9400000000000035
4,27373,3.7600000000000033
4,27374,3.8300000000000036
4,27375,3.8800000000000034
4,27376,3.320000000000003
4,27377,3.9700000000000033
4,27378,4.0000000000000036
4,27379,3.7800000000000034
4,27380,3.9100000000000037
4,27381,3.9500000000000037
4,27382,3.9500000000000037
4,27383,3.730000000000003
4,27384,3.620000000000003
4,27385,1.6000000000000014
4,27397,2.8600000000000025
4,27398,3.9700000000000033
4,27399,3.9100000000000037
4,27400,1.060000000000001
4,27422,3.480000000000003
4,27423,3.190000000000003
4,27424,1.6600000000000015
4,27425,1.4400000000000013
4,27426,2.7000000000000024
4,27427,3.6700000000000035
4,27428,3.2100000000000026
4,27429,2.5200000000000022
4,27430,2.7700000000000022
4,27431,3.300000000000003
4,27432,3.520000000000003
4,27642,1.030000000000001
4,27651,1.2900000000000011
4,27652,3.5500000000000034
4,27653,3.1000000000000028
4,27654,1.6500000000000015
4,27655,1.6400000000000015
4,27656,3.4300000000000033
4,27657,1.220000000000001
4,27659,2.480000000000002
4,27660,3.8300000000000036
4,27661,3.9300000000000033
4,27662,4.0000000000000036
4,27663,4.0000000000000036
4,27664,3.9100000000000037
4,27665,3.8800000000000034
4,27666,3.9500000000000037
4,27667,3.8900000000000032
4,27668,4.0000000000000036
4,27669,3.610000000000003
4,27670,4.0000000000000036
4,27671,3.300000000000003
4,27672,3.9300000000000033
4,27673,3.9300000000000033
4,27674,3.8300000000000036
4,27675,3.8700000000000037
4,27676,3.8800000000000034
4,27677,3.410000000000003
4,27678,1.6400000000000015
4,27681,1.6900000000000015
4,27687,2.400000000000002
4,27688,2.8300000000000027
4,27692,1.100000000000001
4,27693,3.500000000000003
4,27694,2.8000000000000025
4,27695,2.6700000000000026
4,27696,3.3900000000000032
4,27697,1.3000000000000012
4,27710,1.020000000000001
4,27711,1.7000000000000015
4,27722,3.0100000000000025
4,27723,3.490000000000003
4,27724,3.7800000000000034
4,27725,4.0000000000000036
4,27726,3.8400000000000034
4,27727,3.610000000000003
4,27942,2.6300000000000026
4,27943,1.220000000000001
4,27944,1.7200000000000015
4,27946,1.210000000000001
4,27947,1.7200000000000015
4,27948,1.6500000000000015
4,27949,1.3200000000000012
4,27954,1.6100000000000014
4,27955,2.6200000000000023
4,27956,3.770000000000003
4,27957,3.7900000000000036
4,27958,3.8700000000000037
4,27959,3.9200000000000035
4,27960,3.650000000000003
4,27961,3.600000000000003
4,27962,3.850000000000003
4,27963,3.8700000000000037
4,27964,3.8800000000000034
4,27965,3.8200000000000034
4,27966,3.300000000000003
4,27967,3.9900000000000038
4,27968,3.9700000000000033
4,27969,3.8900000000000032
4,27970,3.8200000000000034
4,27971,1.4600000000000013
4,27973,1.3200000000000012
4,27974,3.5900000000000034
4,27975,3.9700000000000033
4,27976,3.580000000000003
4,27981,2.450000000000002
4,27982,3.8200000000000034
4,27983,2.0100000000000016
4,27986,2.020000000000002
4,27987,2.6300000000000026
4,27990,2.8600000000000025
4,27991,3.650000000000003
4,27992,3.0200000000000027
4,27993,1.7300000000000015
4,28002,1.7600000000000016
4,28003,1.7700000000000016
4,28004,3.0900000000000025
4,28005,2.6400000000000023
4,28006,3.110000000000003
4,28007,1.9900000000000018
4,28008,2.6300000000000026
4,28009,3.110000000000003
4,28016,2.450000000000002
4,28017,2.8100000000000023
4,28236,3.0600000000000027
4,28237,3.0400000000000027
4,28238,1.3500000000000012
4,28251,2.7000000000000024
4,28252,3.9200000000000035
4,28253,3.8300000000000036
4,28254,4.0000000000000036
4,28255,3.9900000000000038
4,28256,3.7600000000000033
4,28257,3.8800000000000034
4,28258,3.8300000000000036
4,28259,4.0000000000000036
4,28260,3.7900000000000036
4,28261,3.8200000000000034
4,28262,3.380000000000003
4,28263,3.270000000000003
4,28264,1.7700000000000016
4,28266,1.020000000000001
4,28267,1.9500000000000017
4,28268,3.600000000000003
4,28269,3.9500000000000037
4,28270,3.7800000000000034
4,28271,3.7200000000000033
4,28273,1.160000000000001
4,28274,2.7000000000000024
4,28275,3.530000000000003
4,28276,3.380000000000003
4,28277,3.200000000000003
4,28278,1.090000000000001
4,28280,1.5700000000000014
4,28281,2.990000000000003
4,28282,3.540000000000003
4,28284,1.2900000000000011
4,28285,3.7200000000000033
4,28286,3.730000000000003
4,28287,2.420000000000002
4,28288,1.4000000000000012
4,28289,2.570000000000002
4,28290,1.8100000000000016
4,28291,3.7200000000000033
4,28292,3.7100000000000035
4,28293,2.220000000000002
4,28294,3.200000000000003
4,28295,3.350000000000003
4,28296,3.0100000000000025
4,28297,3.8700000000000037
4,28298,3.580000000000003
4,28299,3.600000000000003
4,28300,2.0000000000000018
4,28302,2.300000000000002
4,28303,1.9800000000000018
4,28305,1.2900000000000011
4,28306,1.3900000000000012
4,28307,1.8800000000000017
4,28308,2.030000000000002
4,28311,1.7200000000000015
4,28312,1.3400000000000012
4,28526,1.5500000000000014
4,28546,1.5000000000000013
4,28547,4.0000000000000036
4,28548,3.9800000000000035
4,28549,3.8800000000000034
4,28550,3.9600000000000035
4,28551,3.8000000000000034
4,28552,3.8400000000000034
4,28553,4.0000000000000036
4,28554,3.9000000000000035
4,28555,3.850000000000003
4,28556,2.9600000000000026
4,28560,1.3900000000000012
4,28561,3.850000000000003
4,28562,3.160000000000003
4,28563,3.190000000000003
4,28564,3.8000000000000034
4,28565,3.7000000000000033
4,28566,3.5900000000000034
4,28567,2.190000000000002
4,28568,1.8600000000000017
4,28569,2.990000000000003
4,28570,3.1000000000000028
4,28571,3.7000000000000033
4,28572,2.410000000000002
4,28574,3.5100000000000033
4,28575,3.650000000000003
4,28576,1.9000000000000017
4,28577,2.340000000000002
4,28580,3.400000000000003
4,28581,3.570000000000003
4,28582,3.560000000000003
4,28583,2.220000000000002
4,28584,3.3300000000000027
4,28585,2.150000000000002
4,28586,3.310000000000003
4,28587,3.7400000000000033
4,28588,3.600000000000003
4,28589,3.620000000000003
4,28590,3.280000000000003
4,28591,2.120000000000002
4,28592,1.3400000000000012
4,28593,2.9200000000000026
4,28594,3.0400000000000027
4,28595,3.1200000000000028
4,28596,3.8200000000000034
4,28597,3.220000000000003
4,28598,2.230000000000002
4,28599,3.0900000000000025
4,28600,3.9200000000000035
4,28601,3.3300000000000027
4,28602,2.5100000000000025
4,28603,2.5500000000000025
4,28604,3.8800000000000034
4,28605,3.200000000000003
4,28606,3.230000000000003
4,28607,1.9000000000000017
4,28610,1.070000000000001
4,28611,1.2800000000000011
4,28821,1.4900000000000013
4,28834,2.070000000000002
4,28835,1.3800000000000012
4,28842,3.7100000000000035
4,28843,3.8600000000000034
4,28844,3.730000000000003
4,28845,3.8700000000000037
4,28846,3.850000000000003
4,28847,3.600000000000003
4,28848,3.8200000000000034
4,28849,3.4300000000000033
4,28850,2.2100000000000017
4,28853,1.9900000000000018
4,28854,3.580000000000003
4,28855,3.6600000000000033
4,28856,3.9900000000000038
4,28857,3.5900000000000034
4,28858,2.8400000000000025
4,28859,3.810000000000003
4,28860,3.850000000000003
4,28861,1.150000000000001
4,28862,2.500000000000002
4,28864,1.8700000000000017
4,28865,3.1700000000000026
4,28866,2.7500000000000027
4,28867,1.9400000000000017
4,28869,1.160000000000001
4,28874,1.7300000000000015
4,28877,1.7000000000000015
4,28878,1.060000000000001
4,28881,3.6300000000000034
4,28882,3.9100000000000037
4,28883,3.1300000000000026
4,28884,1.3500000000000012
4,28891,1.3400000000000012
4,28892,1.4400000000000013
4,28893,2.0500000000000016
4,28894,3.0600000000000027
4,28895,3.230000000000003
4,28896,3.3700000000000028
4,28897,3.1700000000000026
4,28898,3.5500000000000034
4,28899,4.0000000000000036
4,28900,4.0000000000000036
4,28901,3.5900000000000034
4,28902,3.580000000000003
4,28903,3.580000000000003
4,28904,2.500000000000002
4,28905,2.450000000000002
4,28906,2.530000000000002
4,29129,3.8900000000000032
4,29130,4.0000000000000036
4,29131,3.560000000000003
4,29132,1.040000000000001
4,29137,2.8400000000000025
4,29138,4.0000000000000036
4,29139,4.0000000000000036
4,29140,3.8200000000000034
4,29141,4.0000000000000036
4,29142,3.9100000000000037
4,29143,2.8300000000000027
4,29146,2.6600000000000024
4,29147,3.6600000000000033
4,29148,2.5600000000000023
4,29149,3.8700000000000037
4,29150,3.220000000000003
4,29151,2.300000000000002
4,29152,1.7800000000000016
4,29153,1.9200000000000017
4,29154,3.9200000000000035
4,29155,2.5500000000000025
4,29156,2.3500000000000023
4,29159,1.2600000000000011
4,29168,3.200000000000003
4,29169,2.8100000000000023
4,29175,1.6800000000000015
4,29176,3.9700000000000033
4,29177,4.0000000000000036
4,29178,2.080000000000002
4,29180,1.4300000000000013
4,29187,1.020000000000001
4,29191,1.200000000000001
4,29193,1.6900000000000015
4,29194,3.140000000000003
4,29195,3.8400000000000034
4,29196,3.8400000000000034
4,29197,3.9400000000000035
4,29198,3.8800000000000034
4,29199,3.9400000000000035
4,29200,2.7400000000000024
4,29201,1.4100000000000013
4,29424,3.9300000000000033
4,29425,3.9800000000000035
4,29426,3.320000000000003
4,29427,3.7900000000000036
4,29428,1.080000000000001
4,29430,2.280000000000002
4,29433,1.9000000000000017
4,29434,3.6700000000000035
4,29435,3.9500000000000037
4,29436,2.190000000000002
4,29437,1.4200000000000013
4,29439,2.2500000000000018
4,29440,2.6400000000000023
4,29441,3.8300000000000036
4,29442,3.850000000000003
4,29443,2.420000000000002
4,29444,3.200000000000003
4,29445,1.9300000000000017
4,29447,2.9300000000000024
4,29448,2.280000000000002
4,29449,1.5700000000000014
4,29450,2.7200000000000024
4,29469,2.1300000000000017
4,29470,3.200000000000003
4,29471,3.5900000000000034
4,29472,4.0000000000000036
4,29473,3.5500000000000034
4,29474,3.5100000000000033
4,29475,2.340000000000002
4,29478,1.8700000000000017
4,29479,1.9200000000000017
4,29480,2.8100000000000023
4,29481,2.8800000000000026
4,29489,2.290000000000002
4,29490,2.730000000000002
4,29491,4.0000000000000036
4,29492,3.9400000000000035
4,29493,3.8000000000000034
4,29494,3.8400000000000034
4,29495,3.8800000000000034
4,29707,1.3300000000000012
4,29715,1.7600000000000016
4,29716,3.6400000000000032
4,29717,1.5100000000000013
4,29719,2.8500000000000023
4,29720,3.520000000000003
4,29721,2.7100000000000026
4,29722,3.8300000000000036
4,29723,3.8200000000000034
4,29724,3.690000000000003
4,29726,1.5100000000000013
4,29733,2.6200000000000023
4,29734,3.9500000000000037
4,29735,3.8300000000000036
4,29736,3.8800000000000034
4,29737,3.9200000000000035
4,29738,3.380000000000003
4,29739,1.4300000000000013
4,29741,3.560000000000003
4,29742,3.190000000000003
4,29743,2.7100000000000026
4,29744,3.0400000000000027
4,29745,1.6900000000000015
4,29764,2.3100000000000023
4,29765,3.770000000000003
4,29766,3.2500000000000027
4,29767,2.910000000000003
4,29768,3.340000000000003
4,29769,2.7400000000000024
4,29770,4.0000000000000036
4,29771,3.6600000000000033
4,29772,3.6300000000000034
4,29773,3.0400000000000027
4,29774,2.9300000000000024
4,29775,3.9300000000000033
4,29776,3.9400000000000035
4,29785,1.5500000000000014
4,29786,2.6800000000000024
4,29787,3.7100000000000035
4,29788,3.9700000000000033
4,29789,3.9300000000000033
4,29790,1.6200000000000014
4,30002,3.7400000000000033
4,30011,1.3600000000000012
4,30012,2.530000000000002
4,30013,2.610000000000002
4,30014,1.9600000000000017
4,30015,1.250000000000001
4,30017,1.9100000000000017
4,30018,2.320000000000002
4,30019,2.8300000000000027
4,30022,1.240000000000001
4,30023,3.3300000000000027
4,30024,2.6300000000000026
4,30025,1.180000000000001
4,30026,3.0400000000000027
4,30027,3.8400000000000034
4,30028,4.0000000000000036
4,30029,3.9200000000000035
4,30030,3.8300000000000036
4,30031,3.850000000000003
4,30032,3.6300000000000034
4,30033,1.3200000000000012
4,30035,1.7300000000000015
4,30036,1.8900000000000017
4,30037,1.5500000000000014
4,30038,1.6300000000000014
4,30039,2.5500000000000025
4,30040,1.240000000000001
4,30059,1.8800000000000017
4,30060,3.260000000000003
4,30061,1.4100000000000013
4,30062,1.240000000000001
4,30063,3.7600000000000033
4,30064,3.3700000000000028
4,30065,3.8700000000000037
4,30066,3.850000000000003
4,30067,3.9100000000000037
4,30068,4.0000000000000036
4,30069,3.7900000000000036
4,30070,3.9600000000000035
4,30071,4.0000000000000036
4,30072,3.6700000000000035
4,30073,3.220000000000003
4,30074,2.8400000000000025
4,30079,1.7500000000000016
4,30080,1.7500000000000016
4,30081,2.480000000000002
4,30082,3.7000000000000033
4,30083,3.8600000000000034
4,30084,2.240000000000002
4,30297,2.8800000000000026
4,30298,1.6700000000000015
4,30315,1.160000000000001
4,30317,1.160000000000001
4,30318,3.160000000000003
4,30319,3.7400000000000033
4,30320,3.6300000000000034
4,30321,3.6800000000000033
4,30322,3.7600000000000033
4,30323,3.9800000000000035
4,30324,3.9800000000000035
4,30325,3.9800000000000035
4,30326,3.7800000000000034
4,30327,2.7400000000000024
4,30335,3.070000000000003
4,30357,3.4700000000000033
4,30358,4.0000000000000036
4,30359,3.9200000000000035
4,30360,3.850000000000003
4,30361,3.8600000000000034
4,30362,3.560000000000003
4,30363,3.8800000000000034
4,30364,3.600000000000003
4,30365,3.8200000000000034
4,30366,3.0800000000000027
4,30367,3.8600000000000034
4,30368,3.9500000000000037
4,30369,3.8400000000000034
4,30373,3.180000000000003
4,30374,1.070000000000001
4,30375,1.3400000000000012
4,30376,2.8100000000000023
4,30377,2.6300000000000026
4,30378,2.080000000000002
4,30592,2.5200000000000022
4,30593,1.6900000000000015
4,30610,2.990000000000003
4,30611,3.9300000000000033
4,30612,2.500000000000002
4,30617,1.5100000000000013
4,30618,3.7000000000000033
4,30619,3.6700000000000035
4,30620,3.450000000000003
4,30621,3.2100000000000026
4,30622,1.5900000000000014
4,30652,2.6600000000000024
4,30653,3.8900000000000032
4,30654,3.8800000000000034
4,30655,3.8300000000000036
4,30656,3.850000000000003
4,30657,2.730000000000002
4,30658,3.9000000000000035
4,30659,3.4700000000000033
4,30660,3.6600000000000033
4,30662,2.5200000000000022
4,30663,3.6600000000000033
4,30664,3.0200000000000027
4,30665,2.2100000000000017
4,30666,1.170000000000001
4,30667,3.530000000000003
4,30668,2.8400000000000025
4,30670,2.320000000000002
4,30671,2.6800000000000024
4,30887,1.8900000000000017
4,30904,1.8700000000000017
4,30905,3.340000000000003
4,30906,3.110000000000003
4,30907,3.450000000000003
4,30908,1.3000000000000012
4,30909,1.170000000000001
4,30911,1.7600000000000016
4,30912,3.0400000000000027
4,30913,3.6600000000000033
4,30914,3.7800000000000034
4,30915,3.7900000000000036
4,30916,3.380000000000003
4,30917,1.7400000000000015
4,30947,1.0000000000000009
4,30948,3.9500000000000037
4,30949,3.8800000000000034
4,30950,2.180000000000002
4,30951,1.6000000000000014
4,30952,2.8800000000000026
4,30953,3.610000000000003
4,30954,3.520000000000003
4,30955,3.8200000000000034
4,30956,3.520000000000003
4,30957,3.350000000000003
4,30958,3.8200000000000034
4,30959,3.0200000000000027
4,30960,2.460000000000002
4,30961,3.070000000000003
4,30962,2.2100000000000017
4,30963,3.160000000000003
4,30964,1.3500000000000012
4,31198,2.360000000000002
4,31199,3.260000000000003
4,31200,3.1700000000000026
4,31202,1.7600000000000016
4,31203,3.530000000000003
4,31204,3.580000000000003
4,31205,3.9200000000000035
4,31206,3.850000000000003
4,31207,3.6300000000000034
4,31208,3.7200000000000033
4,31209,2.9800000000000026
4,31210,2.340000000000002
4,31211,2.440000000000002
4,31243,1.7800000000000016
4,31244,1.240000000000001
4,31494,2.260000000000002
4,31495,3.2900000000000027
4,31496,1.240000000000001
4,31497,1.2900000000000011
4,31498,3.340000000000003
4,31499,3.850000000000003
4,31500,3.8300000000000036
4,31501,3.7200000000000033
4,31502,1.5400000000000014
4,31503,1.8000000000000016
4,31505,1.7700000000000016
4,31790,1.100000000000001
4,31793,1.6500000000000015
4,31794,3.3700000000000028
4,31795,3.460000000000003
4,31796,2.360000000000002
4,31797,1.090000000000001
4,31798,1.4800000000000013
4,31799,1.3300000000000012
4,31800,1.3300000000000012
4,32088,1.5100000000000013
4,32089,1.9500000000000017
4,32091,3.1000000000000028
4,32092,1.7400000000000015
