network_name,child,parent,flow_ha,child_type,parent_type,child_id,parent_id
Global,c_83542,c_83543,2.8500000000000023,c,c,83542,83543
Global,p_84163,c_83543,0.03,p,c,84163,83543
Global,p_84208,c_83543,0.53,p,c,84208,83543
Global,p_84211,c_83543,0.03,p,c,84211,83543
Global,p_84239,c_83543,0.01,p,c,84239,83543
Global,p_84280,c_83543,0.23,p,c,84280,83543
Global,c_83543,p_84762,4.690000000000003,c,p,83543,84762
Global,p_84346,c_83841,0.32,p,c,84346,83841
Global,c_83841,c_84136,2.1700000000000017,c,c,83841,84136
Global,c_83842,c_83843,1.9400000000000015,c,c,83842,83843
Global,p_84625,c_84136,0.62,p,c,84625,84136
Global,p_84762,c_84430,18.200000000000003,p,c,84762,84430
Global,p_84767,c_84430,0.64,p,c,84767,84430
Global,p_84782,c_84430,0.01,p,c,84782,84430
Global,p_84811,c_84430,0.11,p,c,84811,84430
Global,p_84861,c_84430,0.71,p,c,84861,84430
Global,c_83843,c_84138,3.3400000000000025,c,c,83843,84138
Global,c_84136,c_84431,5.400000000000004,c,c,84136,84431
Global,c_84430,c_84431,21.910000000000007,c,c,84430,84431
Global,p_84627,c_84138,4.94,p,c,84627,84138
Global,c_84138,c_84433,9.810000000000004,c,c,84138,84433
Global,c_84431,c_84432,31.310000000000016,c,c,84431,84432
Global,p_84660,c_84433,0.08,p,c,84660,84433
Global,p_84753,c_84433,0.01,p,c,84753,84433
Global,p_84760,c_84433,0.01,p,c,84760,84433
Global,p_84788,c_84433,0.13,p,c,84788,84433
Global,c_84432,p_85049,34.81000000000002,c,p,84432,85049
Global,c_84433,p_85049,12.800000000000008,c,p,84433,85049
Global,p_84992,c_85022,0.01,p,c,84992,85022
Global,p_85049,c_85022,52.39000000000003,p,c,85049,85022
Global,p_85076,c_85022,0.39,p,c,85076,85022
Global,c_85022,p_85462,54.30000000000003,c,p,85022,85462
Global,p_84868,c_84731,0.29,p,c,84868,84731
Global,p_85137,c_85318,0.01,p,c,85137,85318
Global,p_85476,c_85909,0.01,p,c,85476,85909
Global,p_85517,c_85909,0.06,p,c,85517,85909
Global,c_84731,c_85026,2.290000000000002,c,c,84731,85026
Global,c_85318,c_85319,1.160000000000001,c,c,85318,85319
Global,c_85909,p_85703,1.9300000000000017,c,p,85909,85703
Global,p_84967,c_85026,0.11,p,c,84967,85026
Global,p_85127,c_85024,3.99,p,c,85127,85024
Global,p_85202,c_85319,0.22,p,c,85202,85319
Global,p_85244,c_85319,0.01,p,c,85244,85319
Global,p_85462,c_85319,73.96000000000004,p,c,85462,85319
Global,c_85024,p_85308,6.440000000000002,c,p,85024,85308
Global,c_85025,p_85308,2.9200000000000026,c,p,85025,85308
Global,c_85026,c_85027,5.590000000000005,c,c,85026,85027
Global,c_85319,p_85308,76.73000000000003,c,p,85319,85308
Global,p_85213,c_85027,1.38,p,c,85213,85027
Global,p_85703,c_85616,14.540000000000001,p,c,85703,85616
Global,c_85027,c_85028,9.940000000000008,c,c,85027,85028
Global,c_85616,c_85617,15.720000000000002,c,c,85616,85617
Global,p_84825,c_84734,0.17,p,c,84825,84734
Global,p_85289,c_85617,0.23,p,c,85289,85617
Global,p_85308,c_85617,94.87000000000003,p,c,85308,85617
Global,c_84734,p_85465,2.0900000000000016,c,p,84734,85465
Global,c_85028,p_85465,12.86000000000001,c,p,85028,85465
Global,c_85029,p_85465,2.280000000000002,c,p,85029,85465
Global,c_85323,c_85618,2.3900000000000023,c,c,85323,85618
Global,c_85617,c_85618,113.62000000000003,c,c,85617,85618
Global,p_85491,c_85912,0.01,p,c,85491,85912
Global,p_85531,c_85912,0.06,p,c,85531,85912
Global,p_85547,c_85912,0.08,p,c,85547,85912
Global,p_85571,c_85618,1.38,p,c,85571,85618
Global,p_85608,c_85912,0.05,p,c,85608,85912
Global,c_85618,c_85619,119.43000000000004,c,c,85618,85619
Global,c_85912,c_85913,3.000000000000002,c,c,85912,85913
Global,c_86503,c_86208,1.180000000000001,c,c,86503,86208
Global,p_85465,c_85619,25.84000000000001,p,c,85465,85619
Global,p_85684,c_85913,0.65,p,c,85684,85913
Global,p_86006,c_86504,0.02,p,c,86006,86504
Global,c_85619,c_85620,147.37000000000006,c,c,85619,85620
Global,c_85913,c_85914,6.6600000000000055,c,c,85913,85914
Global,c_86208,c_86209,4.190000000000003,c,c,86208,86209
Global,c_86504,c_86209,1.220000000000001,c,c,86504,86209
Global,p_85564,c_85914,0.82,p,c,85564,85914
Global,p_85708,c_86209,0.02,p,c,85708,86209
Global,c_85620,c_85915,150.92000000000007,c,c,85620,85915
Global,c_85621,c_85916,1.7200000000000015,c,c,85621,85916
Global,c_85914,c_85915,10.300000000000008,c,c,85914,85915
Global,c_86209,c_86210,6.530000000000005,c,c,86209,86210
Global,c_86505,c_86210,1.7800000000000016,c,c,86505,86210
Global,p_85733,c_85915,0.92,p,c,85733,85915
Global,p_86088,c_86210,4.9,p,c,86088,86210
Global,p_86098,c_86506,4.47,p,c,86098,86506
Global,c_85915,p_85853,164.49000000000007,c,p,85915,85853
Global,c_85916,c_85917,4.650000000000004,c,c,85916,85917
Global,c_86210,p_85853,16.53000000000001,c,p,86210,85853
Global,c_86506,p_85853,6.320000000000001,c,p,86506,85853
Global,p_85586,c_85917,0.69,p,c,85586,85917
Global,c_85917,c_85918,8.630000000000006,c,c,85917,85918
Global,p_85853,c_86212,190.87000000000006,p,c,85853,86212
Global,p_85856,c_86212,0.16,p,c,85856,86212
Global,p_85873,c_86212,0.07,p,c,85873,86212
Global,c_85918,c_86213,11.180000000000009,c,c,85918,86213
Global,c_86212,c_86213,194.02000000000007,c,c,86212,86213
Global,c_86213,c_86214,208.47000000000008,c,c,86213,86214
Global,p_85751,c_86214,2.96,p,c,85751,86214
Global,c_84736,c_84737,1.8800000000000017,c,c,84736,84737
Global,c_86214,c_86509,213.2600000000001,c,c,86214,86509
Global,c_86508,c_86509,1.100000000000001,c,c,86508,86509
Global,p_84805,c_84737,0.23,p,c,84805,84737
Global,c_84737,c_84738,5.3700000000000045,c,c,84737,84738
Global,c_86509,c_86510,217.8400000000001,c,c,86509,86510
Global,p_84802,c_84738,0.1,p,c,84802,84738
Global,p_84815,c_84738,0.01,p,c,84815,84738
Global,p_84844,c_84738,0.08,p,c,84844,84738
Global,c_84443,c_84444,1.6200000000000014,c,c,84443,84444
Global,c_84738,c_84739,7.880000000000006,c,c,84738,84739
Global,c_86510,c_86511,218.9600000000001,c,c,86510,86511
Global,p_84746,c_84444,0.29,p,c,84746,84444
Global,p_86287,c_86806,0.32,p,c,86287,86806
Global,p_86326,c_86805,2.43,p,c,86326,86805
Global,c_84444,p_84818,3.590000000000003,c,p,84444,84818
Global,c_84445,c_84446,1.2800000000000011,c,c,84445,84446
Global,c_84739,c_84740,10.47000000000001,c,c,84739,84740
Global,c_86511,p_86217,221.19000000000008,c,p,86511,86217
Global,c_86805,p_86217,3.9500000000000015,c,p,86805,86217
Global,c_86806,c_86807,1.8100000000000012,c,c,86806,86807
Global,c_84446,c_84741,2.4300000000000024,c,c,84446,84741
Global,c_84740,c_84741,13.290000000000012,c,c,84740,84741
Global,c_86807,c_86808,2.990000000000002,c,c,86807,86808
Global,p_84818,c_84741,6.950000000000003,p,c,84818,84741
Global,p_86217,c_86808,233.18000000000006,p,c,86217,86808
Global,p_86448,c_87104,2.19,p,c,86448,87104
Global,p_86653,c_87104,3.23,p,c,86653,87104
Global,c_84741,c_84742,25.980000000000018,c,c,84741,84742
Global,c_86808,p_86265,237.27000000000007,c,p,86808,86265
Global,c_87104,p_86265,7.070000000000002,c,p,87104,86265
Global,p_84706,c_84449,0.18,p,c,84706,84449
Global,p_85146,c_85331,0.01,p,c,85146,85331
Global,p_85155,c_85330,0.01,p,c,85155,85330
Global,p_85355,c_85330,0.45,p,c,85355,85330
Global,p_86721,c_86516,9.86,p,c,86721,86516
Global,c_84448,c_84743,1.9700000000000015,c,c,84448,84743
Global,c_84449,c_84744,1.7200000000000013,c,c,84449,84744
Global,c_84450,c_84745,1.110000000000001,c,c,84450,84745
Global,c_84742,c_84743,29.25000000000002,c,c,84742,84743
Global,c_85330,p_85704,2.570000000000002,c,p,85330,85704
Global,c_85331,c_85332,2.570000000000002,c,c,85331,85332
Global,c_86516,c_86221,11.430000000000001,c,c,86516,86221
Global,p_85138,c_85332,0.01,p,c,85138,85332
Global,p_85203,c_85037,0.47,p,c,85203,85037
Global,p_85874,c_86221,0.01,p,c,85874,86221
Global,p_86265,c_86221,260.26000000000005,p,c,86265,86221
Global,c_84743,c_85038,33.880000000000024,c,c,84743,85038
Global,c_84744,c_85039,4.550000000000004,c,c,84744,85039
Global,c_84745,c_85040,2.240000000000002,c,c,84745,85040
Global,c_85037,c_85038,1.8900000000000012,c,c,85037,85038
Global,c_85332,c_85333,4.300000000000003,c,c,85332,85333
Global,c_86221,c_86222,273.96000000000004,c,c,86221,86222
Global,c_86517,c_86222,1.5900000000000014,c,c,86517,86222
Global,p_85212,c_85334,0.03,p,c,85212,85334
Global,p_85225,c_85333,0.02,p,c,85225,85333
Global,p_85463,c_85629,1.64,p,c,85463,85629
Global,p_85582,c_85629,1.87,p,c,85582,85629
Global,p_85704,c_85038,37.51,p,c,85704,85038
Global,p_85754,c_86222,0.09,p,c,85754,86222
Global,p_85845,c_86222,0.15,p,c,85845,86222
Global,p_86011,c_86222,5.25,p,c,86011,86222
Global,c_85038,p_85472,76.25000000000003,c,p,85038,85472
Global,c_85039,p_85472,8.240000000000007,c,p,85039,85472
Global,c_85040,p_85472,5.980000000000006,c,p,85040,85472
Global,c_85041,p_85472,3.570000000000003,c,p,85041,85472
Global,c_85333,p_85472,5.860000000000005,c,p,85333,85472
Global,c_85334,p_85472,2.460000000000002,c,p,85334,85472
Global,c_85337,p_85472,2.8000000000000025,c,p,85337,85472
Global,c_85629,p_85472,4.540000000000001,c,p,85629,85472
Global,c_85631,p_85472,1.9600000000000015,c,p,85631,85472
Global,c_85632,c_85633,1.5600000000000014,c,c,85632,85633
Global,c_86222,c_85927,283.64,c,c,86222,85927
Global,p_85634,c_85927,0.44,p,c,85634,85927
Global,c_85633,c_85928,3.160000000000003,c,c,85633,85928
Global,c_85927,c_85928,285.19,c,c,85927,85928
Global,p_85472,c_85928,124.60000000000007,p,c,85472,85928
Global,p_85736,c_85928,2.85,p,c,85736,85928
Global,c_85928,c_85929,417.2500000000001,c,c,85928,85929
Global,p_85565,c_85929,1.48,p,c,85565,85929
Global,p_85900,c_86225,0.12,p,c,85900,86225
Global,c_85929,c_85930,420.33000000000015,c,c,85929,85930
Global,c_86225,c_85930,1.120000000000001,c,c,86225,85930
Global,p_85864,c_85930,2.98,p,c,85864,85930
Global,c_85930,c_85931,426.5300000000002,c,c,85930,85931
Global,c_85931,p_85807,428.4000000000002,c,p,85931,85807
Global,p_85807,c_86227,431.1400000000002,p,c,85807,86227
Global,c_86227,c_86228,433.06000000000023,c,c,86227,86228
Global,p_85773,c_86228,0.01,p,c,85773,86228
Global,c_86228,c_86229,435.0700000000002,c,c,86228,86229
Global,c_86522,c_86523,2.330000000000002,c,c,86522,86523
Global,p_85860,c_86523,0.01,p,c,85860,86523
Global,c_86229,c_86524,436.5800000000002,c,c,86229,86524
Global,c_86523,c_86524,3.9900000000000033,c,c,86523,86524
Global,p_85921,c_86524,0.14,p,c,85921,86524
Global,p_85925,c_86524,0.71,p,c,85925,86524
Global,p_85929,c_86524,0.01,p,c,85929,86524
Global,c_86524,c_86819,444.2300000000002,c,c,86524,86819
Global,c_86525,c_86820,3.0900000000000025,c,c,86525,86820
Global,p_86661,c_87113,2.13,p,c,86661,87113
Global,c_86819,c_87114,446.8700000000002,c,c,86819,87114
Global,c_86820,c_86821,6.670000000000005,c,c,86820,86821
Global,c_87113,c_87114,4.290000000000002,c,c,87113,87114
Global,c_87408,c_87409,1.180000000000001,c,c,87408,87409
Global,p_86658,c_87409,0.01,p,c,86658,87409
Global,p_86697,c_87705,0.01,p,c,86697,87705
Global,p_86707,c_87705,0.01,p,c,86707,87705
Global,p_86766,c_87705,0.16,p,c,86766,87705
Global,p_86863,c_87409,1.82,p,c,86863,87409
Global,c_86821,c_86822,10.31000000000001,c,c,86821,86822
Global,c_87114,p_86723,452.7000000000002,c,p,87114,86723
Global,c_87409,p_86723,4.450000000000002,c,p,87409,86723
Global,c_87705,p_86723,1.9900000000000015,c,p,87705,86723
Global,c_86822,c_86823,11.480000000000011,c,c,86822,86823
Global,c_87116,c_87117,3.0600000000000027,c,c,87116,87117
Global,p_86116,c_86823,1.59,p,c,86116,86823
Global,p_86117,c_86823,0.31,p,c,86117,86823
Global,p_86723,c_87411,469.1500000000002,p,c,86723,87411
Global,c_86823,c_87118,15.380000000000013,c,c,86823,87118
Global,c_87117,c_87118,6.970000000000007,c,c,87117,87118
Global,c_87411,c_87412,472.0500000000002,c,c,87411,87412
Global,p_87043,c_88003,0.55,p,c,87043,88003
Global,p_87317,c_87707,10.23,p,c,87317,87707
Global,c_87118,c_87119,25.850000000000023,c,c,87118,87119
Global,c_87412,c_87413,475.4700000000002,c,c,87412,87413
Global,c_87707,p_87028,12.740000000000002,c,p,87707,87028
Global,c_88003,p_87028,2.2400000000000015,c,p,88003,87028
Global,c_87119,c_87414,28.010000000000026,c,c,87119,87414
Global,c_87413,c_87414,478.3500000000002,c,c,87413,87414
Global,p_87028,c_87414,24.92,p,c,87028,87414
Global,c_87414,c_87415,533.7800000000002,c,c,87414,87415
Global,c_87415,c_87416,536.7200000000003,c,c,87415,87416
Global,p_86893,c_87711,0.33,p,c,86893,87711
Global,p_86978,c_87416,5.71,p,c,86978,87416
Global,c_87416,c_87417,545.1700000000003,c,c,87416,87417
Global,c_87711,c_87712,1.400000000000001,c,c,87711,87712
Global,c_87417,c_87418,548.8100000000003,c,c,87417,87418
Global,c_87712,c_87713,2.9600000000000026,c,c,87712,87713
Global,p_87050,c_87713,7.64,p,c,87050,87713
Global,c_86242,c_86537,3.150000000000003,c,c,86242,86537
Global,c_87418,c_87123,552.5600000000003,c,c,87418,87123
Global,c_87713,c_87714,14.280000000000005,c,c,87713,87714
Global,c_88008,c_88009,3.710000000000003,c,c,88008,88009
Global,c_89486,c_89191,1.2600000000000011,c,c,89486,89191
Global,c_86536,p_86402,2.440000000000002,c,p,86536,86402
Global,c_86537,p_86402,6.420000000000006,c,p,86537,86402
Global,c_87123,c_87124,554.4900000000002,c,c,87123,87124
Global,c_87419,c_87124,3.8200000000000034,c,c,87419,87124
Global,c_87714,c_87715,18.000000000000007,c,c,87714,87715
Global,c_88009,c_88010,7.710000000000006,c,c,88009,88010
Global,c_88304,c_88305,2.950000000000003,c,c,88304,88305
Global,c_88895,c_88600,1.9100000000000017,c,c,88895,88600
Global,c_89191,c_88896,4.850000000000005,c,c,89191,88896
Global,c_89487,c_89192,3.2900000000000027,c,c,89487,89192
Global,p_86073,c_86830,2.22,p,c,86073,86830
Global,c_86830,c_87125,4.740000000000002,c,c,86830,87125
Global,c_87124,c_87125,561.1000000000003,c,c,87124,87125
Global,c_87420,c_87125,3.6600000000000033,c,c,87420,87125
Global,c_87715,c_87716,21.68000000000001,c,c,87715,87716
Global,c_88010,c_88011,11.48000000000001,c,c,88010,88011
Global,c_88305,c_88306,6.770000000000007,c,c,88305,88306
Global,c_88600,c_88601,4.800000000000004,c,c,88600,88601
Global,c_88896,c_88601,8.410000000000007,c,c,88896,88601
Global,c_89192,c_88897,6.870000000000006,c,c,89192,88897
Global,c_89782,c_89783,3.220000000000003,c,c,89782,89783
Global,c_90372,c_90077,1.7600000000000016,c,c,90372,90077
Global,p_86402,c_87127,14.360000000000008,p,c,86402,87127
Global,p_86433,c_87127,0.01,p,c,86433,87127
Global,p_86441,c_87127,0.02,p,c,86441,87127
Global,p_87391,c_88306,1.21,p,c,87391,88306
Global,c_87125,p_86948,573.0400000000002,c,p,87125,86948
Global,c_87127,p_86948,16.06000000000001,c,p,87127,86948
Global,c_87421,p_86948,1.4000000000000012,c,p,87421,86948
Global,c_87428,c_87427,1.4200000000000013,c,c,87428,87427
Global,c_87716,c_87717,25.110000000000014,c,c,87716,87717
Global,c_88011,c_88012,14.990000000000013,c,c,88011,88012
Global,c_88306,c_88307,11.080000000000009,c,c,88306,88307
Global,c_88601,c_88602,16.690000000000015,c,c,88601,88602
Global,c_88897,c_88602,10.820000000000011,c,c,88897,88602
Global,c_89783,c_89784,6.190000000000005,c,c,89783,89784
Global,c_90077,c_90078,3.2700000000000027,c,c,90077,90078
Global,c_90373,c_90078,2.8500000000000023,c,c,90373,90078
Global,c_90667,c_90668,1.190000000000001,c,c,90667,90668
Global,p_86922,c_88018,0.01,p,c,86922,88018
Global,p_86940,c_88018,0.01,p,c,86940,88018
Global,p_86965,c_88018,0.01,p,c,86965,88018
Global,c_87132,c_87131,3.4700000000000033,c,c,87132,87131
Global,c_87427,p_87085,4.660000000000004,c,p,87427,87085
Global,c_87717,c_87718,26.340000000000014,c,c,87717,87718
Global,c_87722,p_87085,1.110000000000001,c,p,87722,87085
Global,c_87723,p_87085,3.380000000000003,c,p,87723,87085
Global,c_88012,c_88013,18.590000000000018,c,c,88012,88013
Global,c_88018,p_87085,2.780000000000002,c,p,88018,87085
Global,c_88307,c_88308,14.660000000000013,c,c,88307,88308
Global,c_88602,c_88603,31.25000000000003,c,c,88602,88603
Global,c_88898,c_88603,3.860000000000003,c,c,88898,88603
Global,c_89784,c_89489,9.810000000000008,c,c,89784,89489
Global,c_90078,c_90079,9.020000000000007,c,c,90078,90079
Global,c_90374,c_90079,3.6400000000000032,c,c,90374,90079
Global,c_90668,c_90669,3.0500000000000025,c,c,90668,90669
Global,p_86475,c_87423,0.01,p,c,86475,87423
Global,p_86625,c_87423,0.01,p,c,86625,87423
Global,p_86637,c_87423,0.01,p,c,86637,87423
Global,p_86948,c_87423,605.8500000000003,p,c,86948,87423
Global,p_88018,c_89194,2.49,p,c,88018,89194
Global,c_86835,c_87130,2.5100000000000025,c,c,86835,87130
Global,c_87131,c_87130,4.860000000000005,c,c,87131,87130
Global,c_87423,c_87424,607.7200000000003,c,c,87423,87424
Global,c_87718,c_87719,28.520000000000017,c,c,87718,87719
Global,c_88013,c_88014,20.85000000000002,c,c,88013,88014
Global,c_88308,c_88309,18.350000000000016,c,c,88308,88309
Global,c_88603,c_88604,38.960000000000036,c,c,88603,88604
Global,c_88899,c_88604,3.220000000000003,c,c,88899,88604
Global,c_89194,c_89195,5.900000000000003,c,c,89194,89195
Global,c_89489,c_89490,12.20000000000001,c,c,89489,89490
Global,c_89785,c_89490,4.0000000000000036,c,c,89785,89490
Global,c_90079,c_90080,16.510000000000012,c,c,90079,90080
Global,c_90375,c_90080,3.710000000000003,c,c,90375,90080
Global,c_90669,c_90670,6.600000000000006,c,c,90669,90670
Global,p_86715,c_87424,0.88,p,c,86715,87424
Global,p_87085,c_87130,22.410000000000007,p,c,87085,87130
Global,p_87495,c_88604,0.78,p,c,87495,88604
Global,p_88494,c_90670,0.24,p,c,88494,90670
Global,c_87130,c_87425,31.850000000000016,c,c,87130,87425
Global,c_87424,c_87425,610.2400000000002,c,c,87424,87425
Global,c_87719,c_87720,32.130000000000024,c,c,87719,87720
Global,c_88014,c_88015,24.630000000000024,c,c,88014,88015
Global,c_88309,c_88310,21.96000000000002,c,c,88309,88310
Global,c_88604,c_88605,46.37000000000005,c,c,88604,88605
Global,c_88900,c_88605,3.490000000000003,c,c,88900,88605
Global,c_89195,c_89196,9.390000000000006,c,c,89195,89196
Global,c_89490,c_89491,20.19000000000002,c,c,89490,89491
Global,c_89786,c_89491,3.770000000000003,c,c,89786,89491
Global,c_90080,c_90081,24.17000000000002,c,c,90080,90081
Global,c_90376,c_90081,3.5900000000000034,c,c,90376,90081
Global,c_90670,c_90671,10.19000000000001,c,c,90670,90671
Global,p_86832,c_87425,2.94,p,c,86832,87425
Global,p_87242,c_88310,0.01,p,c,87242,88310
Global,c_87425,p_88305,648.0800000000003,c,p,87425,88305
Global,c_87720,p_88305,34.020000000000024,c,p,87720,88305
Global,c_88015,p_88305,26.160000000000025,c,p,88015,88305
Global,c_88310,p_88305,23.56000000000002,c,p,88310,88305
Global,c_88605,p_88305,53.35000000000005,c,p,88605,88305
Global,c_88606,p_88305,2.8300000000000027,c,p,88606,88305
Global,c_88901,p_88305,2.910000000000003,c,p,88901,88305
Global,c_89196,p_88305,11.230000000000008,c,p,89196,88305
Global,c_89491,p_88305,27.210000000000026,c,p,89491,88305
Global,c_89787,p_88305,1.5200000000000014,c,p,89787,88305
Global,c_90081,p_88305,31.400000000000027,c,p,90081,88305
Global,c_90082,p_88305,1.2800000000000011,c,p,90082,88305
Global,c_90377,c_90378,3.3700000000000028,c,c,90377,90378
Global,c_90671,c_90672,13.000000000000012,c,c,90671,90672
Global,c_90378,c_90379,5.940000000000005,c,c,90378,90379
Global,c_90672,c_90673,16.180000000000014,c,c,90672,90673
Global,p_88305,c_90379,884.4200000000004,p,c,88305,90379
Global,c_90379,c_90380,892.6300000000005,c,c,90379,90380
Global,c_90673,c_90674,19.930000000000017,c,c,90673,90674
Global,c_90380,c_90675,895.1200000000005,c,c,90380,90675
Global,c_90674,c_90675,23.56000000000002,c,c,90674,90675
Global,c_90675,c_90676,922.2800000000005,c,c,90675,90676
Global,c_90382,c_90383,2.320000000000002,c,c,90382,90383
Global,c_90676,c_90677,925.0600000000005,c,c,90676,90677
Global,c_90383,c_90384,4.950000000000005,c,c,90383,90384
Global,c_90677,c_90678,927.4600000000005,c,c,90677,90678
Global,p_88263,c_90384,3.73,p,c,88263,90384
Global,c_90384,c_90385,11.660000000000007,c,c,90384,90385
Global,c_90678,c_90679,930.2400000000005,c,c,90678,90679
Global,c_90385,c_90386,15.08000000000001,c,c,90385,90386
Global,c_90679,c_90680,933.9800000000005,c,c,90679,90680
Global,c_90386,c_90681,16.750000000000014,c,c,90386,90681
Global,c_90680,c_90681,937.1700000000005,c,c,90680,90681
Global,c_90974,c_90975,1.5600000000000014,c,c,90974,90975
Global,c_90681,c_90682,957.8700000000006,c,c,90681,90682
Global,c_90975,c_90976,5.020000000000005,c,c,90975,90976
Global,c_90682,c_90977,959.6200000000006,c,c,90682,90977
Global,c_90976,c_90977,8.720000000000008,c,c,90976,90977
Global,c_91270,c_91271,1.9300000000000015,c,c,91270,91271
Global,c_90977,c_91272,971.7400000000006,c,c,90977,91272
Global,c_91271,c_91272,5.630000000000004,c,c,91271,91272
Global,c_91272,c_91567,981.3700000000006,c,c,91272,91567
Global,c_91566,c_91567,3.410000000000003,c,c,91566,91567
Global,c_93053,c_93348,1.8700000000000017,c,c,93053,93348
Global,p_90129,c_93348,0.48,p,c,90129,93348
Global,c_91567,c_91862,988.7100000000005,c,c,91567,91862
Global,c_91861,c_91862,3.340000000000003,c,c,91861,91862
Global,c_93348,p_90905,3.980000000000003,c,p,93348,90905
Global,c_91862,c_92157,994.1600000000005,c,c,91862,92157
Global,c_92156,c_92157,3.240000000000003,c,c,92156,92157
Global,c_92451,c_92452,2.040000000000002,c,c,92451,92452
Global,p_90905,c_94232,34.03,p,c,90905,94232
Global,c_92157,p_89832,998.6800000000005,c,p,92157,89832
Global,c_92452,p_89832,3.310000000000003,c,p,92452,89832
Global,c_92747,c_93042,2.480000000000002,c,c,92747,93042
Global,c_94232,c_94231,36.230000000000004,c,c,94232,94231
Global,c_93042,c_93043,4.040000000000004,c,c,93042,93043
Global,c_93338,c_93043,3.850000000000003,c,c,93338,93043
Global,c_94231,c_93936,37.52,c,c,94231,93936
Global,p_89832,c_93043,1008.9800000000006,p,c,89832,93043
Global,p_90019,c_93339,0.01,p,c,90019,93339
Global,p_90028,c_93339,0.01,p,c,90028,93339
Global,p_90056,c_93339,0.04,p,c,90056,93339
Global,p_90067,c_93339,0.01,p,c,90067,93339
Global,c_93043,c_93044,1019.7900000000006,c,c,93043,93044
Global,c_93339,c_93044,3.9000000000000026,c,c,93339,93044
Global,c_93936,c_93935,39.81,c,c,93936,93935
Global,p_90011,c_93044,0.04,p,c,90011,93044
Global,c_93044,c_93045,1024.9800000000007,c,c,93044,93045
Global,c_93935,c_93640,42.82000000000001,c,c,93935,93640
Global,p_89895,c_93045,0.81,p,c,89895,93045
Global,p_89911,c_93045,0.02,p,c,89911,93045
Global,p_89944,c_93045,0.01,p,c,89944,93045
Global,p_89960,c_93045,0.01,p,c,89960,93045
Global,p_90516,c_93640,1.89,p,c,90516,93640
Global,c_93045,c_93046,1027.5000000000007,c,c,93045,93046
Global,c_93640,c_93639,45.75000000000001,c,c,93640,93639
Global,c_93934,c_93639,1.7800000000000016,c,c,93934,93639
Global,p_90109,c_93046,1.39,p,c,90109,93046
Global,p_90223,c_93639,0.06,p,c,90223,93639
Global,c_93046,p_90216,1030.4700000000007,c,p,93046,90216
Global,c_93343,c_93638,1.7600000000000016,c,c,93343,93638
Global,c_93639,c_93638,50.94000000000001,c,c,93639,93638
Global,c_93933,c_93638,1.9700000000000015,c,c,93933,93638
Global,c_93638,c_93637,58.420000000000016,c,c,93638,93637
Global,p_90191,c_93637,0.01,p,c,90191,93637
Global,p_90204,c_93637,0.01,p,c,90204,93637
Global,p_90216,c_93637,1045.8200000000006,p,c,90216,93637
Global,p_90306,c_93637,0.21,p,c,90306,93637
Global,c_93637,c_93636,1107.7500000000007,c,c,93637,93636
Global,c_93636,c_93931,1108.7500000000007,c,c,93636,93931
Global,c_93931,c_94226,1111.1000000000006,c,c,93931,94226
Global,p_90679,c_94226,0.01,p,c,90679,94226
Global,p_90705,c_94226,0.01,p,c,90705,94226
Global,c_94226,c_94521,1114.1200000000006,c,c,94226,94521
Global,p_90738,c_94521,0.01,p,c,90738,94521
Global,p_90769,c_94521,0.01,p,c,90769,94521
Global,p_90788,c_94521,0.01,p,c,90788,94521
Global,p_90797,c_94521,0.01,p,c,90797,94521
Global,p_90807,c_94521,0.01,p,c,90807,94521
Global,p_90833,c_94521,0.01,p,c,90833,94521
Global,p_90840,c_94521,0.02,p,c,90840,94521
Global,c_94521,p_91233,1116.1000000000006,c,p,94521,91233
Global,p_91233,c_95111,1117.8200000000006,p,c,91233,95111
Global,c_95111,c_95406,1119.4000000000005,c,c,95111,95406
Global,c_95406,c_95701,1120.5000000000005,c,c,95406,95701
Global,c_95701,p_92010,1123.0000000000005,c,p,95701,92010
Global,p_92003,c_95995,0.82,p,c,92003,95995
Global,p_92010,c_95995,1123.9600000000005,p,c,92010,95995
Global,c_95995,c_96290,1126.4800000000005,c,c,95995,96290
Global,c_96290,c_96289,1130.0400000000004,c,c,96290,96289
Global,p_92094,c_96289,0.75,p,c,92094,96289
Global,p_92099,c_96289,0.01,p,c,92099,96289
Global,c_96289,c_96584,1133.7300000000005,c,c,96289,96584
Global,c_96584,c_96583,1137.3500000000004,c,c,96584,96583
Global,c_96583,c_96582,1140.6300000000003,c,c,96583,96582
Global,c_96582,p_92319,1143.6400000000003,c,p,96582,92319
Global,p_90811,c_94508,0.03,p,c,90811,94508
Global,p_92319,c_94508,1209.4600000000003,p,c,92319,94508
Global,c_94508,p_91348,1211.0200000000002,c,p,94508,91348
Global,p_91348,c_95096,1215.4500000000003,p,c,91348,95096
Global,c_95096,c_95095,1218.1000000000004,c,c,95096,95095
Global,c_95095,c_95094,1221.1100000000004,c,c,95095,95094
Global,c_95094,c_95093,1224.5800000000004,c,c,95094,95093
Global,c_95093,c_94798,1228.0100000000004,c,c,95093,94798
Global,c_94798,c_94797,1231.2800000000004,c,c,94798,94797
Global,p_91061,c_94797,0.02,p,c,91061,94797
Global,p_91075,c_94797,0.01,p,c,91075,94797
Global,p_91076,c_94797,8.37,p,c,91076,94797
Global,p_91092,c_94797,1.28,p,c,91092,94797
Global,c_94797,p_91733,1242.0100000000002,c,p,94797,91733
Global,p_91732,c_95678,0.01,p,c,91732,95678
Global,p_91733,c_95678,1271.9900000000002,p,c,91733,95678
Global,p_91797,c_95678,1.21,p,c,91797,95678
Global,c_95678,c_95973,1274.7500000000002,c,c,95678,95973
Global,p_91864,c_95973,0.85,p,c,91864,95973
Global,c_95973,c_96268,1278.89,c,c,95973,96268
Global,c_96268,p_93353,1281.3700000000001,c,p,96268,93353
Global,p_93196,c_97739,0.04,p,c,93196,97739
Global,p_93353,c_97739,1367.3100000000002,p,c,93353,97739
Global,c_97739,p_93347,1368.67,c,p,97739,93347
Global,c_122427,c_122428,1.9800000000000015,c,c,122427,122428
Global,p_93347,c_98031,1372.18,p,c,93347,98031
Global,p_93476,c_98031,1.04,p,c,93476,98031
Global,p_109718,c_122428,0.08,p,c,109718,122428
Global,c_98031,c_98326,1375.69,c,c,98031,98326
Global,c_122428,c_122429,3.0600000000000023,c,c,122428,122429
Global,p_93566,c_98326,0.14,p,c,93566,98326
Global,p_93665,c_98326,0.01,p,c,93665,98326
Global,p_93710,c_98326,0.33,p,c,93710,98326
Global,p_93729,c_98326,0.05,p,c,93729,98326
Global,p_109684,c_122429,0.14,p,c,109684,122429
Global,p_109693,c_122429,0.01,p,c,109693,122429
Global,c_98326,p_94104,1378.22,c,p,98326,94104
Global,c_122429,c_122430,4.310000000000003,c,c,122429,122430
Global,c_123315,c_123316,1.6900000000000015,c,c,123315,123316
Global,c_122430,c_122431,7.4100000000000055,c,c,122430,122431
Global,c_123316,c_123021,3.330000000000003,c,c,123316,123021
Global,c_123628,c_123627,1.3400000000000012,c,c,123628,123627
Global,p_94104,c_99209,1384.75,p,c,94104,99209
Global,c_99209,c_99504,1385.92,c,c,99209,99504
Global,c_122431,c_122726,8.590000000000007,c,c,122431,122726
Global,c_123021,c_122726,5.310000000000005,c,c,123021,122726
Global,c_123317,c_123022,2.380000000000002,c,c,123317,123022
Global,c_123627,c_123922,4.020000000000003,c,c,123627,123922
Global,c_123923,c_123922,3.730000000000003,c,c,123923,123922
Global,p_113174,c_127457,0.01,p,c,113174,127457
Global,p_113189,c_127457,0.01,p,c,113189,127457
Global,p_113228,c_127457,0.12,p,c,113228,127457
Global,p_113242,c_127457,0.01,p,c,113242,127457
Global,p_113254,c_127457,0.01,p,c,113254,127457
Global,p_113285,c_127457,0.05,p,c,113285,127457
Global,p_113317,c_127457,0.09,p,c,113317,127457
Global,p_113370,c_127457,0.27,p,c,113370,127457
Global,c_99504,c_99799,1389.64,c,c,99504,99799
Global,c_122726,c_122727,17.240000000000016,c,c,122726,122727
Global,c_123022,c_122727,5.700000000000005,c,c,123022,122727
Global,c_123023,c_122728,3.4300000000000033,c,c,123023,122728
Global,c_123318,c_123319,3.240000000000003,c,c,123318,123319
Global,c_123922,c_123921,11.740000000000009,c,c,123922,123921
Global,c_124218,c_124217,2.6600000000000024,c,c,124218,124217
Global,c_124810,c_124515,1.5800000000000014,c,c,124810,124515
Global,c_125106,c_125105,1.250000000000001,c,c,125106,125105
Global,c_127163,c_127164,2.7800000000000025,c,c,127163,127164
Global,c_127457,c_127458,2.5800000000000005,c,c,127457,127458
Global,p_94501,c_99799,0.02,p,c,94501,99799
Global,p_94544,c_99799,2.28,p,c,94544,99799
Global,p_109138,c_121255,0.68,p,c,109138,121255
Global,p_109155,c_121255,0.01,p,c,109155,121255
Global,p_109210,c_121550,0.23,p,c,109210,121550
Global,p_109723,c_122434,0.01,p,c,109723,122434
Global,c_99799,p_94581,1392.94,c,p,99799,94581
Global,c_120959,p_109821,1.4200000000000013,c,p,120959,109821
Global,c_121254,p_109821,2.710000000000002,c,p,121254,109821
Global,c_121255,p_109821,2.5000000000000013,c,p,121255,109821
Global,c_121550,p_109821,2.9000000000000026,c,p,121550,109821
Global,c_121843,p_109821,1.080000000000001,c,p,121843,109821
Global,c_122434,p_109821,1.100000000000001,c,p,122434,109821
Global,c_122727,p_110564,25.950000000000024,c,p,122727,110564
Global,c_122728,p_110564,5.510000000000005,c,p,122728,110564
Global,c_122729,p_109970,1.9600000000000015,c,p,122729,109970
Global,c_123024,c_123025,2.240000000000002,c,c,123024,123025
Global,c_123319,c_123320,6.590000000000006,c,c,123319,123320
Global,c_123613,c_123614,2.7900000000000027,c,c,123613,123614
Global,c_123908,c_123909,2.9700000000000024,c,c,123908,123909
Global,c_123921,c_124216,13.21000000000001,c,c,123921,124216
Global,c_124217,c_124216,6.5700000000000065,c,c,124217,124216
Global,c_124220,p_111424,2.070000000000002,c,p,124220,111424
Global,c_124513,c_124512,2.320000000000002,c,c,124513,124512
Global,c_124514,p_111424,2.9400000000000026,c,p,124514,111424
Global,c_124515,p_111424,4.210000000000004,c,p,124515,111424
Global,c_124809,c_124808,1.5600000000000014,c,c,124809,124808
Global,c_125105,c_125104,5.170000000000004,c,c,125105,125104
Global,c_125389,c_125094,3.6800000000000033,c,c,125389,125094
Global,c_125401,c_125400,2.030000000000002,c,c,125401,125400
Global,c_125684,c_125685,3.520000000000003,c,c,125684,125685
Global,c_127164,c_127459,4.2100000000000035,c,c,127164,127459
Global,c_127458,c_127459,5.730000000000004,c,c,127458,127459
Global,c_128049,c_127754,3.870000000000004,c,c,128049,127754
Global,c_128344,c_128345,2.150000000000002,c,c,128344,128345
Global,c_123025,c_123026,5.560000000000005,c,c,123025,123026
Global,c_123320,c_123615,10.21000000000001,c,c,123320,123615
Global,c_123614,c_123615,6.320000000000006,c,c,123614,123615
Global,c_123909,c_123910,5.610000000000005,c,c,123909,123910
Global,c_124205,c_123910,3.1300000000000026,c,c,124205,123910
Global,c_124206,c_123911,3.460000000000003,c,c,124206,123911
Global,c_124216,c_124511,22.99000000000002,c,c,124216,124511
Global,c_124512,c_124511,6.300000000000005,c,c,124512,124511
Global,c_124798,c_124799,1.190000000000001,c,c,124798,124799
Global,c_124808,c_124807,4.930000000000004,c,c,124808,124807
Global,c_125094,c_124799,6.970000000000006,c,c,125094,124799
Global,c_125104,c_125103,8.550000000000008,c,c,125104,125103
Global,c_125390,c_125095,3.8900000000000032,c,c,125390,125095
Global,c_125400,c_125399,5.590000000000005,c,c,125400,125399
Global,c_125685,c_125686,6.260000000000005,c,c,125685,125686
Global,c_125696,c_125695,1.240000000000001,c,c,125696,125695
Global,c_127459,c_127460,12.740000000000009,c,c,127459,127460
Global,c_127754,c_127755,7.800000000000008,c,c,127754,127755
Global,c_128050,c_127755,3.440000000000003,c,c,128050,127755
Global,c_128345,c_128346,5.560000000000005,c,c,128345,128346
Global,c_128935,c_128640,1.7200000000000015,c,c,128935,128640
Global,c_129230,c_129231,2.8500000000000023,c,c,129230,129231
Global,p_94581,c_100092,1395.69,p,c,94581,100092
Global,p_94644,c_100092,0.02,p,c,94644,100092
Global,p_95167,c_100092,3.04,p,c,95167,100092
Global,p_109821,c_122436,85.45,p,c,109821,122436
Global,p_109879,c_122731,0.05,p,c,109879,122731
Global,p_109970,c_122731,4.670000000000002,p,c,109970,122731
Global,p_110564,c_122731,39.24000000000003,p,c,110564,122731
Global,p_110625,c_123615,0.01,p,c,110625,123615
Global,p_110637,c_123615,0.01,p,c,110637,123615
Global,p_111029,c_123910,4.45,p,c,111029,123910
Global,p_111424,c_124807,11.47000000000001,p,c,111424,124807
Global,p_111660,c_124799,0.01,p,c,111660,124799
Global,p_111678,c_125103,0.01,p,c,111678,125103
Global,p_111863,c_124799,0.74,p,c,111863,124799
Global,c_100092,p_95016,1400.57,c,p,100092,95016
Global,c_122436,p_110573,87.09,c,p,122436,110573
Global,c_122731,p_110573,47.16000000000003,c,p,122731,110573
Global,c_122732,p_110573,1.9900000000000015,c,p,122732,110573
Global,c_123026,p_110573,7.010000000000006,c,p,123026,110573
Global,c_123030,c_123325,1.6800000000000015,c,c,123030,123325
Global,c_123326,c_123325,2.040000000000002,c,c,123326,123325
Global,c_123327,c_123622,1.4400000000000013,c,c,123327,123622
Global,c_123615,p_110798,19.37000000000002,c,p,123615,110798
Global,c_123618,c_123619,2.9400000000000026,c,c,123618,123619
Global,c_123910,p_110798,14.730000000000008,c,p,123910,110798
Global,c_123911,p_110798,6.500000000000005,c,p,123911,110798
Global,c_123912,c_123913,1.6800000000000015,c,c,123912,123913
Global,c_124207,c_124208,3.240000000000003,c,c,124207,124208
Global,c_124214,c_124213,1.5900000000000014,c,c,124214,124213
Global,c_124511,c_124510,33.15000000000003,c,c,124511,124510
Global,c_124799,c_124504,12.53000000000001,c,c,124799,124504
Global,c_124807,c_124806,19.920000000000016,c,c,124807,124806
Global,c_125095,c_124800,7.720000000000006,c,c,125095,124800
Global,c_125096,c_124801,3.4300000000000033,c,c,125096,124801
Global,c_125103,c_125102,11.49000000000001,c,c,125103,125102
Global,c_125391,c_125392,2.3100000000000023,c,c,125391,125392
Global,c_125399,c_125398,9.31000000000001,c,c,125399,125398
Global,c_125686,c_125687,8.500000000000007,c,c,125686,125687
Global,c_125695,c_125694,4.940000000000005,c,c,125695,125694
Global,c_125991,c_125990,1.070000000000001,c,c,125991,125990
Global,c_127460,c_127461,15.780000000000012,c,c,127460,127461
Global,c_127755,c_127756,14.590000000000014,c,c,127755,127756
Global,c_128051,c_127756,3.360000000000003,c,c,128051,127756
Global,c_128346,c_128641,8.140000000000008,c,c,128346,128641
Global,c_128640,c_128641,5.3700000000000045,c,c,128640,128641
Global,c_128936,c_128641,3.210000000000002,c,c,128936,128641
Global,c_129231,c_129232,4.780000000000004,c,c,129231,129232
Global,p_110417,c_123621,0.41,p,c,110417,123621
Global,p_110434,c_123621,0.01,p,c,110434,123621
Global,p_110468,c_123621,0.08,p,c,110468,123621
Global,p_110549,c_123621,0.63,p,c,110549,123621
Global,p_111114,c_124213,0.02,p,c,111114,124213
Global,p_111130,c_124213,0.01,p,c,111130,124213
Global,p_113315,c_127461,0.42,p,c,113315,127461
Global,c_123325,c_123620,5.380000000000005,c,c,123325,123620
Global,c_123619,c_123620,5.130000000000004,c,c,123619,123620
Global,c_123621,c_123620,2.240000000000001,c,c,123621,123620
Global,c_123622,c_123917,2.9500000000000024,c,c,123622,123917
Global,c_123913,c_123914,5.470000000000004,c,c,123913,123914
Global,c_124208,c_124209,6.870000000000006,c,c,124208,124209
Global,c_124213,c_124508,4.1700000000000035,c,c,124213,124508
Global,c_124504,c_124209,15.950000000000014,c,c,124504,124209
Global,c_124509,c_124508,3.4700000000000033,c,c,124509,124508
Global,c_124510,c_124805,36.84000000000003,c,c,124510,124805
Global,c_124800,c_124505,11.38000000000001,c,c,124800,124505
Global,c_124801,c_124506,5.840000000000005,c,c,124801,124506
Global,c_124806,c_124805,23.83000000000002,c,c,124806,124805
Global,c_125097,c_124802,2.980000000000002,c,c,125097,124802
Global,c_125102,c_125101,14.980000000000015,c,c,125102,125101
Global,c_125392,c_125393,6.230000000000006,c,c,125392,125393
Global,c_125398,c_125397,11.210000000000012,c,c,125398,125397
Global,c_125687,c_125688,12.480000000000011,c,c,125687,125688
Global,c_125694,c_125693,8.510000000000009,c,c,125694,125693
Global,c_125990,c_125989,5.020000000000005,c,c,125990,125989
Global,c_126285,c_126284,3.870000000000004,c,c,126285,126284
Global,c_126286,c_126581,2.190000000000002,c,c,126286,126581
Global,c_127174,c_127173,1.490000000000001,c,c,127174,127173
Global,c_127461,c_127462,17.480000000000015,c,c,127461,127462
Global,c_127756,c_127757,20.480000000000018,c,c,127756,127757
Global,c_128052,c_127757,2.7700000000000022,c,c,128052,127757
Global,c_128641,c_128642,20.720000000000017,c,c,128641,128642
Global,c_128937,c_128642,3.540000000000003,c,c,128937,128642
Global,c_129232,c_129233,7.2800000000000065,c,c,129232,129233
Global,p_95016,c_100682,1402.6499999999999,p,c,95016,100682
Global,p_95410,c_100682,3.75,p,c,95410,100682
Global,p_110551,c_123620,0.13,p,c,110551,123620
Global,p_110573,c_123620,185.77000000000007,p,c,110573,123620
Global,p_110578,c_123620,0.01,p,c,110578,123620
Global,p_110597,c_123620,0.01,p,c,110597,123620
Global,p_110798,c_123620,57.13000000000003,p,c,110798,123620
Global,p_111003,c_124209,0.01,p,c,111003,124209
Global,p_111012,c_124211,0.01,p,c,111012,124211
Global,p_111019,c_124211,0.01,p,c,111019,124211
Global,p_111064,c_124210,0.04,p,c,111064,124210
Global,p_111081,c_124211,0.01,p,c,111081,124211
Global,p_111665,c_123620,8.88,p,c,111665,123620
Global,p_111677,c_125099,0.01,p,c,111677,125099
Global,p_111832,c_125099,0.3,p,c,111832,125099
Global,p_112039,c_125693,2.31,p,c,112039,125693
Global,p_112116,c_125693,0.51,p,c,112116,125693
Global,c_100682,p_95703,1407.7399999999998,c,p,100682,95703
Global,c_123620,p_112077,265.8200000000001,c,p,123620,112077
Global,c_123914,p_112077,8.270000000000007,c,p,123914,112077
Global,c_123915,p_112077,1.130000000000001,c,p,123915,112077
Global,c_123917,p_112077,5.7400000000000055,c,p,123917,112077
Global,c_124209,p_112077,25.700000000000024,c,p,124209,112077
Global,c_124210,p_112077,3.1700000000000026,c,p,124210,112077
Global,c_124211,p_112077,2.0600000000000014,c,p,124211,112077
Global,c_124505,p_112077,15.140000000000013,c,p,124505,112077
Global,c_124506,p_112077,7.810000000000007,c,p,124506,112077
Global,c_124508,p_112077,8.740000000000009,c,p,124508,112077
Global,c_124802,p_112077,6.460000000000005,c,p,124802,112077
Global,c_124804,p_112077,2.290000000000002,c,p,124804,112077
Global,c_124805,c_125100,64.48000000000005,c,c,124805,125100
Global,c_125098,p_112077,1.3000000000000012,c,p,125098,112077
Global,c_125099,c_125100,1.370000000000001,c,c,125099,125100
Global,c_125101,c_125100,18.980000000000018,c,c,125101,125100
Global,c_125393,p_112077,8.290000000000008,c,p,125393,112077
Global,c_125397,c_125396,15.030000000000015,c,c,125397,125396
Global,c_125688,p_112077,14.720000000000013,c,p,125688,112077
Global,c_125693,c_125692,13.950000000000012,c,c,125693,125692
Global,c_125989,c_125988,8.860000000000008,c,c,125989,125988
Global,c_126284,c_126283,6.830000000000006,c,c,126284,126283
Global,c_126580,c_126579,3.630000000000003,c,c,126580,126579
Global,c_126581,c_126876,5.310000000000005,c,c,126581,126876
Global,c_126877,c_126876,3.140000000000003,c,c,126877,126876
Global,c_127173,c_127172,5.250000000000004,c,c,127173,127172
Global,c_127462,c_127167,19.290000000000017,c,c,127462,127167
Global,c_127469,c_127468,3.160000000000003,c,c,127469,127468
Global,c_127757,c_127758,25.980000000000025,c,c,127757,127758
Global,c_128053,c_127758,3.620000000000003,c,c,128053,127758
Global,c_128348,c_128349,2.9700000000000024,c,c,128348,128349
Global,c_128642,c_128643,27.800000000000022,c,c,128642,128643
Global,c_128938,c_128643,3.620000000000003,c,c,128938,128643
Global,c_129233,c_129234,8.940000000000008,c,c,129233,129234
Global,c_129527,c_129528,2.950000000000003,c,c,129527,129528
Global,p_111907,c_125396,0.03,p,c,111907,125396
Global,p_111915,c_125396,0.01,p,c,111915,125396
Global,p_111960,c_125396,0.45,p,c,111960,125396
Global,p_112634,c_126576,0.01,p,c,112634,126576
Global,p_112788,c_126576,2.17,p,c,112788,126576
Global,p_113141,c_127167,0.01,p,c,113141,127167
Global,p_113155,c_127167,0.01,p,c,113155,127167
Global,p_113185,c_127167,0.22,p,c,113185,127167
Global,p_113879,c_128349,0.01,p,c,113879,128349
Global,p_113910,c_128349,0.1,p,c,113910,128349
Global,c_125100,c_125395,88.77000000000007,c,c,125100,125395
Global,c_125396,c_125395,18.40000000000002,c,c,125396,125395
Global,c_125691,c_125690,3.8400000000000034,c,c,125691,125690
Global,c_125692,c_125987,17.500000000000014,c,c,125692,125987
Global,c_125988,c_125987,12.140000000000011,c,c,125988,125987
Global,c_126280,c_125985,1.6600000000000017,c,c,126280,125985
Global,c_126283,c_126282,10.46000000000001,c,c,126283,126282
Global,c_126576,c_126577,3.8400000000000016,c,c,126576,126577
Global,c_126579,c_126578,7.230000000000006,c,c,126579,126578
Global,c_126875,c_126874,2.710000000000002,c,c,126875,126874
Global,c_126876,c_127171,12.37000000000001,c,c,126876,127171
Global,c_127167,c_126872,22.22000000000002,c,c,127167,126872
Global,c_127172,c_127171,8.930000000000007,c,c,127172,127171
Global,c_127463,c_127168,2.420000000000002,c,c,127463,127168
Global,c_127468,c_127467,6.280000000000006,c,c,127468,127467
Global,c_127758,c_127759,33.31000000000003,c,c,127758,127759
Global,c_127764,c_127763,4.0000000000000036,c,c,127764,127763
Global,c_128054,c_127759,3.690000000000003,c,c,128054,127759
Global,c_128349,c_128350,6.490000000000005,c,c,128349,128350
Global,c_128643,c_128644,34.89000000000003,c,c,128643,128644
Global,c_128939,c_128644,3.770000000000003,c,c,128939,128644
Global,c_129234,c_129235,12.380000000000011,c,c,129234,129235
Global,c_129528,c_129529,6.930000000000006,c,c,129528,129529
Global,p_95703,c_101865,1416.2199999999998,p,c,95703,101865
Global,p_95707,c_101865,1.33,p,c,95707,101865
Global,p_95826,c_101865,0.34,p,c,95826,101865
Global,p_112077,c_125395,401.2800000000002,p,c,112077,125395
Global,p_112101,c_125690,0.01,p,c,112101,125690
Global,p_112278,c_125985,0.01,p,c,112278,125985
Global,p_112960,c_126874,0.01,p,c,112960,126874
Global,p_113129,c_127168,0.02,p,c,113129,127168
Global,p_113137,c_125690,17.37,p,c,113137,125690
Global,p_113260,c_127168,4.3,p,c,113260,127168
Global,p_113880,c_128350,0.02,p,c,113880,128350
Global,p_113888,c_128350,0.25,p,c,113888,128350
Global,c_101865,p_96298,1419.8799999999997,c,p,101865,96298
Global,c_125395,p_114034,511.5500000000003,c,p,125395,114034
Global,c_125690,p_114034,22.810000000000006,c,p,125690,114034
Global,c_125985,p_114034,2.7900000000000027,c,p,125985,114034
Global,c_125986,p_114034,1.8200000000000016,c,p,125986,114034
Global,c_125987,p_114034,31.890000000000025,c,p,125987,114034
Global,c_126282,p_114034,12.450000000000012,c,p,126282,114034
Global,c_126577,p_114034,4.940000000000003,c,p,126577,114034
Global,c_126578,p_114034,9.90000000000001,c,p,126578,114034
Global,c_126872,p_114034,25.530000000000022,c,p,126872,114034
Global,c_126873,p_114034,1.5700000000000014,c,p,126873,114034
Global,c_126874,p_114034,6.200000000000005,c,p,126874,114034
Global,c_127168,p_114034,7.850000000000003,c,p,127168,114034
Global,c_127171,p_114034,23.86000000000002,c,p,127171,114034
Global,c_127464,p_114171,3.3700000000000028,c,p,127464,114171
Global,c_127466,p_114034,1.120000000000001,c,p,127466,114034
Global,c_127467,p_114034,9.81000000000001,c,p,127467,114034
Global,c_127759,p_114171,40.66000000000004,c,p,127759,114171
Global,c_127763,p_114034,6.320000000000006,c,p,127763,114034
Global,c_128055,p_114171,1.8700000000000017,c,p,128055,114171
Global,c_128059,c_128354,3.2900000000000027,c,c,128059,128354
Global,c_128350,p_114171,9.750000000000007,c,p,128350,114171
Global,c_128644,p_114171,42.260000000000034,c,p,128644,114171
Global,c_128645,c_128646,2.7800000000000025,c,c,128645,128646
Global,c_128940,c_128941,3.580000000000003,c,c,128940,128941
Global,c_129235,c_129236,15.980000000000015,c,c,129235,129236
Global,c_129529,c_129530,10.73000000000001,c,c,129529,129530
Global,c_129823,c_129824,3.730000000000003,c,c,129823,129824
Global,p_113794,c_128354,1.16,p,c,113794,128354
Global,c_128354,c_128649,7.880000000000006,c,c,128354,128649
Global,c_128646,c_128647,4.2100000000000035,c,c,128646,128647
Global,c_128941,c_128942,6.590000000000005,c,c,128941,128942
Global,c_129236,c_129237,19.78000000000002,c,c,129236,129237
Global,c_129530,c_129531,14.460000000000012,c,c,129530,129531
Global,c_129824,c_129825,7.540000000000006,c,c,129824,129825
Global,c_130118,c_130119,3.810000000000003,c,c,130118,130119
Global,p_96143,c_102753,0.01,p,c,96143,102753
Global,p_96148,c_102753,0.02,p,c,96148,102753
Global,p_96298,c_102753,1470.6999999999996,p,c,96298,102753
Global,p_114034,c_128647,709.0000000000007,p,c,114034,128647
Global,p_114114,c_128647,0.01,p,c,114114,128647
Global,p_114129,c_128647,0.01,p,c,114129,128647
Global,p_114143,c_128649,0.01,p,c,114143,128649
Global,p_114157,c_128647,0.01,p,c,114157,128647
Global,p_114171,c_128647,110.37000000000009,p,c,114171,128647
Global,p_114182,c_128647,0.01,p,c,114182,128647
Global,p_114222,c_128943,0.01,p,c,114222,128943
Global,c_102753,c_103048,1472.6599999999996,c,c,102753,103048
Global,c_128647,p_114585,824.6700000000008,c,p,128647,114585
Global,c_128649,c_128944,9.940000000000007,c,c,128649,128944
Global,c_128942,p_114585,8.580000000000007,c,p,128942,114585
Global,c_128943,c_128944,1.500000000000001,c,c,128943,128944
Global,c_129237,c_129238,23.650000000000023,c,c,129237,129238
Global,c_129531,c_129532,18.360000000000014,c,c,129531,129532
Global,c_129825,c_129826,11.440000000000008,c,c,129825,129826
Global,c_130119,c_130120,6.790000000000005,c,c,130119,130120
Global,p_96449,c_103048,0.8,p,c,96449,103048
Global,p_114319,c_128944,1.63,p,c,114319,128944
Global,p_114437,c_128944,1.07,p,c,114437,128944
Global,c_103048,c_103049,1475.3799999999997,c,c,103048,103049
Global,c_128944,c_129239,15.170000000000009,c,c,128944,129239
Global,c_129238,c_129239,27.170000000000027,c,c,129238,129239
Global,c_129532,c_129533,22.230000000000018,c,c,129532,129533
Global,c_129826,c_129827,15.430000000000012,c,c,129826,129827
Global,c_130120,c_130121,9.300000000000008,c,c,130120,130121
Global,p_96454,c_103049,0.25,p,c,96454,103049
Global,p_114585,c_129239,837.8100000000007,p,c,114585,129239
Global,p_114720,c_129239,5.89,p,c,114720,129239
Global,c_103049,c_103050,1477.2499999999995,c,c,103049,103050
Global,c_129239,c_129534,887.8000000000008,c,c,129239,129534
Global,c_129533,c_129534,26.07000000000002,c,c,129533,129534
Global,c_129827,c_129828,19.150000000000016,c,c,129827,129828
Global,c_130121,c_130122,12.38000000000001,c,c,130121,130122
Global,p_96310,c_103050,0.18,p,c,96310,103050
Global,c_103050,p_97830,1479.6799999999996,c,p,103050,97830
Global,c_129534,c_129829,916.7500000000008,c,c,129534,129829
Global,c_129828,c_129829,22.40000000000002,c,c,129828,129829
Global,c_130122,c_130123,16.030000000000012,c,c,130122,130123
Global,c_129829,c_130124,942.9800000000008,c,c,129829,130124
Global,c_130123,c_130124,19.720000000000013,c,c,130123,130124
Global,c_130417,c_130418,3.0400000000000027,c,c,130417,130418
Global,p_97698,c_105412,1.82,p,c,97698,105412
Global,p_97830,c_105412,1520.4199999999996,p,c,97830,105412
Global,p_98059,c_105412,17.52,p,c,98059,105412
Global,c_105412,p_99051,1541.3599999999997,c,p,105412,99051
Global,c_130124,c_130125,966.5400000000009,c,c,130124,130125
Global,c_130418,c_130419,6.830000000000005,c,c,130418,130419
Global,c_130712,c_130713,1.8800000000000017,c,c,130712,130713
Global,p_116144,c_130713,3.22,p,c,116144,130713
Global,c_130125,c_130420,969.5800000000008,c,c,130125,130420
Global,c_130419,c_130420,10.78000000000001,c,c,130419,130420
Global,c_130713,c_130714,8.220000000000004,c,c,130713,130714
Global,p_99051,c_106593,1557.1599999999996,p,c,99051,106593
Global,c_106593,p_100209,1559.1999999999996,c,p,106593,100209
Global,c_130420,c_130421,982.9200000000008,c,c,130420,130421
Global,c_130714,c_130715,12.050000000000008,c,c,130714,130715
Global,c_131008,c_131009,1.7200000000000015,c,c,131008,131009
Global,c_130421,c_130422,984.4800000000007,c,c,130421,130422
Global,c_130715,c_130716,14.13000000000001,c,c,130715,130716
Global,c_131009,c_131010,4.010000000000003,c,c,131009,131010
Global,p_100209,c_107478,1597.3599999999997,p,c,100209,107478
Global,c_107478,p_100625,1598.3999999999996,c,p,107478,100625
Global,c_130422,c_130423,986.2900000000006,c,c,130422,130423
Global,c_130716,c_130717,17.46000000000001,c,c,130716,130717
Global,c_131010,c_131011,7.740000000000006,c,c,131010,131011
Global,c_130423,c_130718,987.6300000000007,c,c,130423,130718
Global,c_130717,c_130718,21.440000000000015,c,c,130717,130718
Global,c_131011,c_131012,11.71000000000001,c,c,131011,131012
Global,p_100390,c_108956,0.03,p,c,100390,108956
Global,p_100625,c_108956,1628.6999999999996,p,c,100625,108956
Global,c_108956,c_108955,1630.4899999999996,c,c,108956,108955
Global,c_130718,c_130719,1012.4800000000007,c,c,130718,130719
Global,c_131012,c_131013,14.610000000000012,c,c,131012,131013
Global,p_100506,c_108955,0.28,p,c,100506,108955
Global,c_108955,c_108954,1633.5499999999995,c,c,108955,108954
Global,c_130719,c_131014,1014.1100000000007,c,c,130719,131014
Global,c_131013,c_131014,16.400000000000013,c,c,131013,131014
Global,c_108954,c_109249,1637.4899999999996,c,c,108954,109249
Global,c_131014,c_131015,1033.7800000000007,c,c,131014,131015
Global,c_109249,c_109248,1639.2299999999996,c,c,109249,109248
Global,c_131015,c_131016,1037.1900000000007,c,c,131015,131016
Global,c_131309,c_131310,1.7300000000000015,c,c,131309,131310
Global,c_109248,c_109543,1642.4499999999996,c,c,109248,109543
Global,c_131016,c_131311,1039.4500000000007,c,c,131016,131311
Global,c_131310,c_131311,3.0800000000000027,c,c,131310,131311
Global,p_100822,c_109543,0.55,p,c,100822,109543
Global,c_109543,c_109838,1645.9499999999996,c,c,109543,109838
Global,c_131311,c_131312,1043.6700000000008,c,c,131311,131312
Global,p_100874,c_109838,0.41,p,c,100874,109838
Global,c_109838,c_110133,1649.3999999999996,c,c,109838,110133
Global,c_122774,c_122775,1.4000000000000012,c,c,122774,122775
Global,c_131312,c_131313,1046.3700000000008,c,c,131312,131313
Global,c_131619,c_131620,2.0100000000000016,c,c,131619,131620
Global,c_131902,c_131607,1.9500000000000015,c,c,131902,131607
Global,p_101237,c_110133,0.39,p,c,101237,110133
Global,p_116299,c_131620,0.79,p,c,116299,131620
Global,c_110133,c_110428,1653.5499999999997,c,c,110133,110428
Global,c_122775,c_123070,2.9300000000000024,c,c,122775,123070
Global,c_127478,c_127479,1.210000000000001,c,c,127478,127479
Global,c_127774,c_127479,2.8400000000000025,c,c,127774,127479
Global,c_128069,c_128070,1.2900000000000011,c,c,128069,128070
Global,c_131313,c_131608,1047.8300000000008,c,c,131313,131608
Global,c_131607,c_131608,3.320000000000003,c,c,131607,131608
Global,c_131620,p_116668,5.100000000000004,c,p,131620,116668
Global,c_131903,c_131608,3.460000000000003,c,c,131903,131608
Global,c_132197,c_132198,3.830000000000003,c,c,132197,132198
Global,c_132201,c_132200,2.1300000000000017,c,c,132201,132200
Global,c_132494,c_132199,1.9400000000000015,c,c,132494,132199
Global,c_132495,c_132200,3.0000000000000027,c,c,132495,132200
Global,p_116822,c_132200,1.96,p,c,116822,132200
Global,c_110428,c_110723,1656.4199999999996,c,c,110428,110723
Global,c_123070,c_123365,6.650000000000006,c,c,123070,123365
Global,c_127185,c_127186,2.910000000000003,c,c,127185,127186
Global,c_127479,c_127480,7.2800000000000065,c,c,127479,127480
Global,c_127775,c_127480,3.310000000000003,c,c,127775,127480
Global,c_128070,c_128071,5.220000000000004,c,c,128070,128071
Global,c_128363,c_128658,1.6400000000000017,c,c,128363,128658
Global,c_128364,c_128659,1.6200000000000014,c,c,128364,128659
Global,c_128365,c_128366,3.830000000000003,c,c,128365,128366
Global,c_128661,c_128366,2.9700000000000024,c,c,128661,128366
Global,c_131329,c_131034,1.7800000000000016,c,c,131329,131034
Global,c_131608,c_131609,1055.6900000000007,c,c,131608,131609
Global,c_131613,c_131318,1.4200000000000013,c,c,131613,131318
Global,c_131622,c_131327,1.6700000000000017,c,c,131622,131327
Global,c_131904,c_131609,2.9400000000000026,c,c,131904,131609
Global,c_132198,p_116701,7.400000000000006,c,p,132198,116701
Global,c_132199,p_116701,3.690000000000003,c,p,132199,116701
Global,c_132200,p_116701,8.250000000000005,c,p,132200,116701
Global,p_101533,c_110723,0.08,p,c,101533,110723
Global,p_101547,c_110723,0.35,p,c,101547,110723
Global,p_114189,c_128662,0.44,p,c,114189,128662
Global,p_116366,c_131328,1.68,p,c,116366,131328
Global,p_116668,c_131327,13.200000000000003,p,c,116668,131327
Global,c_110723,c_111018,1659.5699999999995,c,c,110723,111018
Global,c_123365,c_123660,8.650000000000007,c,c,123365,123660
Global,c_123658,c_123953,2.2500000000000018,c,c,123658,123953
Global,c_126892,c_126893,2.030000000000002,c,c,126892,126893
Global,c_127186,c_127187,5.450000000000005,c,c,127186,127187
Global,c_127480,c_127481,13.630000000000013,c,c,127480,127481
Global,c_127776,c_127481,3.4700000000000033,c,c,127776,127481
Global,c_128071,c_128072,8.490000000000007,c,c,128071,128072
Global,c_128366,c_128367,10.48000000000001,c,c,128366,128367
Global,c_128658,c_128953,5.170000000000004,c,c,128658,128953
Global,c_128659,c_128954,4.980000000000004,c,c,128659,128954
Global,c_128660,c_128955,3.0400000000000027,c,c,128660,128955
Global,c_128662,c_128367,3.890000000000003,c,c,128662,128367
Global,c_128952,c_128953,1.3000000000000012,c,c,128952,128953
Global,c_128956,c_128955,3.950000000000004,c,c,128956,128955
Global,c_129857,c_129562,1.3800000000000012,c,c,129857,129562
Global,c_131029,c_130734,2.0100000000000016,c,c,131029,130734
Global,c_131030,c_130735,1.5300000000000014,c,c,131030,130735
Global,c_131031,c_130736,3.450000000000003,c,c,131031,130736
Global,c_131034,c_130739,4.850000000000005,c,c,131034,130739
Global,c_131318,c_131317,3.8200000000000034,c,c,131318,131317
Global,c_131327,c_131032,16.120000000000005,c,c,131327,131032
Global,c_131328,c_131033,3.900000000000002,c,c,131328,131033
Global,c_131609,c_131610,1061.6000000000008,c,c,131609,131610
Global,c_131611,c_131610,2.440000000000002,c,c,131611,131610
Global,c_131612,c_131317,3.0600000000000027,c,c,131612,131317
Global,c_131614,c_131319,1.6700000000000017,c,c,131614,131319
Global,c_131615,c_131320,3.0400000000000027,c,c,131615,131320
Global,p_114593,c_129268,0.01,p,c,114593,129268
Global,p_115195,c_129562,1.3,p,c,115195,129562
Global,p_115661,c_130444,0.01,p,c,115661,130444
Global,p_116084,c_131033,0.01,p,c,116084,131033
Global,p_116089,c_130733,1.39,p,c,116089,130733
Global,p_116155,c_131033,0.51,p,c,116155,131033
Global,p_116255,c_131323,0.01,p,c,116255,131323
Global,p_116311,c_131610,0.07,p,c,116311,131610
Global,p_116340,c_130433,11.27,p,c,116340,130433
Global,p_116446,c_131320,7.62,p,c,116446,131320
Global,p_116701,c_131610,26.040000000000013,p,c,116701,131610
Global,c_111018,c_111313,1662.3499999999995,c,c,111018,111313
Global,c_123660,c_123955,9.660000000000009,c,c,123660,123955
Global,c_123952,c_124247,3.7000000000000033,c,c,123952,124247
Global,c_123953,c_123954,5.350000000000005,c,c,123953,123954
Global,c_124246,c_124247,1.5300000000000014,c,c,124246,124247
Global,c_126598,c_126599,1.010000000000001,c,c,126598,126599
Global,c_126893,c_126894,5.970000000000005,c,c,126893,126894
Global,c_127187,c_127188,7.770000000000007,c,c,127187,127188
Global,c_127481,c_127482,18.630000000000017,c,c,127481,127482
Global,c_127777,c_127482,2.2700000000000022,c,c,127777,127482
Global,c_128072,c_128073,11.84000000000001,c,c,128072,128073
Global,c_128367,c_128368,18.030000000000015,c,c,128367,128368
Global,c_128655,c_128950,1.200000000000001,c,c,128655,128950
Global,c_128663,c_128368,3.920000000000003,c,c,128663,128368
Global,c_128953,c_129248,10.410000000000007,c,c,128953,129248
Global,c_128954,c_129249,8.980000000000008,c,c,128954,129249
Global,c_128955,c_129250,10.18000000000001,c,c,128955,129250
Global,c_128957,c_129252,3.7200000000000033,c,c,128957,129252
Global,c_128958,c_128959,3.8900000000000032,c,c,128958,128959
Global,c_129251,c_129250,3.070000000000003,c,c,129251,129250
Global,c_129268,p_115953,1.220000000000001,c,p,129268,115953
Global,c_129539,c_129540,2.440000000000002,c,c,129539,129540
Global,c_129553,p_115953,1.060000000000001,c,p,129553,115953
Global,c_129557,p_115953,1.9900000000000015,c,p,129557,115953
Global,c_129558,p_115953,3.6400000000000032,c,p,129558,115953
Global,c_129562,p_115953,5.780000000000004,c,p,129562,115953
Global,c_129846,c_129845,1.2600000000000011,c,c,129846,129845
Global,c_129848,p_115953,1.240000000000001,c,p,129848,115953
Global,c_129849,p_115953,1.6000000000000014,c,p,129849,115953
Global,c_129852,p_115953,1.2600000000000011,c,p,129852,115953
Global,c_129853,p_115953,1.8900000000000017,c,p,129853,115953
Global,c_130132,p_116298,1.060000000000001,c,p,130132,116298
Global,c_130144,p_115953,1.2600000000000011,c,p,130144,115953
Global,c_130150,p_115953,1.110000000000001,c,p,130150,115953
Global,c_130429,p_116298,2.6000000000000023,c,p,130429,116298
Global,c_130430,p_116298,2.080000000000002,c,p,130430,116298
Global,c_130433,c_130138,13.200000000000001,c,c,130433,130138
Global,c_130434,c_130139,1.030000000000001,c,c,130434,130139
Global,c_130438,p_115953,1.4200000000000013,c,p,130438,115953
Global,c_130444,p_115953,1.5400000000000014,c,p,130444,115953
Global,c_130733,p_115953,3.0600000000000014,c,p,130733,115953
Global,c_130734,p_115953,3.1800000000000024,c,p,130734,115953
Global,c_130735,p_115953,4.240000000000004,c,p,130735,115953
Global,c_130736,p_115953,5.5800000000000045,c,p,130736,115953
Global,c_130739,p_115953,7.060000000000007,c,p,130739,115953
Global,c_131019,p_116298,1.6400000000000017,c,p,131019,116298
Global,c_131021,p_116298,1.3500000000000012,c,p,131021,116298
Global,c_131024,p_116258,2.3100000000000023,c,p,131024,116258
Global,c_131025,p_116258,1.3800000000000012,c,p,131025,116258
Global,c_131028,p_115953,2.5900000000000025,c,p,131028,115953
Global,c_131032,p_115953,19.10000000000001,c,p,131032,115953
Global,c_131033,p_115953,8.100000000000005,c,p,131033,115953
Global,c_131317,p_116298,8.740000000000007,c,p,131317,116298
Global,c_131319,p_116258,4.410000000000004,c,p,131319,116258
Global,c_131320,p_116258,13.010000000000005,c,p,131320,116258
Global,c_131323,p_116258,1.490000000000001,c,p,131323,116258
Global,c_131610,p_116298,1091.8300000000008,c,p,131610,116298
Global,p_114866,c_129540,0.03,p,c,114866,129540
Global,p_114919,c_129540,0.03,p,c,114919,129540
Global,p_114969,c_129540,0.03,p,c,114969,129540
Global,c_111313,c_111608,1664.9399999999994,c,c,111313,111608
Global,c_123954,c_124249,9.140000000000008,c,c,123954,124249
Global,c_123955,c_124250,13.310000000000013,c,c,123955,124250
Global,c_124247,c_124542,7.850000000000007,c,c,124247,124542
Global,c_126599,c_126600,2.6200000000000023,c,c,126599,126600
Global,c_126894,c_126895,8.990000000000007,c,c,126894,126895
Global,c_127188,c_127189,11.77000000000001,c,c,127188,127189
Global,c_127482,c_127483,24.150000000000023,c,c,127482,127483
Global,c_127778,c_127483,3.8000000000000034,c,c,127778,127483
Global,c_128073,c_128074,14.690000000000012,c,c,128073,128074
Global,c_128368,c_128369,25.79000000000002,c,c,128368,128369
Global,c_128664,c_128369,3.360000000000003,c,c,128664,128369
Global,c_128950,c_129245,2.230000000000002,c,c,128950,129245
Global,c_128959,c_128960,6.7400000000000055,c,c,128959,128960
Global,c_129248,c_129543,12.97000000000001,c,c,129248,129543
Global,c_129249,c_129544,12.640000000000011,c,c,129249,129544
Global,c_129250,c_129545,14.830000000000016,c,c,129250,129545
Global,c_129252,c_129547,6.670000000000006,c,c,129252,129547
Global,c_129253,c_129254,3.2500000000000027,c,c,129253,129254
Global,c_129540,c_129245,4.940000000000005,c,c,129540,129245
Global,c_129546,c_129545,3.0000000000000027,c,c,129546,129545
Global,c_129845,c_129844,2.6300000000000026,c,c,129845,129844
Global,c_130138,c_129843,16.260000000000005,c,c,130138,129843
Global,c_130139,c_129844,3.360000000000003,c,c,130139,129844
Global,p_102064,c_111608,0.21,p,c,102064,111608
Global,p_102082,c_111608,0.04,p,c,102082,111608
Global,p_102102,c_111608,0.04,p,c,102102,111608
Global,p_102445,c_111608,1.79,p,c,102445,111608
Global,p_111379,c_124542,2.8,p,c,111379,124542
Global,p_112962,c_126600,11.36,p,c,112962,126600
Global,p_113983,c_128383,0.61,p,c,113983,128383
Global,p_115254,c_129843,0.01,p,c,115254,129843
Global,p_115953,c_128383,312.0800000000001,p,c,115953,128383
Global,p_116258,c_129844,83.94,p,c,116258,129844
Global,p_116298,c_129245,1178.6200000000008,p,c,116298,129245
Global,c_111594,c_111889,1.0000000000000009,c,c,111594,111889
Global,c_111608,c_111607,1668.4399999999994,c,c,111608,111607
Global,c_113651,c_113946,1.6000000000000014,c,c,113651,113946
Global,c_124249,c_124544,12.070000000000011,c,c,124249,124544
Global,c_124250,c_124251,16.490000000000016,c,c,124250,124251
Global,c_124542,c_124543,12.690000000000008,c,c,124542,124543
Global,c_124836,c_124837,1.230000000000001,c,c,124836,124837
Global,c_126600,c_126601,17.170000000000005,c,c,126600,126601
Global,c_126895,c_126896,12.21000000000001,c,c,126895,126896
Global,c_127189,c_127484,15.210000000000013,c,c,127189,127484
Global,c_127190,c_127191,3.2900000000000027,c,c,127190,127191
Global,c_127483,c_127484,31.39000000000003,c,c,127483,127484
Global,c_127779,c_127484,3.7400000000000033,c,c,127779,127484
Global,c_128074,c_128075,18.160000000000014,c,c,128074,128075
Global,c_128369,c_128370,32.36000000000003,c,c,128369,128370
Global,c_128383,p_114350,313.9000000000001,c,p,128383,114350
Global,c_128386,p_114350,1.100000000000001,c,p,128386,114350
Global,c_128665,c_128370,3.580000000000003,c,c,128665,128370
Global,c_128678,p_114350,1.130000000000001,c,p,128678,114350
Global,c_128681,p_114350,3.0500000000000025,c,p,128681,114350
Global,c_128960,p_115339,8.610000000000007,c,p,128960,115339
Global,c_128966,p_115339,1.8300000000000016,c,p,128966,115339
Global,c_128974,p_114350,1.190000000000001,c,p,128974,114350
Global,c_128975,p_114350,1.7500000000000016,c,p,128975,114350
Global,c_129245,p_115339,1187.0400000000009,c,p,129245,115339
Global,c_129254,p_115339,5.830000000000005,c,p,129254,115339
Global,c_129543,p_115339,13.99000000000001,c,p,129543,115339
Global,c_129544,p_115339,14.760000000000012,c,p,129544,115339
Global,c_129545,p_115339,21.130000000000024,c,p,129545,115339
Global,c_129547,p_115339,8.650000000000007,c,p,129547,115339
Global,c_129548,p_115339,1.4600000000000013,c,p,129548,115339
Global,c_129840,p_115339,1.020000000000001,c,p,129840,115339
Global,c_129841,p_115339,1.180000000000001,c,p,129841,115339
Global,c_129843,p_115339,17.770000000000007,c,p,129843,115339
Global,c_129844,p_115339,92.60000000000001,c,p,129844,115339
Global,p_102127,c_111607,0.01,p,c,102127,111607
Global,p_102263,c_111607,0.59,p,c,102263,111607
Global,p_102357,c_111607,1.69,p,c,102357,111607
Global,p_113218,c_127484,0.08,p,c,113218,127484
Global,p_113584,c_127780,0.01,p,c,113584,127780
Global,c_111607,p_102281,1673.4999999999993,c,p,111607,102281
Global,c_111889,c_112184,4.030000000000004,c,c,111889,112184
Global,c_113946,c_113947,3.9000000000000035,c,c,113946,113947
Global,c_114240,c_114241,2.9400000000000026,c,c,114240,114241
Global,c_124251,c_124546,19.10000000000002,c,c,124251,124546
Global,c_124543,c_124838,15.19000000000001,c,c,124543,124838
Global,c_124544,c_124839,15.640000000000015,c,c,124544,124839
Global,c_124545,c_124546,2.7600000000000025,c,c,124545,124546
Global,c_124837,c_124838,3.9500000000000037,c,c,124837,124838
Global,c_125719,c_126014,1.4600000000000013,c,c,125719,126014
Global,c_125720,c_125721,3.1000000000000028,c,c,125720,125721
Global,c_126601,c_126602,20.270000000000007,c,c,126601,126602
Global,c_126896,c_126897,15.810000000000013,c,c,126896,126897
Global,c_127191,c_127192,6.430000000000005,c,c,127191,127192
Global,c_127484,p_113703,54.19000000000005,c,p,127484,113703
Global,c_127485,c_127486,2.570000000000002,c,c,127485,127486
Global,c_127780,p_113703,1.9800000000000015,c,p,127780,113703
Global,c_128075,c_128076,21.51000000000002,c,c,128075,128076
Global,c_128370,c_128371,39.59000000000004,c,c,128370,128371
Global,c_128666,c_128371,2.300000000000002,c,c,128666,128371
Global,p_112213,c_126014,4.84,p,c,112213,126014
Global,p_114350,c_128092,359.6800000000001,p,c,114350,128092
Global,p_115339,c_128667,1455.940000000001,p,c,115339,128667
Global,c_112183,c_112478,1.210000000000001,c,c,112183,112478
Global,c_112184,c_112479,7.5300000000000065,c,c,112184,112479
Global,c_113947,c_113948,6.4100000000000055,c,c,113947,113948
Global,c_114241,c_114242,5.680000000000005,c,c,114241,114242
Global,c_124546,c_124547,25.500000000000025,c,c,124546,124547
Global,c_124838,c_125133,22.820000000000014,c,c,124838,125133
Global,c_124839,c_125134,18.96000000000002,c,c,124839,125134
Global,c_124840,c_124841,3.200000000000003,c,c,124840,124841
Global,c_125132,c_125133,1.8800000000000017,c,c,125132,125133
Global,c_125135,c_125134,3.0800000000000027,c,c,125135,125134
Global,c_125136,c_124841,3.7200000000000033,c,c,125136,124841
Global,c_125426,c_125427,1.7300000000000015,c,c,125426,125427
Global,c_125721,c_125722,6.700000000000006,c,c,125721,125722
Global,c_126014,c_126309,9.650000000000004,c,c,126014,126309
Global,c_126015,c_126310,1.8700000000000017,c,c,126015,126310
Global,c_126016,c_126017,3.2900000000000027,c,c,126016,126017
Global,c_126308,c_126309,1.7000000000000015,c,c,126308,126309
Global,c_126311,c_126310,3.8400000000000034,c,c,126311,126310
Global,c_126312,c_126017,3.0800000000000027,c,c,126312,126017
Global,c_126602,c_126603,24.01000000000001,c,c,126602,126603
Global,c_126897,c_126898,19.670000000000016,c,c,126897,126898
Global,c_127192,c_127193,8.750000000000007,c,c,127192,127193
Global,c_127486,c_127487,4.640000000000004,c,c,127486,127487
Global,c_127782,c_127487,1.190000000000001,c,c,127782,127487
Global,c_128076,c_128077,24.84000000000002,c,c,128076,128077
Global,c_128092,p_113592,362.5500000000001,c,p,128092,113592
Global,c_128371,c_128372,44.090000000000046,c,c,128371,128372
Global,c_128667,c_128372,1457.150000000001,c,c,128667,128372
Global,p_102281,c_111900,1675.8999999999994,p,c,102281,111900
Global,p_112337,c_126025,0.07,p,c,112337,126025
Global,p_112362,c_126025,0.01,p,c,112362,126025
Global,p_113703,c_127487,67.08000000000006,p,c,113703,127487
Global,c_111900,c_112195,1677.4899999999993,c,c,111900,112195
Global,c_112478,c_112773,4.580000000000004,c,c,112478,112773
Global,c_112479,c_112774,9.340000000000009,c,c,112479,112774
Global,c_112772,c_112773,2.180000000000002,c,c,112772,112773
Global,c_113948,c_114243,8.550000000000008,c,c,113948,114243
Global,c_114242,c_114243,6.870000000000006,c,c,114242,114243
Global,c_114538,c_114243,2.240000000000002,c,c,114538,114243
Global,c_115712,c_116007,2.6000000000000023,c,c,115712,116007
Global,c_116006,c_116007,1.5200000000000014,c,c,116006,116007
Global,c_117184,c_117185,3.530000000000003,c,c,117184,117185
Global,c_123369,c_123370,1.7100000000000015,c,c,123369,123370
Global,c_124547,c_124548,27.790000000000028,c,c,124547,124548
Global,c_124841,c_124842,10.740000000000009,c,c,124841,124842
Global,c_125133,c_125428,28.40000000000002,c,c,125133,125428
Global,c_125134,c_125429,24.690000000000023,c,c,125134,125429
Global,c_125137,c_124842,3.030000000000003,c,c,125137,124842
Global,c_125427,c_125428,4.480000000000004,c,c,125427,125428
Global,c_125430,c_125429,3.340000000000003,c,c,125430,125429
Global,c_125431,c_125726,3.750000000000003,c,c,125431,125726
Global,c_125432,c_125433,3.950000000000004,c,c,125432,125433
Global,c_125435,c_125140,2.530000000000002,c,c,125435,125140
Global,c_125722,c_125723,9.740000000000009,c,c,125722,125723
Global,c_126017,c_126018,8.200000000000006,c,c,126017,126018
Global,c_126025,p_112975,1.5400000000000014,c,p,126025,112975
Global,c_126309,c_126604,13.830000000000007,c,c,126309,126604
Global,c_126310,c_126605,8.250000000000007,c,c,126310,126605
Global,c_126313,c_126018,3.850000000000003,c,c,126313,126018
Global,c_126603,c_126604,27.75000000000001,c,c,126603,126604
Global,c_126606,c_126605,1.5600000000000014,c,c,126606,126605
Global,c_126608,c_126609,1.5600000000000014,c,c,126608,126609
Global,c_126898,c_126899,22.90000000000002,c,c,126898,126899
Global,c_127193,c_127194,11.030000000000008,c,c,127193,127194
Global,c_127487,c_127488,76.80000000000007,c,c,127487,127488
Global,c_128077,c_128078,28.380000000000024,c,c,128077,128078
Global,c_128372,c_128373,1505.120000000001,c,c,128372,128373
Global,p_111923,c_125428,0.01,p,c,111923,125428
Global,p_112111,c_125723,0.01,p,c,112111,125723
Global,p_112353,c_126319,0.09,p,c,112353,126319
Global,p_112757,c_126609,0.29,p,c,112757,126609
Global,p_113288,c_126605,37.53,p,c,113288,126605
Global,p_113347,c_127488,0.01,p,c,113347,127488
Global,p_113592,c_126319,424.79000000000013,p,c,113592,126319
Global,c_112195,c_112194,1680.9799999999993,c,c,112195,112194
Global,c_112773,c_113068,10.640000000000008,c,c,112773,113068
Global,c_112774,c_113069,10.410000000000009,c,c,112774,113069
Global,c_113067,c_113068,3.7200000000000033,c,c,113067,113068
Global,c_113361,c_113362,3.1000000000000028,c,c,113361,113362
Global,c_113655,c_113656,1.210000000000001,c,c,113655,113656
Global,c_114243,c_114244,19.83000000000002,c,c,114243,114244
Global,c_114539,c_114244,3.280000000000003,c,c,114539,114244
Global,c_116007,c_116008,7.980000000000007,c,c,116007,116008
Global,c_116301,c_116302,1.6600000000000017,c,c,116301,116302
Global,c_116596,c_116891,1.3200000000000012,c,c,116596,116891
Global,c_117185,c_117186,5.900000000000005,c,c,117185,117186
Global,c_117479,c_117480,1.120000000000001,c,c,117479,117480
Global,c_123370,c_123371,5.550000000000005,c,c,123370,123371
Global,c_124548,c_124843,29.55000000000003,c,c,124548,124843
Global,c_124842,c_124843,17.130000000000017,c,c,124842,124843
Global,c_125138,c_124843,3.0100000000000025,c,c,125138,124843
Global,c_125140,c_125139,4.050000000000003,c,c,125140,125139
Global,c_125428,p_114039,36.14000000000002,c,p,125428,114039
Global,c_125429,p_114039,31.14000000000003,c,p,125429,114039
Global,c_125433,p_114039,5.590000000000006,c,p,125433,114039
Global,c_125434,c_125139,1.6000000000000014,c,c,125434,125139
Global,c_125723,p_114039,10.94000000000001,c,p,125723,114039
Global,c_125726,p_114039,5.840000000000005,c,p,125726,114039
Global,c_125729,p_114039,1.8400000000000016,c,p,125729,114039
Global,c_126018,p_114039,14.550000000000011,c,p,126018,114039
Global,c_126019,p_114039,2.280000000000002,c,p,126019,114039
Global,c_126021,p_114039,1.2800000000000011,c,p,126021,114039
Global,c_126314,p_114039,3.0400000000000027,c,p,126314,114039
Global,c_126319,p_114039,426.2500000000001,c,p,126319,114039
Global,c_126604,p_114039,45.08000000000002,c,p,126604,114039
Global,c_126605,p_114039,50.29000000000001,c,p,126605,114039
Global,c_126609,p_114039,4.010000000000003,c,p,126609,114039
Global,c_126899,p_114039,24.70000000000002,c,p,126899,114039
Global,c_127194,p_114039,13.620000000000012,c,p,127194,114039
Global,c_127488,p_114039,79.50000000000007,c,p,127488,114039
Global,c_128078,p_114039,29.890000000000025,c,p,128078,114039
Global,c_128373,p_114039,1506.720000000001,c,p,128373,114039
Global,p_102546,c_112194,0.45,p,c,102546,112194
Global,p_112975,c_125139,18.820000000000004,p,c,112975,125139
Global,c_112194,c_112193,1684.8099999999995,c,c,112194,112193
Global,c_113068,c_113363,18.170000000000012,c,c,113068,113363
Global,c_113069,c_113364,12.37000000000001,c,c,113069,113364
Global,c_113362,c_113363,7.100000000000007,c,c,113362,113363
Global,c_113656,c_113657,3.980000000000003,c,c,113656,113657
Global,c_113950,c_113951,2.690000000000002,c,c,113950,113951
Global,c_114244,c_114245,26.190000000000026,c,c,114244,114245
Global,c_114540,c_114245,1.110000000000001,c,c,114540,114245
Global,c_116008,c_116303,9.500000000000007,c,c,116008,116303
Global,c_116302,c_116303,4.900000000000005,c,c,116302,116303
Global,c_116891,c_116892,2.360000000000002,c,c,116891,116892
Global,c_117186,c_117187,7.170000000000006,c,c,117186,117187
Global,c_117480,c_117481,3.230000000000003,c,c,117480,117481
Global,c_118951,c_119246,1.170000000000001,c,c,118951,119246
Global,c_122784,c_122785,2.300000000000002,c,c,122784,122785
Global,c_123077,c_123078,1.8800000000000017,c,c,123077,123078
Global,c_123371,c_123372,9.500000000000009,c,c,123371,123372
Global,c_123665,c_123666,2.5600000000000023,c,c,123665,123666
Global,c_124843,c_124844,53.24000000000005,c,c,124843,124844
Global,c_125139,c_124844,25.86000000000001,c,c,125139,124844
Global,p_114039,c_124844,2500.4100000000017,p,c,114039,124844
Global,c_112193,c_112488,1687.4399999999996,c,c,112193,112488
Global,c_113363,c_113658,29.200000000000024,c,c,113363,113658
Global,c_113364,c_113659,16.160000000000014,c,c,113364,113659
Global,c_113657,c_113658,7.740000000000006,c,c,113657,113658
Global,c_113951,c_113952,4.740000000000004,c,c,113951,113952
Global,c_114245,c_114246,30.270000000000028,c,c,114245,114246
Global,c_114541,c_114246,2.040000000000002,c,c,114541,114246
Global,c_116303,c_116598,16.110000000000014,c,c,116303,116598
Global,c_116892,c_116893,5.1200000000000045,c,c,116892,116893
Global,c_117187,c_117482,8.320000000000007,c,c,117187,117482
Global,c_117481,c_117482,6.640000000000006,c,c,117481,117482
Global,c_119246,c_119247,3.4300000000000033,c,c,119246,119247
Global,c_120725,c_120430,3.8000000000000034,c,c,120725,120430
Global,c_121020,c_121021,2.7500000000000027,c,c,121020,121021
Global,c_121904,c_121905,2.370000000000002,c,c,121904,121905
Global,c_122491,c_122786,1.4700000000000013,c,c,122491,122786
Global,c_122492,c_122493,2.500000000000002,c,c,122492,122493
Global,c_122785,c_122786,6.000000000000005,c,c,122785,122786
Global,c_123078,c_123373,5.240000000000005,c,c,123078,123373
Global,c_123079,c_123080,4.0000000000000036,c,c,123079,123080
Global,c_123372,c_123373,13.420000000000012,c,c,123372,123373
Global,c_123666,c_123667,6.470000000000006,c,c,123666,123667
Global,c_123960,c_123961,2.280000000000002,c,c,123960,123961
Global,c_124844,p_111604,2581.3300000000017,c,p,124844,111604
Global,p_102936,c_112488,4.12,p,c,102936,112488
Global,p_104065,c_114246,0.01,p,c,104065,114246
Global,p_104073,c_114246,0.01,p,c,104073,114246
Global,p_104097,c_114246,0.58,p,c,104097,114246
Global,p_106116,c_116893,0.16,p,c,106116,116893
Global,p_106126,c_116893,0.65,p,c,106126,116893
Global,c_112488,p_104364,1693.3999999999994,c,p,112488,104364
Global,c_113658,c_113953,39.110000000000035,c,c,113658,113953
Global,c_113659,c_113660,20.160000000000018,c,c,113659,113660
Global,c_113952,c_113953,6.970000000000006,c,c,113952,113953
Global,c_114246,c_114247,35.75000000000002,c,c,114246,114247
Global,c_116598,c_116599,18.290000000000017,c,c,116598,116599
Global,c_116893,c_116894,7.600000000000007,c,c,116893,116894
Global,c_117482,c_117483,17.370000000000015,c,c,117482,117483
Global,c_118953,c_118954,1.150000000000001,c,c,118953,118954
Global,c_119247,c_119248,5.810000000000006,c,c,119247,119248
Global,c_119541,c_119542,3.2500000000000027,c,c,119541,119542
Global,c_119839,c_119544,4.0000000000000036,c,c,119839,119544
Global,c_120131,c_120132,1.3200000000000012,c,c,120131,120132
Global,c_120428,c_120133,2.460000000000002,c,c,120428,120133
Global,c_120429,c_120134,3.790000000000003,c,c,120429,120134
Global,c_120430,c_120135,7.800000000000007,c,c,120430,120135
Global,c_120726,c_120431,3.8200000000000034,c,c,120726,120431
Global,c_121021,c_121316,4.990000000000005,c,c,121021,121316
Global,c_121315,c_121316,3.0100000000000025,c,c,121315,121316
Global,c_121610,c_121611,2.8300000000000027,c,c,121610,121611
Global,c_121905,c_121906,5.920000000000005,c,c,121905,121906
Global,c_122199,c_122200,3.160000000000003,c,c,122199,122200
Global,c_122202,p_109852,3.410000000000003,c,p,122202,109852
Global,c_122493,c_122494,5.720000000000005,c,c,122493,122494
Global,c_122496,c_122495,3.160000000000003,c,c,122496,122495
Global,c_122786,c_123081,11.47000000000001,c,c,122786,123081
Global,c_122787,c_122788,3.950000000000004,c,c,122787,122788
Global,c_122790,c_122495,3.9700000000000033,c,c,122790,122495
Global,c_123080,c_123081,8.000000000000007,c,c,123080,123081
Global,c_123373,c_123668,21.88000000000002,c,c,123373,123668
Global,c_123374,c_123375,3.960000000000003,c,c,123374,123375
Global,c_123377,c_123082,3.570000000000003,c,c,123377,123082
Global,c_123667,c_123668,10.34000000000001,c,c,123667,123668
Global,c_123961,c_123962,6.260000000000005,c,c,123961,123962
Global,c_124255,c_124256,1.080000000000001,c,c,124255,124256
Global,c_124259,c_124258,1.2600000000000011,c,c,124259,124258
Global,c_124550,c_124551,1.2900000000000011,c,c,124550,124551
Global,p_106010,c_116599,0.71,p,c,106010,116599
Global,p_107940,c_119542,0.01,p,c,107940,119542
Global,p_107948,c_119542,0.03,p,c,107948,119542
Global,p_107957,c_119542,0.01,p,c,107957,119542
Global,p_107965,c_119542,0.01,p,c,107965,119542
Global,p_107976,c_119542,0.06,p,c,107976,119542
Global,p_107977,c_119542,0.01,p,c,107977,119542
Global,p_107982,c_119542,0.01,p,c,107982,119542
Global,p_107992,c_119542,0.02,p,c,107992,119542
Global,p_108302,c_120134,0.01,p,c,108302,120134
Global,p_108310,c_120134,0.01,p,c,108310,120134
Global,p_108327,c_120134,0.01,p,c,108327,120134
Global,p_108329,c_119837,2.59,p,c,108329,119837
Global,p_108333,c_120133,0.25,p,c,108333,120133
Global,p_109655,c_122200,0.01,p,c,109655,122200
Global,p_109749,c_122494,0.01,p,c,109749,122494
Global,p_110110,c_122789,1.41,p,c,110110,122789
Global,p_110122,c_123083,0.01,p,c,110122,123083
Global,p_110135,c_123083,0.02,p,c,110135,123083
Global,p_110314,c_123081,2.54,p,c,110314,123081
Global,p_110321,c_123376,0.01,p,c,110321,123376
Global,p_110435,c_123670,0.01,p,c,110435,123670
Global,p_110476,c_123668,0.08,p,c,110476,123668
Global,p_110707,c_123965,0.01,p,c,110707,123965
Global,p_111126,c_123670,5.17,p,c,111126,123670
Global,p_111283,c_124551,0.53,p,c,111283,124551
Global,p_111540,c_124551,1.54,p,c,111540,124551
Global,p_111604,c_124551,2584.040000000002,p,c,111604,124551
Global,c_113660,c_113955,24.08000000000002,c,c,113660,113955
Global,c_113953,c_114248,48.46000000000004,c,c,113953,114248
Global,c_113954,c_113955,3.880000000000003,c,c,113954,113955
Global,c_114247,c_114248,38.700000000000024,c,c,114247,114248
Global,c_116599,c_116600,21.10000000000002,c,c,116599,116600
Global,c_116894,c_116895,11.22000000000001,c,c,116894,116895
Global,c_117189,c_117190,3.0900000000000025,c,c,117189,117190
Global,c_117483,c_117484,19.920000000000016,c,c,117483,117484
Global,c_117777,c_117778,1.4500000000000013,c,c,117777,117778
Global,c_118954,c_118955,3.8900000000000032,c,c,118954,118955
Global,c_119248,c_119249,9.100000000000009,c,c,119248,119249
Global,c_119542,p_108320,5.440000000000003,c,p,119542,108320
Global,c_119543,p_108320,2.0100000000000016,c,p,119543,108320
Global,c_119544,c_119249,7.990000000000007,c,c,119544,119249
Global,c_119837,p_108320,3.620000000000001,c,p,119837,108320
Global,c_119838,p_108320,1.2800000000000011,c,p,119838,108320
Global,c_119840,c_119545,4.0000000000000036,c,c,119840,119545
Global,c_120132,p_108320,3.440000000000003,c,p,120132,108320
Global,c_120133,p_108320,4.610000000000004,c,p,120133,108320
Global,c_120134,p_108320,6.210000000000004,c,p,120134,108320
Global,c_120135,c_120136,10.090000000000009,c,c,120135,120136
Global,c_120431,c_120136,7.820000000000007,c,c,120431,120136
Global,c_120727,c_120432,3.670000000000003,c,c,120727,120432
Global,c_121316,c_121317,11.640000000000011,c,c,121316,121317
Global,c_121611,c_121612,6.070000000000006,c,c,121611,121612
Global,c_121906,p_111194,7.950000000000007,c,p,121906,111194
Global,c_122200,p_111194,6.760000000000006,c,p,122200,111194
Global,c_122494,p_111194,7.810000000000007,c,p,122494,111194
Global,c_122495,p_111194,8.600000000000009,c,p,122495,111194
Global,c_122788,p_111194,7.550000000000008,c,p,122788,111194
Global,c_122789,p_111194,2.890000000000001,c,p,122789,111194
Global,c_123081,p_111194,25.01000000000002,c,p,123081,111194
Global,c_123082,p_111194,5.680000000000005,c,p,123082,111194
Global,c_123083,p_111194,2.560000000000002,c,p,123083,111194
Global,c_123084,p_111194,3.230000000000003,c,p,123084,111194
Global,c_123375,p_111194,7.390000000000006,c,p,123375,111194
Global,c_123376,p_111194,1.5600000000000014,c,p,123376,111194
Global,c_123668,p_111194,35.820000000000036,c,p,123668,111194
Global,c_123669,p_111194,2.370000000000002,c,p,123669,111194
Global,c_123670,p_111194,7.040000000000002,c,p,123670,111194
Global,c_123962,p_111194,9.930000000000009,c,p,123962,111194
Global,c_123963,p_111194,1.9200000000000017,c,p,123963,111194
Global,c_123965,p_111194,3.6200000000000028,c,p,123965,111194
Global,c_124256,p_111194,2.8100000000000023,c,p,124256,111194
Global,c_124258,p_111194,2.5800000000000023,c,p,124258,111194
Global,c_124551,p_111194,2588.8300000000017,c,p,124551,111194
Global,c_124552,p_111194,2.710000000000002,c,p,124552,111194
Global,p_104364,c_114843,1710.5299999999995,p,c,104364,114843
Global,p_104912,c_114843,14.55,p,c,104912,114843
Global,p_105698,c_116306,0.36,p,c,105698,116306
Global,p_109852,c_121612,11.790000000000003,p,c,109852,121612
Global,c_113955,c_114250,31.930000000000025,c,c,113955,114250
Global,c_114248,c_114543,90.51000000000008,c,c,114248,114543
Global,c_114249,c_114250,3.7200000000000033,c,c,114249,114250
Global,c_114843,c_114842,1727.0099999999995,c,c,114843,114842
Global,c_116306,c_116307,1.9500000000000015,c,c,116306,116307
Global,c_116600,c_116601,23.02000000000002,c,c,116600,116601
Global,c_116895,c_116896,15.220000000000013,c,c,116895,116896
Global,c_117190,c_117191,6.930000000000006,c,c,117190,117191
Global,c_117484,c_117485,23.840000000000018,c,c,117484,117485
Global,c_117778,c_117779,5.220000000000004,c,c,117778,117779
Global,c_118072,c_118073,2.3100000000000023,c,c,118072,118073
Global,c_118366,c_118367,1.7400000000000015,c,c,118366,118367
Global,c_118660,c_118661,1.7900000000000016,c,c,118660,118661
Global,c_118955,c_118956,7.380000000000006,c,c,118955,118956
Global,c_119249,c_119250,20.47000000000002,c,c,119249,119250
Global,c_119545,c_119250,8.000000000000007,c,c,119545,119250
Global,c_119841,c_119546,4.0000000000000036,c,c,119841,119546
Global,c_120136,c_120137,20.28000000000002,c,c,120136,120137
Global,c_120432,c_120137,7.5300000000000065,c,c,120432,120137
Global,c_120728,c_120433,3.7200000000000033,c,c,120728,120433
Global,c_121317,c_121318,13.110000000000012,c,c,121317,121318
Global,c_121612,c_121613,18.94000000000001,c,c,121612,121613
Global,p_104845,c_114842,5.34,p,c,104845,114842
Global,p_105872,c_116601,0.88,p,c,105872,116601
Global,p_108261,c_120137,0.01,p,c,108261,120137
Global,p_108274,c_120137,0.01,p,c,108274,120137
Global,p_108283,c_120137,0.01,p,c,108283,120137
Global,p_108320,c_120137,34.02000000000002,p,c,108320,120137
Global,p_108321,c_120137,0.71,p,c,108321,120137
Global,p_109133,c_121025,7.12,p,c,109133,121025
Global,p_109215,c_121613,0.12,p,c,109215,121613
Global,p_109219,c_121613,0.01,p,c,109219,121613
Global,p_109240,c_121613,0.01,p,c,109240,121613
Global,p_111194,c_121613,2765.570000000002,p,c,111194,121613
Global,c_114250,c_114545,38.73000000000003,c,c,114250,114545
Global,c_114543,c_114838,93.42000000000007,c,c,114543,114838
Global,c_114544,c_114545,3.2900000000000027,c,c,114544,114545
Global,c_114842,c_114841,1735.9999999999995,c,c,114842,114841
Global,c_115716,c_115717,1.010000000000001,c,c,115716,115717
Global,c_116307,c_116308,5.070000000000004,c,c,116307,116308
Global,c_116601,c_116602,27.11000000000002,c,c,116601,116602
Global,c_116896,c_116897,18.990000000000016,c,c,116896,116897
Global,c_117191,c_117192,10.760000000000009,c,c,117191,117192
Global,c_117485,c_117486,27.74000000000002,c,c,117485,117486
Global,c_117779,c_117780,8.940000000000008,c,c,117779,117780
Global,c_118073,c_118074,5.770000000000005,c,c,118073,118074
Global,c_118367,c_118368,5.530000000000005,c,c,118367,118368
Global,c_118661,c_118662,5.360000000000005,c,c,118661,118662
Global,c_118956,c_118957,11.340000000000009,c,c,118956,118957
Global,c_119250,c_119251,31.81000000000003,c,c,119250,119251
Global,c_119546,c_119251,7.990000000000007,c,c,119546,119251
Global,c_119842,c_119547,3.960000000000003,c,c,119842,119547
Global,c_120137,c_120138,64.85000000000004,c,c,120137,120138
Global,c_120433,c_120138,7.300000000000006,c,c,120433,120138
Global,c_120729,c_120434,2.6700000000000026,c,c,120729,120434
Global,c_121023,p_109150,3.810000000000003,c,p,121023,109150
Global,c_121024,p_109150,1.3000000000000012,c,p,121024,109150
Global,c_121025,p_109150,8.47,c,p,121025,109150
Global,c_121318,p_109150,14.280000000000014,c,p,121318,109150
Global,c_121319,p_109150,1.6200000000000014,c,p,121319,109150
Global,c_121320,p_109150,1.5600000000000014,c,p,121320,109150
Global,c_121613,p_109150,2787.780000000002,c,p,121613,109150
Global,p_108207,c_119843,0.1,p,c,108207,119843
Global,p_108209,c_120138,0.03,p,c,108209,120138
Global,p_108251,c_120138,0.53,p,c,108251,120138
Global,c_114545,c_114840,45.820000000000036,c,c,114545,114840
Global,c_114838,c_115133,94.68000000000008,c,c,114838,115133
Global,c_114839,c_114840,3.5500000000000034,c,c,114839,114840
Global,c_114841,c_114840,1739.6599999999996,c,c,114841,114840
Global,c_115423,c_115424,2.9000000000000026,c,c,115423,115424
Global,c_115717,c_115718,3.3300000000000027,c,c,115717,115718
Global,c_116013,c_115718,2.5900000000000025,c,c,116013,115718
Global,c_116308,c_116309,8.640000000000008,c,c,116308,116309
Global,c_116602,c_116603,30.310000000000024,c,c,116602,116603
Global,c_116897,c_116898,22.54000000000002,c,c,116897,116898
Global,c_117192,c_117193,14.360000000000012,c,c,117192,117193
Global,c_117486,c_117487,31.730000000000025,c,c,117486,117487
Global,c_117780,c_117781,12.930000000000012,c,c,117780,117781
Global,c_118074,c_118075,9.670000000000009,c,c,118074,118075
Global,c_118368,c_118369,9.460000000000008,c,c,118368,118369
Global,c_118662,c_118663,9.320000000000007,c,c,118662,118663
Global,c_118957,c_118958,15.030000000000012,c,c,118957,118958
Global,c_119251,c_119252,43.380000000000045,c,c,119251,119252
Global,c_119547,c_119252,7.830000000000007,c,c,119547,119252
Global,c_119843,c_119548,3.300000000000003,c,c,119843,119548
Global,c_120138,c_120139,74.79000000000005,c,c,120138,120139
Global,c_120434,c_120139,5.380000000000004,c,c,120434,120139
Global,p_108208,c_119844,0.3,p,c,108208,119844
Global,p_109150,c_119844,2833.990000000002,p,c,109150,119844
Global,c_114840,c_115135,1791.8899999999996,c,c,114840,115135
Global,c_115133,c_115132,98.59000000000009,c,c,115133,115132
Global,c_115134,c_115135,3.790000000000003,c,c,115134,115135
Global,c_115424,c_115425,4.580000000000004,c,c,115424,115425
Global,c_115718,c_115719,8.620000000000008,c,c,115718,115719
Global,c_116014,c_115719,2.420000000000002,c,c,116014,115719
Global,c_116309,c_116604,12.27000000000001,c,c,116309,116604
Global,c_116312,c_116017,3.950000000000004,c,c,116312,116017
Global,c_116603,c_116604,33.480000000000025,c,c,116603,116604
Global,c_116898,c_116899,26.420000000000023,c,c,116898,116899
Global,c_117193,c_117194,17.970000000000013,c,c,117193,117194
Global,c_117487,c_117488,34.800000000000026,c,c,117487,117488
Global,c_117781,c_117782,16.920000000000016,c,c,117781,117782
Global,c_118075,c_118076,13.490000000000013,c,c,118075,118076
Global,c_118369,c_118370,13.310000000000011,c,c,118369,118370
Global,c_118663,c_118664,13.270000000000012,c,c,118663,118664
Global,c_118958,c_118959,18.830000000000016,c,c,118958,118959
Global,c_119252,c_119253,54.830000000000055,c,c,119252,119253
Global,c_119548,c_119253,6.820000000000006,c,c,119548,119253
Global,c_119844,p_108191,2836.7700000000023,c,p,119844,108191
Global,c_120139,p_108191,81.78000000000006,c,p,120139,108191
Global,p_107720,c_119253,0.01,p,c,107720,119253
Global,c_115132,c_115427,102.20000000000009,c,c,115132,115427
Global,c_115135,c_115430,1797.5699999999997,c,c,115135,115430
Global,c_115425,c_115426,6.280000000000005,c,c,115425,115426
Global,c_115428,c_115427,3.8900000000000032,c,c,115428,115427
Global,c_115429,c_115430,3.8400000000000034,c,c,115429,115430
Global,c_115719,c_115720,14.210000000000012,c,c,115719,115720
Global,c_116017,c_115722,7.860000000000008,c,c,116017,115722
Global,c_116311,c_116016,2.5500000000000025,c,c,116311,116016
Global,c_116313,c_116018,3.860000000000003,c,c,116313,116018
Global,c_116314,c_116019,3.8900000000000032,c,c,116314,116019
Global,c_116604,c_116605,49.13000000000004,c,c,116604,116605
Global,c_116607,c_116902,3.8900000000000032,c,c,116607,116902
Global,c_116899,c_116900,30.350000000000026,c,c,116899,116900
Global,c_117194,c_117195,21.320000000000014,c,c,117194,117195
Global,c_117488,c_117489,38.61000000000003,c,c,117488,117489
Global,c_117782,c_117783,20.840000000000018,c,c,117782,117783
Global,c_118076,c_118077,17.330000000000016,c,c,118076,118077
Global,c_118370,c_118371,17.180000000000014,c,c,118370,118371
Global,c_118664,c_118665,16.650000000000016,c,c,118664,118665
Global,c_118959,c_119254,21.480000000000018,c,c,118959,119254
Global,c_119253,c_119254,65.10000000000007,c,c,119253,119254
Global,p_105077,c_115430,1.98,p,c,105077,115430
Global,p_105308,c_116018,0.02,p,c,105308,116018
Global,p_105325,c_116018,0.02,p,c,105325,116018
Global,p_105341,c_116018,0.02,p,c,105341,116018
Global,p_105380,c_116018,0.1,p,c,105380,116018
Global,p_105511,c_116018,2.25,p,c,105511,116018
Global,p_106002,c_115721,7.58,p,c,106002,115721
Global,p_106335,c_116902,0.59,p,c,106335,116902
Global,p_107038,c_118077,0.01,p,c,107038,118077
Global,p_107055,c_118077,0.01,p,c,107055,118077
Global,p_107069,c_118077,0.01,p,c,107069,118077
Global,p_107716,c_119254,1.65,p,c,107716,119254
Global,p_108191,c_119254,2924.5500000000025,p,c,108191,119254
Global,c_115426,p_106640,9.480000000000008,c,p,115426,106640
Global,c_115427,p_106640,109.14000000000009,c,p,115427,106640
Global,c_115430,p_106640,1804.5299999999997,c,p,115430,106640
Global,c_115720,p_106640,17.310000000000013,c,p,115720,106640
Global,c_115721,p_106640,9.660000000000002,c,p,115721,106640
Global,c_115722,p_106640,9.080000000000009,c,p,115722,106640
Global,c_115723,p_106640,1.2900000000000011,c,p,115723,106640
Global,c_115724,p_106640,1.500000000000001,c,p,115724,106640
Global,c_116016,p_106640,4.970000000000004,c,p,116016,106640
Global,c_116018,p_106640,8.240000000000002,c,p,116018,106640
Global,c_116019,p_106640,5.020000000000004,c,p,116019,106640
Global,c_116020,p_106640,1.8200000000000016,c,p,116020,106640
Global,c_116605,p_106640,51.12000000000004,c,p,116605,106640
Global,c_116900,p_106640,33.49000000000003,c,p,116900,106640
Global,c_116902,p_106640,6.410000000000005,c,p,116902,106640
Global,c_117195,p_106640,24.600000000000016,c,p,117195,106640
Global,c_117197,p_106640,2.730000000000002,c,p,117197,106640
Global,c_117489,c_117784,41.63000000000003,c,c,117489,117784
Global,c_117491,p_106640,1.110000000000001,c,p,117491,106640
Global,c_117783,c_117784,24.72000000000002,c,c,117783,117784
Global,c_118077,c_118078,20.910000000000025,c,c,118077,118078
Global,c_118371,c_118372,21.100000000000016,c,c,118371,118372
Global,c_118665,c_118666,19.88000000000002,c,c,118665,118666
Global,c_119254,p_107972,3014.5800000000027,c,p,119254,107972
Global,c_119256,p_107972,2.180000000000002,c,p,119256,107972
Global,c_119550,p_107972,1.090000000000001,c,p,119550,107972
Global,p_106635,c_117784,0.01,p,c,106635,117784
Global,p_106647,c_117784,0.01,p,c,106647,117784
Global,p_106664,c_117784,0.01,p,c,106664,117784
Global,p_106684,c_117784,0.02,p,c,106684,117784
Global,p_106688,c_117784,0.01,p,c,106688,117784
Global,p_107161,c_118372,0.01,p,c,107161,118372
Global,p_107177,c_118372,0.01,p,c,107177,118372
Global,p_107192,c_118372,0.01,p,c,107192,118372
Global,p_107204,c_118372,0.01,p,c,107204,118372
Global,p_107568,c_118666,1.66,p,c,107568,118666
Global,c_117784,c_117785,67.66000000000007,c,c,117784,117785
Global,c_118078,c_118079,22.020000000000024,c,c,118078,118079
Global,c_118372,c_118373,22.210000000000022,c,c,118372,118373
Global,c_118666,c_118667,23.670000000000023,c,c,118666,118667
Global,c_118962,c_118667,2.070000000000002,c,c,118962,118667
Global,p_106640,c_117785,2130.2999999999997,p,c,106640,117785
Global,p_107153,c_118079,2.15,p,c,107153,118079
Global,p_107413,c_118667,0.68,p,c,107413,118667
Global,p_107972,c_117785,3035.900000000003,p,c,107972,117785
Global,c_117785,c_118080,5236.650000000003,c,c,117785,118080
Global,c_118079,c_118080,27.290000000000028,c,c,118079,118080
Global,c_118373,c_118374,25.000000000000025,c,c,118373,118374
Global,c_118667,c_118668,28.790000000000028,c,c,118667,118668
Global,c_118080,c_118375,5267.2000000000035,c,c,118080,118375
Global,c_118374,c_118375,28.920000000000027,c,c,118374,118375
Global,c_118668,c_118669,32.400000000000034,c,c,118668,118669
Global,c_118375,c_118670,5298.810000000003,c,c,118375,118670
Global,c_118669,c_118670,35.85000000000004,c,c,118669,118670
Global,c_118670,c_118671,5338.520000000003,c,c,118670,118671
Global,c_118671,c_118672,5341.690000000003,c,c,118671,118672
Global,c_118965,c_118966,3.150000000000003,c,c,118965,118966
Global,c_118672,c_118967,5342.920000000003,c,c,118672,118967
Global,c_118966,c_118967,6.060000000000006,c,c,118966,118967
Global,c_118967,c_118968,5351.710000000003,c,c,118967,118968
Global,c_118968,c_118969,5355.220000000003,c,c,118968,118969
Global,p_107549,c_118969,1.06,p,c,107549,118969
Global,c_118969,c_118970,5359.110000000003,c,c,118969,118970
Global,c_119263,c_119264,3.810000000000003,c,c,119263,119264
Global,c_118970,c_118971,5362.750000000004,c,c,118970,118971
Global,c_119264,c_119265,7.490000000000006,c,c,119264,119265
Global,c_118971,c_118972,5364.750000000004,c,c,118971,118972
Global,c_119265,c_119266,11.47000000000001,c,c,119265,119266
Global,c_118972,c_119267,5367.310000000004,c,c,118972,119267
Global,c_119266,c_119267,14.990000000000013,c,c,119266,119267
Global,c_119267,p_107848,5383.690000000004,c,p,119267,107848
Subarea1,c_123325,c_123620,1.6600000000000017,c,c,123325,123620
Subarea1,c_123326,c_123621,2.040000000000002,c,c,123326,123621
Subarea1,c_123619,c_123620,2.190000000000002,c,c,123619,123620
Subarea1,c_123622,c_123621,1.5100000000000011,c,c,123622,123621
Subarea1,p_110417,c_123621,0.41,p,c,110417,123621
Subarea1,p_110434,c_123621,0.01,p,c,110434,123621
Subarea1,p_110468,c_123621,0.08,p,c,110468,123621
Subarea1,p_110549,c_123621,0.63,p,c,110549,123621
Subarea1,p_110551,c_123620,0.13,p,c,110551,123620
Subarea1,p_110573,c_123620,42.52,p,c,110573,123620
Subarea1,p_110578,c_123620,0.01,p,c,110578,123620
Subarea1,p_110597,c_123620,0.01,p,c,110597,123620
Subarea1,p_110798,c_123620,16.53,p,c,110798,123620
Subarea1,p_111114,c_124213,0.02,p,c,111114,124213
Subarea1,p_111130,c_124213,0.01,p,c,111130,124213
Subarea1,c_123620,p_111665,64.19,c,p,123620,111665
Subarea1,c_123621,p_111665,5.790000000000004,c,p,123621,111665
Subarea1,c_123917,p_111665,2.7900000000000027,c,p,123917,111665
Subarea1,c_124213,p_111665,2.5800000000000023,c,p,124213,111665
Subarea1,c_124509,c_124804,3.4700000000000033,c,c,124509,124804
Subarea1,c_124804,c_124805,5.760000000000005,c,c,124804,124805
Subarea1,c_125098,c_125099,1.3000000000000012,c,c,125098,125099
Subarea1,p_111665,c_125099,84.23,p,c,111665,125099
Subarea1,p_111677,c_125099,0.01,p,c,111677,125099
Subarea1,p_111832,c_125099,0.3,p,c,111832,125099
Subarea1,p_112077,c_125099,24.64,p,c,112077,125099
Subarea1,c_124805,c_125100,9.570000000000007,c,c,124805,125100
Subarea1,c_125099,c_125100,111.54,c,c,125099,125100
Subarea1,c_125696,c_125991,1.240000000000001,c,c,125696,125991
Subarea1,c_125100,c_125101,125.05000000000001,c,c,125100,125101
Subarea1,c_125991,c_126286,2.3100000000000023,c,c,125991,126286
Subarea1,p_112039,c_125102,2.31,p,c,112039,125102
Subarea1,c_125101,c_125396,129.05,c,c,125101,125396
Subarea1,c_125102,c_125397,5.8000000000000025,c,c,125102,125397
Subarea1,c_126285,c_126284,3.870000000000004,c,c,126285,126284
Subarea1,c_126286,c_126581,4.500000000000004,c,c,126286,126581
Subarea1,p_111907,c_125396,0.03,p,c,111907,125396
Subarea1,p_111915,c_125396,0.01,p,c,111915,125396
Subarea1,p_111960,c_125396,0.45,p,c,111960,125396
Subarea1,c_125396,c_125691,132.42,c,c,125396,125691
Subarea1,c_125397,c_125692,9.620000000000006,c,c,125397,125692
Subarea1,c_125989,c_125988,3.8400000000000034,c,c,125989,125988
Subarea1,c_126284,c_126283,6.830000000000006,c,c,126284,126283
Subarea1,c_126580,c_126579,3.630000000000003,c,c,126580,126579
Subarea1,c_126581,c_126876,7.620000000000007,c,c,126581,126876
Subarea1,c_126877,c_126876,3.140000000000003,c,c,126877,126876
Subarea1,p_112634,c_126576,0.01,p,c,112634,126576
Subarea1,p_112788,c_126576,2.17,p,c,112788,126576
Subarea1,c_125691,c_125986,136.26,c,c,125691,125986
Subarea1,c_125692,c_125987,13.170000000000009,c,c,125692,125987
Subarea1,c_125988,c_125987,7.120000000000006,c,c,125988,125987
Subarea1,c_126283,c_126282,10.46000000000001,c,c,126283,126282
Subarea1,c_126576,c_126577,3.8400000000000016,c,c,126576,126577
Subarea1,c_126579,c_126578,7.230000000000006,c,c,126579,126578
Subarea1,c_126875,c_126874,2.710000000000002,c,c,126875,126874
Subarea1,c_126876,c_127171,14.680000000000012,c,c,126876,127171
Subarea1,c_127172,c_127171,3.6800000000000033,c,c,127172,127171
Subarea1,p_112278,c_125985,0.01,p,c,112278,125985
Subarea1,p_112960,c_126874,0.01,p,c,112960,126874
Subarea1,p_113137,c_125985,17.37,p,c,113137,125985
Subarea1,c_125985,p_114034,18.500000000000004,c,p,125985,114034
Subarea1,c_125986,p_114034,138.07999999999998,c,p,125986,114034
Subarea1,c_125987,p_114034,22.540000000000017,c,p,125987,114034
Subarea1,c_126282,p_114034,12.450000000000012,c,p,126282,114034
Subarea1,c_126577,p_114034,4.940000000000003,c,p,126577,114034
Subarea1,c_126578,p_114034,9.90000000000001,c,p,126578,114034
Subarea1,c_126872,p_114034,3.310000000000003,c,p,126872,114034
Subarea1,c_126874,p_114034,6.200000000000005,c,p,126874,114034
Subarea1,c_127171,p_114034,20.92000000000002,c,p,127171,114034
Subarea1,c_127467,p_114034,3.530000000000003,c,p,127467,114034
Subarea1,c_128645,c_128646,2.7800000000000025,c,c,128645,128646
Subarea1,p_114034,c_128646,268.9600000000001,p,c,114034,128646
Subarea1,p_114171,c_128646,12.46,p,c,114171,128646
Subarea1,c_128646,c_128941,285.63000000000005,c,c,128646,128941
Subarea1,c_128940,c_128941,3.580000000000003,c,c,128940,128941
Subarea1,p_114143,c_128649,0.01,p,c,114143,128649
Subarea1,c_128649,c_128944,2.0600000000000014,c,c,128649,128944
Subarea1,c_128941,c_128942,292.22,c,c,128941,128942
Subarea1,p_114319,c_128944,1.63,p,c,114319,128944
Subarea1,p_114437,c_128944,1.07,p,c,114437,128944
Subarea1,p_114720,c_128944,5.89,p,c,114720,128944
Subarea1,c_128942,p_114585,294.21000000000004,c,p,128942,114585
Subarea1,c_128944,p_114585,11.680000000000003,c,p,128944,114585
Subarea1,p_114585,c_129238,310.45000000000005,p,c,114585,129238
Subarea1,c_129238,c_129533,313.97,c,c,129238,129533
Subarea1,c_129532,c_129533,3.870000000000004,c,c,129532,129533
Subarea1,c_129826,c_129827,3.990000000000004,c,c,129826,129827
Subarea1,c_129533,c_129828,321.68000000000006,c,c,129533,129828
Subarea1,c_129827,c_129828,7.710000000000008,c,c,129827,129828
Subarea1,c_129828,c_130123,332.6400000000001,c,c,129828,130123
Subarea1,c_130122,c_130123,3.650000000000003,c,c,130122,130123
Subarea1,c_130123,c_130124,339.9800000000001,c,c,130123,130124
Subarea1,c_130417,c_130418,3.0400000000000027,c,c,130417,130418
Subarea1,c_130124,c_130419,343.82000000000005,c,c,130124,130419
Subarea1,c_130418,c_130419,6.830000000000005,c,c,130418,130419
Subarea1,c_130712,c_130713,1.8800000000000017,c,c,130712,130713
Subarea1,p_116144,c_130713,3.22,p,c,116144,130713
Subarea1,c_130419,c_130714,354.6,c,c,130419,130714
Subarea1,c_130713,c_130714,8.220000000000004,c,c,130713,130714
Subarea1,c_130714,c_131009,366.65000000000003,c,c,130714,131009
Subarea1,c_131009,c_131010,368.94000000000005,c,c,131009,131010
Subarea1,c_130716,c_131011,3.3300000000000027,c,c,130716,131011
Subarea1,c_131010,c_131011,372.6700000000001,c,c,131010,131011
Subarea1,c_131011,c_131012,379.9700000000001,c,c,131011,131012
Subarea1,c_131012,c_131013,382.87000000000006,c,c,131012,131013
Subarea1,c_131013,c_131014,384.6600000000001,c,c,131013,131014
Subarea1,c_131014,c_131015,387.93000000000006,c,c,131014,131015
Subarea1,c_131015,c_131016,391.3400000000001,c,c,131015,131016
Subarea1,c_131016,c_131311,393.6000000000001,c,c,131016,131311
Subarea1,c_131310,c_131311,1.3500000000000012,c,c,131310,131311
Subarea1,c_131311,c_131312,396.0900000000001,c,c,131311,131312
Subarea1,c_131312,c_131607,398.7900000000001,c,c,131312,131607
Subarea1,c_131607,c_131608,400.1600000000001,c,c,131607,131608
Subarea1,c_131608,c_131609,401.24000000000007,c,c,131608,131609
Subarea1,c_131904,c_131609,2.9400000000000026,c,c,131904,131609
Subarea1,c_132198,p_116701,3.570000000000003,c,p,132198,116701
Subarea1,c_131609,c_131610,407.1500000000001,c,c,131609,131610
Subarea1,c_131611,c_131610,2.440000000000002,c,c,131611,131610
Subarea1,c_131615,c_131320,3.0400000000000027,c,c,131615,131320
Subarea1,p_116311,c_131610,0.07,p,c,116311,131610
Subarea1,p_116340,c_130433,11.27,p,c,116340,130433
Subarea1,p_116701,c_131610,10.270000000000003,p,c,116701,131610
Subarea1,c_129245,p_115339,1.250000000000001,c,p,129245,115339
Subarea1,c_129544,p_115339,2.120000000000002,c,p,129544,115339
Subarea1,c_129547,c_129548,1.9800000000000015,c,c,129547,129548
Subarea1,c_129840,p_115339,1.020000000000001,c,p,129840,115339
Subarea1,c_129841,p_115339,1.180000000000001,c,p,129841,115339
Subarea1,c_130433,p_116258,13.200000000000001,c,p,130433,116258
Subarea1,c_131317,p_116298,1.8600000000000017,c,p,131317,116298
Subarea1,c_131320,p_116258,5.390000000000005,c,p,131320,116258
Subarea1,c_131610,p_116298,421.61000000000007,c,p,131610,116298
Subarea1,p_116255,c_131323,0.01,p,c,116255,131323
Subarea1,p_116366,c_131328,1.68,p,c,116366,131328
Subarea1,p_116446,c_131323,7.62,p,c,116446,131323
Subarea1,c_116313,c_116018,3.860000000000003,c,c,116313,116018
Subarea1,c_116314,c_116019,3.8900000000000032,c,c,116314,116019
Subarea1,c_129548,c_129843,3.440000000000003,c,c,129548,129843
Subarea1,c_131034,c_131033,3.070000000000003,c,c,131034,131033
Subarea1,c_131323,c_131028,9.110000000000001,c,c,131323,131028
Subarea1,c_131328,c_131033,3.900000000000002,c,c,131328,131033
Subarea1,p_105308,c_116018,0.02,p,c,105308,116018
Subarea1,p_105325,c_116018,0.02,p,c,105325,116018
Subarea1,p_105341,c_116018,0.02,p,c,105341,116018
Subarea1,p_105380,c_116018,0.1,p,c,105380,116018
Subarea1,p_105511,c_116018,2.25,p,c,105511,116018
Subarea1,p_106002,c_115721,7.58,p,c,106002,115721
Subarea1,p_106335,c_116902,0.59,p,c,106335,116902
Subarea1,p_115254,c_129843,0.01,p,c,115254,129843
Subarea1,p_115339,c_128966,85.64,p,c,115339,128966
Subarea1,p_116084,c_131033,0.01,p,c,116084,131033
Subarea1,p_116089,c_130733,1.39,p,c,116089,130733
Subarea1,p_116155,c_131033,0.51,p,c,116155,131033
Subarea1,p_116258,c_129844,79.93,p,c,116258,129844
Subarea1,p_116298,c_129843,492.7900000000001,p,c,116298,129843
Subarea1,c_115721,p_106640,9.660000000000002,c,p,115721,106640
Subarea1,c_115724,p_106640,1.500000000000001,c,p,115724,106640
Subarea1,c_116018,p_106640,8.240000000000002,c,p,116018,106640
Subarea1,c_116019,p_106640,5.020000000000004,c,p,116019,106640
Subarea1,c_116020,p_106640,1.8200000000000016,c,p,116020,106640
Subarea1,c_116902,p_106640,2.5200000000000014,c,p,116902,106640
Subarea1,c_117197,p_106640,2.730000000000002,c,p,117197,106640
Subarea1,c_128966,p_115953,87.47,c,p,128966,115953
Subarea1,c_129558,p_115953,3.6400000000000032,c,p,129558,115953
Subarea1,c_129843,p_115953,497.74000000000007,c,p,129843,115953
Subarea1,c_129844,p_115953,82.60000000000001,c,p,129844,115953
Subarea1,c_129845,p_115953,1.3700000000000012,c,p,129845,115953
Subarea1,c_130733,p_115953,3.0600000000000014,c,p,130733,115953
Subarea1,c_130734,p_115953,1.170000000000001,c,p,130734,115953
Subarea1,c_131028,p_115953,11.700000000000003,c,p,131028,115953
Subarea1,c_131033,p_115953,11.170000000000009,c,p,131033,115953
Subarea1,p_107038,c_118077,0.01,p,c,107038,118077
Subarea1,p_107055,c_118077,0.01,p,c,107055,118077
Subarea1,p_107069,c_118077,0.01,p,c,107069,118077
Subarea1,c_118077,c_118372,3.5800000000000027,c,c,118077,118372
Subarea1,p_106635,c_117489,0.01,p,c,106635,117489
Subarea1,p_106640,c_117489,60.29000000000001,p,c,106640,117489
Subarea1,p_106647,c_117784,0.01,p,c,106647,117784
Subarea1,p_106664,c_117784,0.01,p,c,106664,117784
Subarea1,p_106684,c_117784,0.02,p,c,106684,117784
Subarea1,p_106688,c_117784,0.01,p,c,106688,117784
Subarea1,p_107153,c_117784,2.15,p,c,107153,117784
Subarea1,p_107161,c_118372,0.01,p,c,107161,118372
Subarea1,p_107177,c_118372,0.01,p,c,107177,118372
Subarea1,p_107192,c_118372,0.01,p,c,107192,118372
Subarea1,p_107204,c_118372,0.01,p,c,107204,118372
Subarea1,p_107413,c_118372,0.68,p,c,107413,118372
Subarea1,p_115953,c_128974,934.0799999999999,p,c,115953,128974
Subarea1,c_117489,p_107972,63.320000000000014,c,p,117489,107972
Subarea1,c_117784,p_107972,3.450000000000001,c,p,117784,107972
Subarea1,c_117785,p_107972,2.7900000000000027,c,p,117785,107972
Subarea1,c_118372,p_107972,5.370000000000003,c,p,118372,107972
Subarea1,c_118665,c_118664,3.230000000000003,c,c,118665,118664
Subarea1,c_118666,p_107568,2.1300000000000017,c,p,118666,107568
Subarea1,c_118667,p_107972,2.370000000000002,c,p,118667,107972
Subarea1,c_128974,p_114350,935.27,c,p,128974,114350
Subarea1,c_118664,c_118959,6.6100000000000065,c,c,118664,118959
Subarea1,c_118958,c_118959,3.8000000000000034,c,c,118958,118959
Subarea1,p_107568,c_118959,3.790000000000002,p,c,107568,118959
Subarea1,p_107716,c_118959,1.65,p,c,107716,118959
Subarea1,p_107972,c_119254,95.35000000000004,p,c,107972,119254
Subarea1,p_114350,c_128092,972.8299999999999,p,c,114350,128092
Subarea1,c_118959,p_108191,18.500000000000014,c,p,118959,108191
Subarea1,c_119254,p_108191,97.15000000000003,c,p,119254,108191
Subarea1,c_119550,p_108191,1.090000000000001,c,p,119550,108191
Subarea1,c_126015,c_126310,1.8700000000000017,c,c,126015,126310
Subarea1,c_128092,p_113592,975.6999999999999,c,p,128092,113592
Subarea1,c_125722,c_125723,3.0400000000000027,c,c,125722,125723
Subarea1,c_126017,c_126018,1.8300000000000016,c,c,126017,126018
Subarea1,c_126310,c_126605,4.410000000000004,c,c,126310,126605
Subarea1,c_126313,c_126018,3.850000000000003,c,c,126313,126018
Subarea1,p_108191,c_119844,122.74000000000005,p,c,108191,119844
Subarea1,p_108207,c_119843,0.1,p,c,108207,119843
Subarea1,p_108208,c_119843,0.3,p,c,108208,119843
Subarea1,p_108209,c_120138,0.03,p,c,108209,120138
Subarea1,p_108251,c_120138,0.53,p,c,108251,120138
Subarea1,p_111923,c_125428,0.01,p,c,111923,125428
Subarea1,p_112111,c_125723,0.01,p,c,112111,125723
Subarea1,p_112353,c_126319,0.09,p,c,112353,126319
Subarea1,p_112757,c_126609,0.29,p,c,112757,126609
Subarea1,p_113288,c_126605,37.53,p,c,113288,126605
Subarea1,p_113347,c_127488,0.01,p,c,113347,127488
Subarea1,p_113592,c_126319,1037.9399999999998,p,c,113592,126319
Subarea1,c_119843,p_109150,3.6000000000000028,c,p,119843,109150
Subarea1,c_119844,p_109150,125.22000000000006,c,p,119844,109150
Subarea1,c_120138,p_109150,2.6400000000000015,c,p,120138,109150
Subarea1,c_120139,p_109150,1.6100000000000014,c,p,120139,109150
Subarea1,c_120434,p_109150,2.710000000000002,c,p,120434,109150
Subarea1,c_120729,p_109150,2.6700000000000026,c,p,120729,109150
Subarea1,c_121023,c_121318,3.810000000000003,c,c,121023,121318
Subarea1,c_121024,p_109150,1.3000000000000012,c,p,121024,109150
Subarea1,c_121025,p_109150,1.3500000000000012,c,p,121025,109150
Subarea1,c_121319,c_121318,1.6200000000000014,c,c,121319,121318
Subarea1,c_121320,p_109150,1.5600000000000014,c,p,121320,109150
Subarea1,c_125140,c_125139,1.5200000000000014,c,c,125140,125139
Subarea1,c_125428,p_114039,3.2600000000000025,c,p,125428,114039
Subarea1,c_125433,p_114039,1.6400000000000017,c,p,125433,114039
Subarea1,c_125434,c_125139,1.6000000000000014,c,c,125434,125139
Subarea1,c_125723,p_114039,4.240000000000004,c,p,125723,114039
Subarea1,c_125726,p_114039,2.0900000000000016,c,p,125726,114039
Subarea1,c_125729,p_114039,1.8400000000000016,c,p,125729,114039
Subarea1,c_126018,p_114039,8.180000000000007,c,p,126018,114039
Subarea1,c_126314,p_114039,3.0400000000000027,c,p,126314,114039
Subarea1,c_126319,p_114039,1039.3999999999999,c,p,126319,114039
Subarea1,c_126605,p_114039,44.89000000000001,c,p,126605,114039
Subarea1,c_126609,p_114039,2.450000000000002,c,p,126609,114039
Subarea1,c_126899,p_114039,1.8000000000000016,c,p,126899,114039
Subarea1,c_127488,p_114039,2.700000000000002,c,p,127488,114039
Subarea1,p_109133,c_121318,7.12,p,c,109133,121318
Subarea1,p_112975,c_125139,17.28,p,c,112975,125139
Subarea1,c_121318,c_121613,13.720000000000006,c,c,121318,121613
Subarea1,c_125139,c_124844,21.790000000000006,c,c,125139,124844
Subarea1,p_109150,c_121613,157.83000000000013,p,c,109150,121613
Subarea1,p_109215,c_121613,0.12,p,c,109215,121613
Subarea1,p_109219,c_121613,0.01,p,c,109219,121613
Subarea1,p_109240,c_121613,0.01,p,c,109240,121613
Subarea1,p_114039,c_124844,1323.24,p,c,114039,124844
Subarea1,c_121613,p_111194,174.8200000000001,c,p,121613,111194
Subarea1,c_123669,p_111194,2.370000000000002,c,p,123669,111194
Subarea1,c_124844,p_111604,1346.85,c,p,124844,111604
Subarea1,p_111194,c_124551,198.1400000000001,p,c,111194,124551
Subarea1,p_111540,c_124551,1.54,p,c,111540,124551
Subarea1,p_111604,c_124551,1349.56,p,c,111604,124551
Subarea1,c_124551,p_111283,1550.67,c,p,124551,111283
Subarea2,c_83542,c_83543,2.8500000000000023,c,c,83542,83543
Subarea2,p_84163,c_83543,0.03,p,c,84163,83543
Subarea2,p_84208,c_83543,0.53,p,c,84208,83543
Subarea2,p_84211,c_83543,0.03,p,c,84211,83543
Subarea2,p_84239,c_83543,0.01,p,c,84239,83543
Subarea2,p_84280,c_83543,0.23,p,c,84280,83543
Subarea2,c_83543,p_84762,4.690000000000003,c,p,83543,84762
Subarea2,p_84346,c_83841,0.32,p,c,84346,83841
Subarea2,c_83841,c_84136,2.1700000000000017,c,c,83841,84136
Subarea2,c_83842,c_83843,1.9400000000000015,c,c,83842,83843
Subarea2,p_84625,c_84136,0.62,p,c,84625,84136
Subarea2,p_84762,c_84430,18.200000000000003,p,c,84762,84430
Subarea2,p_84767,c_84430,0.64,p,c,84767,84430
Subarea2,p_84782,c_84430,0.01,p,c,84782,84430
Subarea2,p_84811,c_84430,0.11,p,c,84811,84430
Subarea2,p_84861,c_84430,0.71,p,c,84861,84430
Subarea2,c_83843,c_84138,3.3400000000000025,c,c,83843,84138
Subarea2,c_84136,c_84431,5.400000000000004,c,c,84136,84431
Subarea2,c_84430,c_84431,21.910000000000007,c,c,84430,84431
Subarea2,p_84627,c_84138,4.94,p,c,84627,84138
Subarea2,c_84138,c_84433,9.810000000000004,c,c,84138,84433
Subarea2,c_84431,c_84432,31.310000000000016,c,c,84431,84432
Subarea2,p_84660,c_84433,0.08,p,c,84660,84433
Subarea2,p_84753,c_84433,0.01,p,c,84753,84433
Subarea2,p_84760,c_84433,0.01,p,c,84760,84433
Subarea2,p_84788,c_84433,0.13,p,c,84788,84433
Subarea2,c_84432,p_85049,34.81000000000002,c,p,84432,85049
Subarea2,c_84433,p_85049,12.800000000000008,c,p,84433,85049
Subarea2,p_84992,c_85022,0.01,p,c,84992,85022
Subarea2,p_85049,c_85022,52.39000000000003,p,c,85049,85022
Subarea2,p_85076,c_85022,0.39,p,c,85076,85022
Subarea2,c_85022,p_85462,54.30000000000003,c,p,85022,85462
Subarea2,p_84868,c_84731,0.29,p,c,84868,84731
Subarea2,p_85137,c_85318,0.01,p,c,85137,85318
Subarea2,p_85476,c_85909,0.01,p,c,85476,85909
Subarea2,p_85517,c_85909,0.06,p,c,85517,85909
Subarea2,c_84731,c_85026,2.290000000000002,c,c,84731,85026
Subarea2,c_85318,c_85319,1.160000000000001,c,c,85318,85319
Subarea2,c_85909,p_85703,1.9300000000000017,c,p,85909,85703
Subarea2,p_84967,c_85026,0.11,p,c,84967,85026
Subarea2,p_85127,c_85024,3.99,p,c,85127,85024
Subarea2,p_85202,c_85319,0.22,p,c,85202,85319
Subarea2,p_85244,c_85319,0.01,p,c,85244,85319
Subarea2,p_85462,c_85319,73.96000000000004,p,c,85462,85319
Subarea2,c_85024,p_85308,6.440000000000002,c,p,85024,85308
Subarea2,c_85025,p_85308,2.9200000000000026,c,p,85025,85308
Subarea2,c_85026,c_85027,5.590000000000005,c,c,85026,85027
Subarea2,c_85319,p_85308,76.73000000000003,c,p,85319,85308
Subarea2,p_85213,c_85027,1.38,p,c,85213,85027
Subarea2,p_85703,c_85616,14.540000000000001,p,c,85703,85616
Subarea2,c_85027,c_85028,9.940000000000008,c,c,85027,85028
Subarea2,c_85616,c_85617,15.720000000000002,c,c,85616,85617
Subarea2,p_84825,c_84734,0.17,p,c,84825,84734
Subarea2,p_85289,c_85617,0.23,p,c,85289,85617
Subarea2,p_85308,c_85617,94.87000000000003,p,c,85308,85617
Subarea2,c_84734,p_85465,2.0900000000000016,c,p,84734,85465
Subarea2,c_85028,p_85465,12.86000000000001,c,p,85028,85465
Subarea2,c_85029,p_85465,2.280000000000002,c,p,85029,85465
Subarea2,c_85323,c_85618,2.3900000000000023,c,c,85323,85618
Subarea2,c_85617,c_85618,113.62000000000003,c,c,85617,85618
Subarea2,p_85491,c_85912,0.01,p,c,85491,85912
Subarea2,p_85531,c_85912,0.06,p,c,85531,85912
Subarea2,p_85547,c_85912,0.08,p,c,85547,85912
Subarea2,p_85571,c_85618,1.38,p,c,85571,85618
Subarea2,p_85608,c_85912,0.05,p,c,85608,85912
Subarea2,c_85618,c_85619,119.43000000000004,c,c,85618,85619
Subarea2,c_85912,c_85913,3.000000000000002,c,c,85912,85913
Subarea2,c_86503,c_86208,1.180000000000001,c,c,86503,86208
Subarea2,p_85465,c_85619,25.84000000000001,p,c,85465,85619
Subarea2,p_85684,c_85913,0.65,p,c,85684,85913
Subarea2,p_86006,c_86504,0.02,p,c,86006,86504
Subarea2,c_85619,c_85620,147.37000000000006,c,c,85619,85620
Subarea2,c_85913,c_85914,6.6600000000000055,c,c,85913,85914
Subarea2,c_86208,c_86209,4.190000000000003,c,c,86208,86209
Subarea2,c_86504,c_86209,1.220000000000001,c,c,86504,86209
Subarea2,p_85564,c_85914,0.82,p,c,85564,85914
Subarea2,p_85708,c_86209,0.02,p,c,85708,86209
Subarea2,c_85620,c_85915,150.92000000000007,c,c,85620,85915
Subarea2,c_85621,c_85916,1.7200000000000015,c,c,85621,85916
Subarea2,c_85914,c_85915,10.300000000000008,c,c,85914,85915
Subarea2,c_86209,c_86210,6.530000000000005,c,c,86209,86210
Subarea2,c_86505,c_86210,1.7800000000000016,c,c,86505,86210
Subarea2,p_85733,c_85915,0.92,p,c,85733,85915
Subarea2,p_86088,c_86210,4.9,p,c,86088,86210
Subarea2,p_86098,c_86506,4.47,p,c,86098,86506
Subarea2,c_85915,p_85853,164.49000000000007,c,p,85915,85853
Subarea2,c_85916,c_85917,4.650000000000004,c,c,85916,85917
Subarea2,c_86210,p_85853,16.53000000000001,c,p,86210,85853
Subarea2,c_86506,p_85853,6.320000000000001,c,p,86506,85853
Subarea2,p_85586,c_85917,0.69,p,c,85586,85917
Subarea2,c_85917,c_85918,8.630000000000006,c,c,85917,85918
Subarea2,p_85853,c_86212,190.87000000000006,p,c,85853,86212
Subarea2,p_85856,c_86212,0.16,p,c,85856,86212
Subarea2,p_85873,c_86212,0.07,p,c,85873,86212
Subarea2,c_85918,c_86213,11.180000000000009,c,c,85918,86213
Subarea2,c_86212,c_86213,194.02000000000007,c,c,86212,86213
Subarea2,c_86213,c_86214,208.47000000000008,c,c,86213,86214
Subarea2,p_85751,c_86214,2.96,p,c,85751,86214
Subarea2,c_84736,c_84737,1.8800000000000017,c,c,84736,84737
Subarea2,c_86214,c_86509,213.2600000000001,c,c,86214,86509
Subarea2,c_86508,c_86509,1.100000000000001,c,c,86508,86509
Subarea2,p_84805,c_84737,0.23,p,c,84805,84737
Subarea2,c_84737,c_84738,5.3700000000000045,c,c,84737,84738
Subarea2,c_86509,c_86510,217.8400000000001,c,c,86509,86510
Subarea2,p_84802,c_84738,0.1,p,c,84802,84738
Subarea2,p_84815,c_84738,0.01,p,c,84815,84738
Subarea2,p_84844,c_84738,0.08,p,c,84844,84738
Subarea2,c_84443,c_84444,1.6200000000000014,c,c,84443,84444
Subarea2,c_84738,c_84739,7.880000000000006,c,c,84738,84739
Subarea2,c_86510,c_86511,218.9600000000001,c,c,86510,86511
Subarea2,p_84746,c_84444,0.29,p,c,84746,84444
Subarea2,p_86287,c_86806,0.32,p,c,86287,86806
Subarea2,p_86326,c_86805,2.43,p,c,86326,86805
Subarea2,c_84444,p_84818,3.590000000000003,c,p,84444,84818
Subarea2,c_84445,c_84446,1.2800000000000011,c,c,84445,84446
Subarea2,c_84739,c_84740,10.47000000000001,c,c,84739,84740
Subarea2,c_86511,p_86217,221.19000000000008,c,p,86511,86217
Subarea2,c_86805,p_86217,3.9500000000000015,c,p,86805,86217
Subarea2,c_86806,c_86807,1.8100000000000012,c,c,86806,86807
Subarea2,c_84446,c_84741,2.4300000000000024,c,c,84446,84741
Subarea2,c_84740,c_84741,13.290000000000012,c,c,84740,84741
Subarea2,c_86807,c_86808,2.990000000000002,c,c,86807,86808
Subarea2,p_84818,c_84741,6.950000000000003,p,c,84818,84741
Subarea2,p_86217,c_86808,233.18000000000006,p,c,86217,86808
Subarea2,p_86448,c_87104,2.19,p,c,86448,87104
Subarea2,p_86653,c_87104,3.23,p,c,86653,87104
Subarea2,c_84741,c_84742,25.980000000000018,c,c,84741,84742
Subarea2,c_86808,p_86265,237.27000000000007,c,p,86808,86265
Subarea2,c_87104,p_86265,7.070000000000002,c,p,87104,86265
Subarea2,p_84706,c_84449,0.18,p,c,84706,84449
Subarea2,p_85146,c_85331,0.01,p,c,85146,85331
Subarea2,p_85155,c_85330,0.01,p,c,85155,85330
Subarea2,p_85355,c_85330,0.45,p,c,85355,85330
Subarea2,p_86721,c_86516,9.86,p,c,86721,86516
Subarea2,c_84448,c_84743,1.9700000000000015,c,c,84448,84743
Subarea2,c_84449,c_84744,1.7200000000000013,c,c,84449,84744
Subarea2,c_84450,c_84745,1.110000000000001,c,c,84450,84745
Subarea2,c_84742,c_84743,29.25000000000002,c,c,84742,84743
Subarea2,c_85330,p_85704,2.570000000000002,c,p,85330,85704
Subarea2,c_85331,c_85332,2.570000000000002,c,c,85331,85332
Subarea2,c_86516,c_86221,11.430000000000001,c,c,86516,86221
Subarea2,p_85138,c_85332,0.01,p,c,85138,85332
Subarea2,p_85203,c_85037,0.47,p,c,85203,85037
Subarea2,p_85874,c_86221,0.01,p,c,85874,86221
Subarea2,p_86265,c_86221,260.26000000000005,p,c,86265,86221
Subarea2,c_84743,c_85038,33.880000000000024,c,c,84743,85038
Subarea2,c_84744,c_85039,4.550000000000004,c,c,84744,85039
Subarea2,c_84745,c_85040,2.240000000000002,c,c,84745,85040
Subarea2,c_85037,c_85038,1.8900000000000012,c,c,85037,85038
Subarea2,c_85332,c_85333,4.300000000000003,c,c,85332,85333
Subarea2,c_86221,c_86222,273.96000000000004,c,c,86221,86222
Subarea2,c_86517,c_86222,1.5900000000000014,c,c,86517,86222
Subarea2,p_85212,c_85334,0.03,p,c,85212,85334
Subarea2,p_85225,c_85333,0.02,p,c,85225,85333
Subarea2,p_85463,c_85629,1.64,p,c,85463,85629
Subarea2,p_85582,c_85629,1.87,p,c,85582,85629
Subarea2,p_85704,c_85038,37.51,p,c,85704,85038
Subarea2,p_85754,c_86222,0.09,p,c,85754,86222
Subarea2,p_85845,c_86222,0.15,p,c,85845,86222
Subarea2,p_86011,c_86222,5.25,p,c,86011,86222
Subarea2,c_85038,p_85472,76.25000000000003,c,p,85038,85472
Subarea2,c_85039,p_85472,8.240000000000007,c,p,85039,85472
Subarea2,c_85040,p_85472,5.980000000000006,c,p,85040,85472
Subarea2,c_85041,p_85472,3.570000000000003,c,p,85041,85472
Subarea2,c_85333,p_85472,5.860000000000005,c,p,85333,85472
Subarea2,c_85334,p_85472,2.460000000000002,c,p,85334,85472
Subarea2,c_85337,p_85472,2.8000000000000025,c,p,85337,85472
Subarea2,c_85629,p_85472,4.540000000000001,c,p,85629,85472
Subarea2,c_85631,p_85472,1.9600000000000015,c,p,85631,85472
Subarea2,c_85632,c_85633,1.5600000000000014,c,c,85632,85633
Subarea2,c_86222,c_85927,283.64,c,c,86222,85927
Subarea2,p_85634,c_85927,0.44,p,c,85634,85927
Subarea2,c_85633,c_85928,3.160000000000003,c,c,85633,85928
Subarea2,c_85927,c_85928,285.19,c,c,85927,85928
Subarea2,p_85472,c_85928,124.60000000000007,p,c,85472,85928
Subarea2,p_85736,c_85928,2.85,p,c,85736,85928
Subarea2,c_85928,c_85929,417.2500000000001,c,c,85928,85929
Subarea2,p_85565,c_85929,1.48,p,c,85565,85929
Subarea2,p_85900,c_86225,0.12,p,c,85900,86225
Subarea2,c_85929,c_85930,420.33000000000015,c,c,85929,85930
Subarea2,c_86225,c_85930,1.120000000000001,c,c,86225,85930
Subarea2,p_85864,c_85930,2.98,p,c,85864,85930
Subarea2,c_85930,c_85931,426.5300000000002,c,c,85930,85931
Subarea2,c_85931,p_85807,428.4000000000002,c,p,85931,85807
Subarea2,p_85807,c_86227,431.1400000000002,p,c,85807,86227
Subarea2,c_86227,c_86228,433.06000000000023,c,c,86227,86228
Subarea2,p_85773,c_86228,0.01,p,c,85773,86228
Subarea2,c_86228,c_86229,435.0700000000002,c,c,86228,86229
Subarea2,c_86522,c_86523,2.330000000000002,c,c,86522,86523
Subarea2,p_85860,c_86523,0.01,p,c,85860,86523
Subarea2,c_86229,c_86524,436.5800000000002,c,c,86229,86524
Subarea2,c_86523,c_86524,3.9900000000000033,c,c,86523,86524
Subarea2,p_85921,c_86524,0.14,p,c,85921,86524
Subarea2,p_85925,c_86524,0.71,p,c,85925,86524
Subarea2,p_85929,c_86524,0.01,p,c,85929,86524
Subarea2,c_86524,c_86819,444.2300000000002,c,c,86524,86819
Subarea2,c_86525,c_86820,3.0900000000000025,c,c,86525,86820
Subarea2,p_86661,c_87113,2.13,p,c,86661,87113
Subarea2,c_86819,c_87114,446.8700000000002,c,c,86819,87114
Subarea2,c_86820,c_86821,6.670000000000005,c,c,86820,86821
Subarea2,c_87113,c_87114,4.290000000000002,c,c,87113,87114
Subarea2,c_87408,c_87409,1.180000000000001,c,c,87408,87409
Subarea2,p_86658,c_87409,0.01,p,c,86658,87409
Subarea2,p_86697,c_87705,0.01,p,c,86697,87705
Subarea2,p_86707,c_87705,0.01,p,c,86707,87705
Subarea2,p_86766,c_87705,0.16,p,c,86766,87705
Subarea2,p_86863,c_87409,1.82,p,c,86863,87409
Subarea2,c_86821,c_86822,10.31000000000001,c,c,86821,86822
Subarea2,c_87114,p_86723,452.7000000000002,c,p,87114,86723
Subarea2,c_87409,p_86723,4.450000000000002,c,p,87409,86723
Subarea2,c_87705,p_86723,1.9900000000000015,c,p,87705,86723
Subarea2,c_86822,c_86823,11.480000000000011,c,c,86822,86823
Subarea2,c_87116,c_87117,3.0600000000000027,c,c,87116,87117
Subarea2,p_86116,c_86823,1.59,p,c,86116,86823
Subarea2,p_86117,c_86823,0.31,p,c,86117,86823
Subarea2,p_86723,c_87411,469.1500000000002,p,c,86723,87411
Subarea2,c_86823,c_87118,15.380000000000013,c,c,86823,87118
Subarea2,c_87117,c_87118,6.970000000000007,c,c,87117,87118
Subarea2,c_87411,c_87412,472.0500000000002,c,c,87411,87412
Subarea2,p_87043,c_88003,0.55,p,c,87043,88003
Subarea2,p_87317,c_87707,10.23,p,c,87317,87707
Subarea2,c_87118,c_87119,25.850000000000023,c,c,87118,87119
Subarea2,c_87412,c_87413,475.4700000000002,c,c,87412,87413
Subarea2,c_87707,p_87028,12.740000000000002,c,p,87707,87028
Subarea2,c_88003,p_87028,2.2400000000000015,c,p,88003,87028
Subarea2,c_87119,c_87414,28.010000000000026,c,c,87119,87414
Subarea2,c_87413,c_87414,478.3500000000002,c,c,87413,87414
Subarea2,p_87028,c_87414,24.92,p,c,87028,87414
Subarea2,c_87414,c_87415,533.7800000000002,c,c,87414,87415
Subarea2,c_87415,c_87416,536.7200000000003,c,c,87415,87416
Subarea2,p_86893,c_87711,0.33,p,c,86893,87711
Subarea2,p_86978,c_87416,5.71,p,c,86978,87416
Subarea2,c_87416,c_87417,545.1700000000003,c,c,87416,87417
Subarea2,c_87711,c_87712,1.400000000000001,c,c,87711,87712
Subarea2,c_87417,c_87418,548.8100000000003,c,c,87417,87418
Subarea2,c_87712,c_87713,2.9600000000000026,c,c,87712,87713
Subarea2,p_87050,c_87713,7.64,p,c,87050,87713
Subarea2,c_86242,c_86537,3.150000000000003,c,c,86242,86537
Subarea2,c_87418,c_87123,552.5600000000003,c,c,87418,87123
Subarea2,c_87713,c_87714,14.280000000000005,c,c,87713,87714
Subarea2,c_88008,c_88009,3.710000000000003,c,c,88008,88009
Subarea2,c_89486,c_89191,1.2600000000000011,c,c,89486,89191
Subarea2,c_86536,p_86402,2.440000000000002,c,p,86536,86402
Subarea2,c_86537,p_86402,6.420000000000006,c,p,86537,86402
Subarea2,c_87123,c_87124,554.4900000000002,c,c,87123,87124
Subarea2,c_87419,c_87124,3.8200000000000034,c,c,87419,87124
Subarea2,c_87714,c_87715,18.000000000000007,c,c,87714,87715
Subarea2,c_88009,c_88010,7.710000000000006,c,c,88009,88010
Subarea2,c_88304,c_88305,2.950000000000003,c,c,88304,88305
Subarea2,c_88895,c_88600,1.9100000000000017,c,c,88895,88600
Subarea2,c_89191,c_88896,4.850000000000005,c,c,89191,88896
Subarea2,c_89487,c_89192,3.2900000000000027,c,c,89487,89192
Subarea2,p_86073,c_86830,2.22,p,c,86073,86830
Subarea2,c_86830,c_87125,4.740000000000002,c,c,86830,87125
Subarea2,c_87124,c_87125,561.1000000000003,c,c,87124,87125
Subarea2,c_87420,c_87125,3.6600000000000033,c,c,87420,87125
Subarea2,c_87715,c_87716,21.68000000000001,c,c,87715,87716
Subarea2,c_88010,c_88011,11.48000000000001,c,c,88010,88011
Subarea2,c_88305,c_88306,6.770000000000007,c,c,88305,88306
Subarea2,c_88600,c_88601,4.800000000000004,c,c,88600,88601
Subarea2,c_88896,c_88601,8.410000000000007,c,c,88896,88601
Subarea2,c_89192,c_88897,6.870000000000006,c,c,89192,88897
Subarea2,c_89782,c_89783,3.220000000000003,c,c,89782,89783
Subarea2,c_90372,c_90077,1.7600000000000016,c,c,90372,90077
Subarea2,p_86402,c_87127,14.360000000000008,p,c,86402,87127
Subarea2,p_86433,c_87127,0.01,p,c,86433,87127
Subarea2,p_86441,c_87127,0.02,p,c,86441,87127
Subarea2,p_87391,c_88306,1.21,p,c,87391,88306
Subarea2,c_87125,p_86948,573.0400000000002,c,p,87125,86948
Subarea2,c_87127,p_86948,16.06000000000001,c,p,87127,86948
Subarea2,c_87421,p_86948,1.4000000000000012,c,p,87421,86948
Subarea2,c_87428,c_87427,1.4200000000000013,c,c,87428,87427
Subarea2,c_87716,c_87717,25.110000000000014,c,c,87716,87717
Subarea2,c_88011,c_88012,14.990000000000013,c,c,88011,88012
Subarea2,c_88306,c_88307,11.080000000000009,c,c,88306,88307
Subarea2,c_88601,c_88602,16.690000000000015,c,c,88601,88602
Subarea2,c_88897,c_88602,10.820000000000011,c,c,88897,88602
Subarea2,c_89783,c_89784,6.190000000000005,c,c,89783,89784
Subarea2,c_90077,c_90078,3.2700000000000027,c,c,90077,90078
Subarea2,c_90373,c_90078,2.8500000000000023,c,c,90373,90078
Subarea2,c_90667,c_90668,1.190000000000001,c,c,90667,90668
Subarea2,p_86922,c_88018,0.01,p,c,86922,88018
Subarea2,p_86940,c_88018,0.01,p,c,86940,88018
Subarea2,p_86965,c_88018,0.01,p,c,86965,88018
Subarea2,c_87132,c_87131,3.4700000000000033,c,c,87132,87131
Subarea2,c_87427,p_87085,4.660000000000004,c,p,87427,87085
Subarea2,c_87717,c_87718,26.340000000000014,c,c,87717,87718
Subarea2,c_87722,p_87085,1.110000000000001,c,p,87722,87085
Subarea2,c_87723,p_87085,3.380000000000003,c,p,87723,87085
Subarea2,c_88012,c_88013,18.590000000000018,c,c,88012,88013
Subarea2,c_88018,p_87085,2.780000000000002,c,p,88018,87085
Subarea2,c_88307,c_88308,14.660000000000013,c,c,88307,88308
Subarea2,c_88602,c_88603,31.25000000000003,c,c,88602,88603
Subarea2,c_88898,c_88603,3.860000000000003,c,c,88898,88603
Subarea2,c_89784,c_89489,9.810000000000008,c,c,89784,89489
Subarea2,c_90078,c_90079,9.020000000000007,c,c,90078,90079
Subarea2,c_90374,c_90079,3.6400000000000032,c,c,90374,90079
Subarea2,c_90668,c_90669,3.0500000000000025,c,c,90668,90669
Subarea2,p_86475,c_87423,0.01,p,c,86475,87423
Subarea2,p_86625,c_87423,0.01,p,c,86625,87423
Subarea2,p_86637,c_87423,0.01,p,c,86637,87423
Subarea2,p_86948,c_87423,605.8500000000003,p,c,86948,87423
Subarea2,p_88018,c_89194,2.49,p,c,88018,89194
Subarea2,c_86835,c_87130,2.5100000000000025,c,c,86835,87130
Subarea2,c_87131,c_87130,4.860000000000005,c,c,87131,87130
Subarea2,c_87423,c_87424,607.7200000000003,c,c,87423,87424
Subarea2,c_87718,c_87719,28.520000000000017,c,c,87718,87719
Subarea2,c_88013,c_88014,20.85000000000002,c,c,88013,88014
Subarea2,c_88308,c_88309,18.350000000000016,c,c,88308,88309
Subarea2,c_88603,c_88604,38.960000000000036,c,c,88603,88604
Subarea2,c_88899,c_88604,3.220000000000003,c,c,88899,88604
Subarea2,c_89194,c_89195,5.900000000000003,c,c,89194,89195
Subarea2,c_89489,c_89490,12.20000000000001,c,c,89489,89490
Subarea2,c_89785,c_89490,4.0000000000000036,c,c,89785,89490
Subarea2,c_90079,c_90080,16.510000000000012,c,c,90079,90080
Subarea2,c_90375,c_90080,3.710000000000003,c,c,90375,90080
Subarea2,c_90669,c_90670,6.600000000000006,c,c,90669,90670
Subarea2,p_86715,c_87424,0.88,p,c,86715,87424
Subarea2,p_87085,c_87130,22.410000000000007,p,c,87085,87130
Subarea2,p_87495,c_88604,0.78,p,c,87495,88604
Subarea2,p_88494,c_90670,0.24,p,c,88494,90670
Subarea2,c_87130,c_87425,31.850000000000016,c,c,87130,87425
Subarea2,c_87424,c_87425,610.2400000000002,c,c,87424,87425
Subarea2,c_87719,c_87720,32.130000000000024,c,c,87719,87720
Subarea2,c_88014,c_88015,24.630000000000024,c,c,88014,88015
Subarea2,c_88309,c_88310,21.96000000000002,c,c,88309,88310
Subarea2,c_88604,c_88605,46.37000000000005,c,c,88604,88605
Subarea2,c_88900,c_88605,3.490000000000003,c,c,88900,88605
Subarea2,c_89195,c_89196,9.390000000000006,c,c,89195,89196
Subarea2,c_89490,c_89491,20.19000000000002,c,c,89490,89491
Subarea2,c_89786,c_89491,3.770000000000003,c,c,89786,89491
Subarea2,c_90080,c_90081,24.17000000000002,c,c,90080,90081
Subarea2,c_90376,c_90081,3.5900000000000034,c,c,90376,90081
Subarea2,c_90670,c_90671,10.19000000000001,c,c,90670,90671
Subarea2,p_86832,c_87425,2.94,p,c,86832,87425
Subarea2,p_87242,c_88310,0.01,p,c,87242,88310
Subarea2,c_87425,p_88305,648.0800000000003,c,p,87425,88305
Subarea2,c_87720,p_88305,34.020000000000024,c,p,87720,88305
Subarea2,c_88015,p_88305,26.160000000000025,c,p,88015,88305
Subarea2,c_88310,p_88305,23.56000000000002,c,p,88310,88305
Subarea2,c_88605,p_88305,53.35000000000005,c,p,88605,88305
Subarea2,c_88606,p_88305,2.8300000000000027,c,p,88606,88305
Subarea2,c_88901,p_88305,2.910000000000003,c,p,88901,88305
Subarea2,c_89196,p_88305,11.230000000000008,c,p,89196,88305
Subarea2,c_89491,p_88305,27.210000000000026,c,p,89491,88305
Subarea2,c_89787,p_88305,1.5200000000000014,c,p,89787,88305
Subarea2,c_90081,p_88305,31.400000000000027,c,p,90081,88305
Subarea2,c_90082,p_88305,1.2800000000000011,c,p,90082,88305
Subarea2,c_90377,c_90378,3.3700000000000028,c,c,90377,90378
Subarea2,c_90671,c_90672,13.000000000000012,c,c,90671,90672
Subarea2,c_90378,c_90379,5.940000000000005,c,c,90378,90379
Subarea2,c_90672,c_90673,16.180000000000014,c,c,90672,90673
Subarea2,p_88305,c_90379,884.4200000000004,p,c,88305,90379
Subarea2,c_90379,c_90380,892.6300000000005,c,c,90379,90380
Subarea2,c_90673,c_90674,19.930000000000017,c,c,90673,90674
Subarea2,c_90380,c_90675,895.1200000000005,c,c,90380,90675
Subarea2,c_90674,c_90675,23.56000000000002,c,c,90674,90675
Subarea2,c_90675,c_90676,922.2800000000005,c,c,90675,90676
Subarea2,c_90382,c_90383,2.320000000000002,c,c,90382,90383
Subarea2,c_90676,c_90677,925.0600000000005,c,c,90676,90677
Subarea2,c_90383,c_90384,4.950000000000005,c,c,90383,90384
Subarea2,c_90677,c_90678,927.4600000000005,c,c,90677,90678
Subarea2,p_88263,c_90384,3.73,p,c,88263,90384
Subarea2,c_90384,c_90385,11.660000000000007,c,c,90384,90385
Subarea2,c_90678,c_90679,930.2400000000005,c,c,90678,90679
Subarea2,c_90385,c_90386,15.08000000000001,c,c,90385,90386
Subarea2,c_90679,c_90680,933.9800000000005,c,c,90679,90680
Subarea2,c_90386,c_90681,16.750000000000014,c,c,90386,90681
Subarea2,c_90680,c_90681,937.1700000000005,c,c,90680,90681
Subarea2,c_90974,c_90975,1.5600000000000014,c,c,90974,90975
Subarea2,c_90681,c_90682,957.8700000000006,c,c,90681,90682
Subarea2,c_90975,c_90976,5.020000000000005,c,c,90975,90976
Subarea2,c_90682,c_90977,959.6200000000006,c,c,90682,90977
Subarea2,c_90976,c_90977,8.720000000000008,c,c,90976,90977
Subarea2,c_91270,c_91271,1.9300000000000015,c,c,91270,91271
Subarea2,c_90977,c_91272,971.7400000000006,c,c,90977,91272
Subarea2,c_91271,c_91272,5.630000000000004,c,c,91271,91272
Subarea2,c_91272,c_91567,981.3700000000006,c,c,91272,91567
Subarea2,c_91566,c_91567,3.410000000000003,c,c,91566,91567
Subarea2,c_91567,c_91862,988.7100000000005,c,c,91567,91862
Subarea2,c_91861,c_91862,3.340000000000003,c,c,91861,91862
Subarea2,c_91862,c_92157,994.1600000000005,c,c,91862,92157
Subarea2,c_92156,c_92157,3.240000000000003,c,c,92156,92157
Subarea2,c_92451,c_92452,2.040000000000002,c,c,92451,92452
Subarea2,c_92157,p_89832,998.6800000000005,c,p,92157,89832
Subarea2,c_92452,p_89832,3.310000000000003,c,p,92452,89832
Subarea2,c_92747,c_93042,2.480000000000002,c,c,92747,93042
Subarea2,c_93042,c_93043,4.040000000000004,c,c,93042,93043
Subarea2,c_93338,c_93043,3.850000000000003,c,c,93338,93043
Subarea2,p_89832,c_93043,1008.9800000000006,p,c,89832,93043
Subarea2,p_90019,c_93339,0.01,p,c,90019,93339
Subarea2,p_90028,c_93339,0.01,p,c,90028,93339
Subarea2,p_90056,c_93339,0.04,p,c,90056,93339
Subarea2,p_90067,c_93339,0.01,p,c,90067,93339
Subarea2,c_93043,c_93044,1019.7900000000006,c,c,93043,93044
Subarea2,c_93339,c_93044,3.9000000000000026,c,c,93339,93044
Subarea2,p_90011,c_93044,0.04,p,c,90011,93044
Subarea2,c_93044,c_93045,1024.9800000000007,c,c,93044,93045
Subarea2,p_89895,c_93045,0.81,p,c,89895,93045
Subarea2,p_89911,c_93045,0.02,p,c,89911,93045
Subarea2,p_89944,c_93045,0.01,p,c,89944,93045
Subarea2,p_89960,c_93045,0.01,p,c,89960,93045
Subarea2,c_93045,c_93046,1027.5000000000007,c,c,93045,93046
Subarea2,p_90109,c_93046,1.39,p,c,90109,93046
Subarea2,c_93046,p_90216,1030.4700000000007,c,p,93046,90216
Subarea2,c_93636,c_93637,1.0000000000000009,c,c,93636,93637
Subarea2,p_90191,c_93637,0.01,p,c,90191,93637
Subarea2,p_90204,c_93637,0.01,p,c,90204,93637
Subarea2,p_90216,c_93343,1045.8200000000006,p,c,90216,93343
Subarea2,p_90306,c_93637,0.21,p,c,90306,93637
Subarea2,c_93343,c_93638,1047.5800000000006,c,c,93343,93638
Subarea2,c_93637,c_93638,4.510000000000003,c,c,93637,93638
Subarea2,c_93638,c_93639,1055.8400000000006,c,c,93638,93639
Subarea2,c_93639,c_93640,1059.1900000000005,c,c,93639,93640
Subarea2,c_93933,c_93934,1.9700000000000015,c,c,93933,93934
Subarea2,p_90223,c_93640,0.06,p,c,90223,93640
Subarea2,c_93640,c_93935,1060.2900000000004,c,c,93640,93935
Subarea2,c_93934,c_93935,3.750000000000003,c,c,93934,93935
Subarea2,c_93935,c_93936,1067.0500000000004,c,c,93935,93936
Subarea2,p_90516,c_93936,1.89,p,c,90516,93936
Subarea2,c_93936,c_94231,1071.2300000000005,c,c,93936,94231
Subarea2,c_93053,c_93348,1.8700000000000017,c,c,93053,93348
Subarea2,c_94231,c_94232,1072.5200000000004,c,c,94231,94232
Subarea2,p_90129,c_93348,0.48,p,c,90129,93348
Subarea2,c_93348,p_90905,3.980000000000003,c,p,93348,90905
Subarea2,c_94232,p_90905,1074.7200000000005,c,p,94232,90905
Subarea3,p_57460,c_29394,1.01,p,c,57460,29394
Subarea3,p_57490,c_29393,0.01,p,c,57490,29393
Subarea3,p_57579,c_29393,0.32,p,c,57579,29393
Subarea3,p_57592,c_29393,7.57,p,c,57592,29393
Subarea3,c_29393,c_29688,9.640000000000002,c,c,29393,29688
Subarea3,c_29394,c_29689,4.850000000000003,c,c,29394,29689
Subarea3,p_57630,c_29690,0.01,p,c,57630,29690
Subarea3,p_57660,c_29690,0.02,p,c,57660,29690
Subarea3,c_29688,p_57891,13.230000000000006,c,p,29688,57891
Subarea3,c_29689,p_57891,8.170000000000005,c,p,29689,57891
Subarea3,c_29690,p_57891,3.240000000000002,c,p,29690,57891
Subarea3,c_29691,p_57891,1.3800000000000012,c,p,29691,57891
Subarea3,c_29390,c_29685,3.110000000000003,c,c,29390,29685
Subarea3,p_57891,c_29982,38.26000000000002,p,c,57891,29982
Subarea3,c_29685,p_57991,6.020000000000006,c,p,29685,57991
Subarea3,c_29982,c_29981,41.11000000000002,c,c,29982,29981
Subarea3,p_57820,c_29981,4.55,p,c,57820,29981
Subarea3,c_29981,c_30276,48.15000000000002,c,c,29981,30276
Subarea3,p_57991,c_30274,11.630000000000006,p,c,57991,30274
Subarea3,p_58045,c_30274,0.03,p,c,58045,30274
Subarea3,c_30274,c_30273,12.850000000000007,c,c,30274,30273
Subarea3,c_30276,p_58536,49.840000000000025,c,p,30276,58536
Subarea3,c_31166,c_31165,1.190000000000001,c,c,31166,31165
Subarea3,p_58162,c_30569,2.04,p,c,58162,30569
Subarea3,p_58451,c_31165,80.99,p,c,58451,31165
Subarea3,c_30273,c_30272,13.890000000000008,c,c,30273,30272
Subarea3,c_30569,c_30568,4.940000000000003,c,c,30569,30568
Subarea3,c_31165,p_58875,83.22,c,p,31165,58875
Subarea3,p_57963,c_30272,0.1,p,c,57963,30272
Subarea3,p_58109,c_30272,2.45,p,c,58109,30272
Subarea3,p_58119,c_30272,0.29,p,c,58119,30272
Subarea3,p_58189,c_30568,0.22,p,c,58189,30568
Subarea3,p_58536,c_31160,78.78000000000003,p,c,58536,31160
Subarea3,c_30272,c_30271,19.95000000000001,c,c,30272,30271
Subarea3,c_30568,c_30863,8.270000000000007,c,c,30568,30863
Subarea3,c_31160,c_31455,81.35000000000004,c,c,31160,31455
Subarea3,c_31456,c_31455,1.9600000000000015,c,c,31456,31455
Subarea3,p_58319,c_30863,2.77,p,c,58319,30863
Subarea3,p_58441,c_30859,3.59,p,c,58441,30859
Subarea3,p_58875,c_31751,122.97999999999999,p,c,58875,31751
Subarea3,c_30271,c_30566,21.11000000000001,c,c,30271,30566
Subarea3,c_30859,c_30860,4.620000000000001,c,c,30859,30860
Subarea3,c_30863,c_31158,13.410000000000007,c,c,30863,31158
Subarea3,c_31455,c_31454,87.16000000000005,c,c,31455,31454
Subarea3,c_31751,c_31750,126.82,c,c,31751,31750
Subarea3,c_32048,p_58975,1.180000000000001,c,p,32048,58975
Subarea3,c_30566,c_30861,24.30000000000001,c,c,30566,30861
Subarea3,c_30860,c_30861,6.270000000000003,c,c,30860,30861
Subarea3,c_31158,c_31453,17.41000000000001,c,c,31158,31453
Subarea3,c_31454,c_31453,89.16000000000005,c,c,31454,31453
Subarea3,c_31750,c_31749,130.69,c,c,31750,31749
Subarea3,c_32044,c_31749,3.980000000000003,c,c,32044,31749
Subarea3,c_32046,c_32045,3.540000000000003,c,c,32046,32045
Subarea3,c_32342,c_32341,1.050000000000001,c,c,32342,32341
Subarea3,p_58975,c_32341,9.170000000000002,p,c,58975,32341
Subarea3,p_61286,c_37327,4.31,p,c,61286,37327
Subarea3,c_30861,c_31156,34.44000000000002,c,c,30861,31156
Subarea3,c_31453,c_31452,109.55000000000007,c,c,31453,31452
Subarea3,c_31749,c_31748,138.32,c,c,31749,31748
Subarea3,c_32045,c_32340,7.270000000000007,c,c,32045,32340
Subarea3,c_32341,c_32340,12.130000000000004,c,c,32341,32340
Subarea3,c_37327,c_37328,7.200000000000002,c,c,37327,37328
Subarea3,p_58481,c_31156,0.01,p,c,58481,31156
Subarea3,p_58486,c_31156,1.74,p,c,58486,31156
Subarea3,p_58579,c_31450,0.01,p,c,58579,31450
Subarea3,p_58583,c_31156,4.03,p,c,58583,31156
Subarea3,p_58591,c_31450,0.02,p,c,58591,31450
Subarea3,p_58592,c_31450,0.01,p,c,58592,31450
Subarea3,p_58597,c_31450,0.01,p,c,58597,31450
Subarea3,p_58980,c_32340,3.15,p,c,58980,32340
Subarea3,p_61384,c_37328,1.73,p,c,61384,37328
Subarea3,c_31156,c_31451,41.62000000000002,c,c,31156,31451
Subarea3,c_31450,c_31451,1.8600000000000017,c,c,31450,31451
Subarea3,c_31452,c_31451,112.36000000000007,c,c,31452,31451
Subarea3,c_31748,c_31747,140.69,c,c,31748,31747
Subarea3,c_32042,c_31747,2.8600000000000025,c,c,32042,31747
Subarea3,c_32340,p_59206,23.98000000000001,c,p,32340,59206
Subarea3,c_32635,c_32634,2.7600000000000025,c,c,32635,32634
Subarea3,c_32636,c_32931,2.440000000000002,c,c,32636,32931
Subarea3,c_32932,c_32931,2.2700000000000022,c,c,32932,32931
Subarea3,c_37328,c_37329,11.960000000000004,c,c,37328,37329
Subarea3,p_58621,c_31451,0.01,p,c,58621,31451
Subarea3,p_58955,c_31747,0.81,p,c,58955,31747
Subarea3,p_58973,c_32338,0.03,p,c,58973,32338
Subarea3,p_59013,c_32338,0.83,p,c,59013,32338
Subarea3,p_59200,c_32930,0.01,p,c,59200,32930
Subarea3,p_59201,c_32931,0.01,p,c,59201,32931
Subarea3,p_59205,c_32930,0.01,p,c,59205,32930
Subarea3,p_59208,c_32931,0.01,p,c,59208,32931
Subarea3,p_59224,c_32930,0.61,p,c,59224,32930
Subarea3,p_59251,c_32931,3.21,p,c,59251,32931
Subarea3,c_31451,c_31746,158.97000000000008,c,c,31451,31746
Subarea3,c_31747,c_31746,145.9,c,c,31747,31746
Subarea3,c_32338,c_32633,3.320000000000002,c,c,32338,32633
Subarea3,c_32634,c_32633,4.920000000000004,c,c,32634,32633
Subarea3,c_32930,c_32929,2.6500000000000012,c,c,32930,32929
Subarea3,c_32931,p_59506,9.880000000000006,c,p,32931,59506
Subarea3,c_33521,p_59506,3.270000000000003,c,p,33521,59506
Subarea3,c_37329,c_37330,14.250000000000007,c,c,37329,37330
Subarea3,c_41461,c_41462,1.4500000000000013,c,c,41461,41462
Subarea3,c_41464,c_41169,3.8200000000000034,c,c,41464,41169
Subarea3,p_58797,c_31746,9.46,p,c,58797,31746
Subarea3,p_59206,c_32929,28.59000000000001,p,c,59206,32929
Subarea3,p_60933,c_36448,0.34,p,c,60933,36448
Subarea3,c_31746,p_59120,315.4700000000001,c,p,31746,59120
Subarea3,c_32333,p_59120,2.460000000000002,c,p,32333,59120
Subarea3,c_32633,c_32928,10.580000000000009,c,c,32633,32928
Subarea3,c_32929,c_32928,34.04000000000001,c,c,32929,32928
Subarea3,c_35856,c_36151,3.0200000000000027,c,c,35856,36151
Subarea3,c_36448,c_36447,1.8600000000000014,c,c,36448,36447
Subarea3,c_36743,p_61132,3.300000000000003,c,p,36743,61132
Subarea3,c_37330,c_37331,16.75000000000001,c,c,37330,37331
Subarea3,c_37625,c_37626,2.6600000000000024,c,c,37625,37626
Subarea3,c_41168,c_40873,1.4500000000000013,c,c,41168,40873
Subarea3,c_41169,c_40874,7.300000000000006,c,c,41169,40874
Subarea3,c_41462,p_62982,3.2500000000000027,c,p,41462,62982
Subarea3,c_41463,p_62982,2.8200000000000025,c,p,41463,62982
Subarea3,p_59506,c_33224,25.37000000000001,p,c,59506,33224
Subarea3,p_60930,c_36444,7.27,p,c,60930,36444
Subarea3,p_62722,c_40873,0.03,p,c,62722,40873
Subarea3,p_62906,c_40873,4.03,p,c,62906,40873
Subarea3,c_32928,c_32927,48.18000000000002,c,c,32928,32927
Subarea3,c_33224,c_33223,28.160000000000014,c,c,33224,33223
Subarea3,c_33815,p_59903,3.580000000000003,c,p,33815,59903
Subarea3,c_34403,c_34108,3.5100000000000033,c,c,34403,34108
Subarea3,c_36151,c_36446,6.940000000000006,c,c,36151,36446
Subarea3,c_36444,c_36445,9.080000000000002,c,c,36444,36445
Subarea3,c_36447,c_36446,5.6200000000000045,c,c,36447,36446
Subarea3,c_36739,c_36740,2.490000000000002,c,c,36739,36740
Subarea3,c_37331,c_37036,20.740000000000016,c,c,37331,37036
Subarea3,c_37626,c_37627,6.4500000000000055,c,c,37626,37627
Subarea3,c_38516,c_38515,3.8000000000000034,c,c,38516,38515
Subarea3,c_38810,c_38515,3.810000000000003,c,c,38810,38515
Subarea3,c_40872,c_40577,1.5800000000000014,c,c,40872,40577
Subarea3,c_40873,c_40578,7.950000000000003,c,c,40873,40578
Subarea3,c_40874,c_40579,11.02000000000001,c,c,40874,40579
Subarea3,p_59120,c_32629,343.37000000000006,p,c,59120,32629
Subarea3,p_59228,c_32629,2.57,p,c,59228,32629
Subarea3,p_59244,c_32927,8.39,p,c,59244,32927
Subarea3,p_61132,c_37039,4.430000000000003,p,c,61132,37039
Subarea3,p_61799,c_38515,3.68,p,c,61799,38515
Subarea3,p_61948,c_38515,2.44,p,c,61948,38515
Subarea3,p_62259,c_39399,0.1,p,c,62259,39399
Subarea3,p_62613,c_40577,9.34,p,c,62613,40577
Subarea3,p_62678,c_40578,0.02,p,c,62678,40578
Subarea3,p_62705,c_40578,0.12,p,c,62705,40578
Subarea3,p_62721,c_40577,2.81,p,c,62721,40577
Subarea3,p_62982,c_40577,9.800000000000004,p,c,62982,40577
Subarea3,c_32629,p_59302,348.0400000000001,c,p,32629,59302
Subarea3,c_32927,c_33222,58.160000000000025,c,c,32927,33222
Subarea3,c_33223,c_33222,29.530000000000015,c,c,33223,33222
Subarea3,c_34108,c_33813,6.550000000000006,c,c,34108,33813
Subarea3,c_34402,c_34107,3.770000000000003,c,c,34402,34107
Subarea3,c_36445,p_61381,11.140000000000004,c,p,36445,61381
Subarea3,c_36446,p_61381,15.810000000000013,c,p,36446,61381
Subarea3,c_36740,p_61381,5.070000000000004,c,p,36740,61381
Subarea3,c_36741,p_61381,3.030000000000003,c,p,36741,61381
Subarea3,c_37036,p_61381,24.17000000000002,c,p,37036,61381
Subarea3,c_37037,p_61381,2.8100000000000023,c,p,37037,61381
Subarea3,c_37039,c_37334,8.260000000000007,c,c,37039,37334
Subarea3,c_37333,c_37334,2.8400000000000025,c,c,37333,37334
Subarea3,c_37627,c_37628,10.32000000000001,c,c,37627,37628
Subarea3,c_38515,p_62660,15.380000000000008,c,p,38515,62660
Subarea3,c_39399,p_62660,3.870000000000003,c,p,39399,62660
Subarea3,c_40577,p_62660,24.81000000000001,c,p,40577,62660
Subarea3,c_40578,p_62660,9.420000000000003,c,p,40578,62660
Subarea3,c_40579,p_62660,13.360000000000012,c,p,40579,62660
Subarea3,p_59903,c_33222,18.28,p,c,59903,33222
Subarea3,c_33222,c_33517,109.40000000000005,c,c,33222,33517
Subarea3,c_33518,c_33517,3.500000000000003,c,c,33518,33517
Subarea3,c_33813,c_33812,9.06000000000001,c,c,33813,33812
Subarea3,c_34107,c_33812,7.590000000000007,c,c,34107,33812
Subarea3,c_37334,c_37629,13.830000000000013,c,c,37334,37629
Subarea3,c_37335,c_37336,3.770000000000003,c,c,37335,37336
Subarea3,c_37628,c_37629,12.570000000000011,c,c,37628,37629
Subarea3,p_59302,c_33218,349.5900000000001,p,c,59302,33218
Subarea3,p_61381,c_37629,68.58000000000004,p,c,61381,37629
Subarea3,p_61399,c_37630,0.06,p,c,61399,37630
Subarea3,p_61405,c_37630,0.02,p,c,61405,37630
Subarea3,p_62660,c_37630,122.69000000000004,p,c,62660,37630
Subarea3,c_33218,c_33219,351.1600000000001,c,c,33218,33219
Subarea3,c_33512,c_33513,2.150000000000002,c,c,33512,33513
Subarea3,c_33517,c_33516,116.10000000000005,c,c,33517,33516
Subarea3,c_33812,c_33811,20.590000000000018,c,c,33812,33811
Subarea3,c_37336,p_62029,7.1100000000000065,c,p,37336,62029
Subarea3,c_37629,p_62029,96.07000000000006,c,p,37629,62029
Subarea3,c_37630,p_62029,123.97000000000004,c,p,37630,62029
Subarea3,p_59602,c_33516,1.75,p,c,59602,33516
Subarea3,p_61154,c_37043,5.58,p,c,61154,37043
Subarea3,c_33219,c_33514,353.6900000000001,c,c,33219,33514
Subarea3,c_33513,c_33514,4.220000000000004,c,c,33513,33514
Subarea3,c_33516,p_59579,120.59000000000006,c,p,33516,59579
Subarea3,c_33811,c_33810,24.59000000000002,c,c,33811,33810
Subarea3,c_35286,c_34991,3.580000000000003,c,c,35286,34991
Subarea3,c_37043,c_37044,8.570000000000004,c,c,37043,37044
Subarea3,p_60155,c_34985,7.69,p,c,60155,34985
Subarea3,p_60340,c_34991,1.79,p,c,60340,34991
Subarea3,p_60892,c_35867,8.21,p,c,60892,35867
Subarea3,p_60977,c_36457,0.01,p,c,60977,36457
Subarea3,p_60982,c_36457,0.01,p,c,60982,36457
Subarea3,p_60993,c_36457,0.02,p,c,60993,36457
Subarea3,p_61000,c_36457,0.01,p,c,61000,36457
Subarea3,p_61060,c_36751,0.08,p,c,61060,36751
Subarea3,p_61071,c_36751,0.06,p,c,61071,36751
Subarea3,p_61214,c_37044,0.01,p,c,61214,37044
Subarea3,p_62029,c_37044,236.12000000000012,p,c,62029,37044
Subarea3,c_33514,c_33809,359.7400000000001,c,c,33514,33809
Subarea3,c_33810,c_33809,26.370000000000022,c,c,33810,33809
Subarea3,c_34985,c_35280,10.790000000000003,c,c,34985,35280
Subarea3,c_34991,p_60259,7.230000000000005,c,p,34991,60259
Subarea3,c_35867,c_35868,9.940000000000003,c,c,35867,35868
Subarea3,c_36163,c_35868,2.9300000000000024,c,c,36163,35868
Subarea3,c_36457,p_61207,3.170000000000002,c,p,36457,61207
Subarea3,c_36458,p_61207,1.6600000000000017,c,p,36458,61207
Subarea3,c_36750,p_61207,3.6600000000000033,c,p,36750,61207
Subarea3,c_36751,p_61207,2.7000000000000024,c,p,36751,61207
Subarea3,c_37044,p_61207,246.35000000000014,c,p,37044,61207
Subarea3,p_59579,c_33809,136.73000000000008,p,c,59579,33809
Subarea3,p_59718,c_34105,0.02,p,c,59718,34105
Subarea3,p_59736,c_34105,0.27,p,c,59736,34105
Subarea3,p_60277,c_35280,0.68,p,c,60277,35280
Subarea3,c_33809,c_34104,525.2400000000002,c,c,33809,34104
Subarea3,c_34105,c_34104,2.390000000000002,c,c,34105,34104
Subarea3,c_35280,c_35575,14.930000000000005,c,c,35280,35575
Subarea3,c_35574,c_35575,3.460000000000003,c,c,35574,35575
Subarea3,c_35868,c_35869,16.640000000000008,c,c,35868,35869
Subarea3,c_36164,c_35869,3.210000000000002,c,c,36164,35869
Subarea3,p_60259,c_34104,21.380000000000006,p,c,60259,34104
Subarea3,p_60446,c_35575,0.01,p,c,60446,35575
Subarea3,p_60632,c_35874,0.01,p,c,60632,35874
Subarea3,p_60695,c_35874,0.01,p,c,60695,35874
Subarea3,p_60812,c_36165,1.28,p,c,60812,36165
Subarea3,p_60827,c_36165,0.03,p,c,60827,36165
Subarea3,p_60837,c_36165,0.01,p,c,60837,36165
Subarea3,p_60845,c_36165,0.01,p,c,60845,36165
Subarea3,p_60871,c_36165,0.01,p,c,60871,36165
Subarea3,p_60900,c_36165,0.89,p,c,60900,36165
Subarea3,p_60918,c_36165,3.15,p,c,60918,36165
Subarea3,p_60944,c_36165,0.3,p,c,60944,36165
Subarea3,p_61207,c_36165,272.83000000000015,p,c,61207,36165
Subarea3,c_34104,p_60838,551.4300000000002,c,p,34104,60838
Subarea3,c_35575,p_60838,21.010000000000012,c,p,35575,60838
Subarea3,c_35869,p_60838,23.16000000000001,c,p,35869,60838
Subarea3,c_35874,p_60732,1.5800000000000014,c,p,35874,60732
Subarea3,c_36165,p_60838,279.5500000000002,c,p,36165,60838
Subarea3,c_37052,c_37053,2.6800000000000024,c,c,37052,37053
Subarea3,p_60732,c_36168,1.7000000000000015,p,c,60732,36168
Subarea3,p_60838,c_36168,954.8900000000003,p,c,60838,36168
Subarea3,p_60855,c_36168,0.02,p,c,60855,36168
Subarea3,p_60873,c_36168,1.01,p,c,60873,36168
Subarea3,p_61146,c_37053,0.01,p,c,61146,37053
Subarea3,p_61157,c_37053,0.02,p,c,61157,37053
Subarea3,c_36168,p_61087,958.7200000000003,c,p,36168,61087
Subarea3,c_37053,c_36758,5.780000000000005,c,c,37053,36758
Subarea3,p_61127,c_36758,0.01,p,c,61127,36758
Subarea3,p_61138,c_36758,0.03,p,c,61138,36758
Subarea3,c_36758,c_36759,9.450000000000006,c,c,36758,36759
Subarea3,p_61087,c_36464,964.0500000000003,p,c,61087,36464
Subarea3,c_36464,c_36465,966.6400000000003,c,c,36464,36465
Subarea3,c_36759,c_36760,13.260000000000009,c,c,36759,36760
Subarea3,c_36465,c_36466,970.3300000000004,c,c,36465,36466
Subarea3,c_36760,p_61092,16.96000000000001,c,p,36760,61092
Subarea3,c_36761,c_36466,1.240000000000001,c,c,36761,36466
Subarea3,p_61015,c_36468,1.62,p,c,61015,36468
Subarea3,c_35582,c_35877,3.920000000000003,c,c,35582,35877
Subarea3,c_35876,c_35877,3.3900000000000032,c,c,35876,35877
Subarea3,c_35878,c_35877,3.0500000000000025,c,c,35878,35877
Subarea3,c_36466,c_36171,973.7300000000004,c,c,36466,36171
Subarea3,c_36468,c_36467,5.440000000000003,c,c,36468,36467
Subarea3,p_60808,c_36171,0.01,p,c,60808,36171
Subarea3,p_60817,c_36171,0.02,p,c,60817,36171
Subarea3,p_60829,c_36171,0.11,p,c,60829,36171
Subarea3,p_61092,c_36467,22.46000000000001,p,c,61092,36467
Subarea3,c_35877,c_36172,12.610000000000012,c,c,35877,36172
Subarea3,c_36171,c_36172,977.5400000000003,c,c,36171,36172
Subarea3,c_36467,c_36172,29.690000000000015,c,c,36467,36172
Subarea3,p_60756,c_36172,0.01,p,c,60756,36172
Subarea3,p_60771,c_36172,0.01,p,c,60771,36172
Subarea3,p_60790,c_36172,0.09,p,c,60790,36172
Subarea3,p_60796,c_36172,0.03,p,c,60796,36172
Subarea3,p_60856,c_36172,2.26,p,c,60856,36172
Subarea3,p_60898,c_36172,3.57,p,c,60898,36172
Subarea3,c_36172,p_60782,1027.4400000000003,c,p,36172,60782
Subarea4,p_56210,c_26778,4.31,p,c,56210,26778
Subarea4,c_26778,c_26779,6.060000000000001,c,c,26778,26779
Subarea4,c_26779,c_26780,8.040000000000003,c,c,26779,26780
Subarea4,c_27075,c_26780,3.0800000000000027,c,c,27075,26780
Subarea4,p_56168,c_26486,0.01,p,c,56168,26486
Subarea4,p_56432,c_26780,4.5,p,c,56432,26780
Subarea4,c_26486,c_26487,1.6600000000000017,c,c,26486,26487
Subarea4,c_26780,p_56355,16.920000000000005,c,p,26780,56355
Subarea4,c_27076,p_56355,3.6600000000000033,c,p,27076,56355
Subarea4,p_56192,c_26487,0.02,p,c,56192,26487
Subarea4,c_26487,c_26782,4.190000000000004,c,c,26487,26782
Subarea4,p_56204,c_26782,0.46,p,c,56204,26782
Subarea4,p_56355,c_26782,26.31000000000001,p,c,56355,26782
Subarea4,c_25900,c_25901,2.3500000000000023,c,c,25900,25901
Subarea4,c_26782,c_26783,32.780000000000015,c,c,26782,26783
Subarea4,c_25901,c_25902,4.120000000000004,c,c,25901,25902
Subarea4,c_26783,c_26784,36.72000000000002,c,c,26783,26784
Subarea4,c_25902,c_25903,7.650000000000007,c,c,25902,25903
Subarea4,c_26784,c_26785,40.700000000000024,c,c,26784,26785
Subarea4,c_5285,c_5580,3.540000000000003,c,c,5285,5580
Subarea4,c_25903,c_25904,11.03000000000001,c,c,25903,25904
Subarea4,c_26785,c_26786,44.24000000000003,c,c,26785,26786
Subarea4,c_5580,c_5875,7.390000000000006,c,c,5580,5875
Subarea4,c_25904,c_25905,14.480000000000013,c,c,25904,25905
Subarea4,c_26492,c_26787,3.900000000000003,c,c,26492,26787
Subarea4,c_26786,c_26787,48.220000000000034,c,c,26786,26787
Subarea4,c_5875,c_6170,10.920000000000009,c,c,5875,6170
Subarea4,c_25611,c_25612,2.960000000000002,c,c,25611,25612
Subarea4,c_25905,c_25906,18.39000000000002,c,c,25905,25906
Subarea4,c_26787,c_26788,56.08000000000004,c,c,26787,26788
Subarea4,c_6170,c_6465,14.820000000000011,c,c,6170,6465
Subarea4,c_25612,c_25907,6.780000000000006,c,c,25612,25907
Subarea4,c_25906,c_25907,22.08000000000002,c,c,25906,25907
Subarea4,c_26200,c_26201,3.900000000000003,c,c,26200,26201
Subarea4,c_26494,c_26789,3.7600000000000033,c,c,26494,26789
Subarea4,c_26788,c_26789,60.060000000000045,c,c,26788,26789
Subarea4,c_6465,c_6760,18.590000000000014,c,c,6465,6760
Subarea4,c_10287,c_10582,1.7100000000000015,c,c,10287,10582
Subarea4,c_25907,c_25908,32.60000000000003,c,c,25907,25908
Subarea4,c_26201,c_26202,7.900000000000007,c,c,26201,26202
Subarea4,c_26789,c_26790,67.59000000000005,c,c,26789,26790
Subarea4,p_49312,c_10878,0.01,p,c,49312,10878
Subarea4,p_49411,c_10582,1.63,p,c,49411,10582
Subarea4,c_6760,c_6761,22.420000000000016,c,c,6760,6761
Subarea4,c_10582,p_49432,7.010000000000004,c,p,10582,49432
Subarea4,c_10878,c_11173,1.3700000000000012,c,c,10878,11173
Subarea4,c_10879,p_49432,2.370000000000002,c,p,10879,49432
Subarea4,c_11170,p_49432,2.440000000000002,c,p,11170,49432
Subarea4,c_25908,c_26203,36.500000000000036,c,c,25908,26203
Subarea4,c_26202,c_26203,11.85000000000001,c,c,26202,26203
Subarea4,c_26790,c_26791,71.40000000000005,c,c,26790,26791
Subarea4,c_6761,c_6762,26.26000000000002,c,c,6761,6762
Subarea4,c_7346,c_7347,3.3700000000000028,c,c,7346,7347
Subarea4,c_11173,c_11172,3.9300000000000033,c,c,11173,11172
Subarea4,c_11757,c_11758,1.3000000000000012,c,c,11757,11758
Subarea4,c_25615,c_25616,3.440000000000003,c,c,25615,25616
Subarea4,c_26203,c_26498,52.32000000000005,c,c,26203,26498
Subarea4,c_26497,c_26498,4.0000000000000036,c,c,26497,26498
Subarea4,c_26791,c_26792,75.29000000000005,c,c,26791,26792
Subarea4,p_49432,c_11172,26.750000000000007,p,c,49432,11172
Subarea4,p_49657,c_11759,0.59,p,c,49657,11759
Subarea4,p_49661,c_11759,0.01,p,c,49661,11759
Subarea4,c_6762,c_7057,30.09000000000002,c,c,6762,7057
Subarea4,c_7056,c_7057,3.630000000000003,c,c,7056,7057
Subarea4,c_7347,c_7642,6.550000000000006,c,c,7347,7642
Subarea4,c_7641,c_7642,3.270000000000003,c,c,7641,7642
Subarea4,c_7935,c_7936,3.7200000000000033,c,c,7935,7936
Subarea4,c_11172,c_11467,33.40000000000001,c,c,11172,11467
Subarea4,c_11758,p_49922,4.320000000000004,c,p,11758,49922
Subarea4,c_11759,p_49922,3.6300000000000026,c,p,11759,49922
Subarea4,c_12051,p_49922,1.3400000000000012,c,p,12051,49922
Subarea4,c_12052,p_49922,1.090000000000001,c,p,12052,49922
Subarea4,c_12053,p_49922,1.160000000000001,c,p,12053,49922
Subarea4,c_12054,c_12349,3.190000000000003,c,c,12054,12349
Subarea4,c_12348,c_12349,2.6800000000000024,c,c,12348,12349
Subarea4,c_25616,c_25617,6.7800000000000065,c,c,25616,25617
Subarea4,c_25910,c_25911,3.870000000000004,c,c,25910,25911
Subarea4,c_26498,c_26793,60.23000000000006,c,c,26498,26793
Subarea4,c_26792,c_26793,79.26000000000005,c,c,26792,26793
Subarea4,p_49766,c_12349,0.88,p,c,49766,12349
Subarea4,c_7057,c_7352,37.620000000000026,c,c,7057,7352
Subarea4,c_7642,c_7937,13.630000000000013,c,c,7642,7937
Subarea4,c_7936,c_7937,7.1100000000000065,c,c,7936,7937
Subarea4,c_11467,c_11762,37.26000000000002,c,c,11467,11762
Subarea4,c_11765,c_12060,3.960000000000003,c,c,11765,12060
Subarea4,c_12349,c_12350,10.47000000000001,c,c,12349,12350
Subarea4,c_12641,c_12642,1.8600000000000017,c,c,12641,12642
Subarea4,c_12643,c_12642,2.480000000000002,c,c,12643,12642
Subarea4,c_25323,c_25618,1.120000000000001,c,c,25323,25618
Subarea4,c_25617,c_25618,9.57000000000001,c,c,25617,25618
Subarea4,c_25911,c_25912,7.770000000000007,c,c,25911,25912
Subarea4,c_26793,c_26794,143.40000000000012,c,c,26793,26794
Subarea4,p_48481,c_7937,0.68,p,c,48481,7937
Subarea4,p_49779,c_12350,0.41,p,c,49779,12350
Subarea4,p_49922,c_12642,25.330000000000005,p,c,49922,12642
Subarea4,p_49980,c_12642,0.01,p,c,49980,12642
Subarea4,p_50001,c_12644,2.87,p,c,50001,12644
Subarea4,c_7352,c_7647,41.53000000000003,c,c,7352,7647
Subarea4,c_7937,c_8232,24.620000000000022,c,c,7937,8232
Subarea4,c_8231,c_8232,1.9900000000000015,c,c,8231,8232
Subarea4,c_9111,c_9112,3.3300000000000027,c,c,9111,9112
Subarea4,c_11762,c_12057,40.82000000000002,c,c,11762,12057
Subarea4,c_12060,c_12355,7.7800000000000065,c,c,12060,12355
Subarea4,c_12350,c_12645,14.690000000000012,c,c,12350,12645
Subarea4,c_12642,c_12937,32.14000000000001,c,c,12642,12937
Subarea4,c_12644,c_12645,4.6400000000000015,c,c,12644,12645
Subarea4,c_12938,c_12937,3.4300000000000033,c,c,12938,12937
Subarea4,c_25618,c_25619,13.880000000000013,c,c,25618,25619
Subarea4,c_25912,c_25913,11.73000000000001,c,c,25912,25913
Subarea4,c_26794,c_26795,147.40000000000012,c,c,26794,26795
Subarea4,p_48544,c_8232,1.66,p,c,48544,8232
Subarea4,p_49985,c_12645,1.02,p,c,49985,12645
Subarea4,p_50131,c_12937,6,p,c,50131,12937
Subarea4,c_7647,c_7942,45.09000000000003,c,c,7647,7942
Subarea4,c_8232,c_8233,31.990000000000027,c,c,8232,8233
Subarea4,c_9112,c_9407,5.940000000000005,c,c,9112,9407
Subarea4,c_12057,c_12352,44.410000000000025,c,c,12057,12352
Subarea4,c_12355,c_12650,11.580000000000009,c,c,12355,12650
Subarea4,c_12645,c_12940,23.200000000000014,c,c,12645,12940
Subarea4,c_12937,p_50325,44.20000000000002,c,p,12937,50325
Subarea4,c_16476,c_16477,1.6300000000000014,c,c,16476,16477
Subarea4,c_25619,c_25620,16.990000000000016,c,c,25619,25620
Subarea4,c_25913,c_25914,15.720000000000013,c,c,25913,25914
Subarea4,c_26795,c_26796,151.37000000000012,c,c,26795,26796
Subarea4,p_48459,c_7942,0.01,p,c,48459,7942
Subarea4,p_48464,c_7942,0.01,p,c,48464,7942
Subarea4,p_48465,c_7942,0.01,p,c,48465,7942
Subarea4,p_48467,c_7942,0.01,p,c,48467,7942
Subarea4,p_48471,c_7942,0.01,p,c,48471,7942
Subarea4,p_48473,c_7942,0.01,p,c,48473,7942
Subarea4,p_48475,c_7942,0.01,p,c,48475,7942
Subarea4,p_48477,c_7942,0.02,p,c,48477,7942
Subarea4,p_48480,c_7942,0.01,p,c,48480,7942
Subarea4,p_48484,c_7942,0.02,p,c,48484,7942
Subarea4,p_48487,c_7942,0.01,p,c,48487,7942
Subarea4,p_48490,c_7942,0.01,p,c,48490,7942
Subarea4,p_48491,c_7942,0.01,p,c,48491,7942
Subarea4,p_50222,c_13234,0.01,p,c,50222,13234
Subarea4,c_7942,c_7941,46.63000000000002,c,c,7942,7941
Subarea4,c_8233,c_8528,35.61000000000003,c,c,8233,8528
Subarea4,c_9407,c_9408,9.010000000000009,c,c,9407,9408
Subarea4,c_10587,c_10588,4.0000000000000036,c,c,10587,10588
Subarea4,c_11767,c_12062,3.990000000000004,c,c,11767,12062
Subarea4,c_12352,c_12647,48.22000000000003,c,c,12352,12647
Subarea4,c_12648,c_12647,3.2900000000000027,c,c,12648,12647
Subarea4,c_12650,c_12651,15.420000000000012,c,c,12650,12651
Subarea4,c_12940,c_12941,26.370000000000015,c,c,12940,12941
Subarea4,c_12944,c_12943,3.950000000000004,c,c,12944,12943
Subarea4,c_13234,c_13529,2.0200000000000014,c,c,13234,13529
Subarea4,c_13528,c_13529,3.0000000000000027,c,c,13528,13529
Subarea4,c_16477,c_16478,3.270000000000003,c,c,16477,16478
Subarea4,c_16773,c_16478,2.9400000000000026,c,c,16773,16478
Subarea4,c_25620,c_25621,20.49000000000002,c,c,25620,25621
Subarea4,c_25914,c_25915,19.690000000000015,c,c,25914,25915
Subarea4,c_26796,c_26797,155.27000000000012,c,c,26796,26797
Subarea4,p_48493,c_7941,0.02,p,c,48493,7941
Subarea4,p_48498,c_7941,0.01,p,c,48498,7941
Subarea4,p_48503,c_7941,0.02,p,c,48503,7941
Subarea4,p_48846,c_9408,0.02,p,c,48846,9408
Subarea4,p_48891,c_9408,0.02,p,c,48891,9408
Subarea4,p_48930,c_9408,0.1,p,c,48930,9408
Subarea4,p_50041,c_12943,0.02,p,c,50041,12943
Subarea4,p_50047,c_12943,0.01,p,c,50047,12943
Subarea4,p_50223,c_13239,0.01,p,c,50223,13239
Subarea4,p_50231,c_13239,0.01,p,c,50231,13239
Subarea4,p_50248,c_13239,0.08,p,c,50248,13239
Subarea4,p_50325,c_13529,54.06000000000002,p,c,50325,13529
Subarea4,c_7940,p_50373,2.6000000000000023,c,p,7940,50373
Subarea4,c_7941,p_50373,48.68000000000002,c,p,7941,50373
Subarea4,c_8528,p_50373,38.81000000000003,c,p,8528,50373
Subarea4,c_8822,p_50373,1.9600000000000015,c,p,8822,50373
Subarea4,c_9408,p_50373,11.79000000000001,c,p,9408,50373
Subarea4,c_9409,p_50373,2.6300000000000026,c,p,9409,50373
Subarea4,c_9410,p_50373,3.3300000000000027,c,p,9410,50373
Subarea4,c_10293,p_50373,3.190000000000003,c,p,10293,50373
Subarea4,c_10588,p_50373,7.400000000000007,c,p,10588,50373
Subarea4,c_12062,p_50373,6.670000000000007,c,p,12062,50373
Subarea4,c_12647,c_12942,54.58000000000003,c,c,12647,12942
Subarea4,c_12651,p_50373,18.920000000000016,c,p,12651,50373
Subarea4,c_12941,c_12942,29.310000000000016,c,c,12941,12942
Subarea4,c_12943,c_12942,5.480000000000005,c,c,12943,12942
Subarea4,c_12946,p_50373,2.3100000000000023,c,p,12946,50373
Subarea4,c_13239,p_50373,3.6700000000000026,c,p,13239,50373
Subarea4,c_13529,c_13530,62.71000000000002,c,c,13529,13530
Subarea4,c_16183,c_16184,3.5500000000000034,c,c,16183,16184
Subarea4,c_16478,p_51572,8.870000000000008,c,p,16478,51572
Subarea4,c_16479,c_16184,1.5200000000000014,c,c,16479,16184
Subarea4,c_16774,c_17069,1.6900000000000015,c,c,16774,17069
Subarea4,c_17068,c_17069,3.300000000000003,c,c,17068,17069
Subarea4,c_17362,c_17363,3.6400000000000032,c,c,17362,17363
Subarea4,c_25621,c_25916,24.030000000000022,c,c,25621,25916
Subarea4,c_25915,c_25916,23.570000000000018,c,c,25915,25916
Subarea4,c_26209,c_26210,3.900000000000003,c,c,26209,26210
Subarea4,c_26797,c_26798,159.27000000000012,c,c,26797,26798
Subarea4,p_50016,c_12942,0.09,p,c,50016,12942
Subarea4,p_50034,c_12942,0.01,p,c,50034,12942
Subarea4,p_50045,c_12942,0.04,p,c,50045,12942
Subarea4,p_50046,c_12942,0.02,p,c,50046,12942
Subarea4,p_50050,c_12942,1.54,p,c,50050,12942
Subarea4,p_50072,c_12942,0.06,p,c,50072,12942
Subarea4,p_50086,c_12942,0.02,p,c,50086,12942
Subarea4,p_50102,c_12942,0.02,p,c,50102,12942
Subarea4,p_50123,c_12942,0.02,p,c,50123,12942
Subarea4,p_50210,c_12942,2.25,p,c,50210,12942
Subarea4,p_51815,c_17069,3.25,p,c,51815,17069
Subarea4,p_51941,c_17363,7.95,p,c,51941,17363
Subarea4,p_52034,c_17363,0.21,p,c,52034,17363
Subarea4,c_12942,c_13237,95.51000000000005,c,c,12942,13237
Subarea4,c_13236,c_13237,3.0200000000000027,c,c,13236,13237
Subarea4,c_13530,c_13531,66.40000000000002,c,c,13530,13531
Subarea4,c_14119,c_14120,3.8000000000000034,c,c,14119,14120
Subarea4,c_16184,c_15889,6.620000000000006,c,c,16184,15889
Subarea4,c_17069,c_17364,11.560000000000008,c,c,17069,17364
Subarea4,c_17363,c_17364,14.970000000000006,c,c,17363,17364
Subarea4,c_17658,c_17659,3.7600000000000033,c,c,17658,17659
Subarea4,c_25916,c_25917,51.47000000000004,c,c,25916,25917
Subarea4,c_26210,c_26211,7.740000000000006,c,c,26210,26211
Subarea4,c_26798,c_26799,163.2500000000001,c,c,26798,26799
Subarea4,p_50133,c_13237,0.02,p,c,50133,13237
Subarea4,p_50176,c_13237,0.1,p,c,50176,13237
Subarea4,p_50190,c_13237,0.02,p,c,50190,13237
Subarea4,p_50200,c_13237,0.02,p,c,50200,13237
Subarea4,p_50212,c_13237,0.02,p,c,50212,13237
Subarea4,p_50229,c_13237,0.02,p,c,50229,13237
Subarea4,p_50243,c_13237,0.01,p,c,50243,13237
Subarea4,p_50373,c_13237,182.92000000000013,p,c,50373,13237
Subarea4,p_51572,c_15889,13.430000000000007,p,c,51572,15889
Subarea4,c_13237,c_13532,284.65000000000015,c,c,13237,13532
Subarea4,c_13531,c_13532,69.95000000000002,c,c,13531,13532
Subarea4,c_14120,c_14121,7.480000000000007,c,c,14120,14121
Subarea4,c_15594,c_15595,3.0500000000000025,c,c,15594,15595
Subarea4,c_15889,c_15890,23.100000000000016,c,c,15889,15890
Subarea4,c_17364,c_17365,30.030000000000015,c,c,17364,17365
Subarea4,c_17659,c_17660,7.540000000000006,c,c,17659,17660
Subarea4,c_21789,c_21790,3.770000000000003,c,c,21789,21790
Subarea4,c_22083,c_22084,3.690000000000003,c,c,22083,22084
Subarea4,c_25917,c_26212,55.44000000000005,c,c,25917,26212
Subarea4,c_26211,c_26212,11.71000000000001,c,c,26211,26212
Subarea4,c_26799,c_26800,167.09000000000012,c,c,26799,26800
Subarea4,p_50260,c_13532,0.02,p,c,50260,13532
Subarea4,p_50275,c_13532,0.02,p,c,50275,13532
Subarea4,p_50288,c_13532,0.02,p,c,50288,13532
Subarea4,p_50301,c_13532,0.01,p,c,50301,13532
Subarea4,p_50321,c_13532,0.02,p,c,50321,13532
Subarea4,p_50340,c_13532,0.02,p,c,50340,13532
Subarea4,p_50351,c_13532,2.86,p,c,50351,13532
Subarea4,p_51255,c_15890,0.11,p,c,51255,15890
Subarea4,c_13532,p_52647,358.80000000000007,c,p,13532,52647
Subarea4,c_13826,p_52647,2.6000000000000023,c,p,13826,52647
Subarea4,c_14121,p_52647,9.420000000000009,c,p,14121,52647
Subarea4,c_15005,p_52647,3.7000000000000033,c,p,15005,52647
Subarea4,c_15300,p_52647,3.0000000000000027,c,p,15300,52647
Subarea4,c_15595,p_52647,5.150000000000004,c,p,15595,52647
Subarea4,c_15890,p_52647,25.860000000000017,c,p,15890,52647
Subarea4,c_17365,p_52647,31.180000000000017,c,p,17365,52647
Subarea4,c_17660,p_52647,11.010000000000009,c,p,17660,52647
Subarea4,c_17661,p_52647,1.190000000000001,c,p,17661,52647
Subarea4,c_17955,p_52647,2.6300000000000026,c,p,17955,52647
Subarea4,c_20315,c_20316,3.1200000000000028,c,c,20315,20316
Subarea4,c_21790,c_22085,7.520000000000007,c,c,21790,22085
Subarea4,c_22084,c_22085,7.550000000000006,c,c,22084,22085
Subarea4,c_24147,c_24148,4.0000000000000036,c,c,24147,24148
Subarea4,c_26212,c_26507,70.69000000000007,c,c,26212,26507
Subarea4,c_26506,c_26507,3.940000000000003,c,c,26506,26507
Subarea4,c_26800,c_26801,171.06000000000012,c,c,26800,26801
Subarea4,c_20316,c_20021,4.340000000000003,c,c,20316,20021
Subarea4,c_22085,c_22380,18.750000000000014,c,c,22085,22380
Subarea4,c_24148,c_24149,7.970000000000007,c,c,24148,24149
Subarea4,c_26507,c_26508,77.09000000000007,c,c,26507,26508
Subarea4,c_26801,c_26802,175.06000000000012,c,c,26801,26802
Subarea4,p_52647,c_18842,499.70000000000005,p,c,52647,18842
Subarea4,p_52935,c_18842,2.29,p,c,52935,18842
Subarea4,p_53546,c_20317,0.51,p,c,53546,20317
Subarea4,p_56160,c_26508,1.78,p,c,56160,26508
Subarea4,c_18842,c_19137,505.1500000000001,c,c,18842,19137
Subarea4,c_20021,c_20022,7.8200000000000065,c,c,20021,20022
Subarea4,c_20317,c_20022,1.9500000000000013,c,c,20317,20022
Subarea4,c_20611,c_20612,3.670000000000003,c,c,20611,20612
Subarea4,c_22380,c_22381,22.600000000000016,c,c,22380,22381
Subarea4,c_22676,c_22381,3.8200000000000034,c,c,22676,22381
Subarea4,c_24149,c_24444,11.830000000000009,c,c,24149,24444
Subarea4,c_26508,c_26509,82.39000000000007,c,c,26508,26509
Subarea4,c_26802,c_26803,178.8200000000001,c,c,26802,26803
Subarea4,p_53667,c_20612,2.86,p,c,53667,20612
Subarea4,p_56094,c_26215,0.23,p,c,56094,26215
Subarea4,c_19137,c_19432,509.1500000000001,c,c,19137,19432
Subarea4,c_20022,c_19727,13.62000000000001,c,c,20022,19727
Subarea4,c_20612,c_20907,9.670000000000005,c,c,20612,20907
Subarea4,c_22381,c_22382,30.080000000000023,c,c,22381,22382
Subarea4,c_22971,c_23266,3.900000000000003,c,c,22971,23266
Subarea4,c_23265,c_23266,3.730000000000003,c,c,23265,23266
Subarea4,c_23560,c_23561,3.910000000000004,c,c,23560,23561
Subarea4,c_24444,c_24445,15.810000000000013,c,c,24444,24445
Subarea4,c_25919,c_25920,4.0000000000000036,c,c,25919,25920
Subarea4,c_26215,c_25920,2.0500000000000016,c,c,26215,25920
Subarea4,c_26509,p_56397,85.74000000000008,c,p,26509,56397
Subarea4,c_26803,p_56397,182.1000000000001,c,p,26803,56397
Subarea4,c_19432,c_19433,513.1500000000001,c,c,19432,19433
Subarea4,c_19727,c_19728,17.62000000000001,c,c,19727,19728
Subarea4,c_20907,c_20908,13.530000000000008,c,c,20907,20908
Subarea4,c_22382,c_22383,34.03000000000003,c,c,22382,22383
Subarea4,c_23266,c_23267,11.47000000000001,c,c,23266,23267
Subarea4,c_23561,c_23562,7.620000000000007,c,c,23561,23562
Subarea4,c_24445,c_24740,19.630000000000017,c,c,24445,24740
Subarea4,c_25920,c_25625,8.770000000000007,c,c,25920,25625
Subarea4,p_56397,c_25625,278.50000000000017,p,c,56397,25625
Subarea4,c_19433,p_54156,515.0400000000001,c,p,19433,54156
Subarea4,c_19728,p_54156,19.820000000000014,c,p,19728,54156
Subarea4,c_20908,c_21203,15.68000000000001,c,c,20908,21203
Subarea4,c_22383,p_55798,36.010000000000034,c,p,22383,55798
Subarea4,c_23267,p_55798,15.450000000000014,c,p,23267,55798
Subarea4,c_23562,p_55798,10.29000000000001,c,p,23562,55798
Subarea4,c_24740,p_55798,23.480000000000018,c,p,24740,55798
Subarea4,c_25625,p_55798,288.7300000000002,c,p,25625,55798
Subarea4,c_21203,c_21498,17.220000000000013,c,c,21203,21498
Subarea4,p_54156,c_21498,547.9300000000002,p,c,54156,21498
Subarea4,p_55798,c_21498,436.84000000000026,p,c,55798,21498
Subarea4,c_21498,p_54172,1003.6400000000004,c,p,21498,54172
