coarse_cell_id,landuse,RestorableAreaHa
2927,ForestDryPoor,2.040000000000002
5285,ForestDryPoor,3.540000000000003
5298,ForestDryPoor,3.0500000000000025
5299,ForestDryPoor,2.7800000000000025
5580,ForestDryPoor,3.850000000000003
5587,ForestDryPoor,1.8400000000000016
5875,ForestDryPoor,3.530000000000003
5890,ForestDryPoor,1.4600000000000013
6167,ForestDryPoor,1.7300000000000015
6170,ForestDryPoor,3.900000000000003
6175,ForestDryPoor,2.8500000000000023
6184,ForestDryPoor,2.650000000000002
6185,ForestDryPoor,3.1200000000000028
6187,ForestDryPoor,2.7200000000000024
6188,ForestDryPoor,2.7700000000000022
6189,ForestDryPoor,1.3200000000000012
6465,ForestDryPoor,3.770000000000003
6470,ForestDryPoor,2.0100000000000016
6478,ForestDryPoor,2.8400000000000025
6483,ForestDryPoor,1.6800000000000015
6756,ForestDryPoor,2.980000000000002
6760,ForestDryPoor,3.830000000000003
6761,ForestDryPoor,3.8400000000000034
6762,ForestDryPoor,3.830000000000003
7056,ForestDryPoor,3.630000000000003
7057,ForestDryPoor,3.900000000000003
7068,ForestDryPoor,2.7200000000000024
7346,ForestDryPoor,3.3700000000000028
7347,ForestDryPoor,3.180000000000003
7352,ForestDryPoor,3.910000000000004
7641,ForestDryPoor,3.270000000000003
7642,ForestDryPoor,3.810000000000003
7647,ForestDryPoor,3.560000000000003
7658,ForestDryPoor,3.440000000000003
7935,ForestDryPoor,3.7200000000000033
7936,ForestDryPoor,3.3900000000000032
7937,ForestDryPoor,3.200000000000003
7940,ForestDryPoor,2.6000000000000023
7941,ForestDryPoor,2.0000000000000018
7942,ForestDryPoor,1.3900000000000012
8226,ForestDryPoor,3.0600000000000027
8230,ForestDryPoor,2.9200000000000026
8231,ForestDryPoor,1.9900000000000015
8232,ForestDryPoor,3.7200000000000033
8233,ForestDryPoor,3.620000000000003
8234,ForestDryPoor,3.6600000000000033
8246,ForestDryPoor,1.8400000000000016
8521,ForestDryPoor,1.8200000000000016
8525,ForestDryPoor,2.7700000000000022
8528,ForestDryPoor,3.200000000000003
8822,ForestDryPoor,1.9600000000000015
9111,ForestDryPoor,3.3300000000000027
9112,ForestDryPoor,2.610000000000002
9407,ForestDryPoor,3.070000000000003
9408,ForestDryPoor,2.6400000000000023
9409,ForestDryPoor,2.6300000000000026
9410,ForestDryPoor,3.3300000000000027
9424,ForestDryPoor,3.850000000000003
10010,ForestDryPoor,1.9400000000000015
10287,ForestDryPoor,1.7100000000000015
10293,ForestDryPoor,3.190000000000003
10582,ForestDryPoor,3.670000000000003
10587,ForestDryPoor,4.0000000000000036
10588,ForestDryPoor,3.400000000000003
10878,ForestDryPoor,1.3600000000000012
10879,ForestDryPoor,2.370000000000002
11170,ForestDryPoor,2.440000000000002
11172,ForestDryPoor,2.7200000000000024
11173,ForestDryPoor,2.5600000000000023
11174,ForestDryPoor,1.8000000000000016
11178,ForestDryPoor,1.9200000000000017
11467,ForestDryPoor,3.860000000000003
11757,ForestDryPoor,1.3000000000000012
11758,ForestDryPoor,3.0200000000000027
11759,ForestDryPoor,3.030000000000003
11762,ForestDryPoor,3.560000000000003
11765,ForestDryPoor,3.960000000000003
11767,ForestDryPoor,3.990000000000004
11775,ForestDryPoor,1.070000000000001
12051,ForestDryPoor,1.3400000000000012
12052,ForestDryPoor,1.090000000000001
12053,ForestDryPoor,1.160000000000001
12054,ForestDryPoor,3.190000000000003
12057,ForestDryPoor,3.5900000000000034
12060,ForestDryPoor,3.8200000000000034
12062,ForestDryPoor,2.6800000000000024
12346,ForestDryPoor,1.150000000000001
12348,ForestDryPoor,2.6800000000000024
12349,ForestDryPoor,3.7200000000000033
12350,ForestDryPoor,3.810000000000003
12352,ForestDryPoor,3.810000000000003
12355,ForestDryPoor,3.8000000000000034
12364,ForestDryPoor,2.8500000000000023
12641,ForestDryPoor,1.8600000000000017
12642,ForestDryPoor,2.460000000000002
12643,ForestDryPoor,2.480000000000002
12644,ForestDryPoor,1.7700000000000016
12645,ForestDryPoor,2.8500000000000023
12647,ForestDryPoor,3.070000000000003
12648,ForestDryPoor,3.2900000000000027
12650,ForestDryPoor,3.8400000000000034
12651,ForestDryPoor,3.500000000000003
12937,ForestDryPoor,2.6300000000000026
12938,ForestDryPoor,3.4300000000000033
12940,ForestDryPoor,3.1700000000000026
12941,ForestDryPoor,2.9400000000000026
12942,ForestDryPoor,2.070000000000002
12943,ForestDryPoor,1.500000000000001
12944,ForestDryPoor,3.950000000000004
12946,ForestDryPoor,2.3100000000000023
12952,ForestDryPoor,1.180000000000001
12953,ForestDryPoor,3.850000000000003
12956,ForestDryPoor,3.1300000000000026
12957,ForestDryPoor,3.0600000000000027
13234,ForestDryPoor,2.0100000000000016
13236,ForestDryPoor,3.0200000000000027
13237,ForestDryPoor,2.990000000000003
13239,ForestDryPoor,3.570000000000003
13247,ForestDryPoor,1.120000000000001
13527,ForestDryPoor,2.8300000000000027
13528,ForestDryPoor,3.0000000000000027
13529,ForestDryPoor,3.630000000000003
13530,ForestDryPoor,3.690000000000003
13531,ForestDryPoor,3.5500000000000034
13532,ForestDryPoor,1.230000000000001
13543,ForestDryPoor,2.980000000000002
13826,ForestDryPoor,2.6000000000000023
13842,ForestDryPoor,3.3900000000000032
14119,ForestDryPoor,3.8000000000000034
14120,ForestDryPoor,3.6800000000000033
14121,ForestDryPoor,1.9400000000000015
14416,ForestDryPoor,1.2900000000000011
15005,ForestDryPoor,3.7000000000000033
15018,ForestDryPoor,3.790000000000003
15300,ForestDryPoor,3.0000000000000027
15308,ForestDryPoor,1.7400000000000015
15594,ForestDryPoor,3.0500000000000025
15595,ForestDryPoor,2.100000000000002
15603,ForestDryPoor,2.7900000000000027
15612,ForestDryPoor,1.7700000000000016
15888,ForestDryPoor,2.650000000000002
15889,ForestDryPoor,3.0500000000000025
15890,ForestDryPoor,2.650000000000002
15906,ForestDryPoor,2.9300000000000024
16183,ForestDryPoor,3.5500000000000034
16184,ForestDryPoor,1.5500000000000014
16191,ForestDryPoor,3.0000000000000027
16201,ForestDryPoor,2.990000000000003
16476,ForestDryPoor,1.6300000000000014
16477,ForestDryPoor,1.6400000000000017
16478,ForestDryPoor,2.6600000000000024
16479,ForestDryPoor,1.5200000000000014
16486,ForestDryPoor,2.9200000000000026
16773,ForestDryPoor,2.9400000000000026
16774,ForestDryPoor,1.6900000000000015
16781,ForestDryPoor,2.8400000000000025
16784,ForestDryPoor,3.7600000000000033
16790,ForestDryPoor,1.8000000000000016
17065,ForestDryPoor,3.650000000000003
17068,ForestDryPoor,3.300000000000003
17069,ForestDryPoor,3.320000000000003
17076,ForestDryPoor,2.8000000000000025
17362,ForestDryPoor,3.6400000000000032
17363,ForestDryPoor,3.1700000000000026
17364,ForestDryPoor,3.500000000000003
17365,ForestDryPoor,1.150000000000001
17374,ForestDryPoor,3.730000000000003
17658,ForestDryPoor,3.7600000000000033
17659,ForestDryPoor,3.7800000000000034
17660,ForestDryPoor,3.4700000000000033
17661,ForestDryPoor,1.190000000000001
17666,ForestDryPoor,2.6800000000000024
17955,ForestDryPoor,2.6300000000000026
18256,ForestDryPoor,2.6000000000000023
18551,ForestDryPoor,2.440000000000002
18552,ForestDryPoor,3.870000000000004
18842,ForestDryPoor,3.160000000000003
18846,ForestDryPoor,2.3900000000000023
18847,ForestDryPoor,3.830000000000003
19137,ForestDryPoor,4.0000000000000036
19141,ForestDryPoor,3.2500000000000027
19142,ForestDryPoor,4.0000000000000036
19143,ForestDryPoor,2.8400000000000025
19144,ForestDryPoor,3.0000000000000027
19432,ForestDryPoor,4.0000000000000036
19433,ForestDryPoor,1.8900000000000017
19438,ForestDryPoor,1.030000000000001
19439,ForestDryPoor,1.4600000000000013
19727,ForestDryPoor,4.0000000000000036
19728,ForestDryPoor,2.200000000000002
19732,ForestDryPoor,3.1200000000000028
19733,ForestDryPoor,3.7600000000000033
20021,ForestDryPoor,3.480000000000003
20022,ForestDryPoor,3.850000000000003
20023,ForestDryPoor,1.8700000000000017
20027,ForestDryPoor,2.7800000000000025
20028,ForestDryPoor,3.670000000000003
20029,ForestDryPoor,3.030000000000003
20315,ForestDryPoor,3.1200000000000028
20316,ForestDryPoor,1.220000000000001
20317,ForestDryPoor,1.4400000000000013
20322,ForestDryPoor,2.7400000000000024
20323,ForestDryPoor,3.300000000000003
20324,ForestDryPoor,4.0000000000000036
20325,ForestDryPoor,1.4500000000000013
20606,ForestDryPoor,3.0000000000000027
20611,ForestDryPoor,3.670000000000003
20612,ForestDryPoor,3.140000000000003
20613,ForestDryPoor,1.6400000000000017
20617,ForestDryPoor,2.100000000000002
20618,ForestDryPoor,3.140000000000003
20619,ForestDryPoor,3.920000000000003
20620,ForestDryPoor,3.620000000000003
20907,ForestDryPoor,3.860000000000003
20908,ForestDryPoor,2.150000000000002
20913,ForestDryPoor,3.940000000000003
20914,ForestDryPoor,3.690000000000003
20915,ForestDryPoor,4.0000000000000036
20916,ForestDryPoor,3.5500000000000034
20917,ForestDryPoor,2.690000000000002
21199,ForestDryPoor,3.260000000000003
21203,ForestDryPoor,1.5400000000000014
21210,ForestDryPoor,3.490000000000003
21211,ForestDryPoor,3.990000000000004
21492,ForestDryPoor,2.6200000000000023
21498,ForestDryPoor,1.6500000000000017
21503,ForestDryPoor,1.8300000000000016
21505,ForestDryPoor,3.980000000000003
21506,ForestDryPoor,3.610000000000003
21509,ForestDryPoor,3.920000000000003
21787,ForestDryPoor,2.950000000000003
21789,ForestDryPoor,3.770000000000003
21790,ForestDryPoor,3.750000000000003
21798,ForestDryPoor,1.9800000000000015
21801,ForestDryPoor,4.0000000000000036
21804,ForestDryPoor,3.6800000000000033
21805,ForestDryPoor,3.600000000000003
22083,ForestDryPoor,3.690000000000003
22084,ForestDryPoor,3.860000000000003
22085,ForestDryPoor,3.6800000000000033
22088,ForestDryPoor,1.5900000000000014
22094,ForestDryPoor,3.960000000000003
22099,ForestDryPoor,4.0000000000000036
22100,ForestDryPoor,4.0000000000000036
22380,ForestDryPoor,3.850000000000003
22381,ForestDryPoor,3.6600000000000033
22382,ForestDryPoor,3.950000000000004
22383,ForestDryPoor,1.9800000000000015
22389,ForestDryPoor,2.8100000000000023
22391,ForestDryPoor,3.900000000000003
22392,ForestDryPoor,4.0000000000000036
22395,ForestDryPoor,4.0000000000000036
22397,ForestDryPoor,3.960000000000003
22676,ForestDryPoor,3.8200000000000034
22678,ForestDryPoor,1.5800000000000014
22684,ForestDryPoor,1.6000000000000014
22687,ForestDryPoor,4.0000000000000036
22971,ForestDryPoor,3.900000000000003
22979,ForestDryPoor,2.0500000000000016
22982,ForestDryPoor,3.9300000000000033
22983,ForestDryPoor,3.8400000000000034
23265,ForestDryPoor,3.730000000000003
23266,ForestDryPoor,3.8400000000000034
23267,ForestDryPoor,3.980000000000003
23274,ForestDryPoor,3.0500000000000025
23279,ForestDryPoor,3.910000000000004
23280,ForestDryPoor,3.920000000000003
23281,ForestDryPoor,3.910000000000004
23282,ForestDryPoor,2.690000000000002
23560,ForestDryPoor,3.910000000000004
23561,ForestDryPoor,3.710000000000003
23562,ForestDryPoor,2.6700000000000026
23572,ForestDryPoor,3.870000000000004
23574,ForestDryPoor,3.790000000000003
23575,ForestDryPoor,3.7000000000000033
23576,ForestDryPoor,3.860000000000003
23870,ForestDryPoor,3.9300000000000033
23871,ForestDryPoor,3.770000000000003
23872,ForestDryPoor,1.7800000000000016
23873,ForestDryPoor,3.320000000000003
23874,ForestDryPoor,3.990000000000004
23877,ForestDryPoor,3.6800000000000033
23880,ForestDryPoor,1.160000000000001
24147,ForestDryPoor,4.0000000000000036
24148,ForestDryPoor,3.9700000000000033
24149,ForestDryPoor,3.860000000000003
24165,ForestDryPoor,4.0000000000000036
24167,ForestDryPoor,2.490000000000002
24168,ForestDryPoor,2.490000000000002
24169,ForestDryPoor,2.6700000000000026
24170,ForestDryPoor,3.110000000000003
24173,ForestDryPoor,3.410000000000003
24444,ForestDryPoor,3.980000000000003
24445,ForestDryPoor,3.8200000000000034
24462,ForestDryPoor,3.7200000000000033
24465,ForestDryPoor,4.0000000000000036
24466,ForestDryPoor,3.2500000000000027
24468,ForestDryPoor,3.600000000000003
24740,ForestDryPoor,3.850000000000003
24757,ForestDryPoor,3.7400000000000033
24761,ForestDryPoor,3.580000000000003
25042,ForestDryPoor,1.230000000000001
25052,ForestDryPoor,3.8000000000000034
25056,ForestDryPoor,3.7800000000000034
25057,ForestDryPoor,2.960000000000002
25058,ForestDryPoor,2.7900000000000027
25323,ForestDryPoor,1.120000000000001
25330,ForestDryPoor,2.140000000000002
25341,ForestDryPoor,4.0000000000000036
25344,ForestDryPoor,3.380000000000003
25351,ForestDryPoor,3.790000000000003
25353,ForestDryPoor,2.7800000000000025
25355,ForestDryPoor,2.9400000000000026
25356,ForestDryPoor,3.180000000000003
25359,ForestDryPoor,2.440000000000002
25611,ForestDryPoor,2.960000000000002
25612,ForestDryPoor,3.8200000000000034
25615,ForestDryPoor,3.440000000000003
25616,ForestDryPoor,3.340000000000003
25617,ForestDryPoor,2.7900000000000027
25618,ForestDryPoor,3.190000000000003
25619,ForestDryPoor,3.110000000000003
25620,ForestDryPoor,3.500000000000003
25621,ForestDryPoor,3.540000000000003
25623,ForestDryPoor,2.730000000000002
25625,ForestDryPoor,1.4600000000000013
25642,ForestDryPoor,3.6400000000000032
25643,ForestDryPoor,3.730000000000003
25644,ForestDryPoor,3.870000000000004
25645,ForestDryPoor,3.980000000000003
25646,ForestDryPoor,3.810000000000003
25647,ForestDryPoor,3.980000000000003
25648,ForestDryPoor,2.5500000000000025
25651,ForestDryPoor,3.880000000000003
25652,ForestDryPoor,3.750000000000003
25900,ForestDryPoor,2.3500000000000023
25901,ForestDryPoor,1.7700000000000016
25902,ForestDryPoor,3.530000000000003
25903,ForestDryPoor,3.380000000000003
25904,ForestDryPoor,3.450000000000003
25905,ForestDryPoor,3.910000000000004
25906,ForestDryPoor,3.690000000000003
25907,ForestDryPoor,3.7400000000000033
25908,ForestDryPoor,3.900000000000003
25910,ForestDryPoor,3.870000000000004
25911,ForestDryPoor,3.900000000000003
25912,ForestDryPoor,3.960000000000003
25913,ForestDryPoor,3.990000000000004
25914,ForestDryPoor,3.9700000000000033
25915,ForestDryPoor,3.880000000000003
25916,ForestDryPoor,3.870000000000004
25917,ForestDryPoor,3.9700000000000033
25919,ForestDryPoor,4.0000000000000036
25920,ForestDryPoor,2.7200000000000024
25939,ForestDryPoor,3.520000000000003
25940,ForestDryPoor,2.7400000000000024
25942,ForestDryPoor,3.850000000000003
25943,ForestDryPoor,4.0000000000000036
25951,ForestDryPoor,1.6400000000000017
26200,ForestDryPoor,3.900000000000003
26201,ForestDryPoor,4.0000000000000036
26202,ForestDryPoor,3.950000000000004
26203,ForestDryPoor,3.9700000000000033
26209,ForestDryPoor,3.900000000000003
26210,ForestDryPoor,3.8400000000000034
26211,ForestDryPoor,3.9700000000000033
26212,ForestDryPoor,3.540000000000003
26215,ForestDryPoor,1.8200000000000016
26223,ForestDryPoor,2.340000000000002
26224,ForestDryPoor,4.0000000000000036
26235,ForestDryPoor,3.850000000000003
26237,ForestDryPoor,3.360000000000003
26238,ForestDryPoor,3.6400000000000032
26239,ForestDryPoor,2.960000000000002
26241,ForestDryPoor,3.300000000000003
26243,ForestDryPoor,1.4000000000000012
26486,ForestDryPoor,1.6500000000000017
26487,ForestDryPoor,2.5100000000000025
26492,ForestDryPoor,3.900000000000003
26494,ForestDryPoor,3.7600000000000033
26497,ForestDryPoor,4.0000000000000036
26498,ForestDryPoor,3.910000000000004
26506,ForestDryPoor,3.940000000000003
26507,ForestDryPoor,2.460000000000002
26508,ForestDryPoor,3.520000000000003
26509,ForestDryPoor,3.350000000000003
26519,ForestDryPoor,1.8000000000000016
26521,ForestDryPoor,3.7600000000000033
26530,ForestDryPoor,3.960000000000003
26531,ForestDryPoor,3.8000000000000034
26533,ForestDryPoor,3.920000000000003
26534,ForestDryPoor,3.8400000000000034
26535,ForestDryPoor,2.6800000000000024
26536,ForestDryPoor,3.230000000000003
26538,ForestDryPoor,3.610000000000003
26778,ForestDryPoor,1.7500000000000016
26779,ForestDryPoor,1.9800000000000015
26780,ForestDryPoor,1.3000000000000012
26782,ForestDryPoor,1.8200000000000016
26783,ForestDryPoor,3.940000000000003
26784,ForestDryPoor,3.980000000000003
26785,ForestDryPoor,3.540000000000003
26786,ForestDryPoor,3.980000000000003
26787,ForestDryPoor,3.960000000000003
26788,ForestDryPoor,3.980000000000003
26789,ForestDryPoor,3.770000000000003
26790,ForestDryPoor,3.810000000000003
26791,ForestDryPoor,3.8900000000000032
26792,ForestDryPoor,3.9700000000000033
26793,ForestDryPoor,3.910000000000004
26794,ForestDryPoor,4.0000000000000036
26795,ForestDryPoor,3.9700000000000033
26796,ForestDryPoor,3.900000000000003
26797,ForestDryPoor,4.0000000000000036
26798,ForestDryPoor,3.980000000000003
26799,ForestDryPoor,3.8400000000000034
26800,ForestDryPoor,3.9700000000000033
26801,ForestDryPoor,4.0000000000000036
26802,ForestDryPoor,3.7600000000000033
26803,ForestDryPoor,3.280000000000003
26804,ForestDryPoor,1.4100000000000013
26816,ForestDryPoor,3.260000000000003
26821,ForestDryPoor,3.2900000000000027
26822,ForestDryPoor,2.9200000000000026
26823,ForestDryPoor,3.770000000000003
26824,ForestDryPoor,3.8200000000000034
26825,ForestDryPoor,3.750000000000003
26826,ForestDryPoor,3.920000000000003
26828,ForestDryPoor,3.850000000000003
26830,ForestDryPoor,3.860000000000003
26831,ForestDryPoor,1.9000000000000017
26832,ForestDryPoor,3.1200000000000028
26833,ForestDryPoor,3.6400000000000032
26834,ForestDryPoor,3.910000000000004
27075,ForestDryPoor,3.0800000000000027
27076,ForestDryPoor,3.6600000000000033
27095,ForestDryPoor,1.8700000000000017
27112,ForestDryPoor,1.160000000000001
27114,ForestDryPoor,1.140000000000001
27120,ForestDryPoor,1.250000000000001
27121,ForestDryPoor,3.2900000000000027
27122,ForestDryPoor,3.0400000000000027
27123,ForestDryPoor,2.300000000000002
27124,ForestDryPoor,2.0900000000000016
27125,ForestDryPoor,1.9000000000000017
27127,ForestDryPoor,3.770000000000003
27128,ForestDryPoor,3.8900000000000032
27129,ForestDryPoor,3.910000000000004
27130,ForestDryPoor,3.900000000000003
27400,ForestDryPoor,1.060000000000001
27423,ForestDryPoor,3.190000000000003
27424,ForestDryPoor,1.6600000000000017
27425,ForestDryPoor,1.4400000000000013
27426,ForestDryPoor,2.7000000000000024
27657,ForestDryPoor,1.220000000000001
27675,ForestDryPoor,3.870000000000004
27696,ForestDryPoor,3.3900000000000032
27711,ForestDryPoor,1.7000000000000015
27946,ForestDryPoor,1.210000000000001
27948,ForestDryPoor,1.6500000000000017
27955,ForestDryPoor,2.6200000000000023
27963,ForestDryPoor,3.870000000000004
27971,ForestDryPoor,1.4600000000000013
27973,ForestDryPoor,1.3200000000000012
27983,ForestDryPoor,2.0100000000000016
27986,ForestDryPoor,2.020000000000002
27990,ForestDryPoor,2.8600000000000025
27992,ForestDryPoor,3.0200000000000027
28003,ForestDryPoor,1.7700000000000016
28004,ForestDryPoor,3.0900000000000025
28266,ForestDryPoor,1.020000000000001
28288,ForestDryPoor,1.4000000000000012
28289,ForestDryPoor,2.570000000000002
28290,ForestDryPoor,1.8100000000000016
28296,ForestDryPoor,3.0100000000000025
28592,ForestDryPoor,1.3400000000000012
28593,ForestDryPoor,2.9200000000000026
28855,ForestDryPoor,3.6600000000000033
28894,ForestDryPoor,3.0600000000000027
29143,ForestDryPoor,2.8300000000000027
29153,ForestDryPoor,1.9200000000000017
29390,ForestDryPoor,3.110000000000003
29393,ForestDryPoor,1.7400000000000015
29394,ForestDryPoor,3.8400000000000034
29447,ForestDryPoor,2.9300000000000024
29473,ForestDryPoor,3.5500000000000034
29474,ForestDryPoor,3.5100000000000033
29478,ForestDryPoor,1.8700000000000017
29479,ForestDryPoor,1.9200000000000017
29685,ForestDryPoor,2.910000000000003
29688,ForestDryPoor,3.5900000000000034
29689,ForestDryPoor,3.320000000000003
29690,ForestDryPoor,3.210000000000002
29691,ForestDryPoor,1.3800000000000012
29733,ForestDryPoor,2.6200000000000023
29981,ForestDryPoor,2.490000000000002
29982,ForestDryPoor,2.8500000000000023
30035,ForestDryPoor,1.7300000000000015
30036,ForestDryPoor,1.8900000000000017
30065,ForestDryPoor,3.870000000000004
30271,ForestDryPoor,1.160000000000001
30272,ForestDryPoor,3.220000000000003
30273,ForestDryPoor,1.040000000000001
30274,ForestDryPoor,1.190000000000001
30276,ForestDryPoor,1.6900000000000015
30279,ForestDryPoor,1.4100000000000013
30566,ForestDryPoor,3.190000000000003
30568,ForestDryPoor,3.110000000000003
30569,ForestDryPoor,2.9000000000000026
30622,ForestDryPoor,1.5900000000000014
30657,ForestDryPoor,2.730000000000002
30859,ForestDryPoor,1.030000000000001
30860,ForestDryPoor,1.6500000000000017
30861,ForestDryPoor,3.870000000000004
30862,ForestDryPoor,3.0200000000000027
30863,ForestDryPoor,2.370000000000002
30904,ForestDryPoor,1.8700000000000017
31156,ForestDryPoor,1.4000000000000012
31158,ForestDryPoor,4.0000000000000036
31160,ForestDryPoor,2.570000000000002
31165,ForestDryPoor,1.040000000000001
31166,ForestDryPoor,1.190000000000001
31449,ForestDryPoor,2.400000000000002
31450,ForestDryPoor,1.8100000000000016
31451,ForestDryPoor,3.1200000000000028
31452,ForestDryPoor,2.8100000000000023
31453,ForestDryPoor,2.980000000000002
31454,ForestDryPoor,2.0000000000000018
31455,ForestDryPoor,3.850000000000003
31456,ForestDryPoor,1.9600000000000015
31505,ForestDryPoor,1.7700000000000016
31746,ForestDryPoor,1.140000000000001
31747,ForestDryPoor,1.5400000000000014
31748,ForestDryPoor,2.370000000000002
31749,ForestDryPoor,3.650000000000003
31750,ForestDryPoor,3.870000000000004
31751,ForestDryPoor,3.8400000000000034
31759,ForestDryPoor,1.7900000000000016
31797,ForestDryPoor,1.090000000000001
31798,ForestDryPoor,1.480000000000001
32042,ForestDryPoor,2.8600000000000025
32044,ForestDryPoor,3.980000000000003
32045,ForestDryPoor,3.730000000000003
32046,ForestDryPoor,3.540000000000003
32048,ForestDryPoor,1.180000000000001
32333,ForestWetRich,2.460000000000002
32338,ForestDryPoor,2.460000000000002
32340,ForestDryPoor,1.4300000000000013
32341,ForestDryPoor,1.9100000000000017
32342,ForestDryPoor,1.050000000000001
32629,OpenWetRich,2.100000000000002
32633,ForestDryPoor,2.340000000000002
32634,ForestDryPoor,2.160000000000002
32635,ForestDryPoor,2.7600000000000025
32636,ForestDryPoor,2.440000000000002
32927,ForestDryPoor,1.5900000000000014
32928,ForestDryPoor,3.560000000000003
32929,ForestDryPoor,2.8000000000000025
32930,ForestDryPoor,2.020000000000002
32931,ForestDryPoor,1.9400000000000015
32932,ForestDryPoor,2.2700000000000022
33217,ForestDryPoor,2.5100000000000025
33218,ForestDryPoor,1.5700000000000014
33219,ForestDryPoor,2.530000000000002
33222,ForestDryPoor,3.4300000000000033
33223,ForestDryPoor,1.3700000000000012
33224,ForestDryPoor,2.7900000000000027
33512,ForestDryPoor,2.150000000000002
33513,ForestDryPoor,2.070000000000002
33514,ForestDryPoor,1.8300000000000016
33516,ForestDryPoor,2.7400000000000024
33517,ForestDryPoor,3.200000000000003
33518,ForestDryPoor,3.500000000000003
33521,ForestDryPoor,3.270000000000003
33809,ForestDryPoor,2.400000000000002
33810,ForestDryPoor,1.7800000000000016
33811,ForestDryPoor,4.0000000000000036
33812,ForestDryPoor,3.940000000000003
33813,ForestDryPoor,2.5100000000000025
33815,ForestDryPoor,3.580000000000003
34104,ForestDryPoor,2.420000000000002
34105,ForestDryPoor,2.100000000000002
34107,ForestDryPoor,3.8200000000000034
34108,ForestDryPoor,3.0400000000000027
34402,ForestDryPoor,3.770000000000003
34403,ForestDryPoor,3.5100000000000033
34404,ForestDryPoor,2.8900000000000023
34985,ForestDryPoor,3.1000000000000028
34991,ForestDryPoor,1.8600000000000017
35280,ForestDryPoor,3.460000000000003
35286,ForestDryPoor,3.580000000000003
35574,ForestDryPoor,3.460000000000003
35575,ForestDryPoor,2.610000000000002
35580,ForestDryPoor,2.6800000000000024
35582,ForestDryPoor,3.920000000000003
35854,ForestDryPoor,1.6800000000000015
35855,ForestDryPoor,3.4300000000000033
35856,ForestDryPoor,3.0200000000000027
35857,ForestDryPoor,1.2600000000000011
35867,ForestDryPoor,1.7300000000000015
35868,ForestDryPoor,3.770000000000003
35869,ForestDryPoor,3.310000000000003
35874,ForestDryPoor,1.5600000000000014
35876,ForestDryPoor,3.3900000000000032
35877,ForestDryPoor,2.2500000000000018
35878,ForestDryPoor,3.0500000000000025
36151,ForestDryPoor,3.920000000000003
36152,ForestDryPoor,2.6800000000000024
36163,ForestDryPoor,2.9300000000000024
36164,ForestDryPoor,3.210000000000002
36165,ForestDryPoor,1.040000000000001
36168,ForestDryPoor,1.100000000000001
36171,ForestDryPoor,3.670000000000003
36172,ForestDryPoor,1.6300000000000014
36173,ForestDryPoor,2.490000000000002
36443,ForestDryPoor,3.0600000000000027
36444,ForestDryPoor,1.8100000000000016
36445,ForestDryPoor,2.060000000000002
36446,ForestDryPoor,3.2500000000000027
36447,ForestDryPoor,3.7600000000000033
36448,ForestDryPoor,1.5200000000000014
36455,ForestDryPoor,1.8800000000000017
36457,ForestDryPoor,3.1200000000000028
36458,ForestDryPoor,1.6600000000000017
36464,ForestDryPoor,2.5900000000000025
36465,ForestDryPoor,3.690000000000003
36466,ForestDryPoor,2.160000000000002
36467,ForestDryPoor,1.7900000000000016
36468,ForestDryPoor,3.8200000000000034
36737,ForestDryPoor,3.110000000000003
36739,ForestDryPoor,2.490000000000002
36740,ForestDryPoor,2.5800000000000023
36741,ForestDryPoor,3.030000000000003
36743,ForestDryPoor,3.300000000000003
36750,ForestDryPoor,3.6600000000000033
36751,ForestDryPoor,2.5600000000000023
36758,ForestDryPoor,3.630000000000003
36759,ForestDryPoor,3.810000000000003
36760,ForestDryPoor,3.7000000000000033
36761,ForestDryPoor,1.240000000000001
37031,ForestDryPoor,2.950000000000003
37036,ForestDryPoor,3.4300000000000033
37037,ForestDryPoor,2.8100000000000023
37039,ForestDryPoor,3.830000000000003
37043,ForestDryPoor,2.990000000000003
37044,ForestDryPoor,1.6500000000000017
37052,ForestDryPoor,2.6800000000000024
37053,ForestDryPoor,3.070000000000003
37327,ForestDryPoor,2.8900000000000023
37328,ForestDryPoor,3.030000000000003
37329,ForestDryPoor,2.290000000000002
37330,ForestDryPoor,2.500000000000002
37331,ForestDryPoor,3.990000000000004
37333,ForestDryPoor,2.8400000000000025
37334,ForestDryPoor,2.730000000000002
37335,ForestDryPoor,3.770000000000003
37336,ForestDryPoor,3.340000000000003
37342,ForestDryPoor,2.950000000000003
37621,ForestDryPoor,1.7300000000000015
37625,ForestDryPoor,2.6600000000000024
37626,ForestDryPoor,3.790000000000003
37627,ForestDryPoor,3.870000000000004
37628,ForestDryPoor,2.2500000000000018
37629,ForestDryPoor,1.090000000000001
37630,ForestDryPoor,1.200000000000001
37634,ForestDryPoor,1.060000000000001
38494,ForestDryPoor,1.8100000000000016
38515,ForestDryPoor,1.6500000000000017
38516,ForestDryPoor,3.8000000000000034
38810,ForestDryPoor,3.810000000000003
39077,ForestDryPoor,2.6200000000000023
39362,ForestDryPoor,1.8700000000000017
39366,ForestDryPoor,2.020000000000002
39368,ForestDryPoor,3.0600000000000027
39370,ForestDryPoor,1.9200000000000017
39381,ForestDryPoor,1.7700000000000016
39397,ForestDryPoor,1.9200000000000017
39399,ForestDryPoor,3.770000000000003
39652,ForestDryPoor,2.650000000000002
39654,ForestDryPoor,2.6800000000000024
39667,ForestDryPoor,2.730000000000002
39671,ForestDryPoor,2.9200000000000026
39694,ForestDryPoor,3.0600000000000027
39943,ForestDryPoor,3.0900000000000025
39964,ForestDryPoor,3.0600000000000027
39967,ForestDryPoor,1.7300000000000015
39968,ForestDryPoor,1.150000000000001
39969,ForestDryPoor,3.0500000000000025
40228,ForestDryPoor,3.0900000000000025
40255,ForestDryPoor,1.7700000000000016
40256,ForestDryPoor,1.8100000000000016
40533,ForestDryPoor,1.9500000000000015
40534,ForestDryPoor,1.060000000000001
40549,ForestDryPoor,1.9900000000000015
40551,ForestDryPoor,2.6400000000000023
40556,OpenWetRich,1.3600000000000012
40557,ForestDryPoor,1.050000000000001
40558,ForestDryPoor,1.200000000000001
40559,ForestDryPoor,1.4600000000000013
40561,ForestDryPoor,1.210000000000001
40577,ForestDryPoor,1.2800000000000011
40578,ForestDryPoor,1.3300000000000012
40579,ForestDryPoor,2.340000000000002
40822,ForestDryPoor,2.0100000000000016
40828,ForestDryPoor,1.020000000000001
40844,ForestDryPoor,2.7800000000000025
40845,ForestDryPoor,3.6800000000000033
40846,ForestDryPoor,1.8700000000000017
40849,ForestDryPoor,1.9500000000000015
40855,ForestDryPoor,3.0800000000000027
40856,ForestDryPoor,2.950000000000003
40872,ForestDryPoor,1.5800000000000014
40873,ForestDryPoor,2.440000000000002
40874,ForestDryPoor,3.7200000000000033
41119,ForestDryPoor,2.480000000000002
41124,ForestDryPoor,1.5200000000000014
41125,ForestDryPoor,2.990000000000003
41126,ForestDryPoor,1.5200000000000014
41140,ForestDryPoor,2.5900000000000025
41141,ForestDryPoor,2.190000000000002
41143,ForestDryPoor,1.9100000000000017
41168,ForestDryPoor,1.4500000000000013
41169,ForestDryPoor,3.480000000000003
41412,ForestDryPoor,2.950000000000003
41418,ForestDryPoor,1.220000000000001
41419,ForestDryPoor,2.7600000000000025
41420,ForestDryPoor,1.140000000000001
41432,ForestDryPoor,3.0000000000000027
41435,ForestDryPoor,1.5800000000000014
41436,ForestDryPoor,2.140000000000002
41438,ForestDryPoor,2.420000000000002
41439,ForestDryPoor,2.730000000000002
41442,ForestDryPoor,1.5100000000000011
41443,ForestDryPoor,2.120000000000002
41444,ForestDryPoor,2.280000000000002
41445,ForestDryPoor,2.4700000000000024
41447,ForestDryPoor,3.6600000000000033
41449,ForestDryPoor,2.080000000000002
41461,ForestDryPoor,1.4500000000000013
41462,ForestDryPoor,1.8000000000000016
41463,ForestDryPoor,2.8200000000000025
41464,ForestDryPoor,3.8200000000000034
41710,ForestDryPoor,1.7400000000000015
41711,ForestDryPoor,2.650000000000002
41712,ForestDryPoor,2.400000000000002
41714,ForestDryPoor,2.370000000000002
41715,ForestDryPoor,1.5800000000000014
41726,ForestDryPoor,1.7300000000000015
41727,ForestDryPoor,2.3900000000000023
41732,ForestDryPoor,2.020000000000002
41733,ForestDryPoor,1.9300000000000015
41734,ForestDryPoor,3.0500000000000025
41736,ForestDryPoor,3.5100000000000033
41737,ForestDryPoor,3.0600000000000027
41741,ForestDryPoor,1.3200000000000012
41742,ForestDryPoor,2.8600000000000025
41743,ForestDryPoor,2.9200000000000026
41744,ForestDryPoor,1.8500000000000016
41745,ForestDryPoor,2.140000000000002
41746,ForestDryPoor,3.2500000000000027
41747,ForestDryPoor,2.3500000000000023
41748,ForestDryPoor,1.0000000000000009
41755,ForestDryPoor,3.2900000000000027
41757,ForestDryPoor,2.160000000000002
41996,ForestDryPoor,2.690000000000002
41998,ForestDryPoor,2.370000000000002
41999,ForestDryPoor,2.9200000000000026
42001,ForestDryPoor,1.7500000000000016
42002,ForestDryPoor,1.010000000000001
42003,ForestDryPoor,1.5600000000000014
42004,ForestDryPoor,2.9200000000000026
42006,ForestDryPoor,2.8400000000000025
42007,ForestDryPoor,2.710000000000002
42008,ForestDryPoor,2.370000000000002
42009,ForestDryPoor,1.9800000000000015
42010,ForestDryPoor,2.080000000000002
42011,ForestDryPoor,1.080000000000001
42021,ForestDryPoor,1.5700000000000014
42022,ForestDryPoor,2.730000000000002
42029,ForestDryPoor,2.990000000000003
42033,ForestDryPoor,3.790000000000003
42034,ForestDryPoor,2.490000000000002
42035,ForestDryPoor,2.290000000000002
42037,ForestDryPoor,3.730000000000003
42038,ForestDryPoor,2.6000000000000023
42040,ForestDryPoor,3.0600000000000027
42041,ForestDryPoor,2.180000000000002
42043,ForestDryPoor,2.4300000000000024
42050,ForestDryPoor,3.410000000000003
42051,ForestDryPoor,2.420000000000002
42288,ForestDryPoor,1.7000000000000015
42289,ForestDryPoor,2.030000000000002
42290,ForestDryPoor,2.280000000000002
42291,ForestDryPoor,1.7500000000000016
42295,ForestDryPoor,2.490000000000002
42296,ForestDryPoor,2.7000000000000024
42297,ForestDryPoor,1.8200000000000016
42306,ForestDryPoor,3.220000000000003
42315,ForestDryPoor,1.7400000000000015
42324,ForestDryPoor,2.4300000000000024
42328,ForestDryPoor,3.920000000000003
42331,ForestDryPoor,2.8000000000000025
42332,ForestDryPoor,2.8700000000000028
42333,ForestDryPoor,1.6500000000000017
42337,ForestDryPoor,3.3900000000000032
42338,ForestDryPoor,2.8000000000000025
42345,ForestDryPoor,3.160000000000003
42346,ForestDryPoor,1.110000000000001
42347,ForestDryPoor,1.2700000000000011
42576,ForestDryPoor,3.030000000000003
42577,ForestDryPoor,1.8200000000000016
42579,ForestDryPoor,3.030000000000003
42583,ForestDryPoor,1.5600000000000014
42585,ForestDryPoor,3.030000000000003
42586,ForestDryPoor,3.260000000000003
42601,ForestDryPoor,1.140000000000001
42608,ForestDryPoor,2.0000000000000018
42612,ForestDryPoor,2.500000000000002
42622,ForestDryPoor,3.1000000000000028
42623,ForestDryPoor,3.190000000000003
42624,ForestDryPoor,2.6600000000000024
42625,ForestDryPoor,1.7800000000000016
42626,ForestDryPoor,1.6500000000000017
42627,ForestDryPoor,2.0900000000000016
42629,ForestDryPoor,2.6800000000000024
42634,ForestDryPoor,2.460000000000002
42638,ForestDryPoor,2.4300000000000024
42639,ForestDryPoor,3.8400000000000034
42640,ForestDryPoor,3.8000000000000034
42641,ForestDryPoor,3.540000000000003
42870,ForestDryPoor,1.3200000000000012
42872,ForestDryPoor,1.7900000000000016
42877,ForestDryPoor,2.8900000000000023
42907,ForestDryPoor,1.4200000000000013
42908,ForestDryPoor,1.080000000000001
42917,ForestDryPoor,1.9500000000000015
42920,ForestDryPoor,2.2500000000000018
42928,ForestDryPoor,1.9200000000000017
42929,ForestDryPoor,1.110000000000001
43164,OpenWetRich,3.0600000000000027
43165,ForestDryPoor,2.420000000000002
43169,ForestDryPoor,1.6000000000000014
43170,ForestDryPoor,2.3900000000000023
43173,ForestDryPoor,1.4400000000000013
43174,ForestDryPoor,2.8300000000000027
43215,ForestDryPoor,1.8700000000000017
43220,ForestDryPoor,1.3700000000000012
43223,ForestDryPoor,3.300000000000003
43224,ForestDryPoor,2.6700000000000026
43225,ForestDryPoor,3.790000000000003
43227,ForestDryPoor,3.1000000000000028
43229,ForestDryPoor,2.6800000000000024
43460,ForestDryPoor,1.3000000000000012
43462,ForestDryPoor,2.910000000000003
43463,ForestDryPoor,2.8500000000000023
43466,ForestDryPoor,2.410000000000002
43467,ForestDryPoor,3.940000000000003
43468,ForestDryPoor,2.9400000000000026
43509,ForestDryPoor,3.140000000000003
43519,ForestDryPoor,2.8500000000000023
43521,ForestDryPoor,1.4000000000000012
43524,ForestDryPoor,2.9400000000000026
43752,ForestDryPoor,3.0600000000000027
43759,ForestDryPoor,2.320000000000002
43762,ForestDryPoor,2.6800000000000024
43766,ForestDryPoor,1.5500000000000014
43767,ForestDryPoor,2.7800000000000025
43814,ForestDryPoor,2.910000000000003
43815,ForestDryPoor,2.1700000000000017
44049,ForestDryPoor,2.650000000000002
44051,ForestDryPoor,2.7800000000000025
44112,ForestDryPoor,3.7600000000000033
44113,ForestDryPoor,1.490000000000001
44114,ForestDryPoor,2.2700000000000022
44322,ForestDryPoor,3.0900000000000025
44410,ForestDryPoor,2.220000000000002
44703,ForestDryPoor,3.690000000000003
44705,ForestDryPoor,1.6700000000000017
44909,ForestDryPoor,2.260000000000002
44914,ForestDryPoor,3.0000000000000027
44934,ForestDryPoor,1.8700000000000017
45203,ForestDryPoor,1.040000000000001
45205,ForestDryPoor,2.8400000000000025
45226,ForestDryPoor,1.7800000000000016
45499,ForestDryPoor,2.4700000000000024
45500,ForestDryPoor,2.8600000000000025
45504,ForestDryPoor,2.650000000000002
45791,ForestDryPoor,1.200000000000001
45796,ForestDryPoor,2.690000000000002
45797,ForestDryPoor,2.100000000000002
45798,ForestDryPoor,1.8600000000000017
46085,ForestDryPoor,1.4300000000000013
46086,ForestDryPoor,1.6200000000000014
46088,ForestDryPoor,1.7000000000000015
46089,ForestDryPoor,2.260000000000002
46091,ForestDryPoor,1.9800000000000015
46092,ForestDryPoor,2.6200000000000023
46095,ForestDryPoor,3.240000000000003
46096,ForestDryPoor,1.6700000000000017
46376,ForestDryPoor,1.2700000000000011
46380,ForestDryPoor,2.610000000000002
46381,ForestDryPoor,1.6500000000000017
46384,ForestDryPoor,3.0000000000000027
46387,ForestDryPoor,2.980000000000002
46389,ForestDryPoor,2.5800000000000023
46670,ForestDryPoor,3.110000000000003
46671,ForestDryPoor,2.990000000000003
46673,ForestDryPoor,2.260000000000002
46674,ForestDryPoor,2.3900000000000023
46677,ForestDryPoor,1.6000000000000014
46678,ForestDryPoor,1.5700000000000014
46679,ForestDryPoor,1.2700000000000011
46682,ForestDryPoor,3.3900000000000032
46684,ForestDryPoor,2.280000000000002
46685,ForestDryPoor,1.3400000000000012
46965,ForestDryPoor,1.6000000000000014
46970,ForestDryPoor,2.8800000000000026
46971,ForestDryPoor,1.8000000000000016
46972,ForestDryPoor,2.370000000000002
46974,ForestDryPoor,3.110000000000003
46977,ForestDryPoor,3.350000000000003
46978,ForestDryPoor,1.3600000000000012
46979,ForestDryPoor,1.200000000000001
46981,OpenWetRich,1.5900000000000014
46982,ForestDryPoor,1.040000000000001
47268,ForestDryPoor,1.3600000000000012
47271,ForestDryPoor,2.9700000000000024
47273,ForestDryPoor,3.6400000000000032
47274,ForestDryPoor,1.6200000000000014
47276,ForestDryPoor,2.9300000000000024
47277,ForestDryPoor,1.3200000000000012
47278,ForestDryPoor,1.5900000000000014
47564,ForestDryPoor,1.3600000000000012
47565,ForestDryPoor,3.460000000000003
47569,ForestDryPoor,3.200000000000003
47573,ForestDryPoor,1.3600000000000012
47576,ForestDryPoor,2.190000000000002
47577,ForestDryPoor,2.2500000000000018
48157,ForestDryPoor,2.5500000000000025
48452,OpenWetRich,1.7700000000000016
48746,ForestDryPoor,1.020000000000001
49037,ForestDryPoor,1.8800000000000017
51984,ForestDryPoor,1.8400000000000016
53482,ForestDryPoor,1.7800000000000016
53777,ForestDryPoor,1.4300000000000013
53789,ForestDryPoor,1.090000000000001
54054,ForestDryPoor,2.650000000000002
54075,ForestDryPoor,2.030000000000002
54076,ForestDryPoor,2.6000000000000023
54083,ForestDryPoor,2.8600000000000025
54084,ForestDryPoor,2.2700000000000022
54361,ForestDryPoor,2.8200000000000025
54363,ForestDryPoor,2.7800000000000025
54365,ForestDryPoor,2.110000000000002
54366,ForestDryPoor,1.9700000000000015
54369,ForestDryPoor,2.710000000000002
54371,ForestDryPoor,1.6600000000000017
54372,ForestDryPoor,3.3900000000000032
54375,ForestDryPoor,2.9700000000000024
54378,ForestDryPoor,1.3200000000000012
54379,ForestDryPoor,2.950000000000003
54653,ForestDryPoor,1.8000000000000016
54655,OpenWetRich,2.2500000000000018
54656,ForestDryPoor,1.8100000000000016
54661,ForestDryPoor,1.070000000000001
54667,ForestDryPoor,2.7200000000000024
54947,ForestDryPoor,1.030000000000001
54948,ForestDryPoor,1.5300000000000014
54959,ForestDryPoor,1.9000000000000017
54962,ForestDryPoor,1.7500000000000016
54964,ForestDryPoor,3.260000000000003
54969,ForestDryPoor,3.940000000000003
55238,ForestDryPoor,2.6800000000000024
55244,ForestDryPoor,3.0600000000000027
55245,ForestDryPoor,2.8000000000000025
55246,ForestDryPoor,2.4700000000000024
55247,ForestDryPoor,1.3200000000000012
55254,ForestDryPoor,1.5300000000000014
55255,ForestDryPoor,3.0000000000000027
55256,ForestDryPoor,2.070000000000002
55257,ForestDryPoor,1.4200000000000013
55265,ForestDryPoor,1.080000000000001
55537,ForestDryPoor,2.9400000000000026
55553,ForestDryPoor,3.790000000000003
55559,ForestDryPoor,1.7400000000000015
55560,ForestDryPoor,3.0200000000000027
55829,ForestDryPoor,2.020000000000002
55831,ForestDryPoor,3.3900000000000032
55832,ForestDryPoor,2.8700000000000028
55834,ForestDryPoor,1.3300000000000012
55844,ForestWetRich,3.0500000000000025
55849,ForestDryPoor,2.380000000000002
56126,ForestDryPoor,2.730000000000002
56143,ForestDryPoor,1.7700000000000016
56144,ForestDryPoor,1.180000000000001
56433,ForestDryPoor,1.040000000000001
56437,ForestDryPoor,2.5800000000000023
56438,ForestDryPoor,3.6600000000000033
56439,ForestDryPoor,1.6100000000000014
56440,ForestDryPoor,2.370000000000002
56441,ForestDryPoor,1.8800000000000017
56736,ForestDryPoor,2.8900000000000023
57020,ForestDryPoor,1.7700000000000016
57315,ForestDryPoor,1.7600000000000016
57316,ForestDryPoor,2.650000000000002
57612,ForestDryPoor,2.980000000000002
57613,ForestDryPoor,1.6900000000000015
57903,ForestDryPoor,2.0000000000000018
57906,ForestDryPoor,2.370000000000002
57907,ForestDryPoor,2.7700000000000022
57908,ForestDryPoor,1.3800000000000012
58201,ForestDryPoor,1.9500000000000015
58202,ForestDryPoor,3.0900000000000025
58203,ForestDryPoor,1.2700000000000011
58496,ForestDryPoor,2.330000000000002
58497,ForestDryPoor,2.990000000000003
58792,ForestDryPoor,1.3700000000000012
59373,ForestDryPoor,2.6600000000000024
59374,ForestDryPoor,2.3100000000000023
59375,ForestDryPoor,3.030000000000003
59376,ForestDryPoor,2.8200000000000025
59381,ForestDryPoor,2.8700000000000028
59671,ForestDryPoor,2.7400000000000024
59676,ForestDryPoor,3.7000000000000033
59677,ForestDryPoor,1.5700000000000014
59681,ForestDryPoor,1.8900000000000017
59966,ForestDryPoor,2.0500000000000016
59971,ForestDryPoor,2.230000000000002
59972,ForestDryPoor,1.5100000000000011
60260,ForestDryPoor,2.0100000000000016
60261,ForestDryPoor,2.290000000000002
60265,ForestDryPoor,3.0500000000000025
60266,ForestDryPoor,2.490000000000002
60560,ForestDryPoor,1.3000000000000012
60561,ForestDryPoor,1.020000000000001
60851,ForestDryPoor,1.8900000000000017
61144,ForestDryPoor,1.180000000000001
61145,ForestDryPoor,1.120000000000001
61146,ForestDryPoor,1.3700000000000012
61445,ForestDryPoor,1.8000000000000016
61739,ForestDryPoor,3.7400000000000033
61740,ForestDryPoor,1.6400000000000017
61741,ForestDryPoor,2.4300000000000024
61742,ForestDryPoor,3.6400000000000032
62035,ForestDryPoor,3.570000000000003
62036,ForestDryPoor,1.140000000000001
62331,ForestDryPoor,2.230000000000002
62332,ForestDryPoor,2.150000000000002
62627,ForestDryPoor,1.4200000000000013
62628,ForestDryPoor,2.5100000000000025
62629,ForestDryPoor,2.0100000000000016
62919,ForestDryPoor,1.5600000000000014
62922,ForestDryPoor,3.580000000000003
63215,ForestDryPoor,3.8900000000000032
63218,ForestDryPoor,1.4500000000000013
63221,ForestDryPoor,2.7700000000000022
63509,ForestDryPoor,3.7800000000000034
63510,ForestDryPoor,3.5500000000000034
63513,ForestDryPoor,2.730000000000002
63514,ForestDryPoor,2.260000000000002
63516,ForestDryPoor,1.3000000000000012
63801,ForestDryPoor,1.9500000000000015
63806,ForestDryPoor,2.8100000000000023
63809,ForestDryPoor,1.4300000000000013
64104,ForestDryPoor,1.210000000000001
64106,ForestDryPoor,3.670000000000003
64107,ForestDryPoor,1.070000000000001
64398,ForestDryPoor,2.0500000000000016
64402,ForestDryPoor,2.320000000000002
64699,ForestDryPoor,1.5700000000000014
64994,ForestDryPoor,2.6400000000000023
64995,ForestDryPoor,1.7600000000000016
65285,ForestDryPoor,3.0000000000000027
65286,ForestDryPoor,2.9700000000000024
65287,ForestDryPoor,3.110000000000003
65289,ForestDryPoor,3.750000000000003
65576,ForestDryPoor,2.290000000000002
65580,ForestDryPoor,2.6300000000000026
65874,ForestDryPoor,1.210000000000001
65880,ForestDryPoor,3.990000000000004
66167,ForestDryPoor,2.340000000000002
66168,ForestDryPoor,2.8200000000000025
66169,ForestDryPoor,1.4300000000000013
66170,ForestDryPoor,1.8800000000000017
66171,ForestDryPoor,3.460000000000003
66174,ForestDryPoor,3.0500000000000025
66457,ForestDryPoor,1.4200000000000013
66464,ForestDryPoor,1.100000000000001
66465,ForestDryPoor,3.1000000000000028
66470,ForestDryPoor,2.6400000000000023
66753,ForestDryPoor,3.450000000000003
66755,ForestDryPoor,2.260000000000002
66756,ForestDryPoor,1.6100000000000014
66757,ForestDryPoor,1.080000000000001
66759,ForestDryPoor,2.650000000000002
66764,ForestDryPoor,2.9400000000000026
66765,ForestDryPoor,1.190000000000001
67048,ForestDryPoor,2.7700000000000022
67052,ForestDryPoor,2.340000000000002
67059,ForestDryPoor,2.4300000000000024
67346,ForestDryPoor,1.230000000000001
67347,ForestDryPoor,1.140000000000001
67348,ForestDryPoor,2.8900000000000023
67349,ForestDryPoor,2.3900000000000023
67352,ForestDryPoor,3.4700000000000033
67353,ForestDryPoor,2.8100000000000023
67354,ForestDryPoor,1.6300000000000014
67643,ForestDryPoor,1.8400000000000016
67644,ForestDryPoor,1.5900000000000014
67645,ForestDryPoor,2.5100000000000025
67648,ForestDryPoor,3.580000000000003
67650,ForestDryPoor,3.0100000000000025
67939,ForestDryPoor,1.5600000000000014
67942,ForestDryPoor,3.730000000000003
67943,ForestDryPoor,3.6600000000000033
67945,ForestDryPoor,1.9800000000000015
68233,ForestDryPoor,2.360000000000002
68234,ForestDryPoor,1.5200000000000014
68235,ForestDryPoor,2.8400000000000025
68240,ForestDryPoor,2.140000000000002
68528,ForestDryPoor,1.240000000000001
68535,ForestDryPoor,2.7900000000000027
68824,ForestDryPoor,1.080000000000001
68825,ForestDryPoor,3.310000000000003
68830,ForestDryPoor,3.160000000000003
69119,ForestDryPoor,1.490000000000001
69120,ForestDryPoor,3.480000000000003
69125,ForestDryPoor,2.380000000000002
69414,ForestDryPoor,1.3800000000000012
69415,ForestDryPoor,2.7700000000000022
69708,ForestDryPoor,2.950000000000003
69710,ForestDryPoor,2.410000000000002
69711,ForestDryPoor,2.960000000000002
69712,ForestDryPoor,1.4200000000000013
69713,ForestDryPoor,1.2700000000000011
69714,ForestDryPoor,1.7600000000000016
69715,ForestDryPoor,2.3100000000000023
70008,ForestDryPoor,1.2800000000000011
70302,OpenWetRich,2.330000000000002
70303,ForestDryPoor,2.8100000000000023
70304,OpenWetRich,2.040000000000002
70307,ForestDryPoor,1.5800000000000014
70590,ForestDryPoor,1.7600000000000016
70591,ForestDryPoor,1.8900000000000017
70600,ForestDryPoor,2.2700000000000022
70601,ForestDryPoor,1.6700000000000017
70602,OpenWetRich,1.3300000000000012
71465,ForestDryPoor,1.7900000000000016
71476,ForestDryPoor,2.0500000000000016
71477,ForestDryPoor,2.990000000000003
71766,ForestDryPoor,2.440000000000002
71767,ForestDryPoor,2.6000000000000023
71770,ForestDryPoor,1.220000000000001
71771,ForestDryPoor,3.870000000000004
71772,ForestDryPoor,3.350000000000003
72062,ForestDryPoor,1.110000000000001
72065,ForestDryPoor,3.300000000000003
72356,ForestDryPoor,2.220000000000002
72357,ForestDryPoor,1.230000000000001
72359,ForestDryPoor,2.110000000000002
72362,ForestDryPoor,3.350000000000003
72364,ForestDryPoor,1.9500000000000015
72365,ForestDryPoor,1.4400000000000013
72652,ForestDryPoor,2.610000000000002
72654,ForestDryPoor,1.100000000000001
72657,ForestDryPoor,3.5500000000000034
72659,ForestDryPoor,3.0500000000000025
72947,ForestDryPoor,2.0000000000000018
72948,ForestDryPoor,1.030000000000001
72950,ForestDryPoor,1.090000000000001
72951,ForestDryPoor,1.3500000000000012
72952,ForestDryPoor,2.910000000000003
72953,ForestDryPoor,1.9000000000000017
72955,ForestDryPoor,2.710000000000002
73242,ForestDryPoor,1.4400000000000013
73243,ForestDryPoor,3.320000000000003
73245,ForestDryPoor,1.070000000000001
73248,ForestDryPoor,2.2500000000000018
73836,ForestDryPoor,1.3900000000000012
74423,ForestDryPoor,1.3600000000000012
74427,ForestDryPoor,3.0400000000000027
74717,ForestDryPoor,2.6300000000000026
74720,ForestDryPoor,2.6000000000000023
74721,ForestDryPoor,1.5400000000000014
75017,ForestWetRich,1.4400000000000013
75301,ForestDryPoor,2.730000000000002
75306,ForestDryPoor,1.150000000000001
75315,ForestDryPoor,1.220000000000001
75598,ForestDryPoor,2.040000000000002
75599,ForestDryPoor,2.040000000000002
75607,ForestWetRich,2.8300000000000027
75610,ForestDryPoor,1.7700000000000016
75905,ForestDryPoor,1.5200000000000014
76478,ForestDryPoor,1.070000000000001
76479,ForestDryPoor,2.7700000000000022
76771,ForestDryPoor,1.190000000000001
83542,ForestDryPoor,2.8500000000000023
83543,ForestDryPoor,1.010000000000001
83841,ForestDryPoor,1.8500000000000016
83842,ForestDryPoor,1.9400000000000015
83843,ForestDryPoor,1.4000000000000012
84136,ForestDryPoor,2.610000000000002
84138,ForestDryPoor,1.5300000000000014
84430,ForestDryPoor,2.240000000000002
84431,ForestDryPoor,4.0000000000000036
84432,ForestDryPoor,3.500000000000003
84433,ForestDryPoor,2.7600000000000025
84443,ForestDryPoor,1.6200000000000014
84444,ForestDryPoor,1.6800000000000015
84445,ForestDryPoor,1.2800000000000011
84446,ForestDryPoor,1.150000000000001
84448,ForestDryPoor,1.9700000000000015
84449,ForestDryPoor,1.5400000000000014
84450,ForestDryPoor,1.110000000000001
84731,ForestDryPoor,2.0000000000000018
84734,ForestDryPoor,1.9200000000000017
84736,ForestDryPoor,1.8800000000000017
84737,ForestDryPoor,3.260000000000003
84738,ForestDryPoor,2.320000000000002
84739,ForestDryPoor,2.5900000000000025
84740,ForestDryPoor,2.8200000000000025
84741,ForestDryPoor,3.310000000000003
84742,ForestDryPoor,3.270000000000003
84743,ForestDryPoor,2.6600000000000024
84744,ForestDryPoor,2.8300000000000027
84745,ForestDryPoor,1.130000000000001
85022,ForestWetRich,1.5100000000000011
85024,ForestDryPoor,2.450000000000002
85025,ForestDryPoor,2.9200000000000026
85026,ForestDryPoor,3.190000000000003
85027,ForestDryPoor,2.9700000000000024
85028,ForestDryPoor,2.9200000000000026
85029,ForestDryPoor,2.280000000000002
85037,ForestDryPoor,1.4200000000000013
85038,ForestDryPoor,2.9700000000000024
85039,ForestDryPoor,3.690000000000003
85040,ForestDryPoor,3.7400000000000033
85041,ForestDryPoor,3.570000000000003
85042,ForestDryPoor,1.150000000000001
85318,ForestDryPoor,1.150000000000001
85319,ForestDryPoor,1.3800000000000012
85323,ForestDryPoor,2.3900000000000023
85330,ForestDryPoor,2.110000000000002
85331,ForestDryPoor,2.5600000000000023
85332,ForestDryPoor,1.7200000000000015
85333,ForestDryPoor,1.5400000000000014
85334,ForestDryPoor,2.4300000000000024
85337,ForestDryPoor,2.8000000000000025
85616,ForestDryPoor,1.180000000000001
85617,ForestDryPoor,2.8000000000000025
85618,ForestDryPoor,2.040000000000002
85619,ForestDryPoor,2.100000000000002
85620,ForestDryPoor,3.5500000000000034
85621,ForestDryPoor,1.7200000000000015
85629,ForestDryPoor,1.030000000000001
85631,ForestDryPoor,1.9600000000000015
85632,ForestDryPoor,1.5600000000000014
85633,ForestDryPoor,1.6000000000000014
85909,ForestWetRich,1.8600000000000017
85912,ForestDryPoor,2.8000000000000025
85913,ForestDryPoor,3.0100000000000025
85914,ForestDryPoor,2.8200000000000025
85915,ForestDryPoor,2.3500000000000023
85916,ForestDryPoor,2.9300000000000024
85917,ForestDryPoor,3.2900000000000027
85918,ForestDryPoor,2.5500000000000025
85927,ForestDryPoor,1.110000000000001
85928,ForestDryPoor,1.4500000000000013
85929,ForestDryPoor,1.6000000000000014
85930,ForestDryPoor,2.100000000000002
85931,ForestDryPoor,1.8700000000000017
86207,ForestDryPoor,1.030000000000001
86208,ForestDryPoor,3.0100000000000025
86209,ForestDryPoor,1.100000000000001
86210,ForestDryPoor,3.320000000000003
86212,ForestDryPoor,2.9200000000000026
86213,ForestDryPoor,3.270000000000003
86214,ForestDryPoor,1.8300000000000016
86221,ForestDryPoor,2.260000000000002
86222,ForestDryPoor,2.6000000000000023
86225,ForestDryPoor,1.0000000000000009
86227,ForestDryPoor,1.9200000000000017
86228,ForestDryPoor,2.0000000000000018
86229,ForestDryPoor,1.5100000000000011
86241,ForestDryPoor,1.180000000000001
86242,ForestDryPoor,3.150000000000003
86503,ForestDryPoor,1.180000000000001
86504,ForestDryPoor,1.200000000000001
86505,ForestDryPoor,1.7800000000000016
86506,ForestDryPoor,1.8500000000000016
86508,ForestDryPoor,1.100000000000001
86509,ForestDryPoor,3.480000000000003
86510,ForestDryPoor,1.120000000000001
86511,ForestDryPoor,2.230000000000002
86516,ForestDryPoor,1.5700000000000014
86517,ForestDryPoor,1.5900000000000014
86522,ForestDryPoor,2.330000000000002
86523,ForestDryPoor,1.6500000000000017
86524,ForestDryPoor,2.8000000000000025
86525,ForestDryPoor,3.0900000000000025
86536,ForestDryPoor,2.440000000000002
86537,ForestDryPoor,3.270000000000003
86805,ForestDryPoor,1.5200000000000014
86806,ForestDryPoor,1.490000000000001
86807,ForestDryPoor,1.180000000000001
86808,ForestDryPoor,1.100000000000001
86819,ForestDryPoor,2.6400000000000023
86820,ForestDryPoor,3.580000000000003
86821,ForestDryPoor,3.6400000000000032
86822,ForestDryPoor,1.170000000000001
86823,ForestDryPoor,2.0000000000000018
86830,ForestDryPoor,2.5200000000000022
86835,ForestDryPoor,2.5100000000000025
87104,ForestWetRich,1.6500000000000017
87113,ForestDryPoor,2.160000000000002
87114,ForestDryPoor,1.5400000000000014
87116,ForestDryPoor,3.0600000000000027
87117,ForestDryPoor,3.910000000000004
87118,ForestDryPoor,3.500000000000003
87119,ForestDryPoor,2.160000000000002
87123,ForestDryPoor,1.9300000000000015
87124,ForestDryPoor,2.7900000000000027
87125,ForestDryPoor,3.540000000000003
87127,ForestWetRich,1.6700000000000017
87130,ForestDryPoor,2.070000000000002
87131,ForestDryPoor,1.3900000000000012
87132,ForestDryPoor,3.4700000000000033
87134,ForestDryPoor,2.950000000000003
87136,ForestDryPoor,1.170000000000001
87408,ForestDryPoor,1.180000000000001
87409,ForestDryPoor,1.4400000000000013
87411,ForestDryPoor,2.9000000000000026
87412,ForestDryPoor,3.420000000000003
87413,ForestDryPoor,2.8800000000000026
87414,ForestDryPoor,2.500000000000002
87415,ForestDryPoor,2.9400000000000026
87416,ForestDryPoor,2.7400000000000024
87417,ForestDryPoor,3.6400000000000032
87418,ForestDryPoor,3.750000000000003
87419,ForestDryPoor,3.8200000000000034
87420,ForestDryPoor,3.6600000000000033
87421,ForestDryPoor,1.4000000000000012
87423,ForestDryPoor,1.8400000000000016
87424,ForestDryPoor,1.6400000000000017
87425,ForestDryPoor,3.0500000000000025
87427,ForestDryPoor,3.240000000000003
87428,ForestDryPoor,1.4200000000000013
87705,ForestDryPoor,1.8100000000000016
87707,ForestDryPoor,2.5100000000000025
87711,ForestDryPoor,1.070000000000001
87712,ForestDryPoor,1.5600000000000014
87713,ForestDryPoor,3.6800000000000033
87714,ForestDryPoor,3.7200000000000033
87715,ForestDryPoor,3.6800000000000033
87716,ForestDryPoor,3.4300000000000033
87717,ForestDryPoor,1.230000000000001
87718,ForestDryPoor,2.180000000000002
87719,ForestDryPoor,3.610000000000003
87720,ForestDryPoor,1.8900000000000017
87722,ForestDryPoor,1.110000000000001
87723,ForestDryPoor,3.380000000000003
87725,ForestDryPoor,1.6900000000000015
88003,ForestWetRich,1.6900000000000015
88008,ForestDryPoor,3.710000000000003
88009,ForestDryPoor,4.0000000000000036
88010,ForestDryPoor,3.770000000000003
88011,ForestDryPoor,3.5100000000000033
88012,ForestDryPoor,3.600000000000003
88013,ForestDryPoor,2.260000000000002
88014,ForestDryPoor,3.7800000000000034
88015,ForestDryPoor,1.5300000000000014
88018,ForestDryPoor,2.7500000000000027
88020,ForestDryPoor,2.020000000000002
88304,ForestDryPoor,2.950000000000003
88305,ForestDryPoor,3.8200000000000034
88306,ForestDryPoor,3.1000000000000028
88307,ForestDryPoor,3.580000000000003
88308,ForestDryPoor,3.690000000000003
88309,ForestDryPoor,3.610000000000003
88310,ForestDryPoor,1.5900000000000014
88316,ForestDryPoor,1.210000000000001
88600,ForestDryPoor,2.8900000000000023
88601,ForestDryPoor,3.480000000000003
88602,ForestDryPoor,3.7400000000000033
88603,ForestDryPoor,3.850000000000003
88604,ForestDryPoor,3.410000000000003
88605,ForestDryPoor,3.490000000000003
88606,ForestDryPoor,2.8300000000000027
88612,ForestDryPoor,1.5100000000000011
88895,ForestDryPoor,1.9100000000000017
88896,ForestDryPoor,3.560000000000003
88897,ForestDryPoor,3.950000000000004
88898,ForestDryPoor,3.860000000000003
88899,ForestDryPoor,3.220000000000003
88900,ForestDryPoor,3.490000000000003
88901,ForestDryPoor,2.910000000000003
88903,ForestDryPoor,1.200000000000001
88904,ForestDryPoor,3.9700000000000033
88905,OpenWetRich,1.9800000000000015
88906,ForestDryPoor,2.8400000000000025
88907,ForestDryPoor,1.3000000000000012
89191,ForestDryPoor,3.5900000000000034
89192,ForestDryPoor,3.580000000000003
89193,ForestDryPoor,3.6600000000000033
89194,ForestDryPoor,3.410000000000003
89195,ForestDryPoor,3.490000000000003
89196,ForestDryPoor,1.8400000000000016
89199,ForestDryPoor,3.520000000000003
89200,ForestDryPoor,3.380000000000003
89201,ForestDryPoor,1.7600000000000016
89486,ForestDryPoor,1.2600000000000011
89487,ForestDryPoor,3.2900000000000027
89488,ForestDryPoor,3.4300000000000033
89489,ForestDryPoor,2.3900000000000023
89490,ForestDryPoor,3.990000000000004
89491,ForestDryPoor,3.2500000000000027
89495,ForestDryPoor,1.150000000000001
89782,ForestDryPoor,3.220000000000003
89783,ForestDryPoor,2.9700000000000024
89784,ForestDryPoor,3.620000000000003
89785,ForestDryPoor,4.0000000000000036
89786,ForestDryPoor,3.770000000000003
89787,ForestDryPoor,1.5200000000000014
90077,ForestDryPoor,1.5100000000000011
90078,ForestDryPoor,2.9000000000000026
90079,ForestDryPoor,3.850000000000003
90080,ForestDryPoor,3.950000000000004
90081,ForestDryPoor,3.6400000000000032
90082,ForestDryPoor,1.2800000000000011
90372,ForestDryPoor,1.7600000000000016
90373,ForestDryPoor,2.8500000000000023
90374,ForestDryPoor,3.6400000000000032
90375,ForestDryPoor,3.710000000000003
90376,ForestDryPoor,3.5900000000000034
90377,ForestDryPoor,3.3700000000000028
90378,ForestDryPoor,2.570000000000002
90379,ForestDryPoor,2.2700000000000022
90380,ForestDryPoor,2.490000000000002
90381,ForestDryPoor,2.490000000000002
90382,ForestDryPoor,2.320000000000002
90383,ForestDryPoor,2.6300000000000026
90384,ForestDryPoor,2.980000000000002
90385,ForestDryPoor,3.420000000000003
90386,OpenWetRich,1.6700000000000017
90667,ForestDryPoor,1.190000000000001
90668,ForestDryPoor,1.8600000000000017
90669,ForestDryPoor,3.5500000000000034
90670,ForestDryPoor,3.350000000000003
90671,ForestDryPoor,2.8100000000000023
90672,ForestDryPoor,3.180000000000003
90673,ForestDryPoor,3.750000000000003
90674,ForestDryPoor,3.630000000000003
90675,ForestDryPoor,3.600000000000003
90676,ForestDryPoor,2.7800000000000025
90677,ForestDryPoor,2.400000000000002
90678,ForestDryPoor,2.7800000000000025
90679,ForestDryPoor,3.7400000000000033
90680,ForestDryPoor,3.190000000000003
90681,ForestDryPoor,3.950000000000004
90682,ForestDryPoor,1.7500000000000016
90963,ForestDryPoor,2.240000000000002
90974,ForestDryPoor,1.5600000000000014
90975,ForestDryPoor,3.460000000000003
90976,ForestDryPoor,3.7000000000000033
90977,ForestDryPoor,3.400000000000003
91258,ForestDryPoor,2.5400000000000023
91259,ForestDryPoor,1.3400000000000012
91270,ForestDryPoor,1.9300000000000015
91271,ForestDryPoor,3.7000000000000033
91272,ForestDryPoor,4.0000000000000036
91566,ForestDryPoor,3.410000000000003
91567,ForestDryPoor,3.9300000000000033
91861,ForestDryPoor,3.340000000000003
91862,ForestDryPoor,2.110000000000002
92156,ForestDryPoor,3.240000000000003
92157,ForestDryPoor,1.2800000000000011
92164,ForestDryPoor,2.0100000000000016
92451,ForestDryPoor,2.040000000000002
92452,ForestDryPoor,1.2700000000000011
92460,ForestDryPoor,1.8400000000000016
92747,OpenWetRich,2.480000000000002
93042,ForestDryPoor,1.5600000000000014
93043,ForestDryPoor,2.9200000000000026
93044,ForestDryPoor,1.250000000000001
93045,ForestDryPoor,1.6700000000000017
93046,OpenWetRich,1.5800000000000014
93053,ForestDryPoor,1.8700000000000017
93330,ForestDryPoor,1.5600000000000014
93331,OpenWetRich,1.250000000000001
93337,ForestDryPoor,1.250000000000001
93338,ForestDryPoor,3.850000000000003
93339,ForestDryPoor,3.830000000000003
93343,ForestDryPoor,1.7600000000000016
93347,ForestDryPoor,1.050000000000001
93348,ForestDryPoor,1.6300000000000014
93626,ForestDryPoor,1.8900000000000017
93636,ForestDryPoor,1.0000000000000009
93637,ForestDryPoor,3.280000000000003
93638,ForestDryPoor,3.750000000000003
93639,ForestDryPoor,3.350000000000003
93640,ForestDryPoor,1.040000000000001
93911,ForestDryPoor,1.4500000000000013
93917,ForestDryPoor,1.250000000000001
93918,ForestDryPoor,2.9700000000000024
93919,ForestDryPoor,1.5100000000000011
93921,ForestDryPoor,2.8800000000000026
93922,ForestDryPoor,1.3100000000000012
93923,ForestDryPoor,1.040000000000001
93924,ForestDryPoor,2.340000000000002
93931,ForestDryPoor,2.3500000000000023
93933,ForestDryPoor,1.9700000000000015
93934,ForestDryPoor,1.7800000000000016
93935,ForestDryPoor,3.0100000000000025
93936,ForestDryPoor,2.290000000000002
94206,ForestDryPoor,1.4400000000000013
94207,ForestDryPoor,2.080000000000002
94214,ForestDryPoor,3.7600000000000033
94215,ForestDryPoor,2.190000000000002
94216,ForestDryPoor,1.4200000000000013
94217,ForestDryPoor,3.340000000000003
94218,ForestDryPoor,3.4300000000000033
94219,ForestDryPoor,2.5100000000000025
94226,ForestDryPoor,3.0000000000000027
94231,ForestDryPoor,1.2900000000000011
94232,ForestDryPoor,2.200000000000002
94497,ForestDryPoor,2.460000000000002
94498,ForestDryPoor,1.110000000000001
94503,ForestDryPoor,3.270000000000003
94507,ForestDryPoor,3.200000000000003
94508,ForestDryPoor,1.5300000000000014
94511,ForestDryPoor,1.0000000000000009
94512,ForestDryPoor,3.0400000000000027
94513,ForestDryPoor,2.300000000000002
94514,ForestDryPoor,2.370000000000002
94521,ForestDryPoor,1.9000000000000017
94790,ForestDryPoor,2.9300000000000024
94792,ForestDryPoor,3.0900000000000025
94796,ForestDryPoor,1.9700000000000015
94797,ForestDryPoor,1.050000000000001
94798,ForestDryPoor,3.270000000000003
94799,ForestDryPoor,3.8900000000000032
94802,ForestDryPoor,2.2100000000000017
94806,ForestDryPoor,1.5700000000000014
94807,ForestDryPoor,1.7000000000000015
94810,ForestDryPoor,1.7600000000000016
94811,ForestDryPoor,2.440000000000002
94812,ForestDryPoor,2.1300000000000017
94813,ForestDryPoor,3.0200000000000027
94814,ForestDryPoor,3.1000000000000028
95084,ForestDryPoor,1.220000000000001
95085,ForestDryPoor,3.7600000000000033
95086,ForestDryPoor,3.7400000000000033
95087,ForestDryPoor,3.4300000000000033
95088,ForestDryPoor,1.5800000000000014
95091,ForestDryPoor,3.710000000000003
95092,ForestDryPoor,3.490000000000003
95093,ForestDryPoor,3.4300000000000033
95094,ForestDryPoor,3.4700000000000033
95095,ForestDryPoor,3.0100000000000025
95096,ForestDryPoor,2.650000000000002
95111,OpenWetRich,1.5800000000000014
95380,ForestDryPoor,1.6100000000000014
95381,ForestDryPoor,1.8300000000000016
95382,ForestDryPoor,3.650000000000003
95383,ForestDryPoor,2.710000000000002
95385,ForestDryPoor,1.3700000000000012
95386,ForestDryPoor,3.690000000000003
95387,ForestDryPoor,1.8200000000000016
95388,ForestDryPoor,2.9300000000000024
95389,ForestDryPoor,2.360000000000002
95390,ForestDryPoor,1.9700000000000015
95391,ForestDryPoor,2.030000000000002
95406,ForestDryPoor,1.100000000000001
95677,ForestDryPoor,1.060000000000001
95678,ForestDryPoor,1.5400000000000014
95682,ForestDryPoor,1.7500000000000016
95683,ForestDryPoor,3.490000000000003
95684,ForestDryPoor,2.8200000000000025
95685,ForestDryPoor,1.4500000000000013
95686,ForestDryPoor,1.5800000000000014
95701,ForestDryPoor,2.500000000000002
95965,ForestDryPoor,2.040000000000002
95967,ForestDryPoor,3.8000000000000034
95968,ForestDryPoor,1.9100000000000017
95969,ForestDryPoor,1.5400000000000014
95970,ForestDryPoor,2.8800000000000026
95972,ForestDryPoor,2.990000000000003
95973,ForestDryPoor,3.2900000000000027
95974,ForestDryPoor,2.0900000000000016
95978,ForestDryPoor,1.100000000000001
95981,ForestDryPoor,2.380000000000002
95988,ForestDryPoor,2.100000000000002
95989,ForestDryPoor,1.6600000000000017
95993,ForestDryPoor,1.6900000000000015
95995,ForestDryPoor,1.7000000000000015
95996,ForestDryPoor,2.9300000000000024
96258,ForestDryPoor,1.7100000000000015
96259,ForestDryPoor,2.8200000000000025
96260,ForestDryPoor,1.190000000000001
96262,ForestDryPoor,4.0000000000000036
96263,ForestDryPoor,3.2500000000000027
96264,ForestDryPoor,1.090000000000001
96265,ForestDryPoor,2.360000000000002
96266,ForestDryPoor,3.8200000000000034
96267,ForestDryPoor,3.8000000000000034
96268,ForestDryPoor,2.480000000000002
96269,ForestDryPoor,2.8100000000000023
96270,ForestDryPoor,1.7500000000000016
96273,ForestDryPoor,2.7900000000000027
96274,ForestDryPoor,2.3500000000000023
96275,ForestDryPoor,2.110000000000002
96276,ForestDryPoor,2.0100000000000016
96288,ForestDryPoor,1.6000000000000014
96289,ForestDryPoor,2.9300000000000024
96290,ForestDryPoor,3.560000000000003
96292,ForestDryPoor,3.310000000000003
96293,ForestDryPoor,1.4200000000000013
96554,ForestDryPoor,2.110000000000002
96558,ForestDryPoor,3.520000000000003
96561,ForestDryPoor,1.6500000000000017
96562,ForestDryPoor,2.5100000000000025
96567,ForestDryPoor,2.500000000000002
96568,ForestDryPoor,1.6900000000000015
96569,ForestDryPoor,2.140000000000002
96575,ForestDryPoor,1.480000000000001
96581,ForestDryPoor,1.020000000000001
96582,ForestDryPoor,3.0100000000000025
96583,ForestDryPoor,3.280000000000003
96584,ForestDryPoor,3.620000000000003
96585,ForestDryPoor,3.8000000000000034
96586,ForestDryPoor,3.880000000000003
96587,ForestDryPoor,3.480000000000003
96588,ForestDryPoor,3.8000000000000034
96589,ForestDryPoor,2.370000000000002
96850,ForestDryPoor,3.860000000000003
96851,ForestDryPoor,2.8100000000000023
96852,ForestDryPoor,1.3800000000000012
96853,ForestDryPoor,2.440000000000002
96860,OpenWetRich,1.030000000000001
96862,ForestDryPoor,3.650000000000003
96876,ForestDryPoor,1.2900000000000011
96877,ForestDryPoor,3.850000000000003
96878,ForestDryPoor,3.490000000000003
96879,ForestDryPoor,3.850000000000003
96880,ForestDryPoor,2.360000000000002
96881,ForestDryPoor,1.3700000000000012
96882,ForestDryPoor,2.360000000000002
96883,ForestDryPoor,3.520000000000003
96884,ForestDryPoor,2.5400000000000023
96885,ForestDryPoor,2.8000000000000025
96886,OpenWetRich,1.7400000000000015
97139,ForestWetRich,1.7300000000000015
97142,ForestWetRich,1.8100000000000016
97145,ForestDryPoor,2.180000000000002
97146,ForestDryPoor,3.4300000000000033
97147,ForestDryPoor,2.150000000000002
97148,ForestDryPoor,3.030000000000003
97149,ForestDryPoor,1.8900000000000017
97152,ForestDryPoor,1.150000000000001
97153,ForestDryPoor,1.3400000000000012
97157,ForestDryPoor,3.490000000000003
97158,ForestDryPoor,3.240000000000003
97172,ForestDryPoor,3.1200000000000028
97173,ForestDryPoor,3.480000000000003
97175,ForestDryPoor,3.1300000000000026
97176,ForestDryPoor,1.9700000000000015
97177,ForestDryPoor,1.070000000000001
97180,ForestDryPoor,1.8800000000000017
97435,ForestDryPoor,2.4300000000000024
97447,ForestDryPoor,1.8900000000000017
97452,ForestDryPoor,3.0800000000000027
97453,ForestDryPoor,1.3700000000000012
97457,ForestDryPoor,2.330000000000002
97458,ForestDryPoor,1.490000000000001
97730,ForestDryPoor,3.600000000000003
97738,ForestDryPoor,1.3300000000000012
97739,ForestDryPoor,1.3200000000000012
97740,OpenWetRich,1.170000000000001
97742,ForestDryPoor,1.7000000000000015
97743,ForestDryPoor,2.9300000000000024
97753,ForestDryPoor,1.250000000000001
98024,ForestDryPoor,2.460000000000002
98025,ForestDryPoor,2.0500000000000016
98031,ForestDryPoor,2.4700000000000024
98032,ForestDryPoor,2.360000000000002
98033,ForestDryPoor,2.570000000000002
98034,ForestDryPoor,1.3900000000000012
98326,ForestDryPoor,2.0000000000000018
98327,ForestDryPoor,2.7500000000000027
98617,ForestDryPoor,3.1200000000000028
98621,ForestDryPoor,1.9500000000000015
98625,ForestWetRich,1.3900000000000012
98909,ForestDryPoor,3.0400000000000027
98915,ForestDryPoor,1.120000000000001
99204,ForestDryPoor,2.8800000000000026
99209,ForestDryPoor,1.170000000000001
99499,ForestDryPoor,1.6700000000000017
99502,OpenWetRich,2.7000000000000024
99503,ForestDryPoor,3.260000000000003
99504,ForestDryPoor,3.7200000000000033
99505,ForestDryPoor,2.4700000000000024
99793,ForestDryPoor,2.7700000000000022
99795,ForestDryPoor,3.0200000000000027
99797,ForestDryPoor,2.400000000000002
99798,ForestDryPoor,1.4400000000000013
99799,ForestDryPoor,1.0000000000000009
99801,ForestDryPoor,1.060000000000001
100088,ForestDryPoor,3.0900000000000025
100091,ForestDryPoor,3.0800000000000027
100092,ForestDryPoor,1.8200000000000016
100096,ForestDryPoor,1.8000000000000016
100384,ForestDryPoor,2.960000000000002
100386,ForestDryPoor,3.0200000000000027
100388,ForestDryPoor,1.100000000000001
100389,ForestDryPoor,3.4700000000000033
100682,OpenWetRich,1.3400000000000012
100684,ForestDryPoor,1.090000000000001
100685,ForestDryPoor,3.690000000000003
100686,ForestDryPoor,2.8600000000000025
100981,ForestDryPoor,3.530000000000003
100983,ForestDryPoor,1.020000000000001
100984,ForestDryPoor,2.8600000000000025
100985,ForestDryPoor,1.050000000000001
101277,ForestDryPoor,2.230000000000002
101278,ForestDryPoor,2.0100000000000016
101567,OpenWetRich,1.8300000000000016
101568,ForestDryPoor,2.360000000000002
101571,ForestDryPoor,1.030000000000001
101572,ForestDryPoor,3.0000000000000027
101574,ForestDryPoor,3.6800000000000033
101864,ForestDryPoor,2.460000000000002
101865,ForestWetPoor,1.9900000000000015
101867,ForestDryPoor,1.7600000000000016
101868,ForestDryPoor,3.8400000000000034
102160,ForestDryPoor,1.5400000000000014
102164,ForestDryPoor,3.360000000000003
102166,ForestDryPoor,1.9500000000000015
102168,ForestDryPoor,3.0000000000000027
102455,ForestDryPoor,2.8900000000000023
102461,ForestDryPoor,1.7100000000000015
102750,ForestDryPoor,3.650000000000003
102753,ForestDryPoor,1.9300000000000015
102757,ForestDryPoor,3.0400000000000027
102759,ForestDryPoor,1.8100000000000016
102760,ForestDryPoor,1.210000000000001
103045,ForestDryPoor,2.0100000000000016
103048,ForestDryPoor,1.9200000000000017
103049,ForestDryPoor,1.6200000000000014
103050,ForestDryRich,2.2500000000000018
103052,ForestDryPoor,3.220000000000003
103053,ForestDryPoor,2.380000000000002
103347,ForestDryPoor,2.7000000000000024
103351,ForestDryPoor,3.6800000000000033
103638,ForestDryPoor,1.3500000000000012
103640,ForestDryPoor,2.8900000000000023
103642,ForestDryPoor,2.8300000000000027
103645,ForestDryPoor,3.1200000000000028
103933,ForestDryPoor,1.2700000000000011
103934,ForestDryPoor,2.6800000000000024
103936,ForestDryPoor,3.420000000000003
103943,ForestDryPoor,1.9600000000000015
104231,ForestDryPoor,3.220000000000003
104236,ForestDryPoor,3.310000000000003
104237,ForestDryPoor,3.7400000000000033
104525,ForestDryPoor,3.240000000000003
104820,ForestDryPoor,3.7800000000000034
104821,ForestDryPoor,3.790000000000003
104825,ForestDryPoor,1.8400000000000016
104827,ForestDryPoor,1.8900000000000017
104829,ForestDryPoor,3.350000000000003
105117,ForestDryPoor,3.260000000000003
105122,ForestDryPoor,1.200000000000001
105124,ForestDryPoor,3.2500000000000027
105125,ForestDryPoor,3.0400000000000027
105403,ForestDryPoor,2.040000000000002
105404,ForestDryPoor,2.0000000000000018
105408,ForestDryPoor,1.4600000000000013
105412,ForestDryPoor,1.6000000000000014
105419,ForestDryPoor,3.440000000000003
105420,ForestDryPoor,2.200000000000002
105698,ForestDryPoor,3.240000000000003
105714,ForestDryPoor,1.6100000000000014
105715,ForestDryPoor,1.190000000000001
105994,ForestDryPoor,3.110000000000003
105998,ForestDryPoor,1.3700000000000012
106295,ForestDryPoor,3.520000000000003
106299,ForestDryPoor,3.0200000000000027
106590,ForestDryPoor,3.940000000000003
106593,ForestDryPoor,2.040000000000002
106594,ForestDryPoor,2.2500000000000018
106885,ForestDryPoor,2.8300000000000027
107181,ForestDryPoor,3.5500000000000034
107186,ForestDryPoor,2.650000000000002
107477,ForestDryPoor,3.870000000000004
107478,ForestDryPoor,1.040000000000001
107481,ForestDryPoor,3.3900000000000032
107771,ForestDryPoor,1.9300000000000015
107773,ForestDryPoor,1.9600000000000015
107776,ForestDryPoor,2.080000000000002
108074,ForestDryPoor,1.9500000000000015
108075,ForestDryPoor,1.130000000000001
108077,ForestDryPoor,2.410000000000002
108078,ForestDryPoor,1.5400000000000014
108079,ForestDryPoor,1.5600000000000014
108367,ForestDryPoor,1.3700000000000012
108369,ForestDryPoor,2.960000000000002
108372,ForestDryPoor,2.0900000000000016
108657,ForestDryPoor,3.1700000000000026
108658,ForestDryPoor,3.8000000000000034
108667,ForestDryPoor,1.6800000000000015
108951,ForestDryPoor,2.6200000000000023
108954,ForestDryPoor,3.940000000000003
108955,ForestDryPoor,2.7800000000000025
108956,ForestDryPoor,1.7600000000000016
108957,ForestDryPoor,2.440000000000002
108958,ForestDryPoor,2.070000000000002
108961,ForestDryPoor,2.8100000000000023
108962,ForestDryPoor,2.380000000000002
109247,ForestDryPoor,2.370000000000002
109248,ForestDryPoor,3.220000000000003
109249,ForestDryRich,1.7400000000000015
109253,ForestDryPoor,3.180000000000003
109255,ForestDryPoor,1.4100000000000013
109256,ForestDryPoor,3.620000000000003
109543,ForestDryPoor,2.950000000000003
109545,ForestDryPoor,2.040000000000002
109837,ForestDryPoor,3.730000000000003
109838,ForestDryPoor,3.0400000000000027
109839,ForestDryPoor,2.020000000000002
109841,ForestDryPoor,2.020000000000002
109842,ForestDryPoor,2.340000000000002
109843,ForestDryPoor,3.0100000000000025
109844,ForestDryPoor,3.860000000000003
110131,ForestDryPoor,3.8200000000000034
110132,ForestDryPoor,3.220000000000003
110133,ForestDryPoor,3.7600000000000033
110139,ForestDryPoor,2.5200000000000022
110427,ForestDryPoor,3.0000000000000027
110428,ForestWetPoor,2.8700000000000028
110723,ForestDryPoor,2.7200000000000024
110724,ForestDryPoor,2.290000000000002
110728,ForestDryPoor,2.9000000000000026
111016,ForestDryPoor,2.7500000000000027
111018,ForestDryPoor,2.7800000000000025
111022,ForestDryPoor,1.090000000000001
111313,ForestWetPoor,2.5900000000000025
111594,ForestDryPoor,1.0000000000000009
111606,ForestDryPoor,1.4100000000000013
111607,ForestDryPoor,2.7700000000000022
111608,ForestWetPoor,1.4200000000000013
111609,ForestDryPoor,3.3300000000000027
111610,ForestDryPoor,3.7800000000000034
111613,ForestDryPoor,1.8400000000000016
111889,ForestDryPoor,3.030000000000003
111896,ForestDryPoor,2.060000000000002
111900,ForestDryPoor,1.5900000000000014
111904,ForestDryPoor,3.520000000000003
112183,ForestDryPoor,1.210000000000001
112184,ForestDryPoor,3.500000000000003
112190,ForestDryPoor,1.5400000000000014
112191,ForestDryPoor,3.6800000000000033
112193,OpenWetPoor,2.6300000000000026
112194,ForestDryPoor,3.380000000000003
112195,OpenWetRich,3.490000000000003
112198,ForestDryPoor,3.7600000000000033
112200,ForestDryPoor,3.870000000000004
112201,ForestDryPoor,2.910000000000003
112478,ForestDryPoor,3.3700000000000028
112479,ForestDryPoor,1.8100000000000016
112485,ForestDryPoor,3.670000000000003
112486,ForestDryPoor,3.0800000000000027
112487,ForestDryPoor,2.2700000000000022
112488,ForestDryPoor,1.8400000000000016
112490,ForestDryPoor,1.8800000000000017
112491,ForestDryPoor,2.290000000000002
112495,ForestDryPoor,3.320000000000003
112772,ForestDryPoor,2.180000000000002
112773,ForestDryPoor,3.880000000000003
112774,ForestDryPoor,1.070000000000001
112780,ForestDryPoor,3.7600000000000033
112781,ForestDryPoor,3.6600000000000033
112782,ForestDryPoor,1.090000000000001
112783,ForestDryPoor,3.0900000000000025
112784,ForestDryPoor,3.670000000000003
112789,ForestDryPoor,2.220000000000002
113067,ForestDryPoor,3.7200000000000033
113068,ForestDryPoor,3.810000000000003
113069,ForestDryPoor,1.9600000000000015
113077,ForestDryPoor,2.7400000000000024
113361,ForestDryPoor,3.1000000000000028
113362,ForestDryPoor,4.0000000000000036
113363,ForestDryPoor,3.9300000000000033
113364,ForestDryPoor,3.790000000000003
113366,ForestDryPoor,3.0000000000000027
113370,ForestDryPoor,2.6300000000000026
113371,OpenWetRich,1.190000000000001
113651,ForestDryPoor,1.6000000000000014
113655,ForestDryPoor,1.210000000000001
113656,ForestDryPoor,2.7700000000000022
113657,ForestDryPoor,3.7600000000000033
113658,ForestDryPoor,2.1700000000000017
113659,ForestDryPoor,4.0000000000000036
113660,ForestDryPoor,3.920000000000003
113666,ForestDryPoor,2.0000000000000018
113667,ForestDryPoor,3.0600000000000027
113668,ForestDryPoor,3.790000000000003
113946,ForestDryPoor,2.300000000000002
113947,ForestDryPoor,2.5100000000000025
113948,ForestDryPoor,2.140000000000002
113950,ForestDryPoor,2.690000000000002
113951,ForestDryPoor,2.0500000000000016
113952,ForestDryPoor,2.230000000000002
113953,ForestDryPoor,2.380000000000002
113954,ForestDryPoor,3.880000000000003
113955,ForestDryPoor,3.9700000000000033
113959,ForestDryPoor,2.370000000000002
113963,ForestDryPoor,3.600000000000003
114240,ForestDryPoor,2.9400000000000026
114241,ForestDryPoor,2.7400000000000024
114242,ForestDryPoor,1.190000000000001
114243,ForestDryPoor,2.1700000000000017
114244,ForestDryPoor,3.0800000000000027
114245,ForestDryPoor,2.9700000000000024
114246,ForestDryPoor,2.8400000000000025
114247,ForestDryPoor,2.950000000000003
114248,ForestDryPoor,3.350000000000003
114249,ForestDryPoor,3.7200000000000033
114250,ForestDryPoor,3.0800000000000027
114254,ForestDryPoor,1.060000000000001
114255,ForestDryPoor,2.500000000000002
114258,ForestDryPoor,3.260000000000003
114538,ForestDryPoor,2.240000000000002
114539,ForestDryPoor,3.280000000000003
114540,ForestDryPoor,1.110000000000001
114541,ForestDryPoor,2.040000000000002
114543,ForestDryPoor,2.910000000000003
114544,ForestDryPoor,3.2900000000000027
114545,ForestDryPoor,3.8000000000000034
114546,ForestDryPoor,3.410000000000003
114548,ForestDryPoor,3.5500000000000034
114550,ForestDryPoor,2.160000000000002
114551,ForestDryPoor,3.8400000000000034
114555,ForestDryPoor,1.6200000000000014
114838,ForestDryPoor,1.2600000000000011
114839,ForestDryPoor,3.5500000000000034
114840,ForestDryPoor,2.8600000000000025
114841,ForestDryPoor,3.6600000000000033
114842,ForestDryPoor,3.650000000000003
114843,ForestDryPoor,1.9300000000000015
114846,ForestDryPoor,1.8400000000000016
114851,ForestDryPoor,1.7000000000000015
114852,ForestDryPoor,1.8700000000000017
115132,ForestDryPoor,3.610000000000003
115133,ForestDryPoor,3.910000000000004
115134,ForestDryPoor,3.790000000000003
115135,ForestDryPoor,1.8900000000000017
115136,ForestDryPoor,3.0000000000000027
115137,ForestDryPoor,2.9700000000000024
115139,ForestDryPoor,1.7600000000000016
115143,ForestDryPoor,2.8900000000000023
115144,ForestDryPoor,3.650000000000003
115145,ForestDryPoor,2.290000000000002
115147,ForestDryPoor,2.040000000000002
115423,ForestDryPoor,2.9000000000000026
115424,ForestDryPoor,1.6800000000000015
115425,ForestDryPoor,1.7000000000000015
115426,ForestDryPoor,3.200000000000003
115427,ForestDryPoor,3.0500000000000025
115428,ForestDryPoor,3.8900000000000032
115429,ForestDryPoor,3.8400000000000034
115430,ForestDryPoor,1.140000000000001
115434,ForestDryPoor,2.7400000000000024
115712,ForestDryPoor,2.6000000000000023
115716,OpenWetRich,1.010000000000001
115717,ForestDryPoor,2.320000000000002
115718,ForestDryPoor,2.7000000000000024
115719,ForestDryPoor,3.1700000000000026
115720,ForestDryPoor,3.1000000000000028
115721,ForestDryPoor,2.080000000000002
115722,ForestDryPoor,1.220000000000001
115723,ForestDryPoor,1.2900000000000011
115724,ForestDryPoor,1.500000000000001
116006,ForestDryPoor,1.5200000000000014
116007,ForestDryPoor,3.860000000000003
116008,ForestDryPoor,1.5200000000000014
116013,ForestDryPoor,2.5900000000000025
116014,ForestDryPoor,2.420000000000002
116016,ForestDryPoor,2.420000000000002
116017,ForestDryPoor,3.910000000000004
116018,ForestDryPoor,1.9700000000000015
116019,ForestDryPoor,1.130000000000001
116020,ForestDryPoor,1.8200000000000016
116301,ForestDryPoor,1.6600000000000017
116302,ForestDryPoor,3.240000000000003
116303,ForestDryPoor,1.7100000000000015
116306,ForestDryPoor,1.5900000000000014
116307,ForestDryPoor,3.1200000000000028
116308,ForestDryPoor,3.570000000000003
116309,ForestDryPoor,3.630000000000003
116311,ForestDryPoor,2.5500000000000025
116312,ForestDryPoor,3.950000000000004
116313,ForestDryPoor,3.860000000000003
116314,ForestDryPoor,3.8900000000000032
116596,ForestDryPoor,1.3200000000000012
116598,ForestDryPoor,2.180000000000002
116599,ForestDryPoor,2.100000000000002
116600,ForestDryPoor,1.9200000000000017
116601,ForestDryPoor,3.210000000000002
116602,ForestDryPoor,3.200000000000003
116603,ForestDryPoor,3.1700000000000026
116604,ForestDryPoor,3.380000000000003
116605,ForestDryPoor,1.9900000000000015
116607,ForestDryPoor,3.8900000000000032
116891,ForestDryPoor,1.040000000000001
116892,ForestDryPoor,2.7600000000000025
116893,ForestDryPoor,1.6700000000000017
116894,ForestDryPoor,3.620000000000003
116895,ForestDryPoor,4.0000000000000036
116896,ForestDryPoor,3.770000000000003
116897,ForestDryPoor,3.5500000000000034
116898,ForestDryPoor,3.880000000000003
116899,ForestDryPoor,3.9300000000000033
116900,ForestDryPoor,3.140000000000003
116902,ForestDryPoor,1.9300000000000015
117184,ForestDryPoor,3.530000000000003
117185,ForestDryPoor,2.370000000000002
117186,ForestDryPoor,1.2700000000000011
117187,ForestDryPoor,1.150000000000001
117189,ForestDryPoor,3.0900000000000025
117190,ForestDryPoor,3.8400000000000034
117191,ForestDryPoor,3.830000000000003
117192,ForestDryPoor,3.600000000000003
117193,ForestDryPoor,3.610000000000003
117194,ForestDryPoor,3.350000000000003
117195,ForestDryPoor,3.280000000000003
117197,ForestDryPoor,2.730000000000002
117479,ForestDryPoor,1.120000000000001
117480,ForestDryPoor,2.110000000000002
117481,ForestDryPoor,3.410000000000003
117482,ForestDryPoor,2.410000000000002
117483,ForestDryPoor,2.5500000000000025
117484,ForestDryPoor,3.920000000000003
117485,ForestDryPoor,3.900000000000003
117486,ForestDryPoor,3.990000000000004
117487,ForestDryPoor,3.070000000000003
117488,ForestDryPoor,3.810000000000003
117489,ForestDryPoor,3.0200000000000027
117491,ForestDryPoor,1.110000000000001
117777,ForestDryPoor,1.4500000000000013
117778,ForestDryPoor,3.770000000000003
117779,ForestDryPoor,3.7200000000000033
117780,ForestDryPoor,3.990000000000004
117781,ForestDryPoor,3.990000000000004
117782,ForestDryPoor,3.920000000000003
117783,ForestDryPoor,3.880000000000003
117784,ForestDryPoor,1.250000000000001
117785,ForestDryPoor,2.7900000000000027
118072,ForestDryPoor,2.3100000000000023
118073,ForestDryPoor,3.460000000000003
118074,ForestDryPoor,3.900000000000003
118075,ForestDryPoor,3.8200000000000034
118076,ForestDryPoor,3.8400000000000034
118077,ForestDryPoor,3.5500000000000034
118078,ForestDryPoor,1.110000000000001
118079,ForestDryPoor,3.1200000000000028
118080,ForestDryPoor,3.260000000000003
118366,ForestDryPoor,1.7400000000000015
118367,ForestDryPoor,3.790000000000003
118368,ForestDryPoor,3.9300000000000033
118369,ForestDryPoor,3.850000000000003
118370,ForestDryPoor,3.870000000000004
118371,ForestDryPoor,3.920000000000003
118372,ForestDryPoor,1.070000000000001
118373,ForestDryPoor,2.7900000000000027
118374,ForestDryPoor,3.920000000000003
118375,ForestDryPoor,2.690000000000002
118660,ForestDryPoor,1.7900000000000016
118661,ForestDryPoor,3.570000000000003
118662,ForestDryPoor,3.960000000000003
118663,ForestDryPoor,3.950000000000004
118664,ForestDryPoor,3.380000000000003
118665,ForestDryPoor,3.230000000000003
118666,ForestDryPoor,2.1300000000000017
118667,ForestDryPoor,2.370000000000002
118668,ForestDryPoor,3.610000000000003
118669,ForestDryPoor,3.450000000000003
118670,ForestDryPoor,3.860000000000003
118671,ForestDryPoor,3.1700000000000026
118672,ForestDryPoor,1.230000000000001
118951,ForestDryPoor,1.170000000000001
118953,ForestDryPoor,1.150000000000001
118954,ForestDryPoor,2.7400000000000024
118955,ForestDryPoor,3.490000000000003
118956,ForestDryPoor,3.960000000000003
118957,ForestDryPoor,3.690000000000003
118958,ForestDryPoor,3.8000000000000034
118959,ForestDryPoor,2.650000000000002
118962,ForestDryPoor,2.070000000000002
118965,ForestDryPoor,3.150000000000003
118966,ForestDryPoor,2.910000000000003
118967,ForestDryPoor,2.730000000000002
118968,ForestDryPoor,3.5100000000000033
118969,ForestDryPoor,2.8300000000000027
118970,ForestDryPoor,3.6400000000000032
118971,ForestDryPoor,2.0000000000000018
118972,ForestDryPoor,2.5600000000000023
119246,ForestDryPoor,2.260000000000002
119247,ForestDryPoor,2.380000000000002
119248,ForestDryPoor,3.2900000000000027
119249,ForestDryPoor,3.380000000000003
119250,ForestDryPoor,3.340000000000003
119251,ForestDryPoor,3.580000000000003
119252,ForestDryPoor,3.620000000000003
119253,ForestDryPoor,3.440000000000003
119254,ForestDryPoor,1.8000000000000016
119256,OpenWetRich,2.180000000000002
119263,ForestDryPoor,3.810000000000003
119264,ForestDryPoor,3.6800000000000033
119265,ForestDryPoor,3.980000000000003
119266,ForestDryPoor,3.520000000000003
119267,ForestDryPoor,1.3900000000000012
119541,ForestDryPoor,3.2500000000000027
119542,ForestDryPoor,2.030000000000002
119543,ForestDryPoor,2.0100000000000016
119544,ForestDryPoor,3.990000000000004
119545,ForestDryPoor,4.0000000000000036
119546,ForestDryPoor,3.990000000000004
119547,ForestDryPoor,3.870000000000004
119548,ForestDryPoor,3.520000000000003
119550,OpenWetRich,1.090000000000001
119837,ForestDryPoor,1.030000000000001
119838,ForestDryPoor,1.2800000000000011
119839,ForestDryPoor,4.0000000000000036
119840,ForestDryPoor,4.0000000000000036
119841,ForestDryPoor,4.0000000000000036
119842,ForestDryPoor,3.960000000000003
119843,ForestDryPoor,3.200000000000003
119844,ForestDryPoor,2.480000000000002
120131,ForestDryPoor,1.3200000000000012
120132,ForestDryPoor,2.120000000000002
120133,ForestDryPoor,1.9000000000000017
120134,ForestDryPoor,2.3900000000000023
120135,ForestDryPoor,2.290000000000002
120136,ForestDryPoor,2.370000000000002
120137,ForestDryPoor,2.280000000000002
120138,ForestDryPoor,2.080000000000002
120139,ForestDryPoor,1.6100000000000014
120428,ForestDryPoor,2.460000000000002
120429,ForestDryPoor,3.790000000000003
120430,ForestDryPoor,4.0000000000000036
120431,ForestDryPoor,4.0000000000000036
120432,ForestDryPoor,3.860000000000003
120433,ForestDryPoor,3.580000000000003
120434,ForestDryPoor,2.710000000000002
120725,ForestDryPoor,3.8000000000000034
120726,ForestDryPoor,3.8200000000000034
120727,ForestDryPoor,3.670000000000003
120728,ForestDryPoor,3.7200000000000033
120729,ForestDryPoor,2.6700000000000026
120959,ForestDryPoor,1.4200000000000013
121020,ForestDryPoor,2.7500000000000027
121021,ForestDryPoor,2.240000000000002
121023,ForestDryPoor,3.810000000000003
121024,ForestDryPoor,1.3000000000000012
121025,ForestDryPoor,1.3500000000000012
121254,ForestDryPoor,2.710000000000002
121255,ForestDryPoor,1.8100000000000016
121315,ForestDryPoor,3.0100000000000025
121316,ForestDryPoor,3.6400000000000032
121317,ForestDryPoor,1.4700000000000013
121318,ForestDryPoor,1.170000000000001
121319,ForestDryPoor,1.6200000000000014
121320,ForestDryPoor,1.5600000000000014
121550,OpenWetRich,2.6700000000000026
121610,ForestDryPoor,2.8300000000000027
121611,ForestDryPoor,3.240000000000003
121612,ForestDryPoor,1.080000000000001
121613,ForestDryPoor,3.1300000000000026
121615,ForestDryPoor,2.280000000000002
121843,OpenWetRich,1.080000000000001
121904,ForestDryPoor,2.370000000000002
121905,ForestDryPoor,3.5500000000000034
121906,OpenWetRich,2.030000000000002
121910,ForestDryPoor,2.070000000000002
122199,ForestDryPoor,3.160000000000003
122200,ForestDryPoor,3.5900000000000034
122202,ForestDryPoor,3.410000000000003
122427,ForestDryPoor,1.9800000000000015
122428,ForestDryPoor,1.0000000000000009
122429,ForestDryPoor,1.100000000000001
122430,ForestDryPoor,3.1000000000000028
122431,ForestDryPoor,1.180000000000001
122434,ForestDryPoor,1.090000000000001
122436,ForestDryPoor,1.6400000000000017
122491,ForestDryPoor,1.4700000000000013
122492,ForestDryPoor,2.500000000000002
122493,ForestDryPoor,3.220000000000003
122494,ForestDryPoor,2.080000000000002
122495,ForestDryPoor,1.4700000000000013
122496,ForestDryPoor,3.160000000000003
122726,ForestDryPoor,3.340000000000003
122727,ForestDryPoor,3.0100000000000025
122728,ForestDryPoor,2.080000000000002
122729,ForestDryPoor,1.9600000000000015
122731,ForestDryPoor,3.200000000000003
122732,ForestDryPoor,1.9900000000000015
122774,ForestDryPoor,1.4000000000000012
122775,ForestDryPoor,1.5300000000000014
122784,ForestDryPoor,2.300000000000002
122785,ForestDryPoor,3.7000000000000033
122786,ForestDryPoor,4.0000000000000036
122787,ForestDryPoor,3.950000000000004
122788,ForestDryPoor,3.600000000000003
122789,ForestDryPoor,1.480000000000001
122790,ForestDryPoor,3.9700000000000033
123021,ForestDryPoor,1.9800000000000015
123022,ForestDryPoor,3.320000000000003
123023,ForestDryPoor,3.4300000000000033
123024,ForestDryPoor,2.240000000000002
123025,ForestDryPoor,3.320000000000003
123026,ForestDryPoor,1.4500000000000013
123030,ForestDryPoor,1.6800000000000015
123070,ForestDryPoor,3.7200000000000033
123077,ForestDryPoor,1.8800000000000017
123078,ForestDryPoor,3.360000000000003
123079,ForestDryPoor,4.0000000000000036
123080,ForestDryPoor,4.0000000000000036
123081,ForestDryPoor,3.0000000000000027
123082,ForestDryPoor,2.110000000000002
123083,ForestDryPoor,2.530000000000002
123084,ForestDryPoor,3.230000000000003
123315,ForestDryPoor,1.6900000000000015
123316,ForestDryPoor,1.6400000000000017
123317,ForestDryPoor,2.380000000000002
123318,ForestDryPoor,3.240000000000003
123319,ForestDryPoor,3.350000000000003
123320,ForestDryPoor,3.620000000000003
123325,ForestDryPoor,1.6600000000000017
123326,ForestDryPoor,2.040000000000002
123327,ForestDryPoor,1.4400000000000013
123365,ForestDryPoor,2.0000000000000018
123369,ForestDryPoor,1.7100000000000015
123370,ForestDryPoor,3.8400000000000034
123371,ForestDryPoor,3.950000000000004
123372,ForestDryPoor,3.920000000000003
123373,ForestDryPoor,3.220000000000003
123374,ForestDryPoor,3.960000000000003
123375,ForestDryPoor,3.4300000000000033
123376,ForestDryPoor,1.5500000000000014
123377,ForestDryPoor,3.570000000000003
123613,ForestDryPoor,2.7900000000000027
123614,ForestDryPoor,3.530000000000003
123615,ForestDryPoor,2.8200000000000025
123618,ForestDryPoor,2.9400000000000026
123619,ForestDryPoor,2.190000000000002
123620,ForestDryPoor,1.140000000000001
123621,ForestDryPoor,1.110000000000001
123622,ForestDryPoor,1.5100000000000011
123627,ForestDryPoor,2.6800000000000024
123628,ForestDryPoor,1.3400000000000012
123658,ForestDryPoor,2.2500000000000018
123660,ForestDryPoor,1.010000000000001
123665,ForestDryPoor,2.5600000000000023
123666,ForestDryPoor,3.910000000000004
123667,ForestDryPoor,3.870000000000004
123668,ForestDryPoor,3.520000000000003
123669,ForestDryPoor,2.370000000000002
123670,ForestDryPoor,1.8600000000000017
123908,ForestDryPoor,2.9700000000000024
123909,ForestDryPoor,2.6400000000000023
123910,ForestDryPoor,1.5400000000000014
123911,ForestDryPoor,3.0400000000000027
123912,ForestDryPoor,1.6800000000000015
123913,ForestDryPoor,3.790000000000003
123914,ForestDryPoor,2.8000000000000025
123915,ForestDryPoor,1.130000000000001
123917,ForestDryPoor,2.7900000000000027
123921,ForestDryPoor,1.4700000000000013
123922,ForestDryPoor,3.990000000000004
123923,ForestDryPoor,3.730000000000003
123952,ForestDryPoor,3.7000000000000033
123953,ForestDryPoor,3.1000000000000028
123954,ForestDryPoor,3.790000000000003
123955,ForestDryPoor,3.650000000000003
123960,ForestDryPoor,2.280000000000002
123961,ForestDryPoor,3.980000000000003
123962,ForestDryPoor,3.670000000000003
123963,ForestDryPoor,1.9200000000000017
123965,ForestDryPoor,3.610000000000003
124205,ForestDryPoor,3.1300000000000026
124206,ForestDryPoor,3.460000000000003
124207,ForestDryPoor,3.240000000000003
124208,ForestDryPoor,3.630000000000003
124209,ForestDryPoor,2.8700000000000028
124210,ForestDryPoor,3.1300000000000026
124211,ForestDryPoor,2.030000000000002
124213,ForestDryPoor,2.5500000000000025
124214,ForestDryPoor,1.5900000000000014
124216,ForestDryPoor,3.210000000000002
124217,ForestDryPoor,3.910000000000004
124218,ForestDryPoor,2.6600000000000024
124220,ForestDryPoor,2.070000000000002
124246,ForestDryPoor,1.5300000000000014
124247,ForestDryPoor,2.6200000000000023
124249,ForestDryPoor,2.9300000000000024
124250,ForestDryPoor,3.180000000000003
124251,ForestDryPoor,2.610000000000002
124255,ForestDryPoor,1.080000000000001
124256,ForestDryPoor,1.7300000000000015
124258,ForestDryPoor,1.3200000000000012
124259,ForestDryPoor,1.2600000000000011
124504,ForestDryPoor,3.420000000000003
124505,ForestDryPoor,3.7600000000000033
124506,ForestDryPoor,1.9700000000000015
124508,ForestDryPoor,1.100000000000001
124509,ForestDryPoor,3.4700000000000033
124510,ForestDryPoor,3.690000000000003
124511,ForestDryPoor,3.860000000000003
124512,ForestDryPoor,3.980000000000003
124513,ForestDryPoor,2.320000000000002
124514,ForestDryPoor,2.9400000000000026
124515,ForestDryPoor,2.6300000000000026
124542,ForestDryPoor,2.040000000000002
124543,ForestDryPoor,2.500000000000002
124544,ForestDryPoor,3.570000000000003
124545,ForestDryPoor,2.7600000000000025
124546,ForestDryPoor,3.6400000000000032
124547,ForestDryPoor,2.290000000000002
124548,ForestDryPoor,1.7600000000000016
124550,ForestDryPoor,1.2900000000000011
124551,ForestDryPoor,1.4300000000000013
124552,ForestDryPoor,2.710000000000002
124798,ForestDryPoor,1.190000000000001
124799,ForestDryPoor,3.620000000000003
124800,ForestDryPoor,3.6600000000000033
124801,ForestDryPoor,2.410000000000002
124802,ForestDryPoor,3.480000000000003
124804,ForestDryPoor,2.290000000000002
124805,ForestDryPoor,3.810000000000003
124806,ForestDryPoor,3.910000000000004
124807,ForestDryPoor,3.520000000000003
124808,ForestDryPoor,3.3700000000000028
124809,ForestDryPoor,1.5600000000000014
124810,ForestDryPoor,1.5800000000000014
124836,ForestDryPoor,1.230000000000001
124837,ForestDryPoor,2.7200000000000024
124838,ForestDryPoor,3.6800000000000033
124839,ForestDryPoor,3.320000000000003
124840,ForestDryPoor,3.200000000000003
124841,ForestDryPoor,3.8200000000000034
124842,ForestDryPoor,3.360000000000003
124843,ForestDryPoor,3.5500000000000034
124844,ForestDryPoor,1.8200000000000016
125094,ForestDryPoor,3.2900000000000027
125095,ForestDryPoor,3.830000000000003
125096,ForestDryPoor,3.4300000000000033
125097,ForestDryPoor,2.980000000000002
125098,ForestDryPoor,1.3000000000000012
125099,ForestDryPoor,1.060000000000001
125100,ForestDryPoor,3.940000000000003
125101,ForestDryPoor,4.0000000000000036
125102,ForestDryPoor,3.490000000000003
125103,ForestDryPoor,2.9300000000000024
125104,ForestDryPoor,3.380000000000003
125105,ForestDryPoor,3.920000000000003
125106,ForestDryPoor,1.250000000000001
125132,ForestDryPoor,1.8800000000000017
125133,ForestDryPoor,3.7000000000000033
125134,ForestDryPoor,2.650000000000002
125135,ForestDryPoor,3.0800000000000027
125136,ForestDryPoor,3.7200000000000033
125137,ForestDryPoor,3.030000000000003
125138,ForestDryPoor,3.0100000000000025
125139,ForestDryPoor,1.3900000000000012
125140,ForestDryPoor,1.5200000000000014
125389,ForestDryPoor,3.6800000000000033
125390,ForestDryPoor,3.8900000000000032
125391,ForestDryPoor,2.3100000000000023
125392,ForestDryPoor,3.920000000000003
125393,ForestDryPoor,2.060000000000002
125395,ForestDryPoor,3.1000000000000028
125396,ForestDryPoor,2.8800000000000026
125397,ForestDryPoor,3.8200000000000034
125398,ForestDryPoor,1.9000000000000017
125399,ForestDryPoor,3.7200000000000033
125400,ForestDryPoor,3.560000000000003
125401,ForestDryPoor,2.030000000000002
125426,ForestDryPoor,1.7300000000000015
125427,ForestDryPoor,2.7500000000000027
125428,ForestDryPoor,3.2500000000000027
125429,ForestDryPoor,3.110000000000003
125430,ForestDryPoor,3.340000000000003
125431,ForestDryPoor,3.750000000000003
125432,ForestDryPoor,3.950000000000004
125433,ForestDryPoor,1.6400000000000017
125434,ForestDryPoor,1.6000000000000014
125435,ForestDryPoor,2.530000000000002
125684,ForestDryPoor,3.520000000000003
125685,ForestDryPoor,2.7400000000000024
125686,ForestDryPoor,2.240000000000002
125687,ForestDryPoor,3.980000000000003
125688,ForestDryPoor,2.240000000000002
125690,ForestDryPoor,1.5900000000000014
125691,ForestDryPoor,3.8400000000000034
125692,ForestDryPoor,3.5500000000000034
125693,ForestDryPoor,2.6200000000000023
125694,ForestDryPoor,3.570000000000003
125695,ForestDryPoor,3.7000000000000033
125696,ForestDryPoor,1.240000000000001
125719,ForestDryPoor,1.4600000000000013
125720,ForestDryPoor,3.1000000000000028
125721,ForestDryPoor,3.600000000000003
125722,ForestDryPoor,3.0400000000000027
125723,ForestDryPoor,1.190000000000001
125726,ForestDryPoor,2.0900000000000016
125729,ForestDryPoor,1.8400000000000016
125985,ForestDryPoor,1.120000000000001
125986,ForestDryPoor,1.8200000000000016
125987,ForestDryPoor,2.2500000000000018
125988,ForestDryPoor,3.280000000000003
125989,ForestDryPoor,3.8400000000000034
125990,ForestDryPoor,3.950000000000004
125991,ForestDryPoor,1.070000000000001
126014,ForestDryPoor,3.350000000000003
126015,ForestDryPoor,1.8700000000000017
126016,ForestDryPoor,3.2900000000000027
126017,ForestDryPoor,1.8300000000000016
126018,ForestDryPoor,2.500000000000002
126019,ForestDryPoor,2.280000000000002
126021,ForestDryPoor,1.2800000000000011
126025,OpenWetRich,1.4600000000000013
126280,ForestDryPoor,1.6600000000000017
126282,ForestDryPoor,1.9900000000000015
126283,ForestDryPoor,3.630000000000003
126284,ForestDryPoor,2.960000000000002
126285,ForestDryPoor,3.870000000000004
126286,ForestDryPoor,2.190000000000002
126308,ForestDryPoor,1.7000000000000015
126309,ForestDryPoor,2.480000000000002
126310,ForestDryPoor,2.5400000000000023
126311,ForestDryPoor,3.8400000000000034
126312,ForestDryPoor,3.0800000000000027
126313,ForestDryPoor,3.850000000000003
126314,ForestDryPoor,3.0400000000000027
126319,OpenWetRich,1.3700000000000012
126576,ForestDryPoor,1.6600000000000017
126577,ForestDryPoor,1.100000000000001
126578,ForestDryPoor,2.6700000000000026
126579,ForestDryPoor,3.600000000000003
126580,ForestDryPoor,3.630000000000003
126581,ForestDryPoor,3.1200000000000028
126598,ForestDryPoor,1.010000000000001
126599,ForestDryPoor,1.6100000000000014
126600,ForestDryPoor,3.190000000000003
126601,ForestDryPoor,3.1000000000000028
126602,ForestDryPoor,3.7400000000000033
126603,ForestDryPoor,3.7400000000000033
126604,ForestDryPoor,3.500000000000003
126605,ForestDryPoor,2.950000000000003
126606,ForestDryPoor,1.5600000000000014
126608,ForestDryPoor,1.5600000000000014
126609,ForestDryPoor,2.160000000000002
126872,ForestDryPoor,3.310000000000003
126873,ForestDryPoor,1.5700000000000014
126874,ForestDryPoor,3.480000000000003
126875,ForestDryPoor,2.710000000000002
126876,ForestDryPoor,3.920000000000003
126877,ForestDryPoor,3.140000000000003
126892,ForestDryPoor,2.030000000000002
126893,ForestDryPoor,3.940000000000003
126894,ForestDryPoor,3.0200000000000027
126895,ForestDryPoor,3.220000000000003
126896,ForestDryPoor,3.600000000000003
126897,ForestDryPoor,3.860000000000003
126898,ForestDryPoor,3.230000000000003
126899,ForestDryPoor,1.8000000000000016
127163,ForestDryPoor,2.7800000000000025
127164,ForestDryPoor,1.4300000000000013
127167,ForestDryPoor,2.690000000000002
127168,ForestDryPoor,1.110000000000001
127171,ForestDryPoor,2.5600000000000023
127172,ForestDryPoor,3.6800000000000033
127173,ForestDryPoor,3.7600000000000033
127174,ForestDryPoor,1.490000000000001
127185,ForestDryPoor,2.910000000000003
127186,ForestDryPoor,2.5400000000000023
127187,ForestDryPoor,2.320000000000002
127188,ForestDryPoor,4.0000000000000036
127189,ForestDryPoor,3.440000000000003
127190,ForestDryPoor,3.2900000000000027
127191,ForestDryPoor,3.140000000000003
127192,ForestDryPoor,2.320000000000002
127193,ForestDryPoor,2.280000000000002
127194,ForestDryPoor,2.5900000000000025
127210,ForestDryPoor,1.8600000000000017
127457,ForestDryPoor,2.0100000000000016
127458,ForestDryPoor,3.150000000000003
127459,ForestDryPoor,2.8000000000000025
127460,ForestDryPoor,3.0400000000000027
127461,ForestDryPoor,1.2800000000000011
127462,ForestDryPoor,1.8100000000000016
127463,ForestDryPoor,2.420000000000002
127464,ForestDryPoor,3.3700000000000028
127466,ForestDryPoor,1.120000000000001
127467,ForestDryPoor,3.530000000000003
127468,ForestDryPoor,3.1200000000000028
127469,ForestDryPoor,3.160000000000003
127478,ForestDryPoor,1.210000000000001
127479,ForestDryPoor,3.230000000000003
127480,ForestDryPoor,3.0400000000000027
127481,ForestDryPoor,1.5300000000000014
127482,ForestDryPoor,3.2500000000000027
127483,ForestDryPoor,3.440000000000003
127484,ForestDryPoor,3.770000000000003
127485,ForestDryPoor,2.570000000000002
127486,ForestDryPoor,2.070000000000002
127487,ForestDryPoor,3.8900000000000032
127488,ForestDryPoor,2.690000000000002
127504,ForestDryPoor,2.8700000000000028
127506,ForestDryPoor,1.8100000000000016
127754,ForestDryPoor,3.9300000000000033
127755,ForestDryPoor,3.350000000000003
127756,ForestDryPoor,2.530000000000002
127757,ForestDryPoor,2.730000000000002
127758,ForestDryPoor,3.710000000000003
127759,ForestDryPoor,3.6600000000000033
127763,ForestDryPoor,2.320000000000002
127764,ForestDryPoor,4.0000000000000036
127774,ForestDryPoor,2.8400000000000025
127775,ForestDryPoor,3.310000000000003
127776,ForestDryPoor,3.4700000000000033
127777,ForestDryPoor,2.2700000000000022
127778,ForestDryPoor,3.8000000000000034
127779,ForestDryPoor,3.7400000000000033
127780,ForestDryPoor,1.9700000000000015
127782,ForestDryPoor,1.190000000000001
127801,ForestDryPoor,2.570000000000002
128049,ForestDryPoor,3.870000000000004
128050,ForestDryPoor,3.440000000000003
128051,ForestDryPoor,3.360000000000003
128052,ForestDryPoor,2.7700000000000022
128053,ForestDryPoor,3.620000000000003
128054,ForestDryPoor,3.690000000000003
128055,ForestDryPoor,1.8700000000000017
128059,ForestDryPoor,3.2900000000000027
128069,ForestDryPoor,1.2900000000000011
128070,ForestDryPoor,3.9300000000000033
128071,ForestDryPoor,3.270000000000003
128072,ForestDryPoor,3.350000000000003
128073,ForestDryPoor,2.8500000000000023
128074,ForestDryPoor,3.4700000000000033
128075,ForestDryPoor,3.350000000000003
128076,ForestDryPoor,3.3300000000000027
128077,ForestDryPoor,3.540000000000003
128078,ForestDryPoor,1.5100000000000011
128092,ForestDryPoor,2.8700000000000028
128093,ForestDryPoor,3.0900000000000025
128095,ForestDryPoor,2.0100000000000016
128344,ForestDryPoor,2.150000000000002
128345,ForestDryPoor,3.410000000000003
128346,ForestDryPoor,2.5800000000000023
128348,ForestDryPoor,2.9700000000000024
128349,ForestDryPoor,3.410000000000003
128350,ForestDryPoor,2.990000000000003
128354,ForestDryPoor,3.4300000000000033
128363,ForestDryPoor,1.6400000000000017
128364,ForestDryPoor,1.6200000000000014
128365,ForestDryPoor,3.830000000000003
128366,ForestDryPoor,3.6800000000000033
128367,ForestDryPoor,3.6600000000000033
128368,ForestDryPoor,3.8400000000000034
128369,ForestDryPoor,3.210000000000002
128370,ForestDryPoor,3.650000000000003
128371,ForestDryPoor,2.200000000000002
128372,ForestDryPoor,3.880000000000003
128373,ForestDryPoor,1.6000000000000014
128383,ForestDryPoor,1.210000000000001
128386,ForestDryPoor,1.100000000000001
128640,ForestDryPoor,3.650000000000003
128641,ForestDryPoor,4.0000000000000036
128642,ForestDryPoor,3.540000000000003
128643,ForestDryPoor,3.4700000000000033
128644,ForestDryPoor,3.600000000000003
128645,ForestDryPoor,2.7800000000000025
128646,ForestDryPoor,1.4300000000000013
128647,ForestDryPoor,1.050000000000001
128649,ForestDryPoor,2.0500000000000016
128655,ForestDryPoor,1.200000000000001
128658,ForestDryPoor,3.530000000000003
128659,ForestDryPoor,3.360000000000003
128660,ForestDryPoor,3.0400000000000027
128661,ForestDryPoor,2.9700000000000024
128662,ForestDryPoor,3.450000000000003
128663,ForestDryPoor,3.920000000000003
128664,ForestDryPoor,3.360000000000003
128665,ForestDryPoor,3.580000000000003
128666,ForestDryPoor,2.300000000000002
128667,ForestDryPoor,1.210000000000001
128678,ForestDryPoor,1.130000000000001
128681,ForestDryPoor,3.0500000000000025
128935,ForestDryPoor,1.7200000000000015
128936,ForestDryPoor,3.210000000000002
128937,ForestDryPoor,3.540000000000003
128938,ForestDryPoor,3.620000000000003
128939,ForestDryPoor,3.770000000000003
128940,ForestDryPoor,3.580000000000003
128941,ForestDryPoor,3.0100000000000025
128942,ForestDryPoor,1.9900000000000015
128943,ForestDryPoor,1.490000000000001
128944,OpenWetRich,1.030000000000001
128950,ForestDryPoor,1.030000000000001
128952,ForestDryPoor,1.3000000000000012
128953,ForestDryPoor,3.940000000000003
128954,ForestDryPoor,4.0000000000000036
128955,ForestDryPoor,3.190000000000003
128956,ForestDryPoor,3.950000000000004
128957,ForestDryPoor,3.7200000000000033
128958,ForestDryPoor,3.8900000000000032
128959,ForestDryPoor,2.8500000000000023
128960,ForestDryPoor,1.8700000000000017
128966,OpenWetRich,1.8300000000000016
128974,ForestDryPoor,1.190000000000001
128975,ForestDryPoor,1.7500000000000016
129230,ForestDryPoor,2.8500000000000023
129231,ForestDryPoor,1.9300000000000015
129232,ForestDryPoor,2.500000000000002
129233,ForestDryPoor,1.6600000000000017
129234,ForestDryPoor,3.440000000000003
129235,ForestDryPoor,3.600000000000003
129236,ForestDryPoor,3.8000000000000034
129237,ForestDryPoor,3.870000000000004
129238,ForestDryPoor,3.520000000000003
129239,ForestDryPoor,1.7600000000000016
129245,ForestDryPoor,1.250000000000001
129248,ForestDryPoor,2.5600000000000023
129249,ForestDryPoor,3.6600000000000033
129250,ForestDryPoor,1.5800000000000014
129251,ForestDryPoor,3.070000000000003
129252,ForestDryPoor,2.950000000000003
129253,ForestDryPoor,3.2500000000000027
129254,ForestDryPoor,2.5800000000000023
129268,ForestDryPoor,1.210000000000001
129269,ForestDryPoor,3.520000000000003
129527,ForestDryPoor,2.950000000000003
129528,ForestDryPoor,3.980000000000003
129529,ForestDryPoor,3.8000000000000034
129530,ForestDryPoor,3.730000000000003
129531,ForestDryPoor,3.900000000000003
129532,ForestDryPoor,3.870000000000004
129533,ForestDryPoor,3.8400000000000034
129534,ForestDryPoor,2.8800000000000026
129539,ForestDryPoor,2.440000000000002
129540,ForestDryPoor,2.410000000000002
129543,ForestDryPoor,1.020000000000001
129544,ForestDryPoor,2.120000000000002
129545,ForestDryPoor,3.300000000000003
129546,ForestDryPoor,3.0000000000000027
129547,ForestDryPoor,1.9800000000000015
129548,ForestDryPoor,1.4600000000000013
129553,ForestDryPoor,1.060000000000001
129557,ForestDryPoor,1.9900000000000015
129558,ForestDryPoor,3.6400000000000032
129562,ForestDryPoor,3.1000000000000028
129823,ForestDryPoor,3.730000000000003
129824,ForestDryPoor,3.810000000000003
129825,ForestDryPoor,3.900000000000003
129826,ForestDryPoor,3.990000000000004
129827,ForestDryPoor,3.7200000000000033
129828,ForestDryPoor,3.2500000000000027
129829,ForestDryPoor,3.830000000000003
129840,ForestDryPoor,1.020000000000001
129841,ForestDryPoor,1.180000000000001
129843,ForestDryPoor,1.500000000000001
129844,ForestDryPoor,2.6700000000000026
129845,ForestDryPoor,1.3700000000000012
129846,OpenWetRich,1.2600000000000011
129848,ForestDryPoor,1.240000000000001
129849,ForestDryPoor,1.6000000000000014
129852,ForestDryPoor,1.2600000000000011
129853,ForestDryPoor,1.8900000000000017
129857,ForestDryPoor,1.3800000000000012
130118,ForestDryPoor,3.810000000000003
130119,ForestDryPoor,2.980000000000002
130120,ForestDryPoor,2.5100000000000025
130121,ForestDryPoor,3.0800000000000027
130122,ForestDryPoor,3.650000000000003
130123,ForestDryPoor,3.690000000000003
130124,ForestDryPoor,3.8400000000000034
130125,ForestDryPoor,3.0400000000000027
130132,ForestWetRich,1.060000000000001
130138,ForestDryPoor,3.0600000000000027
130139,ForestDryPoor,2.330000000000002
130144,ForestDryPoor,1.2600000000000011
130150,ForestDryPoor,1.110000000000001
130417,ForestDryPoor,3.0400000000000027
130418,ForestDryPoor,3.790000000000003
130419,ForestDryPoor,3.950000000000004
130420,ForestDryPoor,2.5600000000000023
130421,ForestDryPoor,1.5600000000000014
130422,ForestDryPoor,1.8100000000000016
130423,ForestDryPoor,1.3400000000000012
130429,ForestDryPoor,2.6000000000000023
130430,ForestDryPoor,2.080000000000002
130433,ForestDryPoor,1.9300000000000015
130434,ForestDryPoor,1.030000000000001
130438,ForestDryPoor,1.4200000000000013
130444,ForestDryPoor,1.5300000000000014
130712,ForestDryPoor,1.8800000000000017
130713,ForestDryPoor,3.1200000000000028
130714,ForestDryPoor,3.830000000000003
130715,ForestDryPoor,2.080000000000002
130716,ForestDryPoor,3.3300000000000027
130717,ForestDryPoor,3.980000000000003
130718,ForestDryPoor,3.410000000000003
130719,ForestDryPoor,1.6300000000000014
130733,ForestDryPoor,1.6700000000000017
130734,ForestDryPoor,1.170000000000001
130735,ForestDryPoor,2.710000000000002
130736,ForestDryPoor,2.1300000000000017
130739,ForestDryPoor,2.2100000000000017
131008,ForestDryPoor,1.7200000000000015
131009,ForestDryPoor,2.290000000000002
131010,ForestDryPoor,3.730000000000003
131011,ForestDryPoor,3.9700000000000033
131012,ForestDryPoor,2.9000000000000026
131013,ForestDryPoor,1.7900000000000016
131014,ForestDryPoor,3.270000000000003
131015,ForestDryPoor,3.410000000000003
131016,ForestDryPoor,2.260000000000002
131019,ForestWetRich,1.6400000000000017
131021,OpenWetRich,1.3500000000000012
131024,ForestDryPoor,2.3100000000000023
131025,ForestDryPoor,1.3800000000000012
131028,ForestDryPoor,2.5900000000000025
131029,ForestDryPoor,2.0100000000000016
131030,ForestDryPoor,1.5300000000000014
131031,ForestDryPoor,3.450000000000003
131032,ForestDryPoor,2.980000000000002
131033,ForestDryPoor,3.6800000000000033
131034,ForestDryPoor,3.070000000000003
131309,ForestDryPoor,1.7300000000000015
131310,ForestDryPoor,1.3500000000000012
131311,ForestDryPoor,1.140000000000001
131312,ForestDryPoor,2.7000000000000024
131313,ForestDryPoor,1.4600000000000013
131317,ForestDryPoor,1.8600000000000017
131318,ForestDryPoor,2.400000000000002
131319,ForestDryPoor,2.7400000000000024
131320,ForestDryPoor,2.3500000000000023
131323,ForestDryPoor,1.480000000000001
131327,ForestDryPoor,1.250000000000001
131328,ForestDryPoor,2.220000000000002
131329,ForestDryPoor,1.7800000000000016
131607,ForestDryPoor,1.3700000000000012
131608,ForestDryPoor,1.080000000000001
131609,ForestDryPoor,2.9700000000000024
131610,ForestDryPoor,1.6800000000000015
131611,ForestDryPoor,2.440000000000002
131612,ForestDryPoor,3.0600000000000027
131613,ForestDryPoor,1.4200000000000013
131614,ForestDryPoor,1.6700000000000017
131615,ForestDryPoor,3.0400000000000027
131619,ForestDryPoor,2.0100000000000016
131620,ForestDryPoor,2.300000000000002
131622,ForestDryPoor,1.6700000000000017
131902,ForestDryPoor,1.9500000000000015
131903,ForestDryPoor,3.460000000000003
131904,ForestDryPoor,2.9400000000000026
132197,ForestDryPoor,3.830000000000003
132198,ForestDryPoor,3.570000000000003
132199,ForestDryPoor,1.7500000000000016
132200,ForestDryPoor,1.160000000000001
132201,ForestDryPoor,2.1300000000000017
132494,ForestDryPoor,1.9400000000000015
132495,ForestDryPoor,3.0000000000000027
