coarse_cell_id,landuse,SavedRestoredHa,ModelRestorableAreaHa,DifferenceHa,Passes
2927,ForestDryPoor,2.04,2.040000000000002,-1.7763568394002505e-15,TRUE
5285,ForestDryPoor,3.54,3.540000000000003,-3.1086244689504383e-15,TRUE
5298,ForestDryPoor,3.05,3.0500000000000025,-2.6645352591003757e-15,TRUE
5299,ForestDryPoor,2.78,2.7800000000000025,-2.6645352591003757e-15,TRUE
5580,ForestDryPoor,3.85,3.850000000000003,-3.1086244689504383e-15,TRUE
5587,ForestDryPoor,1.84,1.8400000000000016,-1.5543122344752192e-15,TRUE
5875,ForestDryPoor,3.53,3.530000000000003,-3.1086244689504383e-15,TRUE
5890,ForestDryPoor,1.46,1.4600000000000013,-1.3322676295501878e-15,TRUE
6167,ForestDryPoor,1.73,1.7300000000000015,-1.5543122344752192e-15,TRUE
6170,ForestDryPoor,3.9,3.900000000000003,-3.1086244689504383e-15,TRUE
6175,ForestDryPoor,2.85,2.8500000000000023,-2.220446049250313e-15,TRUE
6184,ForestDryPoor,2.65,2.650000000000002,-2.220446049250313e-15,TRUE
6185,ForestDryPoor,3.12,3.1200000000000028,-2.6645352591003757e-15,TRUE
6187,ForestDryPoor,2.72,2.7200000000000024,-2.220446049250313e-15,TRUE
6188,ForestDryPoor,2.77,2.7700000000000022,-2.220446049250313e-15,TRUE
6189,ForestDryPoor,1.32,1.3200000000000012,-1.1102230246251565e-15,TRUE
6465,ForestDryPoor,3.77,3.770000000000003,-3.1086244689504383e-15,TRUE
6470,ForestDryPoor,2.01,2.0100000000000016,-1.7763568394002505e-15,TRUE
6478,ForestDryPoor,2.84,2.8400000000000025,-2.6645352591003757e-15,TRUE
6483,ForestDryPoor,1.68,1.6800000000000015,-1.5543122344752192e-15,TRUE
6756,ForestDryPoor,2.98,2.980000000000002,-2.220446049250313e-15,TRUE
6760,ForestDryPoor,3.83,3.830000000000003,-3.1086244689504383e-15,TRUE
6761,ForestDryPoor,3.84,3.8400000000000034,-3.552713678800501e-15,TRUE
6762,ForestDryPoor,3.83,3.830000000000003,-3.1086244689504383e-15,TRUE
7056,ForestDryPoor,3.63,3.630000000000003,-3.1086244689504383e-15,TRUE
7057,ForestDryPoor,3.9,3.900000000000003,-3.1086244689504383e-15,TRUE
7068,ForestDryPoor,2.72,2.7200000000000024,-2.220446049250313e-15,TRUE
7346,ForestDryPoor,3.37,3.3700000000000028,-2.6645352591003757e-15,TRUE
7347,ForestDryPoor,3.18,3.180000000000003,-2.6645352591003757e-15,TRUE
7352,ForestDryPoor,3.91,3.910000000000004,-3.9968028886505635e-15,TRUE
7641,ForestDryPoor,3.27,3.270000000000003,-3.1086244689504383e-15,TRUE
7642,ForestDryPoor,3.81,3.810000000000003,-3.1086244689504383e-15,TRUE
7647,ForestDryPoor,3.56,3.560000000000003,-3.1086244689504383e-15,TRUE
7658,ForestDryPoor,3.44,3.440000000000003,-3.1086244689504383e-15,TRUE
7935,ForestDryPoor,3.72,3.7200000000000033,-3.1086244689504383e-15,TRUE
7936,ForestDryPoor,3.39,3.3900000000000032,-3.1086244689504383e-15,TRUE
7937,ForestDryPoor,3.2,3.200000000000003,-2.6645352591003757e-15,TRUE
7940,ForestDryPoor,2.6,2.6000000000000023,-2.220446049250313e-15,TRUE
7941,ForestDryPoor,2,2.0000000000000018,-1.7763568394002505e-15,TRUE
7942,ForestDryPoor,1.39,1.3900000000000012,-1.3322676295501878e-15,TRUE
8226,ForestDryPoor,3.06,3.0600000000000027,-2.6645352591003757e-15,TRUE
8230,ForestDryPoor,2.92,2.9200000000000026,-2.6645352591003757e-15,TRUE
8231,ForestDryPoor,1.99,1.9900000000000015,-1.5543122344752192e-15,TRUE
8232,ForestDryPoor,3.72,3.7200000000000033,-3.1086244689504383e-15,TRUE
8233,ForestDryPoor,3.62,3.620000000000003,-3.1086244689504383e-15,TRUE
8234,ForestDryPoor,3.66,3.6600000000000033,-3.1086244689504383e-15,TRUE
8246,ForestDryPoor,1.84,1.8400000000000016,-1.5543122344752192e-15,TRUE
8521,ForestDryPoor,1.82,1.8200000000000016,-1.5543122344752192e-15,TRUE
8525,ForestDryPoor,2.77,2.7700000000000022,-2.220446049250313e-15,TRUE
8528,ForestDryPoor,3.2,3.200000000000003,-2.6645352591003757e-15,TRUE
8822,ForestDryPoor,1.96,1.9600000000000015,-1.5543122344752192e-15,TRUE
9111,ForestDryPoor,3.33,3.3300000000000027,-2.6645352591003757e-15,TRUE
9112,ForestDryPoor,2.61,2.610000000000002,-2.220446049250313e-15,TRUE
9407,ForestDryPoor,3.07,3.070000000000003,-3.1086244689504383e-15,TRUE
9408,ForestDryPoor,2.64,2.6400000000000023,-2.220446049250313e-15,TRUE
9409,ForestDryPoor,2.63,2.6300000000000026,-2.6645352591003757e-15,TRUE
9410,ForestDryPoor,3.33,3.3300000000000027,-2.6645352591003757e-15,TRUE
9424,ForestDryPoor,3.85,3.850000000000003,-3.1086244689504383e-15,TRUE
10010,ForestDryPoor,1.94,1.9400000000000015,-1.5543122344752192e-15,TRUE
10287,ForestDryPoor,1.71,1.7100000000000015,-1.5543122344752192e-15,TRUE
10293,ForestDryPoor,3.19,3.190000000000003,-3.1086244689504383e-15,TRUE
10582,ForestDryPoor,3.67,3.670000000000003,-3.1086244689504383e-15,TRUE
10587,ForestDryPoor,4,4.0000000000000036,-3.552713678800501e-15,TRUE
10588,ForestDryPoor,3.4,3.400000000000003,-3.1086244689504383e-15,TRUE
10878,ForestDryPoor,1.36,1.3600000000000012,-1.1102230246251565e-15,TRUE
10879,ForestDryPoor,2.37,2.370000000000002,-1.7763568394002505e-15,TRUE
11170,ForestDryPoor,2.44,2.440000000000002,-2.220446049250313e-15,TRUE
11172,ForestDryPoor,2.72,2.7200000000000024,-2.220446049250313e-15,TRUE
11173,ForestDryPoor,2.56,2.5600000000000023,-2.220446049250313e-15,TRUE
11174,ForestDryPoor,1.8,1.8000000000000016,-1.5543122344752192e-15,TRUE
11178,ForestDryPoor,1.92,1.9200000000000017,-1.7763568394002505e-15,TRUE
11467,ForestDryPoor,3.86,3.860000000000003,-3.1086244689504383e-15,TRUE
11757,ForestDryPoor,1.3,1.3000000000000012,-1.1102230246251565e-15,TRUE
11758,ForestDryPoor,3.02,3.0200000000000027,-2.6645352591003757e-15,TRUE
11759,ForestDryPoor,3.03,3.030000000000003,-3.1086244689504383e-15,TRUE
11762,ForestDryPoor,3.56,3.560000000000003,-3.1086244689504383e-15,TRUE
11765,ForestDryPoor,3.96,3.960000000000003,-3.1086244689504383e-15,TRUE
11767,ForestDryPoor,3.99,3.990000000000004,-3.9968028886505635e-15,TRUE
11775,ForestDryPoor,1.07,1.070000000000001,-8.881784197001252e-16,TRUE
12051,ForestDryPoor,1.34,1.3400000000000012,-1.1102230246251565e-15,TRUE
12052,ForestDryPoor,1.09,1.090000000000001,-8.881784197001252e-16,TRUE
12053,ForestDryPoor,1.16,1.160000000000001,-1.1102230246251565e-15,TRUE
12054,ForestDryPoor,3.19,3.190000000000003,-3.1086244689504383e-15,TRUE
12057,ForestDryPoor,3.59,3.5900000000000034,-3.552713678800501e-15,TRUE
12060,ForestDryPoor,3.82,3.8200000000000034,-3.552713678800501e-15,TRUE
12062,ForestDryPoor,2.68,2.6800000000000024,-2.220446049250313e-15,TRUE
12346,ForestDryPoor,1.15,1.150000000000001,-1.1102230246251565e-15,TRUE
12348,ForestDryPoor,2.68,2.6800000000000024,-2.220446049250313e-15,TRUE
12349,ForestDryPoor,3.72,3.7200000000000033,-3.1086244689504383e-15,TRUE
12350,ForestDryPoor,3.81,3.810000000000003,-3.1086244689504383e-15,TRUE
12352,ForestDryPoor,3.81,3.810000000000003,-3.1086244689504383e-15,TRUE
12355,ForestDryPoor,3.8,3.8000000000000034,-3.552713678800501e-15,TRUE
12364,ForestDryPoor,2.85,2.8500000000000023,-2.220446049250313e-15,TRUE
12641,ForestDryPoor,1.86,1.8600000000000017,-1.5543122344752192e-15,TRUE
12642,ForestDryPoor,2.46,2.460000000000002,-2.220446049250313e-15,TRUE
12643,ForestDryPoor,2.48,2.480000000000002,-2.220446049250313e-15,TRUE
12644,ForestDryPoor,1.77,1.7700000000000016,-1.5543122344752192e-15,TRUE
12645,ForestDryPoor,2.85,2.8500000000000023,-2.220446049250313e-15,TRUE
12647,ForestDryPoor,3.07,3.070000000000003,-3.1086244689504383e-15,TRUE
12648,ForestDryPoor,3.29,3.2900000000000027,-2.6645352591003757e-15,TRUE
12650,ForestDryPoor,3.84,3.8400000000000034,-3.552713678800501e-15,TRUE
12651,ForestDryPoor,3.5,3.500000000000003,-3.1086244689504383e-15,TRUE
12937,ForestDryPoor,2.63,2.6300000000000026,-2.6645352591003757e-15,TRUE
12938,ForestDryPoor,3.43,3.4300000000000033,-3.1086244689504383e-15,TRUE
12940,ForestDryPoor,3.17,3.1700000000000026,-2.6645352591003757e-15,TRUE
12941,ForestDryPoor,2.94,2.9400000000000026,-2.6645352591003757e-15,TRUE
12942,ForestDryPoor,2.07,2.070000000000002,-2.220446049250313e-15,TRUE
12943,ForestDryPoor,1.5,1.500000000000001,-1.1102230246251565e-15,TRUE
12944,ForestDryPoor,3.95,3.950000000000004,-3.9968028886505635e-15,TRUE
12946,ForestDryPoor,2.31,2.3100000000000023,-2.220446049250313e-15,TRUE
12952,ForestDryPoor,1.18,1.180000000000001,-1.1102230246251565e-15,TRUE
12953,ForestDryPoor,3.85,3.850000000000003,-3.1086244689504383e-15,TRUE
12956,ForestDryPoor,3.13,3.1300000000000026,-2.6645352591003757e-15,TRUE
12957,ForestDryPoor,3.06,3.0600000000000027,-2.6645352591003757e-15,TRUE
13234,ForestDryPoor,2.01,2.0100000000000016,-1.7763568394002505e-15,TRUE
13236,ForestDryPoor,3.02,3.0200000000000027,-2.6645352591003757e-15,TRUE
13237,ForestDryPoor,2.99,2.990000000000003,-2.6645352591003757e-15,TRUE
13239,ForestDryPoor,3.57,3.570000000000003,-3.1086244689504383e-15,TRUE
13247,ForestDryPoor,1.12,1.120000000000001,-8.881784197001252e-16,TRUE
13527,ForestDryPoor,2.83,2.8300000000000027,-2.6645352591003757e-15,TRUE
13528,ForestDryPoor,3,3.0000000000000027,-2.6645352591003757e-15,TRUE
13529,ForestDryPoor,3.63,3.630000000000003,-3.1086244689504383e-15,TRUE
13530,ForestDryPoor,3.69,3.690000000000003,-3.1086244689504383e-15,TRUE
13531,ForestDryPoor,3.55,3.5500000000000034,-3.552713678800501e-15,TRUE
13532,ForestDryPoor,1.23,1.230000000000001,-1.1102230246251565e-15,TRUE
13543,ForestDryPoor,2.98,2.980000000000002,-2.220446049250313e-15,TRUE
13826,ForestDryPoor,2.6,2.6000000000000023,-2.220446049250313e-15,TRUE
13842,ForestDryPoor,3.39,3.3900000000000032,-3.1086244689504383e-15,TRUE
14119,ForestDryPoor,3.8,3.8000000000000034,-3.552713678800501e-15,TRUE
14120,ForestDryPoor,3.68,3.6800000000000033,-3.1086244689504383e-15,TRUE
14121,ForestDryPoor,1.94,1.9400000000000015,-1.5543122344752192e-15,TRUE
14416,ForestDryPoor,1.29,1.2900000000000011,-1.1102230246251565e-15,TRUE
15005,ForestDryPoor,3.7,3.7000000000000033,-3.1086244689504383e-15,TRUE
15018,ForestDryPoor,3.79,3.790000000000003,-3.1086244689504383e-15,TRUE
15300,ForestDryPoor,3,3.0000000000000027,-2.6645352591003757e-15,TRUE
15308,ForestDryPoor,1.74,1.7400000000000015,-1.5543122344752192e-15,TRUE
15594,ForestDryPoor,3.05,3.0500000000000025,-2.6645352591003757e-15,TRUE
15595,ForestDryPoor,2.1,2.100000000000002,-1.7763568394002505e-15,TRUE
15603,ForestDryPoor,2.79,2.7900000000000027,-2.6645352591003757e-15,TRUE
15612,ForestDryPoor,1.77,1.7700000000000016,-1.5543122344752192e-15,TRUE
15888,ForestDryPoor,2.65,2.650000000000002,-2.220446049250313e-15,TRUE
15889,ForestDryPoor,3.05,3.0500000000000025,-2.6645352591003757e-15,TRUE
15890,ForestDryPoor,2.65,2.650000000000002,-2.220446049250313e-15,TRUE
15906,ForestDryPoor,2.93,2.9300000000000024,-2.220446049250313e-15,TRUE
16183,ForestDryPoor,3.55,3.5500000000000034,-3.552713678800501e-15,TRUE
16184,ForestDryPoor,1.55,1.5500000000000014,-1.3322676295501878e-15,TRUE
16191,ForestDryPoor,3,3.0000000000000027,-2.6645352591003757e-15,TRUE
16201,ForestDryPoor,2.99,2.990000000000003,-2.6645352591003757e-15,TRUE
16476,ForestDryPoor,1.63,1.6300000000000014,-1.5543122344752192e-15,TRUE
16477,ForestDryPoor,1.64,1.6400000000000017,-1.7763568394002505e-15,TRUE
16478,ForestDryPoor,2.66,2.6600000000000024,-2.220446049250313e-15,TRUE
16479,ForestDryPoor,1.52,1.5200000000000014,-1.3322676295501878e-15,TRUE
16486,ForestDryPoor,2.92,2.9200000000000026,-2.6645352591003757e-15,TRUE
16773,ForestDryPoor,2.94,2.9400000000000026,-2.6645352591003757e-15,TRUE
16774,ForestDryPoor,1.69,1.6900000000000015,-1.5543122344752192e-15,TRUE
16781,ForestDryPoor,2.84,2.8400000000000025,-2.6645352591003757e-15,TRUE
16784,ForestDryPoor,3.76,3.7600000000000033,-3.552713678800501e-15,TRUE
16790,ForestDryPoor,1.8,1.8000000000000016,-1.5543122344752192e-15,TRUE
17065,ForestDryPoor,3.65,3.650000000000003,-3.1086244689504383e-15,TRUE
17068,ForestDryPoor,3.3,3.300000000000003,-3.1086244689504383e-15,TRUE
17069,ForestDryPoor,3.32,3.320000000000003,-3.1086244689504383e-15,TRUE
17076,ForestDryPoor,2.8,2.8000000000000025,-2.6645352591003757e-15,TRUE
17362,ForestDryPoor,3.64,3.6400000000000032,-3.1086244689504383e-15,TRUE
17363,ForestDryPoor,3.17,3.1700000000000026,-2.6645352591003757e-15,TRUE
17364,ForestDryPoor,3.5,3.500000000000003,-3.1086244689504383e-15,TRUE
17365,ForestDryPoor,1.15,1.150000000000001,-1.1102230246251565e-15,TRUE
17374,ForestDryPoor,3.73,3.730000000000003,-3.1086244689504383e-15,TRUE
17658,ForestDryPoor,3.76,3.7600000000000033,-3.552713678800501e-15,TRUE
17659,ForestDryPoor,3.78,3.7800000000000034,-3.552713678800501e-15,TRUE
17660,ForestDryPoor,3.47,3.4700000000000033,-3.1086244689504383e-15,TRUE
17661,ForestDryPoor,1.19,1.190000000000001,-1.1102230246251565e-15,TRUE
17666,ForestDryPoor,2.68,2.6800000000000024,-2.220446049250313e-15,TRUE
17955,ForestDryPoor,2.63,2.6300000000000026,-2.6645352591003757e-15,TRUE
17961,ForestDryPoor,2.6,2.6000000000000023,-2.220446049250313e-15,TRUE
18256,ForestDryPoor,2.6,2.6000000000000023,-2.220446049250313e-15,TRUE
18551,ForestDryPoor,2.44,2.440000000000002,-2.220446049250313e-15,TRUE
18552,ForestDryPoor,3.87,3.870000000000004,-3.9968028886505635e-15,TRUE
18842,ForestDryPoor,3.16,3.160000000000003,-2.6645352591003757e-15,TRUE
18846,ForestDryPoor,2.39,2.3900000000000023,-2.220446049250313e-15,TRUE
18847,ForestDryPoor,3.83,3.830000000000003,-3.1086244689504383e-15,TRUE
19137,ForestDryPoor,4,4.0000000000000036,-3.552713678800501e-15,TRUE
19141,ForestDryPoor,3.25,3.2500000000000027,-2.6645352591003757e-15,TRUE
19142,ForestDryPoor,4,4.0000000000000036,-3.552713678800501e-15,TRUE
19143,ForestDryPoor,2.84,2.8400000000000025,-2.6645352591003757e-15,TRUE
19144,ForestDryPoor,3,3.0000000000000027,-2.6645352591003757e-15,TRUE
19432,ForestDryPoor,4,4.0000000000000036,-3.552713678800501e-15,TRUE
19433,ForestDryPoor,1.89,1.8900000000000017,-1.7763568394002505e-15,TRUE
19438,ForestDryPoor,1.03,1.030000000000001,-8.881784197001252e-16,TRUE
19439,ForestDryPoor,1.46,1.4600000000000013,-1.3322676295501878e-15,TRUE
19727,ForestDryPoor,4,4.0000000000000036,-3.552713678800501e-15,TRUE
19728,ForestDryPoor,2.2,2.200000000000002,-1.7763568394002505e-15,TRUE
19732,ForestDryPoor,3.12,3.1200000000000028,-2.6645352591003757e-15,TRUE
19733,ForestDryPoor,3.76,3.7600000000000033,-3.552713678800501e-15,TRUE
20021,ForestDryPoor,3.48,3.480000000000003,-3.1086244689504383e-15,TRUE
20022,ForestDryPoor,3.85,3.850000000000003,-3.1086244689504383e-15,TRUE
20023,ForestDryPoor,1.87,1.8700000000000017,-1.5543122344752192e-15,TRUE
20027,ForestDryPoor,2.78,2.7800000000000025,-2.6645352591003757e-15,TRUE
20028,ForestDryPoor,3.67,3.670000000000003,-3.1086244689504383e-15,TRUE
20029,ForestDryPoor,3.03,3.030000000000003,-3.1086244689504383e-15,TRUE
20315,ForestDryPoor,3.12,3.1200000000000028,-2.6645352591003757e-15,TRUE
20316,ForestDryPoor,1.22,1.220000000000001,-1.1102230246251565e-15,TRUE
20317,ForestDryPoor,1.44,1.4400000000000013,-1.3322676295501878e-15,TRUE
20322,ForestDryPoor,2.74,2.7400000000000024,-2.220446049250313e-15,TRUE
20323,ForestDryPoor,3.3,3.300000000000003,-3.1086244689504383e-15,TRUE
20324,ForestDryPoor,4,4.0000000000000036,-3.552713678800501e-15,TRUE
20325,ForestDryPoor,1.45,1.4500000000000013,-1.3322676295501878e-15,TRUE
20606,ForestDryPoor,3,3.0000000000000027,-2.6645352591003757e-15,TRUE
20611,ForestDryPoor,3.67,3.670000000000003,-3.1086244689504383e-15,TRUE
20612,ForestDryPoor,3.14,3.140000000000003,-2.6645352591003757e-15,TRUE
20613,ForestDryPoor,1.64,1.6400000000000017,-1.7763568394002505e-15,TRUE
20617,ForestDryPoor,2.1,2.100000000000002,-1.7763568394002505e-15,TRUE
20618,ForestDryPoor,3.14,3.140000000000003,-2.6645352591003757e-15,TRUE
20619,ForestDryPoor,3.92,3.920000000000003,-3.1086244689504383e-15,TRUE
20620,ForestDryPoor,3.62,3.620000000000003,-3.1086244689504383e-15,TRUE
20907,ForestDryPoor,3.86,3.860000000000003,-3.1086244689504383e-15,TRUE
20908,ForestDryPoor,2.15,2.150000000000002,-2.220446049250313e-15,TRUE
20913,ForestDryPoor,3.94,3.940000000000003,-3.1086244689504383e-15,TRUE
20914,ForestDryPoor,3.69,3.690000000000003,-3.1086244689504383e-15,TRUE
20915,ForestDryPoor,4,4.0000000000000036,-3.552713678800501e-15,TRUE
20916,ForestDryPoor,3.55,3.5500000000000034,-3.552713678800501e-15,TRUE
20917,ForestDryPoor,2.69,2.690000000000002,-2.220446049250313e-15,TRUE
21199,ForestDryPoor,3.26,3.260000000000003,-3.1086244689504383e-15,TRUE
21203,ForestDryPoor,1.54,1.5400000000000014,-1.3322676295501878e-15,TRUE
21210,ForestDryPoor,3.49,3.490000000000003,-2.6645352591003757e-15,TRUE
21211,ForestDryPoor,3.99,3.990000000000004,-3.9968028886505635e-15,TRUE
21492,ForestDryPoor,2.62,2.6200000000000023,-2.220446049250313e-15,TRUE
21498,ForestDryPoor,1.65,1.6500000000000017,-1.7763568394002505e-15,TRUE
21503,ForestDryPoor,1.83,1.8300000000000016,-1.5543122344752192e-15,TRUE
21505,ForestDryPoor,3.98,3.980000000000003,-3.1086244689504383e-15,TRUE
21506,ForestDryPoor,3.61,3.610000000000003,-3.1086244689504383e-15,TRUE
21509,ForestDryPoor,3.92,3.920000000000003,-3.1086244689504383e-15,TRUE
21787,ForestDryPoor,2.95,2.950000000000003,-2.6645352591003757e-15,TRUE
21789,ForestDryPoor,3.77,3.770000000000003,-3.1086244689504383e-15,TRUE
21790,ForestDryPoor,3.75,3.750000000000003,-3.1086244689504383e-15,TRUE
21798,ForestDryPoor,1.98,1.9800000000000015,-1.5543122344752192e-15,TRUE
21801,ForestDryPoor,4,4.0000000000000036,-3.552713678800501e-15,TRUE
21804,ForestDryPoor,3.68,3.6800000000000033,-3.1086244689504383e-15,TRUE
21805,ForestDryPoor,3.6,3.600000000000003,-3.1086244689504383e-15,TRUE
22083,ForestDryPoor,3.69,3.690000000000003,-3.1086244689504383e-15,TRUE
22084,ForestDryPoor,3.86,3.860000000000003,-3.1086244689504383e-15,TRUE
22085,ForestDryPoor,3.68,3.6800000000000033,-3.1086244689504383e-15,TRUE
22088,ForestDryPoor,1.59,1.5900000000000014,-1.3322676295501878e-15,TRUE
22094,ForestDryPoor,3.96,3.960000000000003,-3.1086244689504383e-15,TRUE
22099,ForestDryPoor,4,4.0000000000000036,-3.552713678800501e-15,TRUE
22100,ForestDryPoor,4,4.0000000000000036,-3.552713678800501e-15,TRUE
22380,ForestDryPoor,3.85,3.850000000000003,-3.1086244689504383e-15,TRUE
22381,ForestDryPoor,3.66,3.6600000000000033,-3.1086244689504383e-15,TRUE
22382,ForestDryPoor,3.95,3.950000000000004,-3.9968028886505635e-15,TRUE
22383,ForestDryPoor,1.98,1.9800000000000015,-1.5543122344752192e-15,TRUE
22389,ForestDryPoor,2.81,2.8100000000000023,-2.220446049250313e-15,TRUE
22391,ForestDryPoor,3.9,3.900000000000003,-3.1086244689504383e-15,TRUE
22392,ForestDryPoor,4,4.0000000000000036,-3.552713678800501e-15,TRUE
22395,ForestDryPoor,4,4.0000000000000036,-3.552713678800501e-15,TRUE
22397,ForestDryPoor,3.96,3.960000000000003,-3.1086244689504383e-15,TRUE
22676,ForestDryPoor,3.82,3.8200000000000034,-3.552713678800501e-15,TRUE
22678,ForestDryPoor,1.58,1.5800000000000014,-1.3322676295501878e-15,TRUE
22684,ForestDryPoor,1.6,1.6000000000000014,-1.3322676295501878e-15,TRUE
22687,ForestDryPoor,4,4.0000000000000036,-3.552713678800501e-15,TRUE
22971,ForestDryPoor,3.9,3.900000000000003,-3.1086244689504383e-15,TRUE
22979,ForestDryPoor,2.05,2.0500000000000016,-1.7763568394002505e-15,TRUE
22982,ForestDryPoor,3.93,3.9300000000000033,-3.1086244689504383e-15,TRUE
22983,ForestDryPoor,3.84,3.8400000000000034,-3.552713678800501e-15,TRUE
23265,ForestDryPoor,3.73,3.730000000000003,-3.1086244689504383e-15,TRUE
23266,ForestDryPoor,3.84,3.8400000000000034,-3.552713678800501e-15,TRUE
23267,ForestDryPoor,3.98,3.980000000000003,-3.1086244689504383e-15,TRUE
23274,ForestDryPoor,3.05,3.0500000000000025,-2.6645352591003757e-15,TRUE
23279,ForestDryPoor,3.91,3.910000000000004,-3.9968028886505635e-15,TRUE
23280,ForestDryPoor,3.92,3.920000000000003,-3.1086244689504383e-15,TRUE
23281,ForestDryPoor,3.91,3.910000000000004,-3.9968028886505635e-15,TRUE
23282,ForestDryPoor,2.69,2.690000000000002,-2.220446049250313e-15,TRUE
23560,ForestDryPoor,3.91,3.910000000000004,-3.9968028886505635e-15,TRUE
23561,ForestDryPoor,3.71,3.710000000000003,-3.1086244689504383e-15,TRUE
23562,ForestDryPoor,2.67,2.6700000000000026,-2.6645352591003757e-15,TRUE
23572,ForestDryPoor,3.87,3.870000000000004,-3.9968028886505635e-15,TRUE
23574,ForestDryPoor,3.79,3.790000000000003,-3.1086244689504383e-15,TRUE
23575,ForestDryPoor,3.7,3.7000000000000033,-3.1086244689504383e-15,TRUE
23576,ForestDryPoor,3.86,3.860000000000003,-3.1086244689504383e-15,TRUE
23870,ForestDryPoor,3.93,3.9300000000000033,-3.1086244689504383e-15,TRUE
23871,ForestDryPoor,3.77,3.770000000000003,-3.1086244689504383e-15,TRUE
23872,ForestDryPoor,1.78,1.7800000000000016,-1.5543122344752192e-15,TRUE
23873,ForestDryPoor,3.32,3.320000000000003,-3.1086244689504383e-15,TRUE
23874,ForestDryPoor,3.99,3.990000000000004,-3.9968028886505635e-15,TRUE
23877,ForestDryPoor,3.68,3.6800000000000033,-3.1086244689504383e-15,TRUE
23880,ForestDryPoor,1.16,1.160000000000001,-1.1102230246251565e-15,TRUE
24147,ForestDryPoor,4,4.0000000000000036,-3.552713678800501e-15,TRUE
24148,ForestDryPoor,3.97,3.9700000000000033,-3.1086244689504383e-15,TRUE
24149,ForestDryPoor,3.86,3.860000000000003,-3.1086244689504383e-15,TRUE
24165,ForestDryPoor,4,4.0000000000000036,-3.552713678800501e-15,TRUE
24167,ForestDryPoor,2.49,2.490000000000002,-1.7763568394002505e-15,TRUE
24168,ForestDryPoor,2.49,2.490000000000002,-1.7763568394002505e-15,TRUE
24169,ForestDryPoor,2.67,2.6700000000000026,-2.6645352591003757e-15,TRUE
24170,ForestDryPoor,3.11,3.110000000000003,-3.1086244689504383e-15,TRUE
24173,ForestDryPoor,3.41,3.410000000000003,-2.6645352591003757e-15,TRUE
24176,ForestDryPoor,1.02,1.020000000000001,-8.881784197001252e-16,TRUE
24444,ForestDryPoor,3.98,3.980000000000003,-3.1086244689504383e-15,TRUE
24445,ForestDryPoor,3.82,3.8200000000000034,-3.552713678800501e-15,TRUE
24462,ForestDryPoor,3.72,3.7200000000000033,-3.1086244689504383e-15,TRUE
24465,ForestDryPoor,4,4.0000000000000036,-3.552713678800501e-15,TRUE
24466,ForestDryPoor,3.25,3.2500000000000027,-2.6645352591003757e-15,TRUE
24468,ForestDryPoor,3.6,3.600000000000003,-3.1086244689504383e-15,TRUE
24740,ForestDryPoor,3.85,3.850000000000003,-3.1086244689504383e-15,TRUE
24757,ForestDryPoor,3.74,3.7400000000000033,-3.1086244689504383e-15,TRUE
24761,ForestDryPoor,3.58,3.580000000000003,-3.1086244689504383e-15,TRUE
25042,ForestDryPoor,1.23,1.230000000000001,-1.1102230246251565e-15,TRUE
25052,ForestDryPoor,3.8,3.8000000000000034,-3.552713678800501e-15,TRUE
25056,ForestDryPoor,3.78,3.7800000000000034,-3.552713678800501e-15,TRUE
25057,ForestDryPoor,2.96,2.960000000000002,-2.220446049250313e-15,TRUE
25058,ForestDryPoor,2.79,2.7900000000000027,-2.6645352591003757e-15,TRUE
25323,ForestDryPoor,1.12,1.120000000000001,-8.881784197001252e-16,TRUE
25330,ForestDryPoor,2.14,2.140000000000002,-1.7763568394002505e-15,TRUE
25341,ForestDryPoor,4,4.0000000000000036,-3.552713678800501e-15,TRUE
25344,ForestDryPoor,3.38,3.380000000000003,-3.1086244689504383e-15,TRUE
25351,ForestDryPoor,3.79,3.790000000000003,-3.1086244689504383e-15,TRUE
25353,ForestDryPoor,2.78,2.7800000000000025,-2.6645352591003757e-15,TRUE
25355,ForestDryPoor,2.94,2.9400000000000026,-2.6645352591003757e-15,TRUE
25356,ForestDryPoor,3.18,3.180000000000003,-2.6645352591003757e-15,TRUE
25359,ForestDryPoor,2.44,2.440000000000002,-2.220446049250313e-15,TRUE
25611,ForestDryPoor,2.96,2.960000000000002,-2.220446049250313e-15,TRUE
25612,ForestDryPoor,3.82,3.8200000000000034,-3.552713678800501e-15,TRUE
25615,ForestDryPoor,3.44,3.440000000000003,-3.1086244689504383e-15,TRUE
25616,ForestDryPoor,3.34,3.340000000000003,-3.1086244689504383e-15,TRUE
25617,ForestDryPoor,2.79,2.7900000000000027,-2.6645352591003757e-15,TRUE
25618,ForestDryPoor,3.19,3.190000000000003,-3.1086244689504383e-15,TRUE
25619,ForestDryPoor,3.11,3.110000000000003,-3.1086244689504383e-15,TRUE
25620,ForestDryPoor,3.5,3.500000000000003,-3.1086244689504383e-15,TRUE
25621,ForestDryPoor,3.54,3.540000000000003,-3.1086244689504383e-15,TRUE
25623,ForestDryPoor,2.73,2.730000000000002,-2.220446049250313e-15,TRUE
25625,ForestDryPoor,1.46,1.4600000000000013,-1.3322676295501878e-15,TRUE
25642,ForestDryPoor,3.64,3.6400000000000032,-3.1086244689504383e-15,TRUE
25643,ForestDryPoor,3.73,3.730000000000003,-3.1086244689504383e-15,TRUE
25644,ForestDryPoor,3.87,3.870000000000004,-3.9968028886505635e-15,TRUE
25645,ForestDryPoor,3.98,3.980000000000003,-3.1086244689504383e-15,TRUE
25646,ForestDryPoor,3.81,3.810000000000003,-3.1086244689504383e-15,TRUE
25647,ForestDryPoor,3.98,3.980000000000003,-3.1086244689504383e-15,TRUE
25648,ForestDryPoor,2.55,2.5500000000000025,-2.6645352591003757e-15,TRUE
25651,ForestDryPoor,3.88,3.880000000000003,-3.1086244689504383e-15,TRUE
25652,ForestDryPoor,3.75,3.750000000000003,-3.1086244689504383e-15,TRUE
25900,ForestDryPoor,2.35,2.3500000000000023,-2.220446049250313e-15,TRUE
25901,ForestDryPoor,1.77,1.7700000000000016,-1.5543122344752192e-15,TRUE
25902,ForestDryPoor,3.53,3.530000000000003,-3.1086244689504383e-15,TRUE
25903,ForestDryPoor,3.38,3.380000000000003,-3.1086244689504383e-15,TRUE
25904,ForestDryPoor,3.45,3.450000000000003,-2.6645352591003757e-15,TRUE
25905,ForestDryPoor,3.91,3.910000000000004,-3.9968028886505635e-15,TRUE
25906,ForestDryPoor,3.69,3.690000000000003,-3.1086244689504383e-15,TRUE
25907,ForestDryPoor,3.74,3.7400000000000033,-3.1086244689504383e-15,TRUE
25908,ForestDryPoor,3.9,3.900000000000003,-3.1086244689504383e-15,TRUE
25910,ForestDryPoor,3.87,3.870000000000004,-3.9968028886505635e-15,TRUE
25911,ForestDryPoor,3.9,3.900000000000003,-3.1086244689504383e-15,TRUE
25912,ForestDryPoor,3.96,3.960000000000003,-3.1086244689504383e-15,TRUE
25913,ForestDryPoor,3.99,3.990000000000004,-3.9968028886505635e-15,TRUE
25914,ForestDryPoor,3.97,3.9700000000000033,-3.1086244689504383e-15,TRUE
25915,ForestDryPoor,3.88,3.880000000000003,-3.1086244689504383e-15,TRUE
25916,ForestDryPoor,3.87,3.870000000000004,-3.9968028886505635e-15,TRUE
25917,ForestDryPoor,3.97,3.9700000000000033,-3.1086244689504383e-15,TRUE
25919,ForestDryPoor,4,4.0000000000000036,-3.552713678800501e-15,TRUE
25920,ForestDryPoor,2.72,2.7200000000000024,-2.220446049250313e-15,TRUE
25939,ForestDryPoor,3.52,3.520000000000003,-3.1086244689504383e-15,TRUE
25940,ForestDryPoor,2.74,2.7400000000000024,-2.220446049250313e-15,TRUE
25942,ForestDryPoor,3.85,3.850000000000003,-3.1086244689504383e-15,TRUE
25943,ForestDryPoor,4,4.0000000000000036,-3.552713678800501e-15,TRUE
25951,ForestDryPoor,1.64,1.6400000000000017,-1.7763568394002505e-15,TRUE
26200,ForestDryPoor,3.9,3.900000000000003,-3.1086244689504383e-15,TRUE
26201,ForestDryPoor,4,4.0000000000000036,-3.552713678800501e-15,TRUE
26202,ForestDryPoor,3.95,3.950000000000004,-3.9968028886505635e-15,TRUE
26203,ForestDryPoor,3.97,3.9700000000000033,-3.1086244689504383e-15,TRUE
26209,ForestDryPoor,3.9,3.900000000000003,-3.1086244689504383e-15,TRUE
26210,ForestDryPoor,3.84,3.8400000000000034,-3.552713678800501e-15,TRUE
26211,ForestDryPoor,3.97,3.9700000000000033,-3.1086244689504383e-15,TRUE
26212,ForestDryPoor,3.54,3.540000000000003,-3.1086244689504383e-15,TRUE
26215,ForestDryPoor,1.82,1.8200000000000016,-1.5543122344752192e-15,TRUE
26223,ForestDryPoor,2.34,2.340000000000002,-2.220446049250313e-15,TRUE
26224,ForestDryPoor,4,4.0000000000000036,-3.552713678800501e-15,TRUE
26235,ForestDryPoor,3.85,3.850000000000003,-3.1086244689504383e-15,TRUE
26237,ForestDryPoor,3.36,3.360000000000003,-3.1086244689504383e-15,TRUE
26238,ForestDryPoor,3.64,3.6400000000000032,-3.1086244689504383e-15,TRUE
26239,ForestDryPoor,2.96,2.960000000000002,-2.220446049250313e-15,TRUE
26241,ForestDryPoor,3.3,3.300000000000003,-3.1086244689504383e-15,TRUE
26243,ForestDryPoor,1.4,1.4000000000000012,-1.3322676295501878e-15,TRUE
26486,ForestDryPoor,1.65,1.6500000000000017,-1.7763568394002505e-15,TRUE
26487,ForestDryPoor,2.51,2.5100000000000025,-2.6645352591003757e-15,TRUE
26492,ForestDryPoor,3.9,3.900000000000003,-3.1086244689504383e-15,TRUE
26494,ForestDryPoor,3.76,3.7600000000000033,-3.552713678800501e-15,TRUE
26497,ForestDryPoor,4,4.0000000000000036,-3.552713678800501e-15,TRUE
26498,ForestDryPoor,3.91,3.910000000000004,-3.9968028886505635e-15,TRUE
26506,ForestDryPoor,3.94,3.940000000000003,-3.1086244689504383e-15,TRUE
26507,ForestDryPoor,2.46,2.460000000000002,-2.220446049250313e-15,TRUE
26508,ForestDryPoor,3.52,3.520000000000003,-3.1086244689504383e-15,TRUE
26509,ForestDryPoor,3.35,3.350000000000003,-3.1086244689504383e-15,TRUE
26519,ForestDryPoor,1.8,1.8000000000000016,-1.5543122344752192e-15,TRUE
26521,ForestDryPoor,3.76,3.7600000000000033,-3.552713678800501e-15,TRUE
26530,ForestDryPoor,3.96,3.960000000000003,-3.1086244689504383e-15,TRUE
26531,ForestDryPoor,3.8,3.8000000000000034,-3.552713678800501e-15,TRUE
26533,ForestDryPoor,3.92,3.920000000000003,-3.1086244689504383e-15,TRUE
26534,ForestDryPoor,3.84,3.8400000000000034,-3.552713678800501e-15,TRUE
26535,ForestDryPoor,2.68,2.6800000000000024,-2.220446049250313e-15,TRUE
26536,ForestDryPoor,3.23,3.230000000000003,-3.1086244689504383e-15,TRUE
26538,ForestDryPoor,3.61,3.610000000000003,-3.1086244689504383e-15,TRUE
26778,ForestDryPoor,1.75,1.7500000000000016,-1.5543122344752192e-15,TRUE
26779,ForestDryPoor,1.98,1.9800000000000015,-1.5543122344752192e-15,TRUE
26780,ForestDryPoor,1.3,1.3000000000000012,-1.1102230246251565e-15,TRUE
26782,ForestDryPoor,1.82,1.8200000000000016,-1.5543122344752192e-15,TRUE
26783,ForestDryPoor,3.94,3.940000000000003,-3.1086244689504383e-15,TRUE
26784,ForestDryPoor,3.98,3.980000000000003,-3.1086244689504383e-15,TRUE
26785,ForestDryPoor,3.54,3.540000000000003,-3.1086244689504383e-15,TRUE
26786,ForestDryPoor,3.98,3.980000000000003,-3.1086244689504383e-15,TRUE
26787,ForestDryPoor,3.96,3.960000000000003,-3.1086244689504383e-15,TRUE
26788,ForestDryPoor,3.98,3.980000000000003,-3.1086244689504383e-15,TRUE
26789,ForestDryPoor,3.77,3.770000000000003,-3.1086244689504383e-15,TRUE
26790,ForestDryPoor,3.81,3.810000000000003,-3.1086244689504383e-15,TRUE
26791,ForestDryPoor,3.89,3.8900000000000032,-3.1086244689504383e-15,TRUE
26792,ForestDryPoor,3.97,3.9700000000000033,-3.1086244689504383e-15,TRUE
26793,ForestDryPoor,3.91,3.910000000000004,-3.9968028886505635e-15,TRUE
26794,ForestDryPoor,4,4.0000000000000036,-3.552713678800501e-15,TRUE
26795,ForestDryPoor,3.97,3.9700000000000033,-3.1086244689504383e-15,TRUE
26796,ForestDryPoor,3.9,3.900000000000003,-3.1086244689504383e-15,TRUE
26797,ForestDryPoor,4,4.0000000000000036,-3.552713678800501e-15,TRUE
26798,ForestDryPoor,3.98,3.980000000000003,-3.1086244689504383e-15,TRUE
26799,ForestDryPoor,3.84,3.8400000000000034,-3.552713678800501e-15,TRUE
26800,ForestDryPoor,3.97,3.9700000000000033,-3.1086244689504383e-15,TRUE
26801,ForestDryPoor,4,4.0000000000000036,-3.552713678800501e-15,TRUE
26802,ForestDryPoor,3.76,3.7600000000000033,-3.552713678800501e-15,TRUE
26803,ForestDryPoor,3.28,3.280000000000003,-3.1086244689504383e-15,TRUE
26804,ForestDryPoor,1.41,1.4100000000000013,-1.3322676295501878e-15,TRUE
26816,ForestDryPoor,3.26,3.260000000000003,-3.1086244689504383e-15,TRUE
26821,ForestDryPoor,3.29,3.2900000000000027,-2.6645352591003757e-15,TRUE
26822,ForestDryPoor,2.92,2.9200000000000026,-2.6645352591003757e-15,TRUE
26823,ForestDryPoor,3.77,3.770000000000003,-3.1086244689504383e-15,TRUE
26824,ForestDryPoor,3.82,3.8200000000000034,-3.552713678800501e-15,TRUE
26825,ForestDryPoor,3.75,3.750000000000003,-3.1086244689504383e-15,TRUE
26826,ForestDryPoor,3.92,3.920000000000003,-3.1086244689504383e-15,TRUE
26828,ForestDryPoor,3.85,3.850000000000003,-3.1086244689504383e-15,TRUE
26830,ForestDryPoor,3.86,3.860000000000003,-3.1086244689504383e-15,TRUE
26831,ForestDryPoor,1.9,1.9000000000000017,-1.7763568394002505e-15,TRUE
26832,ForestDryPoor,3.12,3.1200000000000028,-2.6645352591003757e-15,TRUE
26833,ForestDryPoor,3.64,3.6400000000000032,-3.1086244689504383e-15,TRUE
26834,ForestDryPoor,3.91,3.910000000000004,-3.9968028886505635e-15,TRUE
27075,ForestDryPoor,3.08,3.0800000000000027,-2.6645352591003757e-15,TRUE
27076,ForestDryPoor,3.66,3.6600000000000033,-3.1086244689504383e-15,TRUE
27095,ForestDryPoor,1.87,1.8700000000000017,-1.5543122344752192e-15,TRUE
27112,ForestDryPoor,1.16,1.160000000000001,-1.1102230246251565e-15,TRUE
27114,ForestDryPoor,1.14,1.140000000000001,-1.1102230246251565e-15,TRUE
27120,ForestDryPoor,1.25,1.250000000000001,-1.1102230246251565e-15,TRUE
27121,ForestDryPoor,3.29,3.2900000000000027,-2.6645352591003757e-15,TRUE
27122,ForestDryPoor,3.04,3.0400000000000027,-2.6645352591003757e-15,TRUE
27123,ForestDryPoor,2.3,2.300000000000002,-2.220446049250313e-15,TRUE
27124,ForestDryPoor,2.09,2.0900000000000016,-1.7763568394002505e-15,TRUE
27125,ForestDryPoor,1.9,1.9000000000000017,-1.7763568394002505e-15,TRUE
27127,ForestDryPoor,3.77,3.770000000000003,-3.1086244689504383e-15,TRUE
27128,ForestDryPoor,3.89,3.8900000000000032,-3.1086244689504383e-15,TRUE
27129,ForestDryPoor,3.91,3.910000000000004,-3.9968028886505635e-15,TRUE
27130,ForestDryPoor,3.9,3.900000000000003,-3.1086244689504383e-15,TRUE
27400,ForestDryPoor,1.06,1.060000000000001,-8.881784197001252e-16,TRUE
27423,ForestDryPoor,3.19,3.190000000000003,-3.1086244689504383e-15,TRUE
27424,ForestDryPoor,1.66,1.6600000000000017,-1.7763568394002505e-15,TRUE
27425,ForestDryPoor,1.44,1.4400000000000013,-1.3322676295501878e-15,TRUE
27426,ForestDryPoor,2.7,2.7000000000000024,-2.220446049250313e-15,TRUE
27657,ForestDryPoor,1.22,1.220000000000001,-1.1102230246251565e-15,TRUE
27675,ForestDryPoor,3.87,3.870000000000004,-3.9968028886505635e-15,TRUE
27696,ForestDryPoor,3.39,3.3900000000000032,-3.1086244689504383e-15,TRUE
27711,ForestDryPoor,1.7,1.7000000000000015,-1.5543122344752192e-15,TRUE
27946,ForestDryPoor,1.21,1.210000000000001,-1.1102230246251565e-15,TRUE
27948,ForestDryPoor,1.65,1.6500000000000017,-1.7763568394002505e-15,TRUE
27955,ForestDryPoor,2.62,2.6200000000000023,-2.220446049250313e-15,TRUE
27963,ForestDryPoor,3.87,3.870000000000004,-3.9968028886505635e-15,TRUE
27971,ForestDryPoor,1.46,1.4600000000000013,-1.3322676295501878e-15,TRUE
27973,ForestDryPoor,1.32,1.3200000000000012,-1.1102230246251565e-15,TRUE
27983,ForestDryPoor,2.01,2.0100000000000016,-1.7763568394002505e-15,TRUE
27986,ForestDryPoor,2.02,2.020000000000002,-1.7763568394002505e-15,TRUE
27990,ForestDryPoor,2.86,2.8600000000000025,-2.6645352591003757e-15,TRUE
27992,ForestDryPoor,3.02,3.0200000000000027,-2.6645352591003757e-15,TRUE
28003,ForestDryPoor,1.77,1.7700000000000016,-1.5543122344752192e-15,TRUE
28004,ForestDryPoor,3.09,3.0900000000000025,-2.6645352591003757e-15,TRUE
28266,ForestDryPoor,1.02,1.020000000000001,-8.881784197001252e-16,TRUE
28288,ForestDryPoor,1.4,1.4000000000000012,-1.3322676295501878e-15,TRUE
28289,ForestDryPoor,2.57,2.570000000000002,-2.220446049250313e-15,TRUE
28290,ForestDryPoor,1.81,1.8100000000000016,-1.5543122344752192e-15,TRUE
28296,ForestDryPoor,3.01,3.0100000000000025,-2.6645352591003757e-15,TRUE
28592,ForestDryPoor,1.34,1.3400000000000012,-1.1102230246251565e-15,TRUE
28593,ForestDryPoor,2.92,2.9200000000000026,-2.6645352591003757e-15,TRUE
28855,ForestDryPoor,3.66,3.6600000000000033,-3.1086244689504383e-15,TRUE
28894,ForestDryPoor,3.06,3.0600000000000027,-2.6645352591003757e-15,TRUE
29143,ForestDryPoor,2.83,2.8300000000000027,-2.6645352591003757e-15,TRUE
29153,ForestDryPoor,1.92,1.9200000000000017,-1.7763568394002505e-15,TRUE
29390,ForestDryPoor,3.11,3.110000000000003,-3.1086244689504383e-15,TRUE
29393,ForestDryPoor,1.74,1.7400000000000015,-1.5543122344752192e-15,TRUE
29394,ForestDryPoor,3.84,3.8400000000000034,-3.552713678800501e-15,TRUE
29447,ForestDryPoor,2.93,2.9300000000000024,-2.220446049250313e-15,TRUE
29473,ForestDryPoor,3.55,3.5500000000000034,-3.552713678800501e-15,TRUE
29474,ForestDryPoor,3.51,3.5100000000000033,-3.552713678800501e-15,TRUE
29478,ForestDryPoor,1.87,1.8700000000000017,-1.5543122344752192e-15,TRUE
29479,ForestDryPoor,1.92,1.9200000000000017,-1.7763568394002505e-15,TRUE
29685,ForestDryPoor,2.91,2.910000000000003,-2.6645352591003757e-15,TRUE
29688,ForestDryPoor,3.59,3.5900000000000034,-3.552713678800501e-15,TRUE
29689,ForestDryPoor,3.32,3.320000000000003,-3.1086244689504383e-15,TRUE
29690,ForestDryPoor,3.21,3.210000000000002,-2.220446049250313e-15,TRUE
29691,ForestDryPoor,1.38,1.3800000000000012,-1.3322676295501878e-15,TRUE
29733,ForestDryPoor,2.62,2.6200000000000023,-2.220446049250313e-15,TRUE
29981,ForestDryPoor,2.49,2.490000000000002,-1.7763568394002505e-15,TRUE
29982,ForestDryPoor,2.85,2.8500000000000023,-2.220446049250313e-15,TRUE
30035,ForestDryPoor,1.73,1.7300000000000015,-1.5543122344752192e-15,TRUE
30036,ForestDryPoor,1.89,1.8900000000000017,-1.7763568394002505e-15,TRUE
30065,ForestDryPoor,3.87,3.870000000000004,-3.9968028886505635e-15,TRUE
30271,ForestDryPoor,1.16,1.160000000000001,-1.1102230246251565e-15,TRUE
30272,ForestDryPoor,3.22,3.220000000000003,-2.6645352591003757e-15,TRUE
30273,ForestDryPoor,1.04,1.040000000000001,-8.881784197001252e-16,TRUE
30274,ForestDryPoor,1.19,1.190000000000001,-1.1102230246251565e-15,TRUE
30276,ForestDryPoor,1.69,1.6900000000000015,-1.5543122344752192e-15,TRUE
30279,ForestDryPoor,1.41,1.4100000000000013,-1.3322676295501878e-15,TRUE
30566,ForestDryPoor,3.19,3.190000000000003,-3.1086244689504383e-15,TRUE
30568,ForestDryPoor,3.11,3.110000000000003,-3.1086244689504383e-15,TRUE
30569,ForestDryPoor,2.9,2.9000000000000026,-2.6645352591003757e-15,TRUE
30622,ForestDryPoor,1.59,1.5900000000000014,-1.3322676295501878e-15,TRUE
30657,ForestDryPoor,2.73,2.730000000000002,-2.220446049250313e-15,TRUE
30859,ForestDryPoor,1.03,1.030000000000001,-8.881784197001252e-16,TRUE
30860,ForestDryPoor,1.65,1.6500000000000017,-1.7763568394002505e-15,TRUE
30861,ForestDryPoor,3.87,3.870000000000004,-3.9968028886505635e-15,TRUE
30862,ForestDryPoor,3.02,3.0200000000000027,-2.6645352591003757e-15,TRUE
30863,ForestDryPoor,2.37,2.370000000000002,-1.7763568394002505e-15,TRUE
30904,ForestDryPoor,1.87,1.8700000000000017,-1.5543122344752192e-15,TRUE
31156,ForestDryPoor,1.4,1.4000000000000012,-1.3322676295501878e-15,TRUE
31158,ForestDryPoor,4,4.0000000000000036,-3.552713678800501e-15,TRUE
31160,ForestDryPoor,2.57,2.570000000000002,-2.220446049250313e-15,TRUE
31165,ForestDryPoor,1.04,1.040000000000001,-8.881784197001252e-16,TRUE
31166,ForestDryPoor,1.19,1.190000000000001,-1.1102230246251565e-15,TRUE
31449,ForestDryPoor,2.4,2.400000000000002,-2.220446049250313e-15,TRUE
31450,ForestDryPoor,1.81,1.8100000000000016,-1.5543122344752192e-15,TRUE
31451,ForestDryPoor,3.12,3.1200000000000028,-2.6645352591003757e-15,TRUE
31452,ForestDryPoor,2.81,2.8100000000000023,-2.220446049250313e-15,TRUE
31453,ForestDryPoor,2.98,2.980000000000002,-2.220446049250313e-15,TRUE
31454,ForestDryPoor,2,2.0000000000000018,-1.7763568394002505e-15,TRUE
31455,ForestDryPoor,3.85,3.850000000000003,-3.1086244689504383e-15,TRUE
31456,ForestDryPoor,1.96,1.9600000000000015,-1.5543122344752192e-15,TRUE
31505,ForestDryPoor,1.77,1.7700000000000016,-1.5543122344752192e-15,TRUE
31746,ForestDryPoor,1.14,1.140000000000001,-1.1102230246251565e-15,TRUE
31747,ForestDryPoor,1.54,1.5400000000000014,-1.3322676295501878e-15,TRUE
31748,ForestDryPoor,2.37,2.370000000000002,-1.7763568394002505e-15,TRUE
31749,ForestDryPoor,3.65,3.650000000000003,-3.1086244689504383e-15,TRUE
31750,ForestDryPoor,3.87,3.870000000000004,-3.9968028886505635e-15,TRUE
31751,ForestDryPoor,3.84,3.8400000000000034,-3.552713678800501e-15,TRUE
31759,ForestDryPoor,1.79,1.7900000000000016,-1.5543122344752192e-15,TRUE
31797,ForestDryPoor,1.09,1.090000000000001,-8.881784197001252e-16,TRUE
31798,ForestDryPoor,1.48,1.480000000000001,-1.1102230246251565e-15,TRUE
32042,ForestDryPoor,2.86,2.8600000000000025,-2.6645352591003757e-15,TRUE
32044,ForestDryPoor,3.98,3.980000000000003,-3.1086244689504383e-15,TRUE
32045,ForestDryPoor,3.73,3.730000000000003,-3.1086244689504383e-15,TRUE
32046,ForestDryPoor,3.54,3.540000000000003,-3.1086244689504383e-15,TRUE
32048,ForestDryPoor,1.18,1.180000000000001,-1.1102230246251565e-15,TRUE
32333,ForestWetRich,2.46,2.460000000000002,-2.220446049250313e-15,TRUE
32338,ForestDryPoor,2.46,2.460000000000002,-2.220446049250313e-15,TRUE
32340,ForestDryPoor,1.43,1.4300000000000013,-1.3322676295501878e-15,TRUE
32341,ForestDryPoor,1.91,1.9100000000000017,-1.7763568394002505e-15,TRUE
32342,ForestDryPoor,1.05,1.050000000000001,-8.881784197001252e-16,TRUE
32629,OpenWetRich,2.1,2.100000000000002,-1.7763568394002505e-15,TRUE
32633,ForestDryPoor,2.34,2.340000000000002,-2.220446049250313e-15,TRUE
32634,ForestDryPoor,2.16,2.160000000000002,-1.7763568394002505e-15,TRUE
32635,ForestDryPoor,2.76,2.7600000000000025,-2.6645352591003757e-15,TRUE
32636,ForestDryPoor,2.44,2.440000000000002,-2.220446049250313e-15,TRUE
32927,ForestDryPoor,1.59,1.5900000000000014,-1.3322676295501878e-15,TRUE
32928,ForestDryPoor,3.56,3.560000000000003,-3.1086244689504383e-15,TRUE
32929,ForestDryPoor,2.8,2.8000000000000025,-2.6645352591003757e-15,TRUE
32930,ForestDryPoor,2.02,2.020000000000002,-1.7763568394002505e-15,TRUE
32931,ForestDryPoor,1.94,1.9400000000000015,-1.5543122344752192e-15,TRUE
32932,ForestDryPoor,2.27,2.2700000000000022,-2.220446049250313e-15,TRUE
33217,ForestDryPoor,2.51,2.5100000000000025,-2.6645352591003757e-15,TRUE
33218,ForestDryPoor,1.57,1.5700000000000014,-1.3322676295501878e-15,TRUE
33219,ForestDryPoor,2.53,2.530000000000002,-2.220446049250313e-15,TRUE
33222,ForestDryPoor,3.43,3.4300000000000033,-3.1086244689504383e-15,TRUE
33223,ForestDryPoor,1.37,1.3700000000000012,-1.1102230246251565e-15,TRUE
33224,ForestDryPoor,2.79,2.7900000000000027,-2.6645352591003757e-15,TRUE
33512,ForestDryPoor,2.15,2.150000000000002,-2.220446049250313e-15,TRUE
33513,ForestDryPoor,2.07,2.070000000000002,-2.220446049250313e-15,TRUE
33514,ForestDryPoor,1.83,1.8300000000000016,-1.5543122344752192e-15,TRUE
33516,ForestDryPoor,2.74,2.7400000000000024,-2.220446049250313e-15,TRUE
33517,ForestDryPoor,3.2,3.200000000000003,-2.6645352591003757e-15,TRUE
33518,ForestDryPoor,3.5,3.500000000000003,-3.1086244689504383e-15,TRUE
33521,ForestDryPoor,3.27,3.270000000000003,-3.1086244689504383e-15,TRUE
33809,ForestDryPoor,2.4,2.400000000000002,-2.220446049250313e-15,TRUE
33810,ForestDryPoor,1.78,1.7800000000000016,-1.5543122344752192e-15,TRUE
33811,ForestDryPoor,4,4.0000000000000036,-3.552713678800501e-15,TRUE
33812,ForestDryPoor,3.94,3.940000000000003,-3.1086244689504383e-15,TRUE
33813,ForestDryPoor,2.51,2.5100000000000025,-2.6645352591003757e-15,TRUE
33815,ForestDryPoor,3.58,3.580000000000003,-3.1086244689504383e-15,TRUE
34104,ForestDryPoor,2.42,2.420000000000002,-2.220446049250313e-15,TRUE
34105,ForestDryPoor,2.1,2.100000000000002,-1.7763568394002505e-15,TRUE
34107,ForestDryPoor,3.82,3.8200000000000034,-3.552713678800501e-15,TRUE
34108,ForestDryPoor,3.04,3.0400000000000027,-2.6645352591003757e-15,TRUE
34402,ForestDryPoor,3.77,3.770000000000003,-3.1086244689504383e-15,TRUE
34403,ForestDryPoor,3.51,3.5100000000000033,-3.552713678800501e-15,TRUE
34404,ForestDryPoor,2.89,2.8900000000000023,-2.220446049250313e-15,TRUE
34985,ForestDryPoor,3.1,3.1000000000000028,-2.6645352591003757e-15,TRUE
34991,ForestDryPoor,1.86,1.8600000000000017,-1.5543122344752192e-15,TRUE
35280,ForestDryPoor,3.46,3.460000000000003,-3.1086244689504383e-15,TRUE
35286,ForestDryPoor,3.58,3.580000000000003,-3.1086244689504383e-15,TRUE
35574,ForestDryPoor,3.46,3.460000000000003,-3.1086244689504383e-15,TRUE
35575,ForestDryPoor,2.61,2.610000000000002,-2.220446049250313e-15,TRUE
35580,ForestDryPoor,2.68,2.6800000000000024,-2.220446049250313e-15,TRUE
35582,ForestDryPoor,3.92,3.920000000000003,-3.1086244689504383e-15,TRUE
35854,ForestDryPoor,1.68,1.6800000000000015,-1.5543122344752192e-15,TRUE
35855,ForestDryPoor,3.43,3.4300000000000033,-3.1086244689504383e-15,TRUE
35856,ForestDryPoor,3.02,3.0200000000000027,-2.6645352591003757e-15,TRUE
35857,ForestDryPoor,1.26,1.2600000000000011,-1.1102230246251565e-15,TRUE
35867,ForestDryPoor,1.73,1.7300000000000015,-1.5543122344752192e-15,TRUE
35868,ForestDryPoor,3.77,3.770000000000003,-3.1086244689504383e-15,TRUE
35869,ForestDryPoor,3.31,3.310000000000003,-3.1086244689504383e-15,TRUE
35874,ForestDryPoor,1.56,1.5600000000000014,-1.3322676295501878e-15,TRUE
35876,ForestDryPoor,3.39,3.3900000000000032,-3.1086244689504383e-15,TRUE
35877,ForestDryPoor,2.25,2.2500000000000018,-1.7763568394002505e-15,TRUE
35878,ForestDryPoor,3.05,3.0500000000000025,-2.6645352591003757e-15,TRUE
36151,ForestDryPoor,3.92,3.920000000000003,-3.1086244689504383e-15,TRUE
36152,ForestDryPoor,2.68,2.6800000000000024,-2.220446049250313e-15,TRUE
36163,ForestDryPoor,2.93,2.9300000000000024,-2.220446049250313e-15,TRUE
36164,ForestDryPoor,3.21,3.210000000000002,-2.220446049250313e-15,TRUE
36165,ForestDryPoor,1.04,1.040000000000001,-8.881784197001252e-16,TRUE
36168,ForestDryPoor,1.1,1.100000000000001,-8.881784197001252e-16,TRUE
36171,ForestDryPoor,3.67,3.670000000000003,-3.1086244689504383e-15,TRUE
36172,ForestDryPoor,1.63,1.6300000000000014,-1.5543122344752192e-15,TRUE
36173,ForestDryPoor,2.49,2.490000000000002,-1.7763568394002505e-15,TRUE
36443,ForestDryPoor,3.06,3.0600000000000027,-2.6645352591003757e-15,TRUE
36444,ForestDryPoor,1.81,1.8100000000000016,-1.5543122344752192e-15,TRUE
36445,ForestDryPoor,2.06,2.060000000000002,-1.7763568394002505e-15,TRUE
36446,ForestDryPoor,3.25,3.2500000000000027,-2.6645352591003757e-15,TRUE
36447,ForestDryPoor,3.76,3.7600000000000033,-3.552713678800501e-15,TRUE
36448,ForestDryPoor,1.52,1.5200000000000014,-1.3322676295501878e-15,TRUE
36455,ForestDryPoor,1.88,1.8800000000000017,-1.7763568394002505e-15,TRUE
36457,ForestDryPoor,3.12,3.1200000000000028,-2.6645352591003757e-15,TRUE
36458,ForestDryPoor,1.66,1.6600000000000017,-1.7763568394002505e-15,TRUE
36464,ForestDryPoor,2.59,2.5900000000000025,-2.6645352591003757e-15,TRUE
36465,ForestDryPoor,3.69,3.690000000000003,-3.1086244689504383e-15,TRUE
36466,ForestDryPoor,2.16,2.160000000000002,-1.7763568394002505e-15,TRUE
36467,ForestDryPoor,1.79,1.7900000000000016,-1.5543122344752192e-15,TRUE
36468,ForestDryPoor,3.82,3.8200000000000034,-3.552713678800501e-15,TRUE
36737,ForestDryPoor,3.11,3.110000000000003,-3.1086244689504383e-15,TRUE
36739,ForestDryPoor,2.49,2.490000000000002,-1.7763568394002505e-15,TRUE
36740,ForestDryPoor,2.58,2.5800000000000023,-2.220446049250313e-15,TRUE
36741,ForestDryPoor,3.03,3.030000000000003,-3.1086244689504383e-15,TRUE
36743,ForestDryPoor,3.3,3.300000000000003,-3.1086244689504383e-15,TRUE
36750,ForestDryPoor,3.66,3.6600000000000033,-3.1086244689504383e-15,TRUE
36751,ForestDryPoor,2.56,2.5600000000000023,-2.220446049250313e-15,TRUE
36758,ForestDryPoor,3.63,3.630000000000003,-3.1086244689504383e-15,TRUE
36759,ForestDryPoor,3.81,3.810000000000003,-3.1086244689504383e-15,TRUE
36760,ForestDryPoor,3.7,3.7000000000000033,-3.1086244689504383e-15,TRUE
36761,ForestDryPoor,1.24,1.240000000000001,-1.1102230246251565e-15,TRUE
37031,ForestDryPoor,2.95,2.950000000000003,-2.6645352591003757e-15,TRUE
37036,ForestDryPoor,3.43,3.4300000000000033,-3.1086244689504383e-15,TRUE
37037,ForestDryPoor,2.81,2.8100000000000023,-2.220446049250313e-15,TRUE
37039,ForestDryPoor,3.83,3.830000000000003,-3.1086244689504383e-15,TRUE
37043,ForestDryPoor,2.99,2.990000000000003,-2.6645352591003757e-15,TRUE
37044,ForestDryPoor,1.65,1.6500000000000017,-1.7763568394002505e-15,TRUE
37052,ForestDryPoor,2.68,2.6800000000000024,-2.220446049250313e-15,TRUE
37053,ForestDryPoor,3.07,3.070000000000003,-3.1086244689504383e-15,TRUE
37327,ForestDryPoor,2.89,2.8900000000000023,-2.220446049250313e-15,TRUE
37328,ForestDryPoor,3.03,3.030000000000003,-3.1086244689504383e-15,TRUE
37329,ForestDryPoor,2.29,2.290000000000002,-1.7763568394002505e-15,TRUE
37330,ForestDryPoor,2.5,2.500000000000002,-2.220446049250313e-15,TRUE
37331,ForestDryPoor,3.99,3.990000000000004,-3.9968028886505635e-15,TRUE
37333,ForestDryPoor,2.84,2.8400000000000025,-2.6645352591003757e-15,TRUE
37334,ForestDryPoor,2.73,2.730000000000002,-2.220446049250313e-15,TRUE
37335,ForestDryPoor,3.77,3.770000000000003,-3.1086244689504383e-15,TRUE
37336,ForestDryPoor,3.34,3.340000000000003,-3.1086244689504383e-15,TRUE
37342,ForestDryPoor,2.95,2.950000000000003,-2.6645352591003757e-15,TRUE
37621,ForestDryPoor,1.73,1.7300000000000015,-1.5543122344752192e-15,TRUE
37625,ForestDryPoor,2.66,2.6600000000000024,-2.220446049250313e-15,TRUE
37626,ForestDryPoor,3.79,3.790000000000003,-3.1086244689504383e-15,TRUE
37627,ForestDryPoor,3.87,3.870000000000004,-3.9968028886505635e-15,TRUE
37628,ForestDryPoor,2.25,2.2500000000000018,-1.7763568394002505e-15,TRUE
37629,ForestDryPoor,1.09,1.090000000000001,-8.881784197001252e-16,TRUE
37630,ForestDryPoor,1.2,1.200000000000001,-1.1102230246251565e-15,TRUE
37634,ForestDryPoor,1.06,1.060000000000001,-8.881784197001252e-16,TRUE
38494,ForestDryPoor,1.81,1.8100000000000016,-1.5543122344752192e-15,TRUE
38515,ForestDryPoor,1.65,1.6500000000000017,-1.7763568394002505e-15,TRUE
38516,ForestDryPoor,3.8,3.8000000000000034,-3.552713678800501e-15,TRUE
38810,ForestDryPoor,3.81,3.810000000000003,-3.1086244689504383e-15,TRUE
39077,ForestDryPoor,2.62,2.6200000000000023,-2.220446049250313e-15,TRUE
39362,ForestDryPoor,1.87,1.8700000000000017,-1.5543122344752192e-15,TRUE
39366,ForestDryPoor,2.02,2.020000000000002,-1.7763568394002505e-15,TRUE
39368,ForestDryPoor,3.06,3.0600000000000027,-2.6645352591003757e-15,TRUE
39370,ForestDryPoor,1.92,1.9200000000000017,-1.7763568394002505e-15,TRUE
39381,ForestDryPoor,1.77,1.7700000000000016,-1.5543122344752192e-15,TRUE
39397,ForestDryPoor,1.92,1.9200000000000017,-1.7763568394002505e-15,TRUE
39399,ForestDryPoor,3.77,3.770000000000003,-3.1086244689504383e-15,TRUE
39652,ForestDryPoor,2.65,2.650000000000002,-2.220446049250313e-15,TRUE
39654,ForestDryPoor,2.68,2.6800000000000024,-2.220446049250313e-15,TRUE
39667,ForestDryPoor,2.73,2.730000000000002,-2.220446049250313e-15,TRUE
39671,ForestDryPoor,2.92,2.9200000000000026,-2.6645352591003757e-15,TRUE
39694,ForestDryPoor,3.06,3.0600000000000027,-2.6645352591003757e-15,TRUE
39943,ForestDryPoor,3.09,3.0900000000000025,-2.6645352591003757e-15,TRUE
39964,ForestDryPoor,3.06,3.0600000000000027,-2.6645352591003757e-15,TRUE
39967,ForestDryPoor,1.73,1.7300000000000015,-1.5543122344752192e-15,TRUE
39968,ForestDryPoor,1.15,1.150000000000001,-1.1102230246251565e-15,TRUE
39969,ForestDryPoor,3.05,3.0500000000000025,-2.6645352591003757e-15,TRUE
40228,ForestDryPoor,3.09,3.0900000000000025,-2.6645352591003757e-15,TRUE
40255,ForestDryPoor,1.77,1.7700000000000016,-1.5543122344752192e-15,TRUE
40256,ForestDryPoor,1.81,1.8100000000000016,-1.5543122344752192e-15,TRUE
40533,ForestDryPoor,1.95,1.9500000000000015,-1.5543122344752192e-15,TRUE
40534,ForestDryPoor,1.06,1.060000000000001,-8.881784197001252e-16,TRUE
40549,ForestDryPoor,1.99,1.9900000000000015,-1.5543122344752192e-15,TRUE
40551,ForestDryPoor,2.64,2.6400000000000023,-2.220446049250313e-15,TRUE
40556,OpenWetRich,1.36,1.3600000000000012,-1.1102230246251565e-15,TRUE
40557,ForestDryPoor,1.05,1.050000000000001,-8.881784197001252e-16,TRUE
40558,ForestDryPoor,1.2,1.200000000000001,-1.1102230246251565e-15,TRUE
40559,ForestDryPoor,1.46,1.4600000000000013,-1.3322676295501878e-15,TRUE
40561,ForestDryPoor,1.21,1.210000000000001,-1.1102230246251565e-15,TRUE
40577,ForestDryPoor,1.28,1.2800000000000011,-1.1102230246251565e-15,TRUE
40578,ForestDryPoor,1.33,1.3300000000000012,-1.1102230246251565e-15,TRUE
40579,ForestDryPoor,2.34,2.340000000000002,-2.220446049250313e-15,TRUE
40822,ForestDryPoor,2.01,2.0100000000000016,-1.7763568394002505e-15,TRUE
40828,ForestDryPoor,1.02,1.020000000000001,-8.881784197001252e-16,TRUE
40844,ForestDryPoor,2.78,2.7800000000000025,-2.6645352591003757e-15,TRUE
40845,ForestDryPoor,3.68,3.6800000000000033,-3.1086244689504383e-15,TRUE
40846,ForestDryPoor,1.87,1.8700000000000017,-1.5543122344752192e-15,TRUE
40849,ForestDryPoor,1.95,1.9500000000000015,-1.5543122344752192e-15,TRUE
40855,ForestDryPoor,3.08,3.0800000000000027,-2.6645352591003757e-15,TRUE
40856,ForestDryPoor,2.95,2.950000000000003,-2.6645352591003757e-15,TRUE
40872,ForestDryPoor,1.58,1.5800000000000014,-1.3322676295501878e-15,TRUE
40873,ForestDryPoor,2.44,2.440000000000002,-2.220446049250313e-15,TRUE
40874,ForestDryPoor,3.72,3.7200000000000033,-3.1086244689504383e-15,TRUE
41119,ForestDryPoor,2.48,2.480000000000002,-2.220446049250313e-15,TRUE
41124,ForestDryPoor,1.52,1.5200000000000014,-1.3322676295501878e-15,TRUE
41125,ForestDryPoor,2.99,2.990000000000003,-2.6645352591003757e-15,TRUE
41126,ForestDryPoor,1.52,1.5200000000000014,-1.3322676295501878e-15,TRUE
41140,ForestDryPoor,2.59,2.5900000000000025,-2.6645352591003757e-15,TRUE
41141,ForestDryPoor,2.19,2.190000000000002,-2.220446049250313e-15,TRUE
41143,ForestDryPoor,1.91,1.9100000000000017,-1.7763568394002505e-15,TRUE
41168,ForestDryPoor,1.45,1.4500000000000013,-1.3322676295501878e-15,TRUE
41169,ForestDryPoor,3.48,3.480000000000003,-3.1086244689504383e-15,TRUE
41412,ForestDryPoor,2.95,2.950000000000003,-2.6645352591003757e-15,TRUE
41418,ForestDryPoor,1.22,1.220000000000001,-1.1102230246251565e-15,TRUE
41419,ForestDryPoor,2.76,2.7600000000000025,-2.6645352591003757e-15,TRUE
41420,ForestDryPoor,1.14,1.140000000000001,-1.1102230246251565e-15,TRUE
41432,ForestDryPoor,3,3.0000000000000027,-2.6645352591003757e-15,TRUE
41435,ForestDryPoor,1.58,1.5800000000000014,-1.3322676295501878e-15,TRUE
41436,ForestDryPoor,2.14,2.140000000000002,-1.7763568394002505e-15,TRUE
41438,ForestDryPoor,2.42,2.420000000000002,-2.220446049250313e-15,TRUE
41439,ForestDryPoor,2.73,2.730000000000002,-2.220446049250313e-15,TRUE
41442,ForestDryPoor,1.51,1.5100000000000011,-1.1102230246251565e-15,TRUE
41443,ForestDryPoor,2.12,2.120000000000002,-1.7763568394002505e-15,TRUE
41444,ForestDryPoor,2.28,2.280000000000002,-2.220446049250313e-15,TRUE
41445,ForestDryPoor,2.47,2.4700000000000024,-2.220446049250313e-15,TRUE
41447,ForestDryPoor,3.66,3.6600000000000033,-3.1086244689504383e-15,TRUE
41449,ForestDryPoor,2.08,2.080000000000002,-1.7763568394002505e-15,TRUE
41461,ForestDryPoor,1.45,1.4500000000000013,-1.3322676295501878e-15,TRUE
41462,ForestDryPoor,1.8,1.8000000000000016,-1.5543122344752192e-15,TRUE
41463,ForestDryPoor,2.82,2.8200000000000025,-2.6645352591003757e-15,TRUE
41464,ForestDryPoor,3.82,3.8200000000000034,-3.552713678800501e-15,TRUE
41710,ForestDryPoor,1.74,1.7400000000000015,-1.5543122344752192e-15,TRUE
41711,ForestDryPoor,2.65,2.650000000000002,-2.220446049250313e-15,TRUE
41712,ForestDryPoor,2.4,2.400000000000002,-2.220446049250313e-15,TRUE
41714,ForestDryPoor,2.37,2.370000000000002,-1.7763568394002505e-15,TRUE
41715,ForestDryPoor,1.58,1.5800000000000014,-1.3322676295501878e-15,TRUE
41726,ForestDryPoor,1.73,1.7300000000000015,-1.5543122344752192e-15,TRUE
41727,ForestDryPoor,2.39,2.3900000000000023,-2.220446049250313e-15,TRUE
41732,ForestDryPoor,2.02,2.020000000000002,-1.7763568394002505e-15,TRUE
41733,ForestDryPoor,1.93,1.9300000000000015,-1.5543122344752192e-15,TRUE
41734,ForestDryPoor,3.05,3.0500000000000025,-2.6645352591003757e-15,TRUE
41736,ForestDryPoor,3.51,3.5100000000000033,-3.552713678800501e-15,TRUE
41737,ForestDryPoor,3.06,3.0600000000000027,-2.6645352591003757e-15,TRUE
41741,ForestDryPoor,1.32,1.3200000000000012,-1.1102230246251565e-15,TRUE
41742,ForestDryPoor,2.86,2.8600000000000025,-2.6645352591003757e-15,TRUE
41743,ForestDryPoor,2.92,2.9200000000000026,-2.6645352591003757e-15,TRUE
41744,ForestDryPoor,1.85,1.8500000000000016,-1.5543122344752192e-15,TRUE
41745,ForestDryPoor,2.14,2.140000000000002,-1.7763568394002505e-15,TRUE
41746,ForestDryPoor,3.25,3.2500000000000027,-2.6645352591003757e-15,TRUE
41747,ForestDryPoor,2.35,2.3500000000000023,-2.220446049250313e-15,TRUE
41748,ForestDryPoor,1,1.0000000000000009,-8.881784197001252e-16,TRUE
41755,ForestDryPoor,3.29,3.2900000000000027,-2.6645352591003757e-15,TRUE
41757,ForestDryPoor,2.16,2.160000000000002,-1.7763568394002505e-15,TRUE
41996,ForestDryPoor,2.69,2.690000000000002,-2.220446049250313e-15,TRUE
41998,ForestDryPoor,2.37,2.370000000000002,-1.7763568394002505e-15,TRUE
41999,ForestDryPoor,2.92,2.9200000000000026,-2.6645352591003757e-15,TRUE
42001,ForestDryPoor,1.75,1.7500000000000016,-1.5543122344752192e-15,TRUE
42002,ForestDryPoor,1.01,1.010000000000001,-8.881784197001252e-16,TRUE
42003,ForestDryPoor,1.56,1.5600000000000014,-1.3322676295501878e-15,TRUE
42004,ForestDryPoor,2.92,2.9200000000000026,-2.6645352591003757e-15,TRUE
42006,ForestDryPoor,2.84,2.8400000000000025,-2.6645352591003757e-15,TRUE
42007,ForestDryPoor,2.71,2.710000000000002,-2.220446049250313e-15,TRUE
42008,ForestDryPoor,2.37,2.370000000000002,-1.7763568394002505e-15,TRUE
42009,ForestDryPoor,1.98,1.9800000000000015,-1.5543122344752192e-15,TRUE
42010,ForestDryPoor,2.08,2.080000000000002,-1.7763568394002505e-15,TRUE
42011,ForestDryPoor,1.08,1.080000000000001,-8.881784197001252e-16,TRUE
42021,ForestDryPoor,1.57,1.5700000000000014,-1.3322676295501878e-15,TRUE
42022,ForestDryPoor,2.73,2.730000000000002,-2.220446049250313e-15,TRUE
42029,ForestDryPoor,2.99,2.990000000000003,-2.6645352591003757e-15,TRUE
42033,ForestDryPoor,3.79,3.790000000000003,-3.1086244689504383e-15,TRUE
42034,ForestDryPoor,2.49,2.490000000000002,-1.7763568394002505e-15,TRUE
42035,ForestDryPoor,2.29,2.290000000000002,-1.7763568394002505e-15,TRUE
42037,ForestDryPoor,3.73,3.730000000000003,-3.1086244689504383e-15,TRUE
42038,ForestDryPoor,2.6,2.6000000000000023,-2.220446049250313e-15,TRUE
42040,ForestDryPoor,3.06,3.0600000000000027,-2.6645352591003757e-15,TRUE
42041,ForestDryPoor,2.18,2.180000000000002,-1.7763568394002505e-15,TRUE
42043,ForestDryPoor,2.43,2.4300000000000024,-2.220446049250313e-15,TRUE
42050,ForestDryPoor,3.41,3.410000000000003,-2.6645352591003757e-15,TRUE
42051,ForestDryPoor,2.42,2.420000000000002,-2.220446049250313e-15,TRUE
42288,ForestDryPoor,1.7,1.7000000000000015,-1.5543122344752192e-15,TRUE
42289,ForestDryPoor,2.03,2.030000000000002,-2.220446049250313e-15,TRUE
42290,ForestDryPoor,2.28,2.280000000000002,-2.220446049250313e-15,TRUE
42291,ForestDryPoor,1.75,1.7500000000000016,-1.5543122344752192e-15,TRUE
42295,ForestDryPoor,2.49,2.490000000000002,-1.7763568394002505e-15,TRUE
42296,ForestDryPoor,2.7,2.7000000000000024,-2.220446049250313e-15,TRUE
42297,ForestDryPoor,1.82,1.8200000000000016,-1.5543122344752192e-15,TRUE
42306,ForestDryPoor,3.22,3.220000000000003,-2.6645352591003757e-15,TRUE
42315,ForestDryPoor,1.74,1.7400000000000015,-1.5543122344752192e-15,TRUE
42324,ForestDryPoor,2.43,2.4300000000000024,-2.220446049250313e-15,TRUE
42328,ForestDryPoor,3.92,3.920000000000003,-3.1086244689504383e-15,TRUE
42331,ForestDryPoor,2.8,2.8000000000000025,-2.6645352591003757e-15,TRUE
42332,ForestDryPoor,2.87,2.8700000000000028,-2.6645352591003757e-15,TRUE
42333,ForestDryPoor,1.65,1.6500000000000017,-1.7763568394002505e-15,TRUE
42337,ForestDryPoor,3.39,3.3900000000000032,-3.1086244689504383e-15,TRUE
42338,ForestDryPoor,2.8,2.8000000000000025,-2.6645352591003757e-15,TRUE
42345,ForestDryPoor,3.16,3.160000000000003,-2.6645352591003757e-15,TRUE
42346,ForestDryPoor,1.11,1.110000000000001,-8.881784197001252e-16,TRUE
42347,ForestDryPoor,1.27,1.2700000000000011,-1.1102230246251565e-15,TRUE
42576,ForestDryPoor,3.03,3.030000000000003,-3.1086244689504383e-15,TRUE
42577,ForestDryPoor,1.82,1.8200000000000016,-1.5543122344752192e-15,TRUE
42579,ForestDryPoor,3.03,3.030000000000003,-3.1086244689504383e-15,TRUE
42583,ForestDryPoor,1.56,1.5600000000000014,-1.3322676295501878e-15,TRUE
42585,ForestDryPoor,3.03,3.030000000000003,-3.1086244689504383e-15,TRUE
42586,ForestDryPoor,3.26,3.260000000000003,-3.1086244689504383e-15,TRUE
42601,ForestDryPoor,1.14,1.140000000000001,-1.1102230246251565e-15,TRUE
42608,ForestDryPoor,2,2.0000000000000018,-1.7763568394002505e-15,TRUE
42612,ForestDryPoor,2.5,2.500000000000002,-2.220446049250313e-15,TRUE
42622,ForestDryPoor,3.1,3.1000000000000028,-2.6645352591003757e-15,TRUE
42623,ForestDryPoor,3.19,3.190000000000003,-3.1086244689504383e-15,TRUE
42624,ForestDryPoor,2.66,2.6600000000000024,-2.220446049250313e-15,TRUE
42625,ForestDryPoor,1.78,1.7800000000000016,-1.5543122344752192e-15,TRUE
42626,ForestDryPoor,1.65,1.6500000000000017,-1.7763568394002505e-15,TRUE
42627,ForestDryPoor,2.09,2.0900000000000016,-1.7763568394002505e-15,TRUE
42629,ForestDryPoor,2.68,2.6800000000000024,-2.220446049250313e-15,TRUE
42634,ForestDryPoor,2.46,2.460000000000002,-2.220446049250313e-15,TRUE
42638,ForestDryPoor,2.43,2.4300000000000024,-2.220446049250313e-15,TRUE
42639,ForestDryPoor,3.84,3.8400000000000034,-3.552713678800501e-15,TRUE
42640,ForestDryPoor,3.8,3.8000000000000034,-3.552713678800501e-15,TRUE
42641,ForestDryPoor,3.54,3.540000000000003,-3.1086244689504383e-15,TRUE
42870,ForestDryPoor,1.32,1.3200000000000012,-1.1102230246251565e-15,TRUE
42872,ForestDryPoor,1.79,1.7900000000000016,-1.5543122344752192e-15,TRUE
42877,ForestDryPoor,2.89,2.8900000000000023,-2.220446049250313e-15,TRUE
42907,ForestDryPoor,1.42,1.4200000000000013,-1.3322676295501878e-15,TRUE
42908,ForestDryPoor,1.08,1.080000000000001,-8.881784197001252e-16,TRUE
42917,ForestDryPoor,1.95,1.9500000000000015,-1.5543122344752192e-15,TRUE
42920,ForestDryPoor,2.25,2.2500000000000018,-1.7763568394002505e-15,TRUE
42928,ForestDryPoor,1.92,1.9200000000000017,-1.7763568394002505e-15,TRUE
42929,ForestDryPoor,1.11,1.110000000000001,-8.881784197001252e-16,TRUE
43164,OpenWetRich,3.06,3.0600000000000027,-2.6645352591003757e-15,TRUE
43165,ForestDryPoor,2.42,2.420000000000002,-2.220446049250313e-15,TRUE
43169,ForestDryPoor,1.6,1.6000000000000014,-1.3322676295501878e-15,TRUE
43170,ForestDryPoor,2.39,2.3900000000000023,-2.220446049250313e-15,TRUE
43173,ForestDryPoor,1.44,1.4400000000000013,-1.3322676295501878e-15,TRUE
43174,ForestDryPoor,2.83,2.8300000000000027,-2.6645352591003757e-15,TRUE
43215,ForestDryPoor,1.87,1.8700000000000017,-1.5543122344752192e-15,TRUE
43220,ForestDryPoor,1.37,1.3700000000000012,-1.1102230246251565e-15,TRUE
43223,ForestDryPoor,3.3,3.300000000000003,-3.1086244689504383e-15,TRUE
43224,ForestDryPoor,2.67,2.6700000000000026,-2.6645352591003757e-15,TRUE
43225,ForestDryPoor,3.79,3.790000000000003,-3.1086244689504383e-15,TRUE
43227,ForestDryPoor,3.1,3.1000000000000028,-2.6645352591003757e-15,TRUE
43229,ForestDryPoor,2.68,2.6800000000000024,-2.220446049250313e-15,TRUE
43460,ForestDryPoor,1.3,1.3000000000000012,-1.1102230246251565e-15,TRUE
43462,ForestDryPoor,2.91,2.910000000000003,-2.6645352591003757e-15,TRUE
43463,ForestDryPoor,2.85,2.8500000000000023,-2.220446049250313e-15,TRUE
43466,ForestDryPoor,2.41,2.410000000000002,-1.7763568394002505e-15,TRUE
43467,ForestDryPoor,3.94,3.940000000000003,-3.1086244689504383e-15,TRUE
43468,ForestDryPoor,2.94,2.9400000000000026,-2.6645352591003757e-15,TRUE
43509,ForestDryPoor,3.14,3.140000000000003,-2.6645352591003757e-15,TRUE
43519,ForestDryPoor,2.85,2.8500000000000023,-2.220446049250313e-15,TRUE
43521,ForestDryPoor,1.4,1.4000000000000012,-1.3322676295501878e-15,TRUE
43524,ForestDryPoor,2.94,2.9400000000000026,-2.6645352591003757e-15,TRUE
43752,ForestDryPoor,3.06,3.0600000000000027,-2.6645352591003757e-15,TRUE
43759,ForestDryPoor,2.32,2.320000000000002,-2.220446049250313e-15,TRUE
43762,ForestDryPoor,2.68,2.6800000000000024,-2.220446049250313e-15,TRUE
43766,ForestDryPoor,1.55,1.5500000000000014,-1.3322676295501878e-15,TRUE
43767,ForestDryPoor,2.78,2.7800000000000025,-2.6645352591003757e-15,TRUE
43814,ForestDryPoor,2.91,2.910000000000003,-2.6645352591003757e-15,TRUE
43815,ForestDryPoor,2.17,2.1700000000000017,-1.7763568394002505e-15,TRUE
44049,ForestDryPoor,2.65,2.650000000000002,-2.220446049250313e-15,TRUE
44051,ForestDryPoor,2.78,2.7800000000000025,-2.6645352591003757e-15,TRUE
44112,ForestDryPoor,3.76,3.7600000000000033,-3.552713678800501e-15,TRUE
44113,ForestDryPoor,1.49,1.490000000000001,-1.1102230246251565e-15,TRUE
44114,ForestDryPoor,2.27,2.2700000000000022,-2.220446049250313e-15,TRUE
44322,ForestDryPoor,3.09,3.0900000000000025,-2.6645352591003757e-15,TRUE
44410,ForestDryPoor,2.22,2.220000000000002,-1.7763568394002505e-15,TRUE
44703,ForestDryPoor,3.69,3.690000000000003,-3.1086244689504383e-15,TRUE
44705,ForestDryPoor,1.67,1.6700000000000017,-1.7763568394002505e-15,TRUE
44909,ForestDryPoor,2.26,2.260000000000002,-2.220446049250313e-15,TRUE
44914,ForestDryPoor,3,3.0000000000000027,-2.6645352591003757e-15,TRUE
44934,ForestDryPoor,1.87,1.8700000000000017,-1.5543122344752192e-15,TRUE
45203,ForestDryPoor,1.04,1.040000000000001,-8.881784197001252e-16,TRUE
45205,ForestDryPoor,2.84,2.8400000000000025,-2.6645352591003757e-15,TRUE
45226,ForestDryPoor,1.78,1.7800000000000016,-1.5543122344752192e-15,TRUE
45499,ForestDryPoor,2.47,2.4700000000000024,-2.220446049250313e-15,TRUE
45500,ForestDryPoor,2.86,2.8600000000000025,-2.6645352591003757e-15,TRUE
45504,ForestDryPoor,2.65,2.650000000000002,-2.220446049250313e-15,TRUE
45791,ForestDryPoor,1.2,1.200000000000001,-1.1102230246251565e-15,TRUE
45796,ForestDryPoor,2.69,2.690000000000002,-2.220446049250313e-15,TRUE
45797,ForestDryPoor,2.1,2.100000000000002,-1.7763568394002505e-15,TRUE
45798,ForestDryPoor,1.86,1.8600000000000017,-1.5543122344752192e-15,TRUE
46085,ForestDryPoor,1.43,1.4300000000000013,-1.3322676295501878e-15,TRUE
46086,ForestDryPoor,1.62,1.6200000000000014,-1.3322676295501878e-15,TRUE
46088,ForestDryPoor,1.7,1.7000000000000015,-1.5543122344752192e-15,TRUE
46089,ForestDryPoor,2.26,2.260000000000002,-2.220446049250313e-15,TRUE
46091,ForestDryPoor,1.98,1.9800000000000015,-1.5543122344752192e-15,TRUE
46092,ForestDryPoor,2.62,2.6200000000000023,-2.220446049250313e-15,TRUE
46095,ForestDryPoor,3.24,3.240000000000003,-2.6645352591003757e-15,TRUE
46096,ForestDryPoor,1.67,1.6700000000000017,-1.7763568394002505e-15,TRUE
46376,ForestDryPoor,1.27,1.2700000000000011,-1.1102230246251565e-15,TRUE
46380,ForestDryPoor,2.61,2.610000000000002,-2.220446049250313e-15,TRUE
46381,ForestDryPoor,1.65,1.6500000000000017,-1.7763568394002505e-15,TRUE
46384,ForestDryPoor,3,3.0000000000000027,-2.6645352591003757e-15,TRUE
46387,ForestDryPoor,2.98,2.980000000000002,-2.220446049250313e-15,TRUE
46389,ForestDryPoor,2.58,2.5800000000000023,-2.220446049250313e-15,TRUE
46670,ForestDryPoor,3.11,3.110000000000003,-3.1086244689504383e-15,TRUE
46671,ForestDryPoor,2.99,2.990000000000003,-2.6645352591003757e-15,TRUE
46673,ForestDryPoor,2.26,2.260000000000002,-2.220446049250313e-15,TRUE
46674,ForestDryPoor,2.39,2.3900000000000023,-2.220446049250313e-15,TRUE
46677,ForestDryPoor,1.6,1.6000000000000014,-1.3322676295501878e-15,TRUE
46678,ForestDryPoor,1.57,1.5700000000000014,-1.3322676295501878e-15,TRUE
46679,ForestDryPoor,1.27,1.2700000000000011,-1.1102230246251565e-15,TRUE
46682,ForestDryPoor,3.39,3.3900000000000032,-3.1086244689504383e-15,TRUE
46684,ForestDryPoor,2.28,2.280000000000002,-2.220446049250313e-15,TRUE
46685,ForestDryPoor,1.34,1.3400000000000012,-1.1102230246251565e-15,TRUE
46965,ForestDryPoor,1.6,1.6000000000000014,-1.3322676295501878e-15,TRUE
46970,ForestDryPoor,2.88,2.8800000000000026,-2.6645352591003757e-15,TRUE
46971,ForestDryPoor,1.8,1.8000000000000016,-1.5543122344752192e-15,TRUE
46972,ForestDryPoor,2.37,2.370000000000002,-1.7763568394002505e-15,TRUE
46974,ForestDryPoor,3.11,3.110000000000003,-3.1086244689504383e-15,TRUE
46977,ForestDryPoor,3.35,3.350000000000003,-3.1086244689504383e-15,TRUE
46978,ForestDryPoor,1.36,1.3600000000000012,-1.1102230246251565e-15,TRUE
46979,ForestDryPoor,1.2,1.200000000000001,-1.1102230246251565e-15,TRUE
46981,OpenWetRich,1.59,1.5900000000000014,-1.3322676295501878e-15,TRUE
46982,ForestDryPoor,1.04,1.040000000000001,-8.881784197001252e-16,TRUE
47268,ForestDryPoor,1.36,1.3600000000000012,-1.1102230246251565e-15,TRUE
47271,ForestDryPoor,2.97,2.9700000000000024,-2.220446049250313e-15,TRUE
47273,ForestDryPoor,3.64,3.6400000000000032,-3.1086244689504383e-15,TRUE
47274,ForestDryPoor,1.62,1.6200000000000014,-1.3322676295501878e-15,TRUE
47276,ForestDryPoor,2.93,2.9300000000000024,-2.220446049250313e-15,TRUE
47277,ForestDryPoor,1.32,1.3200000000000012,-1.1102230246251565e-15,TRUE
47278,ForestDryPoor,1.59,1.5900000000000014,-1.3322676295501878e-15,TRUE
47564,ForestDryPoor,1.36,1.3600000000000012,-1.1102230246251565e-15,TRUE
47565,ForestDryPoor,3.46,3.460000000000003,-3.1086244689504383e-15,TRUE
47569,ForestDryPoor,3.2,3.200000000000003,-2.6645352591003757e-15,TRUE
47573,ForestDryPoor,1.36,1.3600000000000012,-1.1102230246251565e-15,TRUE
47576,ForestDryPoor,2.19,2.190000000000002,-2.220446049250313e-15,TRUE
47577,ForestDryPoor,2.25,2.2500000000000018,-1.7763568394002505e-15,TRUE
48157,ForestDryPoor,2.55,2.5500000000000025,-2.6645352591003757e-15,TRUE
48452,OpenWetRich,1.77,1.7700000000000016,-1.5543122344752192e-15,TRUE
48746,ForestDryPoor,1.02,1.020000000000001,-8.881784197001252e-16,TRUE
49037,ForestDryPoor,1.88,1.8800000000000017,-1.7763568394002505e-15,TRUE
51984,ForestDryPoor,1.84,1.8400000000000016,-1.5543122344752192e-15,TRUE
53482,ForestDryPoor,1.78,1.7800000000000016,-1.5543122344752192e-15,TRUE
53777,ForestDryPoor,1.43,1.4300000000000013,-1.3322676295501878e-15,TRUE
53789,ForestDryPoor,1.09,1.090000000000001,-8.881784197001252e-16,TRUE
54054,ForestDryPoor,2.65,2.650000000000002,-2.220446049250313e-15,TRUE
54075,ForestDryPoor,2.03,2.030000000000002,-2.220446049250313e-15,TRUE
54076,ForestDryPoor,2.6,2.6000000000000023,-2.220446049250313e-15,TRUE
54083,ForestDryPoor,2.86,2.8600000000000025,-2.6645352591003757e-15,TRUE
54084,ForestDryPoor,2.27,2.2700000000000022,-2.220446049250313e-15,TRUE
54361,ForestDryPoor,2.82,2.8200000000000025,-2.6645352591003757e-15,TRUE
54363,ForestDryPoor,2.78,2.7800000000000025,-2.6645352591003757e-15,TRUE
54365,ForestDryPoor,2.11,2.110000000000002,-2.220446049250313e-15,TRUE
54366,ForestDryPoor,1.97,1.9700000000000015,-1.5543122344752192e-15,TRUE
54369,ForestDryPoor,2.71,2.710000000000002,-2.220446049250313e-15,TRUE
54371,ForestDryPoor,1.66,1.6600000000000017,-1.7763568394002505e-15,TRUE
54372,ForestDryPoor,3.39,3.3900000000000032,-3.1086244689504383e-15,TRUE
54375,ForestDryPoor,2.97,2.9700000000000024,-2.220446049250313e-15,TRUE
54378,ForestDryPoor,1.32,1.3200000000000012,-1.1102230246251565e-15,TRUE
54379,ForestDryPoor,2.95,2.950000000000003,-2.6645352591003757e-15,TRUE
54653,ForestDryPoor,1.8,1.8000000000000016,-1.5543122344752192e-15,TRUE
54655,OpenWetRich,2.25,2.2500000000000018,-1.7763568394002505e-15,TRUE
54656,ForestDryPoor,1.81,1.8100000000000016,-1.5543122344752192e-15,TRUE
54661,ForestDryPoor,1.07,1.070000000000001,-8.881784197001252e-16,TRUE
54667,ForestDryPoor,2.72,2.7200000000000024,-2.220446049250313e-15,TRUE
54947,ForestDryPoor,1.03,1.030000000000001,-8.881784197001252e-16,TRUE
54948,ForestDryPoor,1.53,1.5300000000000014,-1.3322676295501878e-15,TRUE
54959,ForestDryPoor,1.9,1.9000000000000017,-1.7763568394002505e-15,TRUE
54962,ForestDryPoor,1.75,1.7500000000000016,-1.5543122344752192e-15,TRUE
54964,ForestDryPoor,3.26,3.260000000000003,-3.1086244689504383e-15,TRUE
54969,ForestDryPoor,3.94,3.940000000000003,-3.1086244689504383e-15,TRUE
55238,ForestDryPoor,2.68,2.6800000000000024,-2.220446049250313e-15,TRUE
55244,ForestDryPoor,3.06,3.0600000000000027,-2.6645352591003757e-15,TRUE
55245,ForestDryPoor,2.8,2.8000000000000025,-2.6645352591003757e-15,TRUE
55246,ForestDryPoor,2.47,2.4700000000000024,-2.220446049250313e-15,TRUE
55247,ForestDryPoor,1.32,1.3200000000000012,-1.1102230246251565e-15,TRUE
55254,ForestDryPoor,1.53,1.5300000000000014,-1.3322676295501878e-15,TRUE
55255,ForestDryPoor,3,3.0000000000000027,-2.6645352591003757e-15,TRUE
55256,ForestDryPoor,2.07,2.070000000000002,-2.220446049250313e-15,TRUE
55257,ForestDryPoor,1.42,1.4200000000000013,-1.3322676295501878e-15,TRUE
55265,ForestDryPoor,1.08,1.080000000000001,-8.881784197001252e-16,TRUE
55537,ForestDryPoor,2.94,2.9400000000000026,-2.6645352591003757e-15,TRUE
55553,ForestDryPoor,3.79,3.790000000000003,-3.1086244689504383e-15,TRUE
55559,ForestDryPoor,1.74,1.7400000000000015,-1.5543122344752192e-15,TRUE
55560,ForestDryPoor,3.02,3.0200000000000027,-2.6645352591003757e-15,TRUE
55829,ForestDryPoor,2.02,2.020000000000002,-1.7763568394002505e-15,TRUE
55831,ForestDryPoor,3.39,3.3900000000000032,-3.1086244689504383e-15,TRUE
55832,ForestDryPoor,2.87,2.8700000000000028,-2.6645352591003757e-15,TRUE
55834,ForestDryPoor,1.33,1.3300000000000012,-1.1102230246251565e-15,TRUE
55844,ForestWetRich,3.05,3.0500000000000025,-2.6645352591003757e-15,TRUE
55849,ForestDryPoor,2.38,2.380000000000002,-2.220446049250313e-15,TRUE
56126,ForestDryPoor,2.73,2.730000000000002,-2.220446049250313e-15,TRUE
56143,ForestDryPoor,1.77,1.7700000000000016,-1.5543122344752192e-15,TRUE
56144,ForestDryPoor,1.18,1.180000000000001,-1.1102230246251565e-15,TRUE
56433,ForestDryPoor,1.04,1.040000000000001,-8.881784197001252e-16,TRUE
56437,ForestDryPoor,2.58,2.5800000000000023,-2.220446049250313e-15,TRUE
56438,ForestDryPoor,3.66,3.6600000000000033,-3.1086244689504383e-15,TRUE
56439,ForestDryPoor,1.61,1.6100000000000014,-1.3322676295501878e-15,TRUE
56440,ForestDryPoor,2.37,2.370000000000002,-1.7763568394002505e-15,TRUE
56441,ForestDryPoor,1.88,1.8800000000000017,-1.7763568394002505e-15,TRUE
56736,ForestDryPoor,2.89,2.8900000000000023,-2.220446049250313e-15,TRUE
57020,ForestDryPoor,1.77,1.7700000000000016,-1.5543122344752192e-15,TRUE
57315,ForestDryPoor,1.76,1.7600000000000016,-1.5543122344752192e-15,TRUE
57316,ForestDryPoor,2.65,2.650000000000002,-2.220446049250313e-15,TRUE
57612,ForestDryPoor,2.98,2.980000000000002,-2.220446049250313e-15,TRUE
57613,ForestDryPoor,1.69,1.6900000000000015,-1.5543122344752192e-15,TRUE
57903,ForestDryPoor,2,2.0000000000000018,-1.7763568394002505e-15,TRUE
57906,ForestDryPoor,2.37,2.370000000000002,-1.7763568394002505e-15,TRUE
57907,ForestDryPoor,2.77,2.7700000000000022,-2.220446049250313e-15,TRUE
57908,ForestDryPoor,1.38,1.3800000000000012,-1.3322676295501878e-15,TRUE
58201,ForestDryPoor,1.95,1.9500000000000015,-1.5543122344752192e-15,TRUE
58202,ForestDryPoor,3.09,3.0900000000000025,-2.6645352591003757e-15,TRUE
58203,ForestDryPoor,1.27,1.2700000000000011,-1.1102230246251565e-15,TRUE
58496,ForestDryPoor,2.33,2.330000000000002,-1.7763568394002505e-15,TRUE
58497,ForestDryPoor,2.99,2.990000000000003,-2.6645352591003757e-15,TRUE
58792,ForestDryPoor,1.37,1.3700000000000012,-1.1102230246251565e-15,TRUE
59373,ForestDryPoor,2.66,2.6600000000000024,-2.220446049250313e-15,TRUE
59374,ForestDryPoor,2.31,2.3100000000000023,-2.220446049250313e-15,TRUE
59375,ForestDryPoor,3.03,3.030000000000003,-3.1086244689504383e-15,TRUE
59376,ForestDryPoor,2.82,2.8200000000000025,-2.6645352591003757e-15,TRUE
59381,ForestDryPoor,2.87,2.8700000000000028,-2.6645352591003757e-15,TRUE
59671,ForestDryPoor,2.74,2.7400000000000024,-2.220446049250313e-15,TRUE
59676,ForestDryPoor,3.7,3.7000000000000033,-3.1086244689504383e-15,TRUE
59677,ForestDryPoor,1.57,1.5700000000000014,-1.3322676295501878e-15,TRUE
59681,ForestDryPoor,1.89,1.8900000000000017,-1.7763568394002505e-15,TRUE
59966,ForestDryPoor,2.05,2.0500000000000016,-1.7763568394002505e-15,TRUE
59971,ForestDryPoor,2.23,2.230000000000002,-2.220446049250313e-15,TRUE
59972,ForestDryPoor,1.51,1.5100000000000011,-1.1102230246251565e-15,TRUE
60260,ForestDryPoor,2.01,2.0100000000000016,-1.7763568394002505e-15,TRUE
60261,ForestDryPoor,2.29,2.290000000000002,-1.7763568394002505e-15,TRUE
60265,ForestDryPoor,3.05,3.0500000000000025,-2.6645352591003757e-15,TRUE
60266,ForestDryPoor,2.49,2.490000000000002,-1.7763568394002505e-15,TRUE
60560,ForestDryPoor,1.3,1.3000000000000012,-1.1102230246251565e-15,TRUE
60561,ForestDryPoor,1.02,1.020000000000001,-8.881784197001252e-16,TRUE
60851,ForestDryPoor,1.89,1.8900000000000017,-1.7763568394002505e-15,TRUE
61144,ForestDryPoor,1.18,1.180000000000001,-1.1102230246251565e-15,TRUE
61145,ForestDryPoor,1.12,1.120000000000001,-8.881784197001252e-16,TRUE
61146,ForestDryPoor,1.37,1.3700000000000012,-1.1102230246251565e-15,TRUE
61445,ForestDryPoor,1.8,1.8000000000000016,-1.5543122344752192e-15,TRUE
61739,ForestDryPoor,3.74,3.7400000000000033,-3.1086244689504383e-15,TRUE
61740,ForestDryPoor,1.64,1.6400000000000017,-1.7763568394002505e-15,TRUE
61741,ForestDryPoor,2.43,2.4300000000000024,-2.220446049250313e-15,TRUE
61742,ForestDryPoor,3.64,3.6400000000000032,-3.1086244689504383e-15,TRUE
62035,ForestDryPoor,3.57,3.570000000000003,-3.1086244689504383e-15,TRUE
62036,ForestDryPoor,1.14,1.140000000000001,-1.1102230246251565e-15,TRUE
62331,ForestDryPoor,2.23,2.230000000000002,-2.220446049250313e-15,TRUE
62332,ForestDryPoor,2.15,2.150000000000002,-2.220446049250313e-15,TRUE
62627,ForestDryPoor,1.42,1.4200000000000013,-1.3322676295501878e-15,TRUE
62628,ForestDryPoor,2.51,2.5100000000000025,-2.6645352591003757e-15,TRUE
62629,ForestDryPoor,2.01,2.0100000000000016,-1.7763568394002505e-15,TRUE
62919,ForestDryPoor,1.56,1.5600000000000014,-1.3322676295501878e-15,TRUE
62922,ForestDryPoor,3.58,3.580000000000003,-3.1086244689504383e-15,TRUE
63215,ForestDryPoor,3.89,3.8900000000000032,-3.1086244689504383e-15,TRUE
63218,ForestDryPoor,1.45,1.4500000000000013,-1.3322676295501878e-15,TRUE
63221,ForestDryPoor,2.77,2.7700000000000022,-2.220446049250313e-15,TRUE
63509,ForestDryPoor,3.78,3.7800000000000034,-3.552713678800501e-15,TRUE
63510,ForestDryPoor,3.55,3.5500000000000034,-3.552713678800501e-15,TRUE
63513,ForestDryPoor,2.73,2.730000000000002,-2.220446049250313e-15,TRUE
63514,ForestDryPoor,2.26,2.260000000000002,-2.220446049250313e-15,TRUE
63516,ForestDryPoor,1.3,1.3000000000000012,-1.1102230246251565e-15,TRUE
63801,ForestDryPoor,1.95,1.9500000000000015,-1.5543122344752192e-15,TRUE
63806,ForestDryPoor,2.81,2.8100000000000023,-2.220446049250313e-15,TRUE
63809,ForestDryPoor,1.43,1.4300000000000013,-1.3322676295501878e-15,TRUE
64104,ForestDryPoor,1.21,1.210000000000001,-1.1102230246251565e-15,TRUE
64106,ForestDryPoor,3.67,3.670000000000003,-3.1086244689504383e-15,TRUE
64107,ForestDryPoor,1.07,1.070000000000001,-8.881784197001252e-16,TRUE
64398,ForestDryPoor,2.05,2.0500000000000016,-1.7763568394002505e-15,TRUE
64402,ForestDryPoor,2.32,2.320000000000002,-2.220446049250313e-15,TRUE
64699,ForestDryPoor,1.57,1.5700000000000014,-1.3322676295501878e-15,TRUE
64994,ForestDryPoor,2.64,2.6400000000000023,-2.220446049250313e-15,TRUE
64995,ForestDryPoor,1.76,1.7600000000000016,-1.5543122344752192e-15,TRUE
65285,ForestDryPoor,3,3.0000000000000027,-2.6645352591003757e-15,TRUE
65286,ForestDryPoor,2.97,2.9700000000000024,-2.220446049250313e-15,TRUE
65287,ForestDryPoor,3.11,3.110000000000003,-3.1086244689504383e-15,TRUE
65289,ForestDryPoor,3.75,3.750000000000003,-3.1086244689504383e-15,TRUE
65576,ForestDryPoor,2.29,2.290000000000002,-1.7763568394002505e-15,TRUE
65580,ForestDryPoor,2.63,2.6300000000000026,-2.6645352591003757e-15,TRUE
65874,ForestDryPoor,1.21,1.210000000000001,-1.1102230246251565e-15,TRUE
65880,ForestDryPoor,3.99,3.990000000000004,-3.9968028886505635e-15,TRUE
66167,ForestDryPoor,2.34,2.340000000000002,-2.220446049250313e-15,TRUE
66168,ForestDryPoor,2.82,2.8200000000000025,-2.6645352591003757e-15,TRUE
66169,ForestDryPoor,1.43,1.4300000000000013,-1.3322676295501878e-15,TRUE
66170,ForestDryPoor,1.88,1.8800000000000017,-1.7763568394002505e-15,TRUE
66171,ForestDryPoor,3.46,3.460000000000003,-3.1086244689504383e-15,TRUE
66174,ForestDryPoor,3.05,3.0500000000000025,-2.6645352591003757e-15,TRUE
66457,ForestDryPoor,1.42,1.4200000000000013,-1.3322676295501878e-15,TRUE
66464,ForestDryPoor,1.1,1.100000000000001,-8.881784197001252e-16,TRUE
66465,ForestDryPoor,3.1,3.1000000000000028,-2.6645352591003757e-15,TRUE
66470,ForestDryPoor,2.64,2.6400000000000023,-2.220446049250313e-15,TRUE
66753,ForestDryPoor,3.45,3.450000000000003,-2.6645352591003757e-15,TRUE
66755,ForestDryPoor,2.26,2.260000000000002,-2.220446049250313e-15,TRUE
66756,ForestDryPoor,1.61,1.6100000000000014,-1.3322676295501878e-15,TRUE
66757,ForestDryPoor,1.08,1.080000000000001,-8.881784197001252e-16,TRUE
66759,ForestDryPoor,2.65,2.650000000000002,-2.220446049250313e-15,TRUE
66764,ForestDryPoor,2.94,2.9400000000000026,-2.6645352591003757e-15,TRUE
66765,ForestDryPoor,1.19,1.190000000000001,-1.1102230246251565e-15,TRUE
67048,ForestDryPoor,2.77,2.7700000000000022,-2.220446049250313e-15,TRUE
67052,ForestDryPoor,2.34,2.340000000000002,-2.220446049250313e-15,TRUE
67059,ForestDryPoor,2.43,2.4300000000000024,-2.220446049250313e-15,TRUE
67346,ForestDryPoor,1.23,1.230000000000001,-1.1102230246251565e-15,TRUE
67347,ForestDryPoor,1.14,1.140000000000001,-1.1102230246251565e-15,TRUE
67348,ForestDryPoor,2.89,2.8900000000000023,-2.220446049250313e-15,TRUE
67349,ForestDryPoor,2.39,2.3900000000000023,-2.220446049250313e-15,TRUE
67352,ForestDryPoor,3.47,3.4700000000000033,-3.1086244689504383e-15,TRUE
67353,ForestDryPoor,2.81,2.8100000000000023,-2.220446049250313e-15,TRUE
67354,ForestDryPoor,1.63,1.6300000000000014,-1.5543122344752192e-15,TRUE
67643,ForestDryPoor,1.84,1.8400000000000016,-1.5543122344752192e-15,TRUE
67644,ForestDryPoor,1.59,1.5900000000000014,-1.3322676295501878e-15,TRUE
67645,ForestDryPoor,2.51,2.5100000000000025,-2.6645352591003757e-15,TRUE
67648,ForestDryPoor,3.58,3.580000000000003,-3.1086244689504383e-15,TRUE
67650,ForestDryPoor,3.01,3.0100000000000025,-2.6645352591003757e-15,TRUE
67939,ForestDryPoor,1.56,1.5600000000000014,-1.3322676295501878e-15,TRUE
67942,ForestDryPoor,3.73,3.730000000000003,-3.1086244689504383e-15,TRUE
67943,ForestDryPoor,3.66,3.6600000000000033,-3.1086244689504383e-15,TRUE
67945,ForestDryPoor,1.98,1.9800000000000015,-1.5543122344752192e-15,TRUE
68233,ForestDryPoor,2.36,2.360000000000002,-2.220446049250313e-15,TRUE
68234,ForestDryPoor,1.52,1.5200000000000014,-1.3322676295501878e-15,TRUE
68235,ForestDryPoor,2.84,2.8400000000000025,-2.6645352591003757e-15,TRUE
68240,ForestDryPoor,2.14,2.140000000000002,-1.7763568394002505e-15,TRUE
68528,ForestDryPoor,1.24,1.240000000000001,-1.1102230246251565e-15,TRUE
68535,ForestDryPoor,2.79,2.7900000000000027,-2.6645352591003757e-15,TRUE
68824,ForestDryPoor,1.08,1.080000000000001,-8.881784197001252e-16,TRUE
68825,ForestDryPoor,3.31,3.310000000000003,-3.1086244689504383e-15,TRUE
68830,ForestDryPoor,3.16,3.160000000000003,-2.6645352591003757e-15,TRUE
69119,ForestDryPoor,1.49,1.490000000000001,-1.1102230246251565e-15,TRUE
69120,ForestDryPoor,3.48,3.480000000000003,-3.1086244689504383e-15,TRUE
69125,ForestDryPoor,2.38,2.380000000000002,-2.220446049250313e-15,TRUE
69414,ForestDryPoor,1.38,1.3800000000000012,-1.3322676295501878e-15,TRUE
69415,ForestDryPoor,2.77,2.7700000000000022,-2.220446049250313e-15,TRUE
69708,ForestDryPoor,2.95,2.950000000000003,-2.6645352591003757e-15,TRUE
69710,ForestDryPoor,2.41,2.410000000000002,-1.7763568394002505e-15,TRUE
69711,ForestDryPoor,2.96,2.960000000000002,-2.220446049250313e-15,TRUE
69712,ForestDryPoor,1.42,1.4200000000000013,-1.3322676295501878e-15,TRUE
69713,ForestDryPoor,1.27,1.2700000000000011,-1.1102230246251565e-15,TRUE
69714,ForestDryPoor,1.76,1.7600000000000016,-1.5543122344752192e-15,TRUE
69715,ForestDryPoor,2.31,2.3100000000000023,-2.220446049250313e-15,TRUE
70008,ForestDryPoor,1.28,1.2800000000000011,-1.1102230246251565e-15,TRUE
70302,OpenWetRich,2.33,2.330000000000002,-1.7763568394002505e-15,TRUE
70303,ForestDryPoor,2.81,2.8100000000000023,-2.220446049250313e-15,TRUE
70304,OpenWetRich,2.04,2.040000000000002,-1.7763568394002505e-15,TRUE
70307,ForestDryPoor,1.58,1.5800000000000014,-1.3322676295501878e-15,TRUE
70590,ForestDryPoor,1.76,1.7600000000000016,-1.5543122344752192e-15,TRUE
70591,ForestDryPoor,1.89,1.8900000000000017,-1.7763568394002505e-15,TRUE
70600,ForestDryPoor,2.27,2.2700000000000022,-2.220446049250313e-15,TRUE
70601,ForestDryPoor,1.67,1.6700000000000017,-1.7763568394002505e-15,TRUE
70602,OpenWetRich,1.33,1.3300000000000012,-1.1102230246251565e-15,TRUE
71465,ForestDryPoor,1.79,1.7900000000000016,-1.5543122344752192e-15,TRUE
71476,ForestDryPoor,2.05,2.0500000000000016,-1.7763568394002505e-15,TRUE
71477,ForestDryPoor,2.99,2.990000000000003,-2.6645352591003757e-15,TRUE
71766,ForestDryPoor,2.44,2.440000000000002,-2.220446049250313e-15,TRUE
71767,ForestDryPoor,2.6,2.6000000000000023,-2.220446049250313e-15,TRUE
71770,ForestDryPoor,1.22,1.220000000000001,-1.1102230246251565e-15,TRUE
71771,ForestDryPoor,3.87,3.870000000000004,-3.9968028886505635e-15,TRUE
71772,ForestDryPoor,3.35,3.350000000000003,-3.1086244689504383e-15,TRUE
72062,ForestDryPoor,1.11,1.110000000000001,-8.881784197001252e-16,TRUE
72065,ForestDryPoor,3.3,3.300000000000003,-3.1086244689504383e-15,TRUE
72356,ForestDryPoor,2.22,2.220000000000002,-1.7763568394002505e-15,TRUE
72357,ForestDryPoor,1.23,1.230000000000001,-1.1102230246251565e-15,TRUE
72359,ForestDryPoor,2.11,2.110000000000002,-2.220446049250313e-15,TRUE
72362,ForestDryPoor,3.35,3.350000000000003,-3.1086244689504383e-15,TRUE
72364,ForestDryPoor,1.95,1.9500000000000015,-1.5543122344752192e-15,TRUE
72365,ForestDryPoor,1.44,1.4400000000000013,-1.3322676295501878e-15,TRUE
72652,ForestDryPoor,2.61,2.610000000000002,-2.220446049250313e-15,TRUE
72654,ForestDryPoor,1.1,1.100000000000001,-8.881784197001252e-16,TRUE
72657,ForestDryPoor,3.55,3.5500000000000034,-3.552713678800501e-15,TRUE
72659,ForestDryPoor,3.05,3.0500000000000025,-2.6645352591003757e-15,TRUE
72947,ForestDryPoor,2,2.0000000000000018,-1.7763568394002505e-15,TRUE
72948,ForestDryPoor,1.03,1.030000000000001,-8.881784197001252e-16,TRUE
72950,ForestDryPoor,1.09,1.090000000000001,-8.881784197001252e-16,TRUE
72951,ForestDryPoor,1.35,1.3500000000000012,-1.1102230246251565e-15,TRUE
72952,ForestDryPoor,2.91,2.910000000000003,-2.6645352591003757e-15,TRUE
72953,ForestDryPoor,1.9,1.9000000000000017,-1.7763568394002505e-15,TRUE
72955,ForestDryPoor,2.71,2.710000000000002,-2.220446049250313e-15,TRUE
73242,ForestDryPoor,1.44,1.4400000000000013,-1.3322676295501878e-15,TRUE
73243,ForestDryPoor,3.32,3.320000000000003,-3.1086244689504383e-15,TRUE
73245,ForestDryPoor,1.07,1.070000000000001,-8.881784197001252e-16,TRUE
73248,ForestDryPoor,2.25,2.2500000000000018,-1.7763568394002505e-15,TRUE
73836,ForestDryPoor,1.39,1.3900000000000012,-1.3322676295501878e-15,TRUE
74423,ForestDryPoor,1.36,1.3600000000000012,-1.1102230246251565e-15,TRUE
74427,ForestDryPoor,3.04,3.0400000000000027,-2.6645352591003757e-15,TRUE
74717,ForestDryPoor,2.63,2.6300000000000026,-2.6645352591003757e-15,TRUE
74720,ForestDryPoor,2.6,2.6000000000000023,-2.220446049250313e-15,TRUE
74721,ForestDryPoor,1.54,1.5400000000000014,-1.3322676295501878e-15,TRUE
75017,ForestWetRich,1.44,1.4400000000000013,-1.3322676295501878e-15,TRUE
75301,ForestDryPoor,2.73,2.730000000000002,-2.220446049250313e-15,TRUE
75306,ForestDryPoor,1.15,1.150000000000001,-1.1102230246251565e-15,TRUE
75315,ForestDryPoor,1.22,1.220000000000001,-1.1102230246251565e-15,TRUE
75598,ForestDryPoor,2.04,2.040000000000002,-1.7763568394002505e-15,TRUE
75599,ForestDryPoor,2.04,2.040000000000002,-1.7763568394002505e-15,TRUE
75607,ForestWetRich,2.83,2.8300000000000027,-2.6645352591003757e-15,TRUE
75610,ForestDryPoor,1.77,1.7700000000000016,-1.5543122344752192e-15,TRUE
75905,ForestDryPoor,1.52,1.5200000000000014,-1.3322676295501878e-15,TRUE
76478,ForestDryPoor,1.07,1.070000000000001,-8.881784197001252e-16,TRUE
76479,ForestDryPoor,2.77,2.7700000000000022,-2.220446049250313e-15,TRUE
76771,ForestDryPoor,1.19,1.190000000000001,-1.1102230246251565e-15,TRUE
83542,ForestDryPoor,2.85,2.8500000000000023,-2.220446049250313e-15,TRUE
83543,ForestDryPoor,1.01,1.010000000000001,-8.881784197001252e-16,TRUE
83841,ForestDryPoor,1.85,1.8500000000000016,-1.5543122344752192e-15,TRUE
83842,ForestDryPoor,1.94,1.9400000000000015,-1.5543122344752192e-15,TRUE
83843,ForestDryPoor,1.4,1.4000000000000012,-1.3322676295501878e-15,TRUE
84136,ForestDryPoor,2.61,2.610000000000002,-2.220446049250313e-15,TRUE
84138,ForestDryPoor,1.53,1.5300000000000014,-1.3322676295501878e-15,TRUE
84430,ForestDryPoor,2.24,2.240000000000002,-1.7763568394002505e-15,TRUE
84431,ForestDryPoor,4,4.0000000000000036,-3.552713678800501e-15,TRUE
84432,ForestDryPoor,3.5,3.500000000000003,-3.1086244689504383e-15,TRUE
84433,ForestDryPoor,2.76,2.7600000000000025,-2.6645352591003757e-15,TRUE
84443,ForestDryPoor,1.62,1.6200000000000014,-1.3322676295501878e-15,TRUE
84444,ForestDryPoor,1.68,1.6800000000000015,-1.5543122344752192e-15,TRUE
84445,ForestDryPoor,1.28,1.2800000000000011,-1.1102230246251565e-15,TRUE
84446,ForestDryPoor,1.15,1.150000000000001,-1.1102230246251565e-15,TRUE
84448,ForestDryPoor,1.97,1.9700000000000015,-1.5543122344752192e-15,TRUE
84449,ForestDryPoor,1.54,1.5400000000000014,-1.3322676295501878e-15,TRUE
84450,ForestDryPoor,1.11,1.110000000000001,-8.881784197001252e-16,TRUE
84731,ForestDryPoor,2,2.0000000000000018,-1.7763568394002505e-15,TRUE
84734,ForestDryPoor,1.92,1.9200000000000017,-1.7763568394002505e-15,TRUE
84736,ForestDryPoor,1.88,1.8800000000000017,-1.7763568394002505e-15,TRUE
84737,ForestDryPoor,3.26,3.260000000000003,-3.1086244689504383e-15,TRUE
84738,ForestDryPoor,2.32,2.320000000000002,-2.220446049250313e-15,TRUE
84739,ForestDryPoor,2.59,2.5900000000000025,-2.6645352591003757e-15,TRUE
84740,ForestDryPoor,2.82,2.8200000000000025,-2.6645352591003757e-15,TRUE
84741,ForestDryPoor,3.31,3.310000000000003,-3.1086244689504383e-15,TRUE
84742,ForestDryPoor,3.27,3.270000000000003,-3.1086244689504383e-15,TRUE
84743,ForestDryPoor,2.66,2.6600000000000024,-2.220446049250313e-15,TRUE
84744,ForestDryPoor,2.83,2.8300000000000027,-2.6645352591003757e-15,TRUE
84745,ForestDryPoor,1.13,1.130000000000001,-1.1102230246251565e-15,TRUE
85022,ForestWetRich,1.51,1.5100000000000011,-1.1102230246251565e-15,TRUE
85024,ForestDryPoor,2.45,2.450000000000002,-1.7763568394002505e-15,TRUE
85025,ForestDryPoor,2.92,2.9200000000000026,-2.6645352591003757e-15,TRUE
85026,ForestDryPoor,3.19,3.190000000000003,-3.1086244689504383e-15,TRUE
85027,ForestDryPoor,2.97,2.9700000000000024,-2.220446049250313e-15,TRUE
85028,ForestDryPoor,2.92,2.9200000000000026,-2.6645352591003757e-15,TRUE
85029,ForestDryPoor,2.28,2.280000000000002,-2.220446049250313e-15,TRUE
85037,ForestDryPoor,1.42,1.4200000000000013,-1.3322676295501878e-15,TRUE
85038,ForestDryPoor,2.97,2.9700000000000024,-2.220446049250313e-15,TRUE
85039,ForestDryPoor,3.69,3.690000000000003,-3.1086244689504383e-15,TRUE
85040,ForestDryPoor,3.74,3.7400000000000033,-3.1086244689504383e-15,TRUE
85041,ForestDryPoor,3.57,3.570000000000003,-3.1086244689504383e-15,TRUE
85042,ForestDryPoor,1.15,1.150000000000001,-1.1102230246251565e-15,TRUE
85318,ForestDryPoor,1.15,1.150000000000001,-1.1102230246251565e-15,TRUE
85319,ForestDryPoor,1.38,1.3800000000000012,-1.3322676295501878e-15,TRUE
85323,ForestDryPoor,2.39,2.3900000000000023,-2.220446049250313e-15,TRUE
85330,ForestDryPoor,2.11,2.110000000000002,-2.220446049250313e-15,TRUE
85331,ForestDryPoor,2.56,2.5600000000000023,-2.220446049250313e-15,TRUE
85332,ForestDryPoor,1.72,1.7200000000000015,-1.5543122344752192e-15,TRUE
85333,ForestDryPoor,1.54,1.5400000000000014,-1.3322676295501878e-15,TRUE
85334,ForestDryPoor,2.43,2.4300000000000024,-2.220446049250313e-15,TRUE
85337,ForestDryPoor,2.8,2.8000000000000025,-2.6645352591003757e-15,TRUE
85616,ForestDryPoor,1.18,1.180000000000001,-1.1102230246251565e-15,TRUE
85617,ForestDryPoor,2.8,2.8000000000000025,-2.6645352591003757e-15,TRUE
85618,ForestDryPoor,2.04,2.040000000000002,-1.7763568394002505e-15,TRUE
85619,ForestDryPoor,2.1,2.100000000000002,-1.7763568394002505e-15,TRUE
85620,ForestDryPoor,3.55,3.5500000000000034,-3.552713678800501e-15,TRUE
85621,ForestDryPoor,1.72,1.7200000000000015,-1.5543122344752192e-15,TRUE
85629,ForestDryPoor,1.03,1.030000000000001,-8.881784197001252e-16,TRUE
85631,ForestDryPoor,1.96,1.9600000000000015,-1.5543122344752192e-15,TRUE
85632,ForestDryPoor,1.56,1.5600000000000014,-1.3322676295501878e-15,TRUE
85633,ForestDryPoor,1.6,1.6000000000000014,-1.3322676295501878e-15,TRUE
85909,ForestWetRich,1.86,1.8600000000000017,-1.5543122344752192e-15,TRUE
85912,ForestDryPoor,2.8,2.8000000000000025,-2.6645352591003757e-15,TRUE
85913,ForestDryPoor,3.01,3.0100000000000025,-2.6645352591003757e-15,TRUE
85914,ForestDryPoor,2.82,2.8200000000000025,-2.6645352591003757e-15,TRUE
85915,ForestDryPoor,2.35,2.3500000000000023,-2.220446049250313e-15,TRUE
85916,ForestDryPoor,2.93,2.9300000000000024,-2.220446049250313e-15,TRUE
85917,ForestDryPoor,3.29,3.2900000000000027,-2.6645352591003757e-15,TRUE
85918,ForestDryPoor,2.55,2.5500000000000025,-2.6645352591003757e-15,TRUE
85927,ForestDryPoor,1.11,1.110000000000001,-8.881784197001252e-16,TRUE
85928,ForestDryPoor,1.45,1.4500000000000013,-1.3322676295501878e-15,TRUE
85929,ForestDryPoor,1.6,1.6000000000000014,-1.3322676295501878e-15,TRUE
85930,ForestDryPoor,2.1,2.100000000000002,-1.7763568394002505e-15,TRUE
85931,ForestDryPoor,1.87,1.8700000000000017,-1.5543122344752192e-15,TRUE
86207,ForestDryPoor,1.03,1.030000000000001,-8.881784197001252e-16,TRUE
86208,ForestDryPoor,3.01,3.0100000000000025,-2.6645352591003757e-15,TRUE
86209,ForestDryPoor,1.1,1.100000000000001,-8.881784197001252e-16,TRUE
86210,ForestDryPoor,3.32,3.320000000000003,-3.1086244689504383e-15,TRUE
86212,ForestDryPoor,2.92,2.9200000000000026,-2.6645352591003757e-15,TRUE
86213,ForestDryPoor,3.27,3.270000000000003,-3.1086244689504383e-15,TRUE
86214,ForestDryPoor,1.83,1.8300000000000016,-1.5543122344752192e-15,TRUE
86221,ForestDryPoor,2.26,2.260000000000002,-2.220446049250313e-15,TRUE
86222,ForestDryPoor,2.6,2.6000000000000023,-2.220446049250313e-15,TRUE
86225,ForestDryPoor,1,1.0000000000000009,-8.881784197001252e-16,TRUE
86227,ForestDryPoor,1.92,1.9200000000000017,-1.7763568394002505e-15,TRUE
86228,ForestDryPoor,2,2.0000000000000018,-1.7763568394002505e-15,TRUE
86229,ForestDryPoor,1.51,1.5100000000000011,-1.1102230246251565e-15,TRUE
86241,ForestDryPoor,1.18,1.180000000000001,-1.1102230246251565e-15,TRUE
86242,ForestDryPoor,3.15,3.150000000000003,-3.1086244689504383e-15,TRUE
86503,ForestDryPoor,1.18,1.180000000000001,-1.1102230246251565e-15,TRUE
86504,ForestDryPoor,1.2,1.200000000000001,-1.1102230246251565e-15,TRUE
86505,ForestDryPoor,1.78,1.7800000000000016,-1.5543122344752192e-15,TRUE
86506,ForestDryPoor,1.85,1.8500000000000016,-1.5543122344752192e-15,TRUE
86508,ForestDryPoor,1.1,1.100000000000001,-8.881784197001252e-16,TRUE
86509,ForestDryPoor,3.48,3.480000000000003,-3.1086244689504383e-15,TRUE
86510,ForestDryPoor,1.12,1.120000000000001,-8.881784197001252e-16,TRUE
86511,ForestDryPoor,2.23,2.230000000000002,-2.220446049250313e-15,TRUE
86516,ForestDryPoor,1.57,1.5700000000000014,-1.3322676295501878e-15,TRUE
86517,ForestDryPoor,1.59,1.5900000000000014,-1.3322676295501878e-15,TRUE
86522,ForestDryPoor,2.33,2.330000000000002,-1.7763568394002505e-15,TRUE
86523,ForestDryPoor,1.65,1.6500000000000017,-1.7763568394002505e-15,TRUE
86524,ForestDryPoor,2.8,2.8000000000000025,-2.6645352591003757e-15,TRUE
86525,ForestDryPoor,3.09,3.0900000000000025,-2.6645352591003757e-15,TRUE
86536,ForestDryPoor,2.44,2.440000000000002,-2.220446049250313e-15,TRUE
86537,ForestDryPoor,3.27,3.270000000000003,-3.1086244689504383e-15,TRUE
86805,ForestDryPoor,1.52,1.5200000000000014,-1.3322676295501878e-15,TRUE
86806,ForestDryPoor,1.49,1.490000000000001,-1.1102230246251565e-15,TRUE
86807,ForestDryPoor,1.18,1.180000000000001,-1.1102230246251565e-15,TRUE
86808,ForestDryPoor,1.1,1.100000000000001,-8.881784197001252e-16,TRUE
86819,ForestDryPoor,2.64,2.6400000000000023,-2.220446049250313e-15,TRUE
86820,ForestDryPoor,3.58,3.580000000000003,-3.1086244689504383e-15,TRUE
86821,ForestDryPoor,3.64,3.6400000000000032,-3.1086244689504383e-15,TRUE
86822,ForestDryPoor,1.17,1.170000000000001,-1.1102230246251565e-15,TRUE
86823,ForestDryPoor,2,2.0000000000000018,-1.7763568394002505e-15,TRUE
86830,ForestDryPoor,2.52,2.5200000000000022,-2.220446049250313e-15,TRUE
86835,ForestDryPoor,2.51,2.5100000000000025,-2.6645352591003757e-15,TRUE
87104,ForestWetRich,1.65,1.6500000000000017,-1.7763568394002505e-15,TRUE
87113,ForestDryPoor,2.16,2.160000000000002,-1.7763568394002505e-15,TRUE
87114,ForestDryPoor,1.54,1.5400000000000014,-1.3322676295501878e-15,TRUE
87116,ForestDryPoor,3.06,3.0600000000000027,-2.6645352591003757e-15,TRUE
87117,ForestDryPoor,3.91,3.910000000000004,-3.9968028886505635e-15,TRUE
87118,ForestDryPoor,3.5,3.500000000000003,-3.1086244689504383e-15,TRUE
87119,ForestDryPoor,2.16,2.160000000000002,-1.7763568394002505e-15,TRUE
87123,ForestDryPoor,1.93,1.9300000000000015,-1.5543122344752192e-15,TRUE
87124,ForestDryPoor,2.79,2.7900000000000027,-2.6645352591003757e-15,TRUE
87125,ForestDryPoor,3.54,3.540000000000003,-3.1086244689504383e-15,TRUE
87127,ForestWetRich,1.67,1.6700000000000017,-1.7763568394002505e-15,TRUE
87130,ForestDryPoor,2.07,2.070000000000002,-2.220446049250313e-15,TRUE
87131,ForestDryPoor,1.39,1.3900000000000012,-1.3322676295501878e-15,TRUE
87132,ForestDryPoor,3.47,3.4700000000000033,-3.1086244689504383e-15,TRUE
87134,ForestDryPoor,2.95,2.950000000000003,-2.6645352591003757e-15,TRUE
87136,ForestDryPoor,1.17,1.170000000000001,-1.1102230246251565e-15,TRUE
87408,ForestDryPoor,1.18,1.180000000000001,-1.1102230246251565e-15,TRUE
87409,ForestDryPoor,1.44,1.4400000000000013,-1.3322676295501878e-15,TRUE
87411,ForestDryPoor,2.9,2.9000000000000026,-2.6645352591003757e-15,TRUE
87412,ForestDryPoor,3.42,3.420000000000003,-3.1086244689504383e-15,TRUE
87413,ForestDryPoor,2.88,2.8800000000000026,-2.6645352591003757e-15,TRUE
87414,ForestDryPoor,2.5,2.500000000000002,-2.220446049250313e-15,TRUE
87415,ForestDryPoor,2.94,2.9400000000000026,-2.6645352591003757e-15,TRUE
87416,ForestDryPoor,2.74,2.7400000000000024,-2.220446049250313e-15,TRUE
87417,ForestDryPoor,3.64,3.6400000000000032,-3.1086244689504383e-15,TRUE
87418,ForestDryPoor,3.75,3.750000000000003,-3.1086244689504383e-15,TRUE
87419,ForestDryPoor,3.82,3.8200000000000034,-3.552713678800501e-15,TRUE
87420,ForestDryPoor,3.66,3.6600000000000033,-3.1086244689504383e-15,TRUE
87421,ForestDryPoor,1.4,1.4000000000000012,-1.3322676295501878e-15,TRUE
87423,ForestDryPoor,1.84,1.8400000000000016,-1.5543122344752192e-15,TRUE
87424,ForestDryPoor,1.64,1.6400000000000017,-1.7763568394002505e-15,TRUE
87425,ForestDryPoor,3.05,3.0500000000000025,-2.6645352591003757e-15,TRUE
87427,ForestDryPoor,3.24,3.240000000000003,-2.6645352591003757e-15,TRUE
87428,ForestDryPoor,1.42,1.4200000000000013,-1.3322676295501878e-15,TRUE
87705,ForestDryPoor,1.81,1.8100000000000016,-1.5543122344752192e-15,TRUE
87707,ForestDryPoor,2.51,2.5100000000000025,-2.6645352591003757e-15,TRUE
87711,ForestDryPoor,1.07,1.070000000000001,-8.881784197001252e-16,TRUE
87712,ForestDryPoor,1.56,1.5600000000000014,-1.3322676295501878e-15,TRUE
87713,ForestDryPoor,3.68,3.6800000000000033,-3.1086244689504383e-15,TRUE
87714,ForestDryPoor,3.72,3.7200000000000033,-3.1086244689504383e-15,TRUE
87715,ForestDryPoor,3.68,3.6800000000000033,-3.1086244689504383e-15,TRUE
87716,ForestDryPoor,3.43,3.4300000000000033,-3.1086244689504383e-15,TRUE
87717,ForestDryPoor,1.23,1.230000000000001,-1.1102230246251565e-15,TRUE
87718,ForestDryPoor,2.18,2.180000000000002,-1.7763568394002505e-15,TRUE
87719,ForestDryPoor,3.61,3.610000000000003,-3.1086244689504383e-15,TRUE
87720,ForestDryPoor,1.89,1.8900000000000017,-1.7763568394002505e-15,TRUE
87722,ForestDryPoor,1.11,1.110000000000001,-8.881784197001252e-16,TRUE
87723,ForestDryPoor,3.38,3.380000000000003,-3.1086244689504383e-15,TRUE
87725,ForestDryPoor,1.69,1.6900000000000015,-1.5543122344752192e-15,TRUE
88003,ForestWetRich,1.69,1.6900000000000015,-1.5543122344752192e-15,TRUE
88008,ForestDryPoor,3.71,3.710000000000003,-3.1086244689504383e-15,TRUE
88009,ForestDryPoor,4,4.0000000000000036,-3.552713678800501e-15,TRUE
88010,ForestDryPoor,3.77,3.770000000000003,-3.1086244689504383e-15,TRUE
88011,ForestDryPoor,3.51,3.5100000000000033,-3.552713678800501e-15,TRUE
88012,ForestDryPoor,3.6,3.600000000000003,-3.1086244689504383e-15,TRUE
88013,ForestDryPoor,2.26,2.260000000000002,-2.220446049250313e-15,TRUE
88014,ForestDryPoor,3.78,3.7800000000000034,-3.552713678800501e-15,TRUE
88015,ForestDryPoor,1.53,1.5300000000000014,-1.3322676295501878e-15,TRUE
88018,ForestDryPoor,2.75,2.7500000000000027,-2.6645352591003757e-15,TRUE
88020,ForestDryPoor,2.02,2.020000000000002,-1.7763568394002505e-15,TRUE
88304,ForestDryPoor,2.95,2.950000000000003,-2.6645352591003757e-15,TRUE
88305,ForestDryPoor,3.82,3.8200000000000034,-3.552713678800501e-15,TRUE
88306,ForestDryPoor,3.1,3.1000000000000028,-2.6645352591003757e-15,TRUE
88307,ForestDryPoor,3.58,3.580000000000003,-3.1086244689504383e-15,TRUE
88308,ForestDryPoor,3.69,3.690000000000003,-3.1086244689504383e-15,TRUE
88309,ForestDryPoor,3.61,3.610000000000003,-3.1086244689504383e-15,TRUE
88310,ForestDryPoor,1.59,1.5900000000000014,-1.3322676295501878e-15,TRUE
88316,ForestDryPoor,1.21,1.210000000000001,-1.1102230246251565e-15,TRUE
88600,ForestDryPoor,2.89,2.8900000000000023,-2.220446049250313e-15,TRUE
88601,ForestDryPoor,3.48,3.480000000000003,-3.1086244689504383e-15,TRUE
88602,ForestDryPoor,3.74,3.7400000000000033,-3.1086244689504383e-15,TRUE
88603,ForestDryPoor,3.85,3.850000000000003,-3.1086244689504383e-15,TRUE
88604,ForestDryPoor,3.41,3.410000000000003,-2.6645352591003757e-15,TRUE
88605,ForestDryPoor,3.49,3.490000000000003,-2.6645352591003757e-15,TRUE
88606,ForestDryPoor,2.83,2.8300000000000027,-2.6645352591003757e-15,TRUE
88612,ForestDryPoor,1.51,1.5100000000000011,-1.1102230246251565e-15,TRUE
88895,ForestDryPoor,1.91,1.9100000000000017,-1.7763568394002505e-15,TRUE
88896,ForestDryPoor,3.56,3.560000000000003,-3.1086244689504383e-15,TRUE
88897,ForestDryPoor,3.95,3.950000000000004,-3.9968028886505635e-15,TRUE
88898,ForestDryPoor,3.86,3.860000000000003,-3.1086244689504383e-15,TRUE
88899,ForestDryPoor,3.22,3.220000000000003,-2.6645352591003757e-15,TRUE
88900,ForestDryPoor,3.49,3.490000000000003,-2.6645352591003757e-15,TRUE
88901,ForestDryPoor,2.91,2.910000000000003,-2.6645352591003757e-15,TRUE
88903,ForestDryPoor,1.2,1.200000000000001,-1.1102230246251565e-15,TRUE
88904,ForestDryPoor,3.97,3.9700000000000033,-3.1086244689504383e-15,TRUE
88905,OpenWetRich,1.98,1.9800000000000015,-1.5543122344752192e-15,TRUE
88906,ForestDryPoor,2.84,2.8400000000000025,-2.6645352591003757e-15,TRUE
88907,ForestDryPoor,1.3,1.3000000000000012,-1.1102230246251565e-15,TRUE
89191,ForestDryPoor,3.59,3.5900000000000034,-3.552713678800501e-15,TRUE
89192,ForestDryPoor,3.58,3.580000000000003,-3.1086244689504383e-15,TRUE
89193,ForestDryPoor,3.66,3.6600000000000033,-3.1086244689504383e-15,TRUE
89194,ForestDryPoor,3.41,3.410000000000003,-2.6645352591003757e-15,TRUE
89195,ForestDryPoor,3.49,3.490000000000003,-2.6645352591003757e-15,TRUE
89196,ForestDryPoor,1.84,1.8400000000000016,-1.5543122344752192e-15,TRUE
89199,ForestDryPoor,3.52,3.520000000000003,-3.1086244689504383e-15,TRUE
89200,ForestDryPoor,3.38,3.380000000000003,-3.1086244689504383e-15,TRUE
89201,ForestDryPoor,1.76,1.7600000000000016,-1.5543122344752192e-15,TRUE
89486,ForestDryPoor,1.26,1.2600000000000011,-1.1102230246251565e-15,TRUE
89487,ForestDryPoor,3.29,3.2900000000000027,-2.6645352591003757e-15,TRUE
89488,ForestDryPoor,3.43,3.4300000000000033,-3.1086244689504383e-15,TRUE
89489,ForestDryPoor,2.39,2.3900000000000023,-2.220446049250313e-15,TRUE
89490,ForestDryPoor,3.99,3.990000000000004,-3.9968028886505635e-15,TRUE
89491,ForestDryPoor,3.25,3.2500000000000027,-2.6645352591003757e-15,TRUE
89495,ForestDryPoor,1.15,1.150000000000001,-1.1102230246251565e-15,TRUE
89782,ForestDryPoor,3.22,3.220000000000003,-2.6645352591003757e-15,TRUE
89783,ForestDryPoor,2.97,2.9700000000000024,-2.220446049250313e-15,TRUE
89784,ForestDryPoor,3.62,3.620000000000003,-3.1086244689504383e-15,TRUE
89785,ForestDryPoor,4,4.0000000000000036,-3.552713678800501e-15,TRUE
89786,ForestDryPoor,3.77,3.770000000000003,-3.1086244689504383e-15,TRUE
89787,ForestDryPoor,1.52,1.5200000000000014,-1.3322676295501878e-15,TRUE
90077,ForestDryPoor,1.51,1.5100000000000011,-1.1102230246251565e-15,TRUE
90078,ForestDryPoor,2.9,2.9000000000000026,-2.6645352591003757e-15,TRUE
90079,ForestDryPoor,3.85,3.850000000000003,-3.1086244689504383e-15,TRUE
90080,ForestDryPoor,3.95,3.950000000000004,-3.9968028886505635e-15,TRUE
90081,ForestDryPoor,3.64,3.6400000000000032,-3.1086244689504383e-15,TRUE
90082,ForestDryPoor,1.28,1.2800000000000011,-1.1102230246251565e-15,TRUE
90372,ForestDryPoor,1.76,1.7600000000000016,-1.5543122344752192e-15,TRUE
90373,ForestDryPoor,2.85,2.8500000000000023,-2.220446049250313e-15,TRUE
90374,ForestDryPoor,3.64,3.6400000000000032,-3.1086244689504383e-15,TRUE
90375,ForestDryPoor,3.71,3.710000000000003,-3.1086244689504383e-15,TRUE
90376,ForestDryPoor,3.59,3.5900000000000034,-3.552713678800501e-15,TRUE
90377,ForestDryPoor,3.37,3.3700000000000028,-2.6645352591003757e-15,TRUE
90378,ForestDryPoor,2.57,2.570000000000002,-2.220446049250313e-15,TRUE
90379,ForestDryPoor,2.27,2.2700000000000022,-2.220446049250313e-15,TRUE
90380,ForestDryPoor,2.49,2.490000000000002,-1.7763568394002505e-15,TRUE
90381,ForestDryPoor,2.49,2.490000000000002,-1.7763568394002505e-15,TRUE
90382,ForestDryPoor,2.32,2.320000000000002,-2.220446049250313e-15,TRUE
90383,ForestDryPoor,2.63,2.6300000000000026,-2.6645352591003757e-15,TRUE
90384,ForestDryPoor,2.98,2.980000000000002,-2.220446049250313e-15,TRUE
90385,ForestDryPoor,3.42,3.420000000000003,-3.1086244689504383e-15,TRUE
90386,OpenWetRich,1.67,1.6700000000000017,-1.7763568394002505e-15,TRUE
90667,ForestDryPoor,1.19,1.190000000000001,-1.1102230246251565e-15,TRUE
90668,ForestDryPoor,1.86,1.8600000000000017,-1.5543122344752192e-15,TRUE
90669,ForestDryPoor,3.55,3.5500000000000034,-3.552713678800501e-15,TRUE
90670,ForestDryPoor,3.35,3.350000000000003,-3.1086244689504383e-15,TRUE
90671,ForestDryPoor,2.81,2.8100000000000023,-2.220446049250313e-15,TRUE
90672,ForestDryPoor,3.18,3.180000000000003,-2.6645352591003757e-15,TRUE
90673,ForestDryPoor,3.75,3.750000000000003,-3.1086244689504383e-15,TRUE
90674,ForestDryPoor,3.63,3.630000000000003,-3.1086244689504383e-15,TRUE
90675,ForestDryPoor,3.6,3.600000000000003,-3.1086244689504383e-15,TRUE
90676,ForestDryPoor,2.78,2.7800000000000025,-2.6645352591003757e-15,TRUE
90677,ForestDryPoor,2.4,2.400000000000002,-2.220446049250313e-15,TRUE
90678,ForestDryPoor,2.78,2.7800000000000025,-2.6645352591003757e-15,TRUE
90679,ForestDryPoor,3.74,3.7400000000000033,-3.1086244689504383e-15,TRUE
90680,ForestDryPoor,3.19,3.190000000000003,-3.1086244689504383e-15,TRUE
90681,ForestDryPoor,3.95,3.950000000000004,-3.9968028886505635e-15,TRUE
90682,ForestDryPoor,1.75,1.7500000000000016,-1.5543122344752192e-15,TRUE
90963,ForestDryPoor,2.24,2.240000000000002,-1.7763568394002505e-15,TRUE
90974,ForestDryPoor,1.56,1.5600000000000014,-1.3322676295501878e-15,TRUE
90975,ForestDryPoor,3.46,3.460000000000003,-3.1086244689504383e-15,TRUE
90976,ForestDryPoor,3.7,3.7000000000000033,-3.1086244689504383e-15,TRUE
90977,ForestDryPoor,3.4,3.400000000000003,-3.1086244689504383e-15,TRUE
91258,ForestDryPoor,2.54,2.5400000000000023,-2.220446049250313e-15,TRUE
91259,ForestDryPoor,1.34,1.3400000000000012,-1.1102230246251565e-15,TRUE
91270,ForestDryPoor,1.93,1.9300000000000015,-1.5543122344752192e-15,TRUE
91271,ForestDryPoor,3.7,3.7000000000000033,-3.1086244689504383e-15,TRUE
91272,ForestDryPoor,4,4.0000000000000036,-3.552713678800501e-15,TRUE
91566,ForestDryPoor,3.41,3.410000000000003,-2.6645352591003757e-15,TRUE
91567,ForestDryPoor,3.93,3.9300000000000033,-3.1086244689504383e-15,TRUE
91861,ForestDryPoor,3.34,3.340000000000003,-3.1086244689504383e-15,TRUE
91862,ForestDryPoor,2.11,2.110000000000002,-2.220446049250313e-15,TRUE
92156,ForestDryPoor,3.24,3.240000000000003,-2.6645352591003757e-15,TRUE
92157,ForestDryPoor,1.28,1.2800000000000011,-1.1102230246251565e-15,TRUE
92164,ForestDryPoor,2.01,2.0100000000000016,-1.7763568394002505e-15,TRUE
92451,ForestDryPoor,2.04,2.040000000000002,-1.7763568394002505e-15,TRUE
92452,ForestDryPoor,1.27,1.2700000000000011,-1.1102230246251565e-15,TRUE
92460,ForestDryPoor,1.84,1.8400000000000016,-1.5543122344752192e-15,TRUE
92747,OpenWetRich,2.48,2.480000000000002,-2.220446049250313e-15,TRUE
93042,ForestDryPoor,1.56,1.5600000000000014,-1.3322676295501878e-15,TRUE
93043,ForestDryPoor,2.92,2.9200000000000026,-2.6645352591003757e-15,TRUE
93044,ForestDryPoor,1.25,1.250000000000001,-1.1102230246251565e-15,TRUE
93045,ForestDryPoor,1.67,1.6700000000000017,-1.7763568394002505e-15,TRUE
93046,OpenWetRich,1.58,1.5800000000000014,-1.3322676295501878e-15,TRUE
93053,ForestDryPoor,1.87,1.8700000000000017,-1.5543122344752192e-15,TRUE
93330,ForestDryPoor,1.56,1.5600000000000014,-1.3322676295501878e-15,TRUE
93331,OpenWetRich,1.25,1.250000000000001,-1.1102230246251565e-15,TRUE
93337,ForestDryPoor,1.25,1.250000000000001,-1.1102230246251565e-15,TRUE
93338,ForestDryPoor,3.85,3.850000000000003,-3.1086244689504383e-15,TRUE
93339,ForestDryPoor,3.83,3.830000000000003,-3.1086244689504383e-15,TRUE
93343,ForestDryPoor,1.76,1.7600000000000016,-1.5543122344752192e-15,TRUE
93347,ForestDryPoor,1.05,1.050000000000001,-8.881784197001252e-16,TRUE
93348,ForestDryPoor,1.63,1.6300000000000014,-1.5543122344752192e-15,TRUE
93626,ForestDryPoor,1.89,1.8900000000000017,-1.7763568394002505e-15,TRUE
93636,ForestDryPoor,1,1.0000000000000009,-8.881784197001252e-16,TRUE
93637,ForestDryPoor,3.28,3.280000000000003,-3.1086244689504383e-15,TRUE
93638,ForestDryPoor,3.75,3.750000000000003,-3.1086244689504383e-15,TRUE
93639,ForestDryPoor,3.35,3.350000000000003,-3.1086244689504383e-15,TRUE
93640,ForestDryPoor,1.04,1.040000000000001,-8.881784197001252e-16,TRUE
93911,ForestDryPoor,1.45,1.4500000000000013,-1.3322676295501878e-15,TRUE
93917,ForestDryPoor,1.25,1.250000000000001,-1.1102230246251565e-15,TRUE
93918,ForestDryPoor,2.97,2.9700000000000024,-2.220446049250313e-15,TRUE
93919,ForestDryPoor,1.51,1.5100000000000011,-1.1102230246251565e-15,TRUE
93921,ForestDryPoor,2.88,2.8800000000000026,-2.6645352591003757e-15,TRUE
93922,ForestDryPoor,1.31,1.3100000000000012,-1.1102230246251565e-15,TRUE
93923,ForestDryPoor,1.04,1.040000000000001,-8.881784197001252e-16,TRUE
93924,ForestDryPoor,2.34,2.340000000000002,-2.220446049250313e-15,TRUE
93931,ForestDryPoor,2.35,2.3500000000000023,-2.220446049250313e-15,TRUE
93933,ForestDryPoor,1.97,1.9700000000000015,-1.5543122344752192e-15,TRUE
93934,ForestDryPoor,1.78,1.7800000000000016,-1.5543122344752192e-15,TRUE
93935,ForestDryPoor,3.01,3.0100000000000025,-2.6645352591003757e-15,TRUE
93936,ForestDryPoor,2.29,2.290000000000002,-1.7763568394002505e-15,TRUE
94206,ForestDryPoor,1.44,1.4400000000000013,-1.3322676295501878e-15,TRUE
94207,ForestDryPoor,2.08,2.080000000000002,-1.7763568394002505e-15,TRUE
94214,ForestDryPoor,3.76,3.7600000000000033,-3.552713678800501e-15,TRUE
94215,ForestDryPoor,2.19,2.190000000000002,-2.220446049250313e-15,TRUE
94216,ForestDryPoor,1.42,1.4200000000000013,-1.3322676295501878e-15,TRUE
94217,ForestDryPoor,3.34,3.340000000000003,-3.1086244689504383e-15,TRUE
94218,ForestDryPoor,3.43,3.4300000000000033,-3.1086244689504383e-15,TRUE
94219,ForestDryPoor,2.51,2.5100000000000025,-2.6645352591003757e-15,TRUE
94226,ForestDryPoor,3,3.0000000000000027,-2.6645352591003757e-15,TRUE
94231,ForestDryPoor,1.29,1.2900000000000011,-1.1102230246251565e-15,TRUE
94232,ForestDryPoor,2.2,2.200000000000002,-1.7763568394002505e-15,TRUE
94497,ForestDryPoor,2.46,2.460000000000002,-2.220446049250313e-15,TRUE
94498,ForestDryPoor,1.11,1.110000000000001,-8.881784197001252e-16,TRUE
94503,ForestDryPoor,3.27,3.270000000000003,-3.1086244689504383e-15,TRUE
94507,ForestDryPoor,3.2,3.200000000000003,-2.6645352591003757e-15,TRUE
94508,ForestDryPoor,1.53,1.5300000000000014,-1.3322676295501878e-15,TRUE
94511,ForestDryPoor,1,1.0000000000000009,-8.881784197001252e-16,TRUE
94512,ForestDryPoor,3.04,3.0400000000000027,-2.6645352591003757e-15,TRUE
94513,ForestDryPoor,2.3,2.300000000000002,-2.220446049250313e-15,TRUE
94514,ForestDryPoor,2.37,2.370000000000002,-1.7763568394002505e-15,TRUE
94521,ForestDryPoor,1.9,1.9000000000000017,-1.7763568394002505e-15,TRUE
94790,ForestDryPoor,2.93,2.9300000000000024,-2.220446049250313e-15,TRUE
94792,ForestDryPoor,3.09,3.0900000000000025,-2.6645352591003757e-15,TRUE
94796,ForestDryPoor,1.97,1.9700000000000015,-1.5543122344752192e-15,TRUE
94797,ForestDryPoor,1.05,1.050000000000001,-8.881784197001252e-16,TRUE
94798,ForestDryPoor,3.27,3.270000000000003,-3.1086244689504383e-15,TRUE
94799,ForestDryPoor,3.89,3.8900000000000032,-3.1086244689504383e-15,TRUE
94802,ForestDryPoor,2.21,2.2100000000000017,-1.7763568394002505e-15,TRUE
94806,ForestDryPoor,1.57,1.5700000000000014,-1.3322676295501878e-15,TRUE
94807,ForestDryPoor,1.7,1.7000000000000015,-1.5543122344752192e-15,TRUE
94810,ForestDryPoor,1.76,1.7600000000000016,-1.5543122344752192e-15,TRUE
94811,ForestDryPoor,2.44,2.440000000000002,-2.220446049250313e-15,TRUE
94812,ForestDryPoor,2.13,2.1300000000000017,-1.7763568394002505e-15,TRUE
94813,ForestDryPoor,3.02,3.0200000000000027,-2.6645352591003757e-15,TRUE
94814,ForestDryPoor,3.1,3.1000000000000028,-2.6645352591003757e-15,TRUE
95084,ForestDryPoor,1.22,1.220000000000001,-1.1102230246251565e-15,TRUE
95085,ForestDryPoor,3.76,3.7600000000000033,-3.552713678800501e-15,TRUE
95086,ForestDryPoor,3.74,3.7400000000000033,-3.1086244689504383e-15,TRUE
95087,ForestDryPoor,3.43,3.4300000000000033,-3.1086244689504383e-15,TRUE
95088,ForestDryPoor,1.58,1.5800000000000014,-1.3322676295501878e-15,TRUE
95091,ForestDryPoor,3.71,3.710000000000003,-3.1086244689504383e-15,TRUE
95092,ForestDryPoor,3.49,3.490000000000003,-2.6645352591003757e-15,TRUE
95093,ForestDryPoor,3.43,3.4300000000000033,-3.1086244689504383e-15,TRUE
95094,ForestDryPoor,3.47,3.4700000000000033,-3.1086244689504383e-15,TRUE
95095,ForestDryPoor,3.01,3.0100000000000025,-2.6645352591003757e-15,TRUE
95096,ForestDryPoor,2.65,2.650000000000002,-2.220446049250313e-15,TRUE
95111,OpenWetRich,1.58,1.5800000000000014,-1.3322676295501878e-15,TRUE
95380,ForestDryPoor,1.61,1.6100000000000014,-1.3322676295501878e-15,TRUE
95381,ForestDryPoor,1.83,1.8300000000000016,-1.5543122344752192e-15,TRUE
95382,ForestDryPoor,3.65,3.650000000000003,-3.1086244689504383e-15,TRUE
95383,ForestDryPoor,2.71,2.710000000000002,-2.220446049250313e-15,TRUE
95385,ForestDryPoor,1.37,1.3700000000000012,-1.1102230246251565e-15,TRUE
95386,ForestDryPoor,3.69,3.690000000000003,-3.1086244689504383e-15,TRUE
95387,ForestDryPoor,1.82,1.8200000000000016,-1.5543122344752192e-15,TRUE
95388,ForestDryPoor,2.93,2.9300000000000024,-2.220446049250313e-15,TRUE
95389,ForestDryPoor,2.36,2.360000000000002,-2.220446049250313e-15,TRUE
95390,ForestDryPoor,1.97,1.9700000000000015,-1.5543122344752192e-15,TRUE
95391,ForestDryPoor,2.03,2.030000000000002,-2.220446049250313e-15,TRUE
95406,ForestDryPoor,1.1,1.100000000000001,-8.881784197001252e-16,TRUE
95677,ForestDryPoor,1.06,1.060000000000001,-8.881784197001252e-16,TRUE
95678,ForestDryPoor,1.54,1.5400000000000014,-1.3322676295501878e-15,TRUE
95682,ForestDryPoor,1.75,1.7500000000000016,-1.5543122344752192e-15,TRUE
95683,ForestDryPoor,3.49,3.490000000000003,-2.6645352591003757e-15,TRUE
95684,ForestDryPoor,2.82,2.8200000000000025,-2.6645352591003757e-15,TRUE
95685,ForestDryPoor,1.45,1.4500000000000013,-1.3322676295501878e-15,TRUE
95686,ForestDryPoor,1.58,1.5800000000000014,-1.3322676295501878e-15,TRUE
95701,ForestDryPoor,2.5,2.500000000000002,-2.220446049250313e-15,TRUE
95965,ForestDryPoor,2.04,2.040000000000002,-1.7763568394002505e-15,TRUE
95967,ForestDryPoor,3.8,3.8000000000000034,-3.552713678800501e-15,TRUE
95968,ForestDryPoor,1.91,1.9100000000000017,-1.7763568394002505e-15,TRUE
95969,ForestDryPoor,1.54,1.5400000000000014,-1.3322676295501878e-15,TRUE
95970,ForestDryPoor,2.88,2.8800000000000026,-2.6645352591003757e-15,TRUE
95972,ForestDryPoor,2.99,2.990000000000003,-2.6645352591003757e-15,TRUE
95973,ForestDryPoor,3.29,3.2900000000000027,-2.6645352591003757e-15,TRUE
95974,ForestDryPoor,2.09,2.0900000000000016,-1.7763568394002505e-15,TRUE
95978,ForestDryPoor,1.1,1.100000000000001,-8.881784197001252e-16,TRUE
95981,ForestDryPoor,2.38,2.380000000000002,-2.220446049250313e-15,TRUE
95988,ForestDryPoor,2.1,2.100000000000002,-1.7763568394002505e-15,TRUE
95989,ForestDryPoor,1.66,1.6600000000000017,-1.7763568394002505e-15,TRUE
95993,ForestDryPoor,1.69,1.6900000000000015,-1.5543122344752192e-15,TRUE
95995,ForestDryPoor,1.7,1.7000000000000015,-1.5543122344752192e-15,TRUE
95996,ForestDryPoor,2.93,2.9300000000000024,-2.220446049250313e-15,TRUE
96258,ForestDryPoor,1.71,1.7100000000000015,-1.5543122344752192e-15,TRUE
96259,ForestDryPoor,2.82,2.8200000000000025,-2.6645352591003757e-15,TRUE
96260,ForestDryPoor,1.19,1.190000000000001,-1.1102230246251565e-15,TRUE
96262,ForestDryPoor,4,4.0000000000000036,-3.552713678800501e-15,TRUE
96263,ForestDryPoor,3.25,3.2500000000000027,-2.6645352591003757e-15,TRUE
96264,ForestDryPoor,1.09,1.090000000000001,-8.881784197001252e-16,TRUE
96265,ForestDryPoor,2.36,2.360000000000002,-2.220446049250313e-15,TRUE
96266,ForestDryPoor,3.82,3.8200000000000034,-3.552713678800501e-15,TRUE
96267,ForestDryPoor,3.8,3.8000000000000034,-3.552713678800501e-15,TRUE
96268,ForestDryPoor,2.48,2.480000000000002,-2.220446049250313e-15,TRUE
96269,ForestDryPoor,2.81,2.8100000000000023,-2.220446049250313e-15,TRUE
96270,ForestDryPoor,1.75,1.7500000000000016,-1.5543122344752192e-15,TRUE
96273,ForestDryPoor,2.79,2.7900000000000027,-2.6645352591003757e-15,TRUE
96274,ForestDryPoor,2.35,2.3500000000000023,-2.220446049250313e-15,TRUE
96275,ForestDryPoor,2.11,2.110000000000002,-2.220446049250313e-15,TRUE
96276,ForestDryPoor,2.01,2.0100000000000016,-1.7763568394002505e-15,TRUE
96288,ForestDryPoor,1.6,1.6000000000000014,-1.3322676295501878e-15,TRUE
96289,ForestDryPoor,2.93,2.9300000000000024,-2.220446049250313e-15,TRUE
96290,ForestDryPoor,3.56,3.560000000000003,-3.1086244689504383e-15,TRUE
96292,ForestDryPoor,3.31,3.310000000000003,-3.1086244689504383e-15,TRUE
96293,ForestDryPoor,1.42,1.4200000000000013,-1.3322676295501878e-15,TRUE
96554,ForestDryPoor,2.11,2.110000000000002,-2.220446049250313e-15,TRUE
96558,ForestDryPoor,3.52,3.520000000000003,-3.1086244689504383e-15,TRUE
96561,ForestDryPoor,1.65,1.6500000000000017,-1.7763568394002505e-15,TRUE
96562,ForestDryPoor,2.51,2.5100000000000025,-2.6645352591003757e-15,TRUE
96567,ForestDryPoor,2.5,2.500000000000002,-2.220446049250313e-15,TRUE
96568,ForestDryPoor,1.69,1.6900000000000015,-1.5543122344752192e-15,TRUE
96569,ForestDryPoor,2.14,2.140000000000002,-1.7763568394002505e-15,TRUE
96575,ForestDryPoor,1.48,1.480000000000001,-1.1102230246251565e-15,TRUE
96581,ForestDryPoor,1.02,1.020000000000001,-8.881784197001252e-16,TRUE
96582,ForestDryPoor,3.01,3.0100000000000025,-2.6645352591003757e-15,TRUE
96583,ForestDryPoor,3.28,3.280000000000003,-3.1086244689504383e-15,TRUE
96584,ForestDryPoor,3.62,3.620000000000003,-3.1086244689504383e-15,TRUE
96585,ForestDryPoor,3.8,3.8000000000000034,-3.552713678800501e-15,TRUE
96586,ForestDryPoor,3.88,3.880000000000003,-3.1086244689504383e-15,TRUE
96587,ForestDryPoor,3.48,3.480000000000003,-3.1086244689504383e-15,TRUE
96588,ForestDryPoor,3.8,3.8000000000000034,-3.552713678800501e-15,TRUE
96589,ForestDryPoor,2.37,2.370000000000002,-1.7763568394002505e-15,TRUE
96850,ForestDryPoor,3.86,3.860000000000003,-3.1086244689504383e-15,TRUE
96851,ForestDryPoor,2.81,2.8100000000000023,-2.220446049250313e-15,TRUE
96852,ForestDryPoor,1.38,1.3800000000000012,-1.3322676295501878e-15,TRUE
96853,ForestDryPoor,2.44,2.440000000000002,-2.220446049250313e-15,TRUE
96860,OpenWetRich,1.03,1.030000000000001,-8.881784197001252e-16,TRUE
96862,ForestDryPoor,3.65,3.650000000000003,-3.1086244689504383e-15,TRUE
96876,ForestDryPoor,1.29,1.2900000000000011,-1.1102230246251565e-15,TRUE
96877,ForestDryPoor,3.85,3.850000000000003,-3.1086244689504383e-15,TRUE
96878,ForestDryPoor,3.49,3.490000000000003,-2.6645352591003757e-15,TRUE
96879,ForestDryPoor,3.85,3.850000000000003,-3.1086244689504383e-15,TRUE
96880,ForestDryPoor,2.36,2.360000000000002,-2.220446049250313e-15,TRUE
96881,ForestDryPoor,1.37,1.3700000000000012,-1.1102230246251565e-15,TRUE
96882,ForestDryPoor,2.36,2.360000000000002,-2.220446049250313e-15,TRUE
96883,ForestDryPoor,3.52,3.520000000000003,-3.1086244689504383e-15,TRUE
96884,ForestDryPoor,2.54,2.5400000000000023,-2.220446049250313e-15,TRUE
96885,ForestDryPoor,2.8,2.8000000000000025,-2.6645352591003757e-15,TRUE
96886,OpenWetRich,1.74,1.7400000000000015,-1.5543122344752192e-15,TRUE
97139,ForestWetRich,1.73,1.7300000000000015,-1.5543122344752192e-15,TRUE
97142,ForestWetRich,1.81,1.8100000000000016,-1.5543122344752192e-15,TRUE
97145,ForestDryPoor,2.18,2.180000000000002,-1.7763568394002505e-15,TRUE
97146,ForestDryPoor,3.43,3.4300000000000033,-3.1086244689504383e-15,TRUE
97147,ForestDryPoor,2.15,2.150000000000002,-2.220446049250313e-15,TRUE
97148,ForestDryPoor,3.03,3.030000000000003,-3.1086244689504383e-15,TRUE
97149,ForestDryPoor,1.89,1.8900000000000017,-1.7763568394002505e-15,TRUE
97152,ForestDryPoor,1.15,1.150000000000001,-1.1102230246251565e-15,TRUE
97153,ForestDryPoor,1.34,1.3400000000000012,-1.1102230246251565e-15,TRUE
97157,ForestDryPoor,3.49,3.490000000000003,-2.6645352591003757e-15,TRUE
97158,ForestDryPoor,3.24,3.240000000000003,-2.6645352591003757e-15,TRUE
97172,ForestDryPoor,3.12,3.1200000000000028,-2.6645352591003757e-15,TRUE
97173,ForestDryPoor,3.48,3.480000000000003,-3.1086244689504383e-15,TRUE
97175,ForestDryPoor,3.13,3.1300000000000026,-2.6645352591003757e-15,TRUE
97176,ForestDryPoor,1.97,1.9700000000000015,-1.5543122344752192e-15,TRUE
97177,ForestDryPoor,1.07,1.070000000000001,-8.881784197001252e-16,TRUE
97180,ForestDryPoor,1.88,1.8800000000000017,-1.7763568394002505e-15,TRUE
97435,ForestDryPoor,2.43,2.4300000000000024,-2.220446049250313e-15,TRUE
97447,ForestDryPoor,1.89,1.8900000000000017,-1.7763568394002505e-15,TRUE
97452,ForestDryPoor,3.08,3.0800000000000027,-2.6645352591003757e-15,TRUE
97453,ForestDryPoor,1.37,1.3700000000000012,-1.1102230246251565e-15,TRUE
97457,ForestDryPoor,2.33,2.330000000000002,-1.7763568394002505e-15,TRUE
97458,ForestDryPoor,1.49,1.490000000000001,-1.1102230246251565e-15,TRUE
97730,ForestDryPoor,3.6,3.600000000000003,-3.1086244689504383e-15,TRUE
97738,ForestDryPoor,1.33,1.3300000000000012,-1.1102230246251565e-15,TRUE
97739,ForestDryPoor,1.32,1.3200000000000012,-1.1102230246251565e-15,TRUE
97740,OpenWetRich,1.17,1.170000000000001,-1.1102230246251565e-15,TRUE
97742,ForestDryPoor,1.7,1.7000000000000015,-1.5543122344752192e-15,TRUE
97743,ForestDryPoor,2.93,2.9300000000000024,-2.220446049250313e-15,TRUE
97753,ForestDryPoor,1.25,1.250000000000001,-1.1102230246251565e-15,TRUE
98024,ForestDryPoor,2.46,2.460000000000002,-2.220446049250313e-15,TRUE
98025,ForestDryPoor,2.05,2.0500000000000016,-1.7763568394002505e-15,TRUE
98031,ForestDryPoor,2.47,2.4700000000000024,-2.220446049250313e-15,TRUE
98032,ForestDryPoor,2.36,2.360000000000002,-2.220446049250313e-15,TRUE
98033,ForestDryPoor,2.57,2.570000000000002,-2.220446049250313e-15,TRUE
98034,ForestDryPoor,1.39,1.3900000000000012,-1.3322676295501878e-15,TRUE
98326,ForestDryPoor,2,2.0000000000000018,-1.7763568394002505e-15,TRUE
98327,ForestDryPoor,2.75,2.7500000000000027,-2.6645352591003757e-15,TRUE
98617,ForestDryPoor,3.12,3.1200000000000028,-2.6645352591003757e-15,TRUE
98621,ForestDryPoor,1.95,1.9500000000000015,-1.5543122344752192e-15,TRUE
98625,ForestWetRich,1.39,1.3900000000000012,-1.3322676295501878e-15,TRUE
98909,ForestDryPoor,3.04,3.0400000000000027,-2.6645352591003757e-15,TRUE
98915,ForestDryPoor,1.12,1.120000000000001,-8.881784197001252e-16,TRUE
99204,ForestDryPoor,2.88,2.8800000000000026,-2.6645352591003757e-15,TRUE
99209,ForestDryPoor,1.17,1.170000000000001,-1.1102230246251565e-15,TRUE
99499,ForestDryPoor,1.67,1.6700000000000017,-1.7763568394002505e-15,TRUE
99502,OpenWetRich,2.7,2.7000000000000024,-2.220446049250313e-15,TRUE
99503,ForestDryPoor,3.26,3.260000000000003,-3.1086244689504383e-15,TRUE
99504,ForestDryPoor,3.72,3.7200000000000033,-3.1086244689504383e-15,TRUE
99505,ForestDryPoor,2.47,2.4700000000000024,-2.220446049250313e-15,TRUE
99793,ForestDryPoor,2.77,2.7700000000000022,-2.220446049250313e-15,TRUE
99795,ForestDryPoor,3.02,3.0200000000000027,-2.6645352591003757e-15,TRUE
99797,ForestDryPoor,2.4,2.400000000000002,-2.220446049250313e-15,TRUE
99798,ForestDryPoor,1.44,1.4400000000000013,-1.3322676295501878e-15,TRUE
99799,ForestDryPoor,1,1.0000000000000009,-8.881784197001252e-16,TRUE
99801,ForestDryPoor,1.06,1.060000000000001,-8.881784197001252e-16,TRUE
100088,ForestDryPoor,3.09,3.0900000000000025,-2.6645352591003757e-15,TRUE
100091,ForestDryPoor,3.08,3.0800000000000027,-2.6645352591003757e-15,TRUE
100092,ForestDryPoor,1.82,1.8200000000000016,-1.5543122344752192e-15,TRUE
100096,ForestDryPoor,1.8,1.8000000000000016,-1.5543122344752192e-15,TRUE
100384,ForestDryPoor,2.96,2.960000000000002,-2.220446049250313e-15,TRUE
100386,ForestDryPoor,3.02,3.0200000000000027,-2.6645352591003757e-15,TRUE
100388,ForestDryPoor,1.1,1.100000000000001,-8.881784197001252e-16,TRUE
100389,ForestDryPoor,3.47,3.4700000000000033,-3.1086244689504383e-15,TRUE
100682,OpenWetRich,1.34,1.3400000000000012,-1.1102230246251565e-15,TRUE
100684,ForestDryPoor,1.09,1.090000000000001,-8.881784197001252e-16,TRUE
100685,ForestDryPoor,3.69,3.690000000000003,-3.1086244689504383e-15,TRUE
100686,ForestDryPoor,2.86,2.8600000000000025,-2.6645352591003757e-15,TRUE
100981,ForestDryPoor,3.53,3.530000000000003,-3.1086244689504383e-15,TRUE
100983,ForestDryPoor,1.02,1.020000000000001,-8.881784197001252e-16,TRUE
100984,ForestDryPoor,2.86,2.8600000000000025,-2.6645352591003757e-15,TRUE
100985,ForestDryPoor,1.05,1.050000000000001,-8.881784197001252e-16,TRUE
101277,ForestDryPoor,2.23,2.230000000000002,-2.220446049250313e-15,TRUE
101278,ForestDryPoor,2.01,2.0100000000000016,-1.7763568394002505e-15,TRUE
101567,OpenWetRich,1.83,1.8300000000000016,-1.5543122344752192e-15,TRUE
101568,ForestDryPoor,2.36,2.360000000000002,-2.220446049250313e-15,TRUE
101571,ForestDryPoor,1.03,1.030000000000001,-8.881784197001252e-16,TRUE
101572,ForestDryPoor,3,3.0000000000000027,-2.6645352591003757e-15,TRUE
101574,ForestDryPoor,3.68,3.6800000000000033,-3.1086244689504383e-15,TRUE
101864,ForestDryPoor,2.46,2.460000000000002,-2.220446049250313e-15,TRUE
101867,ForestDryPoor,1.76,1.7600000000000016,-1.5543122344752192e-15,TRUE
101868,ForestDryPoor,3.84,3.8400000000000034,-3.552713678800501e-15,TRUE
102160,ForestDryPoor,1.54,1.5400000000000014,-1.3322676295501878e-15,TRUE
102164,ForestDryPoor,3.36,3.360000000000003,-3.1086244689504383e-15,TRUE
102166,ForestDryPoor,1.95,1.9500000000000015,-1.5543122344752192e-15,TRUE
102168,ForestDryPoor,3,3.0000000000000027,-2.6645352591003757e-15,TRUE
102455,ForestDryPoor,2.89,2.8900000000000023,-2.220446049250313e-15,TRUE
102461,ForestDryPoor,1.71,1.7100000000000015,-1.5543122344752192e-15,TRUE
102750,ForestDryPoor,3.65,3.650000000000003,-3.1086244689504383e-15,TRUE
102753,ForestDryPoor,1.93,1.9300000000000015,-1.5543122344752192e-15,TRUE
102757,ForestDryPoor,3.04,3.0400000000000027,-2.6645352591003757e-15,TRUE
102759,ForestDryPoor,1.81,1.8100000000000016,-1.5543122344752192e-15,TRUE
102760,ForestDryPoor,1.21,1.210000000000001,-1.1102230246251565e-15,TRUE
103045,ForestDryPoor,2.01,2.0100000000000016,-1.7763568394002505e-15,TRUE
103048,ForestDryPoor,1.92,1.9200000000000017,-1.7763568394002505e-15,TRUE
103049,ForestDryPoor,1.62,1.6200000000000014,-1.3322676295501878e-15,TRUE
103052,ForestDryPoor,3.22,3.220000000000003,-2.6645352591003757e-15,TRUE
103053,ForestDryPoor,2.38,2.380000000000002,-2.220446049250313e-15,TRUE
103347,ForestDryPoor,2.7,2.7000000000000024,-2.220446049250313e-15,TRUE
103351,ForestDryPoor,3.68,3.6800000000000033,-3.1086244689504383e-15,TRUE
103638,ForestDryPoor,1.35,1.3500000000000012,-1.1102230246251565e-15,TRUE
103640,ForestDryPoor,2.89,2.8900000000000023,-2.220446049250313e-15,TRUE
103642,ForestDryPoor,2.83,2.8300000000000027,-2.6645352591003757e-15,TRUE
103645,ForestDryPoor,3.12,3.1200000000000028,-2.6645352591003757e-15,TRUE
103933,ForestDryPoor,1.27,1.2700000000000011,-1.1102230246251565e-15,TRUE
103934,ForestDryPoor,2.68,2.6800000000000024,-2.220446049250313e-15,TRUE
103936,ForestDryPoor,3.42,3.420000000000003,-3.1086244689504383e-15,TRUE
103943,ForestDryPoor,1.96,1.9600000000000015,-1.5543122344752192e-15,TRUE
104231,ForestDryPoor,3.22,3.220000000000003,-2.6645352591003757e-15,TRUE
104236,ForestDryPoor,3.31,3.310000000000003,-3.1086244689504383e-15,TRUE
104237,ForestDryPoor,3.74,3.7400000000000033,-3.1086244689504383e-15,TRUE
104525,ForestDryPoor,3.24,3.240000000000003,-2.6645352591003757e-15,TRUE
104820,ForestDryPoor,3.78,3.7800000000000034,-3.552713678800501e-15,TRUE
104821,ForestDryPoor,3.79,3.790000000000003,-3.1086244689504383e-15,TRUE
104825,ForestDryPoor,1.84,1.8400000000000016,-1.5543122344752192e-15,TRUE
104827,ForestDryPoor,1.89,1.8900000000000017,-1.7763568394002505e-15,TRUE
104829,ForestDryPoor,3.35,3.350000000000003,-3.1086244689504383e-15,TRUE
105117,ForestDryPoor,3.26,3.260000000000003,-3.1086244689504383e-15,TRUE
105122,ForestDryPoor,1.2,1.200000000000001,-1.1102230246251565e-15,TRUE
105124,ForestDryPoor,3.25,3.2500000000000027,-2.6645352591003757e-15,TRUE
105125,ForestDryPoor,3.04,3.0400000000000027,-2.6645352591003757e-15,TRUE
105403,ForestDryPoor,2.04,2.040000000000002,-1.7763568394002505e-15,TRUE
105404,ForestDryPoor,2,2.0000000000000018,-1.7763568394002505e-15,TRUE
105408,ForestDryPoor,1.46,1.4600000000000013,-1.3322676295501878e-15,TRUE
105412,ForestDryPoor,1.6,1.6000000000000014,-1.3322676295501878e-15,TRUE
105419,ForestDryPoor,3.44,3.440000000000003,-3.1086244689504383e-15,TRUE
105420,ForestDryPoor,2.2,2.200000000000002,-1.7763568394002505e-15,TRUE
105698,ForestDryPoor,3.24,3.240000000000003,-2.6645352591003757e-15,TRUE
105714,ForestDryPoor,1.61,1.6100000000000014,-1.3322676295501878e-15,TRUE
105715,ForestDryPoor,1.19,1.190000000000001,-1.1102230246251565e-15,TRUE
105994,ForestDryPoor,3.11,3.110000000000003,-3.1086244689504383e-15,TRUE
105998,ForestDryPoor,1.37,1.3700000000000012,-1.1102230246251565e-15,TRUE
106295,ForestDryPoor,3.52,3.520000000000003,-3.1086244689504383e-15,TRUE
106299,ForestDryPoor,3.02,3.0200000000000027,-2.6645352591003757e-15,TRUE
106590,ForestDryPoor,3.94,3.940000000000003,-3.1086244689504383e-15,TRUE
106593,ForestDryPoor,2.04,2.040000000000002,-1.7763568394002505e-15,TRUE
106594,ForestDryPoor,2.25,2.2500000000000018,-1.7763568394002505e-15,TRUE
106885,ForestDryPoor,2.83,2.8300000000000027,-2.6645352591003757e-15,TRUE
107181,ForestDryPoor,3.55,3.5500000000000034,-3.552713678800501e-15,TRUE
107186,ForestDryPoor,2.65,2.650000000000002,-2.220446049250313e-15,TRUE
107477,ForestDryPoor,3.87,3.870000000000004,-3.9968028886505635e-15,TRUE
107478,ForestDryPoor,1.04,1.040000000000001,-8.881784197001252e-16,TRUE
107481,ForestDryPoor,3.39,3.3900000000000032,-3.1086244689504383e-15,TRUE
107771,ForestDryPoor,1.93,1.9300000000000015,-1.5543122344752192e-15,TRUE
107773,ForestDryPoor,1.96,1.9600000000000015,-1.5543122344752192e-15,TRUE
107776,ForestDryPoor,2.08,2.080000000000002,-1.7763568394002505e-15,TRUE
108074,ForestDryPoor,1.95,1.9500000000000015,-1.5543122344752192e-15,TRUE
108075,ForestDryPoor,1.13,1.130000000000001,-1.1102230246251565e-15,TRUE
108077,ForestDryPoor,2.41,2.410000000000002,-1.7763568394002505e-15,TRUE
108078,ForestDryPoor,1.54,1.5400000000000014,-1.3322676295501878e-15,TRUE
108079,ForestDryPoor,1.56,1.5600000000000014,-1.3322676295501878e-15,TRUE
108367,ForestDryPoor,1.37,1.3700000000000012,-1.1102230246251565e-15,TRUE
108369,ForestDryPoor,2.96,2.960000000000002,-2.220446049250313e-15,TRUE
108372,ForestDryPoor,2.09,2.0900000000000016,-1.7763568394002505e-15,TRUE
108657,ForestDryPoor,3.17,3.1700000000000026,-2.6645352591003757e-15,TRUE
108658,ForestDryPoor,3.8,3.8000000000000034,-3.552713678800501e-15,TRUE
108667,ForestDryPoor,1.68,1.6800000000000015,-1.5543122344752192e-15,TRUE
108951,ForestDryPoor,2.62,2.6200000000000023,-2.220446049250313e-15,TRUE
108954,ForestDryPoor,3.94,3.940000000000003,-3.1086244689504383e-15,TRUE
108955,ForestDryPoor,2.78,2.7800000000000025,-2.6645352591003757e-15,TRUE
108956,ForestDryPoor,1.76,1.7600000000000016,-1.5543122344752192e-15,TRUE
108957,ForestDryPoor,2.44,2.440000000000002,-2.220446049250313e-15,TRUE
108958,ForestDryPoor,2.07,2.070000000000002,-2.220446049250313e-15,TRUE
108961,ForestDryPoor,2.81,2.8100000000000023,-2.220446049250313e-15,TRUE
108962,ForestDryPoor,2.38,2.380000000000002,-2.220446049250313e-15,TRUE
109247,ForestDryPoor,2.37,2.370000000000002,-1.7763568394002505e-15,TRUE
109248,ForestDryPoor,3.22,3.220000000000003,-2.6645352591003757e-15,TRUE
109253,ForestDryPoor,3.18,3.180000000000003,-2.6645352591003757e-15,TRUE
109255,ForestDryPoor,1.41,1.4100000000000013,-1.3322676295501878e-15,TRUE
109256,ForestDryPoor,3.62,3.620000000000003,-3.1086244689504383e-15,TRUE
109543,ForestDryPoor,2.95,2.950000000000003,-2.6645352591003757e-15,TRUE
109545,ForestDryPoor,2.04,2.040000000000002,-1.7763568394002505e-15,TRUE
109837,ForestDryPoor,3.73,3.730000000000003,-3.1086244689504383e-15,TRUE
109838,ForestDryPoor,3.04,3.0400000000000027,-2.6645352591003757e-15,TRUE
109839,ForestDryPoor,2.02,2.020000000000002,-1.7763568394002505e-15,TRUE
109841,ForestDryPoor,2.02,2.020000000000002,-1.7763568394002505e-15,TRUE
109842,ForestDryPoor,2.34,2.340000000000002,-2.220446049250313e-15,TRUE
109843,ForestDryPoor,3.01,3.0100000000000025,-2.6645352591003757e-15,TRUE
109844,ForestDryPoor,3.86,3.860000000000003,-3.1086244689504383e-15,TRUE
110131,ForestDryPoor,3.82,3.8200000000000034,-3.552713678800501e-15,TRUE
110132,ForestDryPoor,3.22,3.220000000000003,-2.6645352591003757e-15,TRUE
110133,ForestDryPoor,3.76,3.7600000000000033,-3.552713678800501e-15,TRUE
110139,ForestDryPoor,2.52,2.5200000000000022,-2.220446049250313e-15,TRUE
110427,ForestDryPoor,3,3.0000000000000027,-2.6645352591003757e-15,TRUE
110723,ForestDryPoor,2.72,2.7200000000000024,-2.220446049250313e-15,TRUE
110724,ForestDryPoor,2.29,2.290000000000002,-1.7763568394002505e-15,TRUE
110728,ForestDryPoor,2.9,2.9000000000000026,-2.6645352591003757e-15,TRUE
111016,ForestDryPoor,2.75,2.7500000000000027,-2.6645352591003757e-15,TRUE
111018,ForestDryPoor,2.78,2.7800000000000025,-2.6645352591003757e-15,TRUE
111022,ForestDryPoor,1.09,1.090000000000001,-8.881784197001252e-16,TRUE
111594,ForestDryPoor,1,1.0000000000000009,-8.881784197001252e-16,TRUE
111606,ForestDryPoor,1.41,1.4100000000000013,-1.3322676295501878e-15,TRUE
111607,ForestDryPoor,2.77,2.7700000000000022,-2.220446049250313e-15,TRUE
111609,ForestDryPoor,3.33,3.3300000000000027,-2.6645352591003757e-15,TRUE
111610,ForestDryPoor,3.78,3.7800000000000034,-3.552713678800501e-15,TRUE
111613,ForestDryPoor,1.84,1.8400000000000016,-1.5543122344752192e-15,TRUE
111889,ForestDryPoor,3.03,3.030000000000003,-3.1086244689504383e-15,TRUE
111896,ForestDryPoor,2.06,2.060000000000002,-1.7763568394002505e-15,TRUE
111900,ForestDryPoor,1.59,1.5900000000000014,-1.3322676295501878e-15,TRUE
111904,ForestDryPoor,3.52,3.520000000000003,-3.1086244689504383e-15,TRUE
112183,ForestDryPoor,1.21,1.210000000000001,-1.1102230246251565e-15,TRUE
112184,ForestDryPoor,3.5,3.500000000000003,-3.1086244689504383e-15,TRUE
112190,ForestDryPoor,1.54,1.5400000000000014,-1.3322676295501878e-15,TRUE
112191,ForestDryPoor,3.68,3.6800000000000033,-3.1086244689504383e-15,TRUE
112194,ForestDryPoor,3.38,3.380000000000003,-3.1086244689504383e-15,TRUE
112198,ForestDryPoor,3.76,3.7600000000000033,-3.552713678800501e-15,TRUE
112200,ForestDryPoor,3.87,3.870000000000004,-3.9968028886505635e-15,TRUE
112201,ForestDryPoor,2.91,2.910000000000003,-2.6645352591003757e-15,TRUE
112478,ForestDryPoor,3.37,3.3700000000000028,-2.6645352591003757e-15,TRUE
112479,ForestDryPoor,1.81,1.8100000000000016,-1.5543122344752192e-15,TRUE
112485,ForestDryPoor,3.67,3.670000000000003,-3.1086244689504383e-15,TRUE
112486,ForestDryPoor,3.08,3.0800000000000027,-2.6645352591003757e-15,TRUE
112487,ForestDryPoor,2.27,2.2700000000000022,-2.220446049250313e-15,TRUE
112488,ForestDryPoor,1.84,1.8400000000000016,-1.5543122344752192e-15,TRUE
112490,ForestDryPoor,1.88,1.8800000000000017,-1.7763568394002505e-15,TRUE
112491,ForestDryPoor,2.29,2.290000000000002,-1.7763568394002505e-15,TRUE
112495,ForestDryPoor,3.32,3.320000000000003,-3.1086244689504383e-15,TRUE
112772,ForestDryPoor,2.18,2.180000000000002,-1.7763568394002505e-15,TRUE
112773,ForestDryPoor,3.88,3.880000000000003,-3.1086244689504383e-15,TRUE
112774,ForestDryPoor,1.07,1.070000000000001,-8.881784197001252e-16,TRUE
112780,ForestDryPoor,3.76,3.7600000000000033,-3.552713678800501e-15,TRUE
112781,ForestDryPoor,3.66,3.6600000000000033,-3.1086244689504383e-15,TRUE
112782,ForestDryPoor,1.09,1.090000000000001,-8.881784197001252e-16,TRUE
112783,ForestDryPoor,3.09,3.0900000000000025,-2.6645352591003757e-15,TRUE
112784,ForestDryPoor,3.67,3.670000000000003,-3.1086244689504383e-15,TRUE
112789,ForestDryPoor,2.22,2.220000000000002,-1.7763568394002505e-15,TRUE
113067,ForestDryPoor,3.72,3.7200000000000033,-3.1086244689504383e-15,TRUE
113068,ForestDryPoor,3.81,3.810000000000003,-3.1086244689504383e-15,TRUE
113069,ForestDryPoor,1.96,1.9600000000000015,-1.5543122344752192e-15,TRUE
113077,ForestDryPoor,2.74,2.7400000000000024,-2.220446049250313e-15,TRUE
113361,ForestDryPoor,3.1,3.1000000000000028,-2.6645352591003757e-15,TRUE
113362,ForestDryPoor,4,4.0000000000000036,-3.552713678800501e-15,TRUE
113363,ForestDryPoor,3.93,3.9300000000000033,-3.1086244689504383e-15,TRUE
113364,ForestDryPoor,3.79,3.790000000000003,-3.1086244689504383e-15,TRUE
113366,ForestDryPoor,3,3.0000000000000027,-2.6645352591003757e-15,TRUE
113370,ForestDryPoor,2.63,2.6300000000000026,-2.6645352591003757e-15,TRUE
113371,OpenWetRich,1.19,1.190000000000001,-1.1102230246251565e-15,TRUE
113651,ForestDryPoor,1.6,1.6000000000000014,-1.3322676295501878e-15,TRUE
113655,ForestDryPoor,1.21,1.210000000000001,-1.1102230246251565e-15,TRUE
113656,ForestDryPoor,2.77,2.7700000000000022,-2.220446049250313e-15,TRUE
113657,ForestDryPoor,3.76,3.7600000000000033,-3.552713678800501e-15,TRUE
113658,ForestDryPoor,2.17,2.1700000000000017,-1.7763568394002505e-15,TRUE
113659,ForestDryPoor,4,4.0000000000000036,-3.552713678800501e-15,TRUE
113660,ForestDryPoor,3.92,3.920000000000003,-3.1086244689504383e-15,TRUE
113666,ForestDryPoor,2,2.0000000000000018,-1.7763568394002505e-15,TRUE
113667,ForestDryPoor,3.06,3.0600000000000027,-2.6645352591003757e-15,TRUE
113668,ForestDryPoor,3.79,3.790000000000003,-3.1086244689504383e-15,TRUE
113946,ForestDryPoor,2.3,2.300000000000002,-2.220446049250313e-15,TRUE
113947,ForestDryPoor,2.51,2.5100000000000025,-2.6645352591003757e-15,TRUE
113948,ForestDryPoor,2.14,2.140000000000002,-1.7763568394002505e-15,TRUE
113950,ForestDryPoor,2.69,2.690000000000002,-2.220446049250313e-15,TRUE
113951,ForestDryPoor,2.05,2.0500000000000016,-1.7763568394002505e-15,TRUE
113952,ForestDryPoor,2.23,2.230000000000002,-2.220446049250313e-15,TRUE
113953,ForestDryPoor,2.38,2.380000000000002,-2.220446049250313e-15,TRUE
113954,ForestDryPoor,3.88,3.880000000000003,-3.1086244689504383e-15,TRUE
113955,ForestDryPoor,3.97,3.9700000000000033,-3.1086244689504383e-15,TRUE
113959,ForestDryPoor,2.37,2.370000000000002,-1.7763568394002505e-15,TRUE
113963,ForestDryPoor,3.6,3.600000000000003,-3.1086244689504383e-15,TRUE
114240,ForestDryPoor,2.94,2.9400000000000026,-2.6645352591003757e-15,TRUE
114241,ForestDryPoor,2.74,2.7400000000000024,-2.220446049250313e-15,TRUE
114242,ForestDryPoor,1.19,1.190000000000001,-1.1102230246251565e-15,TRUE
114243,ForestDryPoor,2.17,2.1700000000000017,-1.7763568394002505e-15,TRUE
114244,ForestDryPoor,3.08,3.0800000000000027,-2.6645352591003757e-15,TRUE
114245,ForestDryPoor,2.97,2.9700000000000024,-2.220446049250313e-15,TRUE
114246,ForestDryPoor,2.84,2.8400000000000025,-2.6645352591003757e-15,TRUE
114247,ForestDryPoor,2.95,2.950000000000003,-2.6645352591003757e-15,TRUE
114248,ForestDryPoor,3.35,3.350000000000003,-3.1086244689504383e-15,TRUE
114249,ForestDryPoor,3.72,3.7200000000000033,-3.1086244689504383e-15,TRUE
114250,ForestDryPoor,3.08,3.0800000000000027,-2.6645352591003757e-15,TRUE
114254,ForestDryPoor,1.06,1.060000000000001,-8.881784197001252e-16,TRUE
114255,ForestDryPoor,2.5,2.500000000000002,-2.220446049250313e-15,TRUE
114258,ForestDryPoor,3.26,3.260000000000003,-3.1086244689504383e-15,TRUE
114538,ForestDryPoor,2.24,2.240000000000002,-1.7763568394002505e-15,TRUE
114539,ForestDryPoor,3.28,3.280000000000003,-3.1086244689504383e-15,TRUE
114540,ForestDryPoor,1.11,1.110000000000001,-8.881784197001252e-16,TRUE
114541,ForestDryPoor,2.04,2.040000000000002,-1.7763568394002505e-15,TRUE
114543,ForestDryPoor,2.91,2.910000000000003,-2.6645352591003757e-15,TRUE
114544,ForestDryPoor,3.29,3.2900000000000027,-2.6645352591003757e-15,TRUE
114545,ForestDryPoor,3.8,3.8000000000000034,-3.552713678800501e-15,TRUE
114546,ForestDryPoor,3.41,3.410000000000003,-2.6645352591003757e-15,TRUE
114548,ForestDryPoor,3.55,3.5500000000000034,-3.552713678800501e-15,TRUE
114550,ForestDryPoor,2.16,2.160000000000002,-1.7763568394002505e-15,TRUE
114551,ForestDryPoor,3.84,3.8400000000000034,-3.552713678800501e-15,TRUE
114555,ForestDryPoor,1.62,1.6200000000000014,-1.3322676295501878e-15,TRUE
114838,ForestDryPoor,1.26,1.2600000000000011,-1.1102230246251565e-15,TRUE
114839,ForestDryPoor,3.55,3.5500000000000034,-3.552713678800501e-15,TRUE
114840,ForestDryPoor,2.86,2.8600000000000025,-2.6645352591003757e-15,TRUE
114841,ForestDryPoor,3.66,3.6600000000000033,-3.1086244689504383e-15,TRUE
114842,ForestDryPoor,3.65,3.650000000000003,-3.1086244689504383e-15,TRUE
114843,ForestDryPoor,1.93,1.9300000000000015,-1.5543122344752192e-15,TRUE
114846,ForestDryPoor,1.84,1.8400000000000016,-1.5543122344752192e-15,TRUE
114851,ForestDryPoor,1.7,1.7000000000000015,-1.5543122344752192e-15,TRUE
114852,ForestDryPoor,1.87,1.8700000000000017,-1.5543122344752192e-15,TRUE
115132,ForestDryPoor,3.61,3.610000000000003,-3.1086244689504383e-15,TRUE
115133,ForestDryPoor,3.91,3.910000000000004,-3.9968028886505635e-15,TRUE
115134,ForestDryPoor,3.79,3.790000000000003,-3.1086244689504383e-15,TRUE
115135,ForestDryPoor,1.89,1.8900000000000017,-1.7763568394002505e-15,TRUE
115136,ForestDryPoor,3,3.0000000000000027,-2.6645352591003757e-15,TRUE
115137,ForestDryPoor,2.97,2.9700000000000024,-2.220446049250313e-15,TRUE
115139,ForestDryPoor,1.76,1.7600000000000016,-1.5543122344752192e-15,TRUE
115143,ForestDryPoor,2.89,2.8900000000000023,-2.220446049250313e-15,TRUE
115144,ForestDryPoor,3.65,3.650000000000003,-3.1086244689504383e-15,TRUE
115145,ForestDryPoor,2.29,2.290000000000002,-1.7763568394002505e-15,TRUE
115147,ForestDryPoor,2.04,2.040000000000002,-1.7763568394002505e-15,TRUE
115423,ForestDryPoor,2.9,2.9000000000000026,-2.6645352591003757e-15,TRUE
115424,ForestDryPoor,1.68,1.6800000000000015,-1.5543122344752192e-15,TRUE
115425,ForestDryPoor,1.7,1.7000000000000015,-1.5543122344752192e-15,TRUE
115426,ForestDryPoor,3.2,3.200000000000003,-2.6645352591003757e-15,TRUE
115427,ForestDryPoor,3.05,3.0500000000000025,-2.6645352591003757e-15,TRUE
115428,ForestDryPoor,3.89,3.8900000000000032,-3.1086244689504383e-15,TRUE
115429,ForestDryPoor,3.84,3.8400000000000034,-3.552713678800501e-15,TRUE
115430,ForestDryPoor,1.14,1.140000000000001,-1.1102230246251565e-15,TRUE
115434,ForestDryPoor,2.74,2.7400000000000024,-2.220446049250313e-15,TRUE
115712,ForestDryPoor,2.6,2.6000000000000023,-2.220446049250313e-15,TRUE
115716,OpenWetRich,1.01,1.010000000000001,-8.881784197001252e-16,TRUE
115717,ForestDryPoor,2.32,2.320000000000002,-2.220446049250313e-15,TRUE
115718,ForestDryPoor,2.7,2.7000000000000024,-2.220446049250313e-15,TRUE
115719,ForestDryPoor,3.17,3.1700000000000026,-2.6645352591003757e-15,TRUE
115720,ForestDryPoor,3.1,3.1000000000000028,-2.6645352591003757e-15,TRUE
115721,ForestDryPoor,2.08,2.080000000000002,-1.7763568394002505e-15,TRUE
115722,ForestDryPoor,1.22,1.220000000000001,-1.1102230246251565e-15,TRUE
115723,ForestDryPoor,1.29,1.2900000000000011,-1.1102230246251565e-15,TRUE
115724,ForestDryPoor,1.5,1.500000000000001,-1.1102230246251565e-15,TRUE
116006,ForestDryPoor,1.52,1.5200000000000014,-1.3322676295501878e-15,TRUE
116007,ForestDryPoor,3.86,3.860000000000003,-3.1086244689504383e-15,TRUE
116008,ForestDryPoor,1.52,1.5200000000000014,-1.3322676295501878e-15,TRUE
116013,ForestDryPoor,2.59,2.5900000000000025,-2.6645352591003757e-15,TRUE
116014,ForestDryPoor,2.42,2.420000000000002,-2.220446049250313e-15,TRUE
116016,ForestDryPoor,2.42,2.420000000000002,-2.220446049250313e-15,TRUE
116017,ForestDryPoor,3.91,3.910000000000004,-3.9968028886505635e-15,TRUE
116018,ForestDryPoor,1.97,1.9700000000000015,-1.5543122344752192e-15,TRUE
116019,ForestDryPoor,1.13,1.130000000000001,-1.1102230246251565e-15,TRUE
116020,ForestDryPoor,1.82,1.8200000000000016,-1.5543122344752192e-15,TRUE
116301,ForestDryPoor,1.66,1.6600000000000017,-1.7763568394002505e-15,TRUE
116302,ForestDryPoor,3.24,3.240000000000003,-2.6645352591003757e-15,TRUE
116303,ForestDryPoor,1.71,1.7100000000000015,-1.5543122344752192e-15,TRUE
116306,ForestDryPoor,1.59,1.5900000000000014,-1.3322676295501878e-15,TRUE
116307,ForestDryPoor,3.12,3.1200000000000028,-2.6645352591003757e-15,TRUE
116308,ForestDryPoor,3.57,3.570000000000003,-3.1086244689504383e-15,TRUE
116309,ForestDryPoor,3.63,3.630000000000003,-3.1086244689504383e-15,TRUE
116311,ForestDryPoor,2.55,2.5500000000000025,-2.6645352591003757e-15,TRUE
116312,ForestDryPoor,3.95,3.950000000000004,-3.9968028886505635e-15,TRUE
116313,ForestDryPoor,3.86,3.860000000000003,-3.1086244689504383e-15,TRUE
116314,ForestDryPoor,3.89,3.8900000000000032,-3.1086244689504383e-15,TRUE
116596,ForestDryPoor,1.32,1.3200000000000012,-1.1102230246251565e-15,TRUE
116598,ForestDryPoor,2.18,2.180000000000002,-1.7763568394002505e-15,TRUE
116599,ForestDryPoor,2.1,2.100000000000002,-1.7763568394002505e-15,TRUE
116600,ForestDryPoor,1.92,1.9200000000000017,-1.7763568394002505e-15,TRUE
116601,ForestDryPoor,3.21,3.210000000000002,-2.220446049250313e-15,TRUE
116602,ForestDryPoor,3.2,3.200000000000003,-2.6645352591003757e-15,TRUE
116603,ForestDryPoor,3.17,3.1700000000000026,-2.6645352591003757e-15,TRUE
116604,ForestDryPoor,3.38,3.380000000000003,-3.1086244689504383e-15,TRUE
116605,ForestDryPoor,1.99,1.9900000000000015,-1.5543122344752192e-15,TRUE
116607,ForestDryPoor,3.89,3.8900000000000032,-3.1086244689504383e-15,TRUE
116891,ForestDryPoor,1.04,1.040000000000001,-8.881784197001252e-16,TRUE
116892,ForestDryPoor,2.76,2.7600000000000025,-2.6645352591003757e-15,TRUE
116893,ForestDryPoor,1.67,1.6700000000000017,-1.7763568394002505e-15,TRUE
116894,ForestDryPoor,3.62,3.620000000000003,-3.1086244689504383e-15,TRUE
116895,ForestDryPoor,4,4.0000000000000036,-3.552713678800501e-15,TRUE
116896,ForestDryPoor,3.77,3.770000000000003,-3.1086244689504383e-15,TRUE
116897,ForestDryPoor,3.55,3.5500000000000034,-3.552713678800501e-15,TRUE
116898,ForestDryPoor,3.88,3.880000000000003,-3.1086244689504383e-15,TRUE
116899,ForestDryPoor,3.93,3.9300000000000033,-3.1086244689504383e-15,TRUE
116900,ForestDryPoor,3.14,3.140000000000003,-2.6645352591003757e-15,TRUE
116902,ForestDryPoor,1.93,1.9300000000000015,-1.5543122344752192e-15,TRUE
117184,ForestDryPoor,3.53,3.530000000000003,-3.1086244689504383e-15,TRUE
117185,ForestDryPoor,2.37,2.370000000000002,-1.7763568394002505e-15,TRUE
117186,ForestDryPoor,1.27,1.2700000000000011,-1.1102230246251565e-15,TRUE
117187,ForestDryPoor,1.15,1.150000000000001,-1.1102230246251565e-15,TRUE
117189,ForestDryPoor,3.09,3.0900000000000025,-2.6645352591003757e-15,TRUE
117190,ForestDryPoor,3.84,3.8400000000000034,-3.552713678800501e-15,TRUE
117191,ForestDryPoor,3.83,3.830000000000003,-3.1086244689504383e-15,TRUE
117192,ForestDryPoor,3.6,3.600000000000003,-3.1086244689504383e-15,TRUE
117193,ForestDryPoor,3.61,3.610000000000003,-3.1086244689504383e-15,TRUE
117194,ForestDryPoor,3.35,3.350000000000003,-3.1086244689504383e-15,TRUE
117195,ForestDryPoor,3.28,3.280000000000003,-3.1086244689504383e-15,TRUE
117197,ForestDryPoor,2.73,2.730000000000002,-2.220446049250313e-15,TRUE
117479,ForestDryPoor,1.12,1.120000000000001,-8.881784197001252e-16,TRUE
117480,ForestDryPoor,2.11,2.110000000000002,-2.220446049250313e-15,TRUE
117481,ForestDryPoor,3.41,3.410000000000003,-2.6645352591003757e-15,TRUE
117482,ForestDryPoor,2.41,2.410000000000002,-1.7763568394002505e-15,TRUE
117483,ForestDryPoor,2.55,2.5500000000000025,-2.6645352591003757e-15,TRUE
117484,ForestDryPoor,3.92,3.920000000000003,-3.1086244689504383e-15,TRUE
117485,ForestDryPoor,3.9,3.900000000000003,-3.1086244689504383e-15,TRUE
117486,ForestDryPoor,3.99,3.990000000000004,-3.9968028886505635e-15,TRUE
117487,ForestDryPoor,3.07,3.070000000000003,-3.1086244689504383e-15,TRUE
117488,ForestDryPoor,3.81,3.810000000000003,-3.1086244689504383e-15,TRUE
117489,ForestDryPoor,3.02,3.0200000000000027,-2.6645352591003757e-15,TRUE
117491,ForestDryPoor,1.11,1.110000000000001,-8.881784197001252e-16,TRUE
117777,ForestDryPoor,1.45,1.4500000000000013,-1.3322676295501878e-15,TRUE
117778,ForestDryPoor,3.77,3.770000000000003,-3.1086244689504383e-15,TRUE
117779,ForestDryPoor,3.72,3.7200000000000033,-3.1086244689504383e-15,TRUE
117780,ForestDryPoor,3.99,3.990000000000004,-3.9968028886505635e-15,TRUE
117781,ForestDryPoor,3.99,3.990000000000004,-3.9968028886505635e-15,TRUE
117782,ForestDryPoor,3.92,3.920000000000003,-3.1086244689504383e-15,TRUE
117783,ForestDryPoor,3.88,3.880000000000003,-3.1086244689504383e-15,TRUE
117784,ForestDryPoor,1.25,1.250000000000001,-1.1102230246251565e-15,TRUE
117785,ForestDryPoor,2.79,2.7900000000000027,-2.6645352591003757e-15,TRUE
118072,ForestDryPoor,2.31,2.3100000000000023,-2.220446049250313e-15,TRUE
118073,ForestDryPoor,3.46,3.460000000000003,-3.1086244689504383e-15,TRUE
118074,ForestDryPoor,3.9,3.900000000000003,-3.1086244689504383e-15,TRUE
118075,ForestDryPoor,3.82,3.8200000000000034,-3.552713678800501e-15,TRUE
118076,ForestDryPoor,3.84,3.8400000000000034,-3.552713678800501e-15,TRUE
118077,ForestDryPoor,3.55,3.5500000000000034,-3.552713678800501e-15,TRUE
118078,ForestDryPoor,1.11,1.110000000000001,-8.881784197001252e-16,TRUE
118079,ForestDryPoor,3.12,3.1200000000000028,-2.6645352591003757e-15,TRUE
118080,ForestDryPoor,3.26,3.260000000000003,-3.1086244689504383e-15,TRUE
118366,ForestDryPoor,1.74,1.7400000000000015,-1.5543122344752192e-15,TRUE
118367,ForestDryPoor,3.79,3.790000000000003,-3.1086244689504383e-15,TRUE
118368,ForestDryPoor,3.93,3.9300000000000033,-3.1086244689504383e-15,TRUE
118369,ForestDryPoor,3.85,3.850000000000003,-3.1086244689504383e-15,TRUE
118370,ForestDryPoor,3.87,3.870000000000004,-3.9968028886505635e-15,TRUE
118371,ForestDryPoor,3.92,3.920000000000003,-3.1086244689504383e-15,TRUE
118372,ForestDryPoor,1.07,1.070000000000001,-8.881784197001252e-16,TRUE
118373,ForestDryPoor,2.79,2.7900000000000027,-2.6645352591003757e-15,TRUE
118374,ForestDryPoor,3.92,3.920000000000003,-3.1086244689504383e-15,TRUE
118375,ForestDryPoor,2.69,2.690000000000002,-2.220446049250313e-15,TRUE
118660,ForestDryPoor,1.79,1.7900000000000016,-1.5543122344752192e-15,TRUE
118661,ForestDryPoor,3.57,3.570000000000003,-3.1086244689504383e-15,TRUE
118662,ForestDryPoor,3.96,3.960000000000003,-3.1086244689504383e-15,TRUE
118663,ForestDryPoor,3.95,3.950000000000004,-3.9968028886505635e-15,TRUE
118664,ForestDryPoor,3.38,3.380000000000003,-3.1086244689504383e-15,TRUE
118665,ForestDryPoor,3.23,3.230000000000003,-3.1086244689504383e-15,TRUE
118666,ForestDryPoor,2.13,2.1300000000000017,-1.7763568394002505e-15,TRUE
118667,ForestDryPoor,2.37,2.370000000000002,-1.7763568394002505e-15,TRUE
118668,ForestDryPoor,3.61,3.610000000000003,-3.1086244689504383e-15,TRUE
118669,ForestDryPoor,3.45,3.450000000000003,-2.6645352591003757e-15,TRUE
118670,ForestDryPoor,3.86,3.860000000000003,-3.1086244689504383e-15,TRUE
118671,ForestDryPoor,3.17,3.1700000000000026,-2.6645352591003757e-15,TRUE
118672,ForestDryPoor,1.23,1.230000000000001,-1.1102230246251565e-15,TRUE
118951,ForestDryPoor,1.17,1.170000000000001,-1.1102230246251565e-15,TRUE
118953,ForestDryPoor,1.15,1.150000000000001,-1.1102230246251565e-15,TRUE
118954,ForestDryPoor,2.74,2.7400000000000024,-2.220446049250313e-15,TRUE
118955,ForestDryPoor,3.49,3.490000000000003,-2.6645352591003757e-15,TRUE
118956,ForestDryPoor,3.96,3.960000000000003,-3.1086244689504383e-15,TRUE
118957,ForestDryPoor,3.69,3.690000000000003,-3.1086244689504383e-15,TRUE
118958,ForestDryPoor,3.8,3.8000000000000034,-3.552713678800501e-15,TRUE
118959,ForestDryPoor,2.65,2.650000000000002,-2.220446049250313e-15,TRUE
118962,ForestDryPoor,2.07,2.070000000000002,-2.220446049250313e-15,TRUE
118965,ForestDryPoor,3.15,3.150000000000003,-3.1086244689504383e-15,TRUE
118966,ForestDryPoor,2.91,2.910000000000003,-2.6645352591003757e-15,TRUE
118967,ForestDryPoor,2.73,2.730000000000002,-2.220446049250313e-15,TRUE
118968,ForestDryPoor,3.51,3.5100000000000033,-3.552713678800501e-15,TRUE
118969,ForestDryPoor,2.83,2.8300000000000027,-2.6645352591003757e-15,TRUE
118970,ForestDryPoor,3.64,3.6400000000000032,-3.1086244689504383e-15,TRUE
118971,ForestDryPoor,2,2.0000000000000018,-1.7763568394002505e-15,TRUE
118972,ForestDryPoor,2.56,2.5600000000000023,-2.220446049250313e-15,TRUE
119246,ForestDryPoor,2.26,2.260000000000002,-2.220446049250313e-15,TRUE
119247,ForestDryPoor,2.38,2.380000000000002,-2.220446049250313e-15,TRUE
119248,ForestDryPoor,3.29,3.2900000000000027,-2.6645352591003757e-15,TRUE
119249,ForestDryPoor,3.38,3.380000000000003,-3.1086244689504383e-15,TRUE
119250,ForestDryPoor,3.34,3.340000000000003,-3.1086244689504383e-15,TRUE
119251,ForestDryPoor,3.58,3.580000000000003,-3.1086244689504383e-15,TRUE
119252,ForestDryPoor,3.62,3.620000000000003,-3.1086244689504383e-15,TRUE
119253,ForestDryPoor,3.44,3.440000000000003,-3.1086244689504383e-15,TRUE
119254,ForestDryPoor,1.8,1.8000000000000016,-1.5543122344752192e-15,TRUE
119256,OpenWetRich,2.18,2.180000000000002,-1.7763568394002505e-15,TRUE
119263,ForestDryPoor,3.81,3.810000000000003,-3.1086244689504383e-15,TRUE
119264,ForestDryPoor,3.68,3.6800000000000033,-3.1086244689504383e-15,TRUE
119265,ForestDryPoor,3.98,3.980000000000003,-3.1086244689504383e-15,TRUE
119266,ForestDryPoor,3.52,3.520000000000003,-3.1086244689504383e-15,TRUE
119267,ForestDryPoor,1.39,1.3900000000000012,-1.3322676295501878e-15,TRUE
119541,ForestDryPoor,3.25,3.2500000000000027,-2.6645352591003757e-15,TRUE
119542,ForestDryPoor,2.03,2.030000000000002,-2.220446049250313e-15,TRUE
119543,ForestDryPoor,2.01,2.0100000000000016,-1.7763568394002505e-15,TRUE
119544,ForestDryPoor,3.99,3.990000000000004,-3.9968028886505635e-15,TRUE
119545,ForestDryPoor,4,4.0000000000000036,-3.552713678800501e-15,TRUE
119546,ForestDryPoor,3.99,3.990000000000004,-3.9968028886505635e-15,TRUE
119547,ForestDryPoor,3.87,3.870000000000004,-3.9968028886505635e-15,TRUE
119548,ForestDryPoor,3.52,3.520000000000003,-3.1086244689504383e-15,TRUE
119550,OpenWetRich,1.09,1.090000000000001,-8.881784197001252e-16,TRUE
119837,ForestDryPoor,1.03,1.030000000000001,-8.881784197001252e-16,TRUE
119838,ForestDryPoor,1.28,1.2800000000000011,-1.1102230246251565e-15,TRUE
119839,ForestDryPoor,4,4.0000000000000036,-3.552713678800501e-15,TRUE
119840,ForestDryPoor,4,4.0000000000000036,-3.552713678800501e-15,TRUE
119841,ForestDryPoor,4,4.0000000000000036,-3.552713678800501e-15,TRUE
119842,ForestDryPoor,3.96,3.960000000000003,-3.1086244689504383e-15,TRUE
119843,ForestDryPoor,3.2,3.200000000000003,-2.6645352591003757e-15,TRUE
119844,ForestDryPoor,2.48,2.480000000000002,-2.220446049250313e-15,TRUE
120131,ForestDryPoor,1.32,1.3200000000000012,-1.1102230246251565e-15,TRUE
120132,ForestDryPoor,2.12,2.120000000000002,-1.7763568394002505e-15,TRUE
120133,ForestDryPoor,1.9,1.9000000000000017,-1.7763568394002505e-15,TRUE
120134,ForestDryPoor,2.39,2.3900000000000023,-2.220446049250313e-15,TRUE
120135,ForestDryPoor,2.29,2.290000000000002,-1.7763568394002505e-15,TRUE
120136,ForestDryPoor,2.37,2.370000000000002,-1.7763568394002505e-15,TRUE
120137,ForestDryPoor,2.28,2.280000000000002,-2.220446049250313e-15,TRUE
120138,ForestDryPoor,2.08,2.080000000000002,-1.7763568394002505e-15,TRUE
120139,ForestDryPoor,1.61,1.6100000000000014,-1.3322676295501878e-15,TRUE
120428,ForestDryPoor,2.46,2.460000000000002,-2.220446049250313e-15,TRUE
120429,ForestDryPoor,3.79,3.790000000000003,-3.1086244689504383e-15,TRUE
120430,ForestDryPoor,4,4.0000000000000036,-3.552713678800501e-15,TRUE
120431,ForestDryPoor,4,4.0000000000000036,-3.552713678800501e-15,TRUE
120432,ForestDryPoor,3.86,3.860000000000003,-3.1086244689504383e-15,TRUE
120433,ForestDryPoor,3.58,3.580000000000003,-3.1086244689504383e-15,TRUE
120434,ForestDryPoor,2.71,2.710000000000002,-2.220446049250313e-15,TRUE
120725,ForestDryPoor,3.8,3.8000000000000034,-3.552713678800501e-15,TRUE
120726,ForestDryPoor,3.82,3.8200000000000034,-3.552713678800501e-15,TRUE
120727,ForestDryPoor,3.67,3.670000000000003,-3.1086244689504383e-15,TRUE
120728,ForestDryPoor,3.72,3.7200000000000033,-3.1086244689504383e-15,TRUE
120729,ForestDryPoor,2.67,2.6700000000000026,-2.6645352591003757e-15,TRUE
120959,ForestDryPoor,1.42,1.4200000000000013,-1.3322676295501878e-15,TRUE
121020,ForestDryPoor,2.75,2.7500000000000027,-2.6645352591003757e-15,TRUE
121021,ForestDryPoor,2.24,2.240000000000002,-1.7763568394002505e-15,TRUE
121023,ForestDryPoor,3.81,3.810000000000003,-3.1086244689504383e-15,TRUE
121024,ForestDryPoor,1.3,1.3000000000000012,-1.1102230246251565e-15,TRUE
121025,ForestDryPoor,1.35,1.3500000000000012,-1.1102230246251565e-15,TRUE
121254,ForestDryPoor,2.71,2.710000000000002,-2.220446049250313e-15,TRUE
121255,ForestDryPoor,1.81,1.8100000000000016,-1.5543122344752192e-15,TRUE
121315,ForestDryPoor,3.01,3.0100000000000025,-2.6645352591003757e-15,TRUE
121316,ForestDryPoor,3.64,3.6400000000000032,-3.1086244689504383e-15,TRUE
121317,ForestDryPoor,1.47,1.4700000000000013,-1.3322676295501878e-15,TRUE
121318,ForestDryPoor,1.17,1.170000000000001,-1.1102230246251565e-15,TRUE
121319,ForestDryPoor,1.62,1.6200000000000014,-1.3322676295501878e-15,TRUE
121320,ForestDryPoor,1.56,1.5600000000000014,-1.3322676295501878e-15,TRUE
121550,OpenWetRich,2.67,2.6700000000000026,-2.6645352591003757e-15,TRUE
121610,ForestDryPoor,2.83,2.8300000000000027,-2.6645352591003757e-15,TRUE
121611,ForestDryPoor,3.24,3.240000000000003,-2.6645352591003757e-15,TRUE
121612,ForestDryPoor,1.08,1.080000000000001,-8.881784197001252e-16,TRUE
121613,ForestDryPoor,3.13,3.1300000000000026,-2.6645352591003757e-15,TRUE
121615,ForestDryPoor,2.28,2.280000000000002,-2.220446049250313e-15,TRUE
121843,OpenWetRich,1.08,1.080000000000001,-8.881784197001252e-16,TRUE
121904,ForestDryPoor,2.37,2.370000000000002,-1.7763568394002505e-15,TRUE
121905,ForestDryPoor,3.55,3.5500000000000034,-3.552713678800501e-15,TRUE
121906,OpenWetRich,2.03,2.030000000000002,-2.220446049250313e-15,TRUE
121910,ForestDryPoor,2.07,2.070000000000002,-2.220446049250313e-15,TRUE
122199,ForestDryPoor,3.16,3.160000000000003,-2.6645352591003757e-15,TRUE
122200,ForestDryPoor,3.59,3.5900000000000034,-3.552713678800501e-15,TRUE
122202,ForestDryPoor,3.41,3.410000000000003,-2.6645352591003757e-15,TRUE
122427,ForestDryPoor,1.98,1.9800000000000015,-1.5543122344752192e-15,TRUE
122428,ForestDryPoor,1,1.0000000000000009,-8.881784197001252e-16,TRUE
122429,ForestDryPoor,1.1,1.100000000000001,-8.881784197001252e-16,TRUE
122430,ForestDryPoor,3.1,3.1000000000000028,-2.6645352591003757e-15,TRUE
122431,ForestDryPoor,1.18,1.180000000000001,-1.1102230246251565e-15,TRUE
122434,ForestDryPoor,1.09,1.090000000000001,-8.881784197001252e-16,TRUE
122436,ForestDryPoor,1.64,1.6400000000000017,-1.7763568394002505e-15,TRUE
122491,ForestDryPoor,1.47,1.4700000000000013,-1.3322676295501878e-15,TRUE
122492,ForestDryPoor,2.5,2.500000000000002,-2.220446049250313e-15,TRUE
122493,ForestDryPoor,3.22,3.220000000000003,-2.6645352591003757e-15,TRUE
122494,ForestDryPoor,2.08,2.080000000000002,-1.7763568394002505e-15,TRUE
122495,ForestDryPoor,1.47,1.4700000000000013,-1.3322676295501878e-15,TRUE
122496,ForestDryPoor,3.16,3.160000000000003,-2.6645352591003757e-15,TRUE
122726,ForestDryPoor,3.34,3.340000000000003,-3.1086244689504383e-15,TRUE
122727,ForestDryPoor,3.01,3.0100000000000025,-2.6645352591003757e-15,TRUE
122728,ForestDryPoor,2.08,2.080000000000002,-1.7763568394002505e-15,TRUE
122729,ForestDryPoor,1.96,1.9600000000000015,-1.5543122344752192e-15,TRUE
122731,ForestDryPoor,3.2,3.200000000000003,-2.6645352591003757e-15,TRUE
122732,ForestDryPoor,1.99,1.9900000000000015,-1.5543122344752192e-15,TRUE
122774,ForestDryPoor,1.4,1.4000000000000012,-1.3322676295501878e-15,TRUE
122775,ForestDryPoor,1.53,1.5300000000000014,-1.3322676295501878e-15,TRUE
122784,ForestDryPoor,2.3,2.300000000000002,-2.220446049250313e-15,TRUE
122785,ForestDryPoor,3.7,3.7000000000000033,-3.1086244689504383e-15,TRUE
122786,ForestDryPoor,4,4.0000000000000036,-3.552713678800501e-15,TRUE
122787,ForestDryPoor,3.95,3.950000000000004,-3.9968028886505635e-15,TRUE
122788,ForestDryPoor,3.6,3.600000000000003,-3.1086244689504383e-15,TRUE
122789,ForestDryPoor,1.48,1.480000000000001,-1.1102230246251565e-15,TRUE
122790,ForestDryPoor,3.97,3.9700000000000033,-3.1086244689504383e-15,TRUE
123021,ForestDryPoor,1.98,1.9800000000000015,-1.5543122344752192e-15,TRUE
123022,ForestDryPoor,3.32,3.320000000000003,-3.1086244689504383e-15,TRUE
123023,ForestDryPoor,3.43,3.4300000000000033,-3.1086244689504383e-15,TRUE
123024,ForestDryPoor,2.24,2.240000000000002,-1.7763568394002505e-15,TRUE
123025,ForestDryPoor,3.32,3.320000000000003,-3.1086244689504383e-15,TRUE
123026,ForestDryPoor,1.45,1.4500000000000013,-1.3322676295501878e-15,TRUE
123030,ForestDryPoor,1.68,1.6800000000000015,-1.5543122344752192e-15,TRUE
123070,ForestDryPoor,3.72,3.7200000000000033,-3.1086244689504383e-15,TRUE
123077,ForestDryPoor,1.88,1.8800000000000017,-1.7763568394002505e-15,TRUE
123078,ForestDryPoor,3.36,3.360000000000003,-3.1086244689504383e-15,TRUE
123079,ForestDryPoor,4,4.0000000000000036,-3.552713678800501e-15,TRUE
123080,ForestDryPoor,4,4.0000000000000036,-3.552713678800501e-15,TRUE
123081,ForestDryPoor,3,3.0000000000000027,-2.6645352591003757e-15,TRUE
123082,ForestDryPoor,2.11,2.110000000000002,-2.220446049250313e-15,TRUE
123083,ForestDryPoor,2.53,2.530000000000002,-2.220446049250313e-15,TRUE
123084,ForestDryPoor,3.23,3.230000000000003,-3.1086244689504383e-15,TRUE
123315,ForestDryPoor,1.69,1.6900000000000015,-1.5543122344752192e-15,TRUE
123316,ForestDryPoor,1.64,1.6400000000000017,-1.7763568394002505e-15,TRUE
123317,ForestDryPoor,2.38,2.380000000000002,-2.220446049250313e-15,TRUE
123318,ForestDryPoor,3.24,3.240000000000003,-2.6645352591003757e-15,TRUE
123319,ForestDryPoor,3.35,3.350000000000003,-3.1086244689504383e-15,TRUE
123320,ForestDryPoor,3.62,3.620000000000003,-3.1086244689504383e-15,TRUE
123325,ForestDryPoor,1.66,1.6600000000000017,-1.7763568394002505e-15,TRUE
123326,ForestDryPoor,2.04,2.040000000000002,-1.7763568394002505e-15,TRUE
123327,ForestDryPoor,1.44,1.4400000000000013,-1.3322676295501878e-15,TRUE
123365,ForestDryPoor,2,2.0000000000000018,-1.7763568394002505e-15,TRUE
123369,ForestDryPoor,1.71,1.7100000000000015,-1.5543122344752192e-15,TRUE
123370,ForestDryPoor,3.84,3.8400000000000034,-3.552713678800501e-15,TRUE
123371,ForestDryPoor,3.95,3.950000000000004,-3.9968028886505635e-15,TRUE
123372,ForestDryPoor,3.92,3.920000000000003,-3.1086244689504383e-15,TRUE
123373,ForestDryPoor,3.22,3.220000000000003,-2.6645352591003757e-15,TRUE
123374,ForestDryPoor,3.96,3.960000000000003,-3.1086244689504383e-15,TRUE
123375,ForestDryPoor,3.43,3.4300000000000033,-3.1086244689504383e-15,TRUE
123376,ForestDryPoor,1.55,1.5500000000000014,-1.3322676295501878e-15,TRUE
123377,ForestDryPoor,3.57,3.570000000000003,-3.1086244689504383e-15,TRUE
123613,ForestDryPoor,2.79,2.7900000000000027,-2.6645352591003757e-15,TRUE
123614,ForestDryPoor,3.53,3.530000000000003,-3.1086244689504383e-15,TRUE
123615,ForestDryPoor,2.82,2.8200000000000025,-2.6645352591003757e-15,TRUE
123618,ForestDryPoor,2.94,2.9400000000000026,-2.6645352591003757e-15,TRUE
123619,ForestDryPoor,2.19,2.190000000000002,-2.220446049250313e-15,TRUE
123620,ForestDryPoor,1.14,1.140000000000001,-1.1102230246251565e-15,TRUE
123621,ForestDryPoor,1.11,1.110000000000001,-8.881784197001252e-16,TRUE
123622,ForestDryPoor,1.51,1.5100000000000011,-1.1102230246251565e-15,TRUE
123627,ForestDryPoor,2.68,2.6800000000000024,-2.220446049250313e-15,TRUE
123628,ForestDryPoor,1.34,1.3400000000000012,-1.1102230246251565e-15,TRUE
123658,ForestDryPoor,2.25,2.2500000000000018,-1.7763568394002505e-15,TRUE
123660,ForestDryPoor,1.01,1.010000000000001,-8.881784197001252e-16,TRUE
123665,ForestDryPoor,2.56,2.5600000000000023,-2.220446049250313e-15,TRUE
123666,ForestDryPoor,3.91,3.910000000000004,-3.9968028886505635e-15,TRUE
123667,ForestDryPoor,3.87,3.870000000000004,-3.9968028886505635e-15,TRUE
123668,ForestDryPoor,3.52,3.520000000000003,-3.1086244689504383e-15,TRUE
123669,ForestDryPoor,2.37,2.370000000000002,-1.7763568394002505e-15,TRUE
123670,ForestDryPoor,1.86,1.8600000000000017,-1.5543122344752192e-15,TRUE
123908,ForestDryPoor,2.97,2.9700000000000024,-2.220446049250313e-15,TRUE
123909,ForestDryPoor,2.64,2.6400000000000023,-2.220446049250313e-15,TRUE
123910,ForestDryPoor,1.54,1.5400000000000014,-1.3322676295501878e-15,TRUE
123911,ForestDryPoor,3.04,3.0400000000000027,-2.6645352591003757e-15,TRUE
123912,ForestDryPoor,1.68,1.6800000000000015,-1.5543122344752192e-15,TRUE
123913,ForestDryPoor,3.79,3.790000000000003,-3.1086244689504383e-15,TRUE
123914,ForestDryPoor,2.8,2.8000000000000025,-2.6645352591003757e-15,TRUE
123915,ForestDryPoor,1.13,1.130000000000001,-1.1102230246251565e-15,TRUE
123917,ForestDryPoor,2.79,2.7900000000000027,-2.6645352591003757e-15,TRUE
123921,ForestDryPoor,1.47,1.4700000000000013,-1.3322676295501878e-15,TRUE
123922,ForestDryPoor,3.99,3.990000000000004,-3.9968028886505635e-15,TRUE
123923,ForestDryPoor,3.73,3.730000000000003,-3.1086244689504383e-15,TRUE
123952,ForestDryPoor,3.7,3.7000000000000033,-3.1086244689504383e-15,TRUE
123953,ForestDryPoor,3.1,3.1000000000000028,-2.6645352591003757e-15,TRUE
123954,ForestDryPoor,3.79,3.790000000000003,-3.1086244689504383e-15,TRUE
123955,ForestDryPoor,3.65,3.650000000000003,-3.1086244689504383e-15,TRUE
123960,ForestDryPoor,2.28,2.280000000000002,-2.220446049250313e-15,TRUE
123961,ForestDryPoor,3.98,3.980000000000003,-3.1086244689504383e-15,TRUE
123962,ForestDryPoor,3.67,3.670000000000003,-3.1086244689504383e-15,TRUE
123963,ForestDryPoor,1.92,1.9200000000000017,-1.7763568394002505e-15,TRUE
123965,ForestDryPoor,3.61,3.610000000000003,-3.1086244689504383e-15,TRUE
124205,ForestDryPoor,3.13,3.1300000000000026,-2.6645352591003757e-15,TRUE
124206,ForestDryPoor,3.46,3.460000000000003,-3.1086244689504383e-15,TRUE
124207,ForestDryPoor,3.24,3.240000000000003,-2.6645352591003757e-15,TRUE
124208,ForestDryPoor,3.63,3.630000000000003,-3.1086244689504383e-15,TRUE
124209,ForestDryPoor,2.87,2.8700000000000028,-2.6645352591003757e-15,TRUE
124210,ForestDryPoor,3.13,3.1300000000000026,-2.6645352591003757e-15,TRUE
124211,ForestDryPoor,2.03,2.030000000000002,-2.220446049250313e-15,TRUE
124213,ForestDryPoor,2.55,2.5500000000000025,-2.6645352591003757e-15,TRUE
124214,ForestDryPoor,1.59,1.5900000000000014,-1.3322676295501878e-15,TRUE
124216,ForestDryPoor,3.21,3.210000000000002,-2.220446049250313e-15,TRUE
124217,ForestDryPoor,3.91,3.910000000000004,-3.9968028886505635e-15,TRUE
124218,ForestDryPoor,2.66,2.6600000000000024,-2.220446049250313e-15,TRUE
124220,ForestDryPoor,2.07,2.070000000000002,-2.220446049250313e-15,TRUE
124246,ForestDryPoor,1.53,1.5300000000000014,-1.3322676295501878e-15,TRUE
124247,ForestDryPoor,2.62,2.6200000000000023,-2.220446049250313e-15,TRUE
124249,ForestDryPoor,2.93,2.9300000000000024,-2.220446049250313e-15,TRUE
124250,ForestDryPoor,3.18,3.180000000000003,-2.6645352591003757e-15,TRUE
124251,ForestDryPoor,2.61,2.610000000000002,-2.220446049250313e-15,TRUE
124255,ForestDryPoor,1.08,1.080000000000001,-8.881784197001252e-16,TRUE
124256,ForestDryPoor,1.73,1.7300000000000015,-1.5543122344752192e-15,TRUE
124258,ForestDryPoor,1.32,1.3200000000000012,-1.1102230246251565e-15,TRUE
124259,ForestDryPoor,1.26,1.2600000000000011,-1.1102230246251565e-15,TRUE
124504,ForestDryPoor,3.42,3.420000000000003,-3.1086244689504383e-15,TRUE
124505,ForestDryPoor,3.76,3.7600000000000033,-3.552713678800501e-15,TRUE
124506,ForestDryPoor,1.97,1.9700000000000015,-1.5543122344752192e-15,TRUE
124508,ForestDryPoor,1.1,1.100000000000001,-8.881784197001252e-16,TRUE
124509,ForestDryPoor,3.47,3.4700000000000033,-3.1086244689504383e-15,TRUE
124510,ForestDryPoor,3.69,3.690000000000003,-3.1086244689504383e-15,TRUE
124511,ForestDryPoor,3.86,3.860000000000003,-3.1086244689504383e-15,TRUE
124512,ForestDryPoor,3.98,3.980000000000003,-3.1086244689504383e-15,TRUE
124513,ForestDryPoor,2.32,2.320000000000002,-2.220446049250313e-15,TRUE
124514,ForestDryPoor,2.94,2.9400000000000026,-2.6645352591003757e-15,TRUE
124515,ForestDryPoor,2.63,2.6300000000000026,-2.6645352591003757e-15,TRUE
124542,ForestDryPoor,2.04,2.040000000000002,-1.7763568394002505e-15,TRUE
124543,ForestDryPoor,2.5,2.500000000000002,-2.220446049250313e-15,TRUE
124544,ForestDryPoor,3.57,3.570000000000003,-3.1086244689504383e-15,TRUE
124545,ForestDryPoor,2.76,2.7600000000000025,-2.6645352591003757e-15,TRUE
124546,ForestDryPoor,3.64,3.6400000000000032,-3.1086244689504383e-15,TRUE
124547,ForestDryPoor,2.29,2.290000000000002,-1.7763568394002505e-15,TRUE
124548,ForestDryPoor,1.76,1.7600000000000016,-1.5543122344752192e-15,TRUE
124550,ForestDryPoor,1.29,1.2900000000000011,-1.1102230246251565e-15,TRUE
124551,ForestDryPoor,1.43,1.4300000000000013,-1.3322676295501878e-15,TRUE
124552,ForestDryPoor,2.71,2.710000000000002,-2.220446049250313e-15,TRUE
124798,ForestDryPoor,1.19,1.190000000000001,-1.1102230246251565e-15,TRUE
124799,ForestDryPoor,3.62,3.620000000000003,-3.1086244689504383e-15,TRUE
124800,ForestDryPoor,3.66,3.6600000000000033,-3.1086244689504383e-15,TRUE
124801,ForestDryPoor,2.41,2.410000000000002,-1.7763568394002505e-15,TRUE
124802,ForestDryPoor,3.48,3.480000000000003,-3.1086244689504383e-15,TRUE
124804,ForestDryPoor,2.29,2.290000000000002,-1.7763568394002505e-15,TRUE
124805,ForestDryPoor,3.81,3.810000000000003,-3.1086244689504383e-15,TRUE
124806,ForestDryPoor,3.91,3.910000000000004,-3.9968028886505635e-15,TRUE
124807,ForestDryPoor,3.52,3.520000000000003,-3.1086244689504383e-15,TRUE
124808,ForestDryPoor,3.37,3.3700000000000028,-2.6645352591003757e-15,TRUE
124809,ForestDryPoor,1.56,1.5600000000000014,-1.3322676295501878e-15,TRUE
124810,ForestDryPoor,1.58,1.5800000000000014,-1.3322676295501878e-15,TRUE
124836,ForestDryPoor,1.23,1.230000000000001,-1.1102230246251565e-15,TRUE
124837,ForestDryPoor,2.72,2.7200000000000024,-2.220446049250313e-15,TRUE
124838,ForestDryPoor,3.68,3.6800000000000033,-3.1086244689504383e-15,TRUE
124839,ForestDryPoor,3.32,3.320000000000003,-3.1086244689504383e-15,TRUE
124840,ForestDryPoor,3.2,3.200000000000003,-2.6645352591003757e-15,TRUE
124841,ForestDryPoor,3.82,3.8200000000000034,-3.552713678800501e-15,TRUE
124842,ForestDryPoor,3.36,3.360000000000003,-3.1086244689504383e-15,TRUE
124843,ForestDryPoor,3.55,3.5500000000000034,-3.552713678800501e-15,TRUE
124844,ForestDryPoor,1.82,1.8200000000000016,-1.5543122344752192e-15,TRUE
125094,ForestDryPoor,3.29,3.2900000000000027,-2.6645352591003757e-15,TRUE
125095,ForestDryPoor,3.83,3.830000000000003,-3.1086244689504383e-15,TRUE
125096,ForestDryPoor,3.43,3.4300000000000033,-3.1086244689504383e-15,TRUE
125097,ForestDryPoor,2.98,2.980000000000002,-2.220446049250313e-15,TRUE
125098,ForestDryPoor,1.3,1.3000000000000012,-1.1102230246251565e-15,TRUE
125099,ForestDryPoor,1.06,1.060000000000001,-8.881784197001252e-16,TRUE
125100,ForestDryPoor,3.94,3.940000000000003,-3.1086244689504383e-15,TRUE
125101,ForestDryPoor,4,4.0000000000000036,-3.552713678800501e-15,TRUE
125102,ForestDryPoor,3.49,3.490000000000003,-2.6645352591003757e-15,TRUE
125103,ForestDryPoor,2.93,2.9300000000000024,-2.220446049250313e-15,TRUE
125104,ForestDryPoor,3.38,3.380000000000003,-3.1086244689504383e-15,TRUE
125105,ForestDryPoor,3.92,3.920000000000003,-3.1086244689504383e-15,TRUE
125106,ForestDryPoor,1.25,1.250000000000001,-1.1102230246251565e-15,TRUE
125132,ForestDryPoor,1.88,1.8800000000000017,-1.7763568394002505e-15,TRUE
125133,ForestDryPoor,3.7,3.7000000000000033,-3.1086244689504383e-15,TRUE
125134,ForestDryPoor,2.65,2.650000000000002,-2.220446049250313e-15,TRUE
125135,ForestDryPoor,3.08,3.0800000000000027,-2.6645352591003757e-15,TRUE
125136,ForestDryPoor,3.72,3.7200000000000033,-3.1086244689504383e-15,TRUE
125137,ForestDryPoor,3.03,3.030000000000003,-3.1086244689504383e-15,TRUE
125138,ForestDryPoor,3.01,3.0100000000000025,-2.6645352591003757e-15,TRUE
125139,ForestDryPoor,1.39,1.3900000000000012,-1.3322676295501878e-15,TRUE
125140,ForestDryPoor,1.52,1.5200000000000014,-1.3322676295501878e-15,TRUE
125389,ForestDryPoor,3.68,3.6800000000000033,-3.1086244689504383e-15,TRUE
125390,ForestDryPoor,3.89,3.8900000000000032,-3.1086244689504383e-15,TRUE
125391,ForestDryPoor,2.31,2.3100000000000023,-2.220446049250313e-15,TRUE
125392,ForestDryPoor,3.92,3.920000000000003,-3.1086244689504383e-15,TRUE
125393,ForestDryPoor,2.06,2.060000000000002,-1.7763568394002505e-15,TRUE
125395,ForestDryPoor,3.1,3.1000000000000028,-2.6645352591003757e-15,TRUE
125396,ForestDryPoor,2.88,2.8800000000000026,-2.6645352591003757e-15,TRUE
125397,ForestDryPoor,3.82,3.8200000000000034,-3.552713678800501e-15,TRUE
125398,ForestDryPoor,1.9,1.9000000000000017,-1.7763568394002505e-15,TRUE
125399,ForestDryPoor,3.72,3.7200000000000033,-3.1086244689504383e-15,TRUE
125400,ForestDryPoor,3.56,3.560000000000003,-3.1086244689504383e-15,TRUE
125401,ForestDryPoor,2.03,2.030000000000002,-2.220446049250313e-15,TRUE
125426,ForestDryPoor,1.73,1.7300000000000015,-1.5543122344752192e-15,TRUE
125427,ForestDryPoor,2.75,2.7500000000000027,-2.6645352591003757e-15,TRUE
125428,ForestDryPoor,3.25,3.2500000000000027,-2.6645352591003757e-15,TRUE
125429,ForestDryPoor,3.11,3.110000000000003,-3.1086244689504383e-15,TRUE
125430,ForestDryPoor,3.34,3.340000000000003,-3.1086244689504383e-15,TRUE
125431,ForestDryPoor,3.75,3.750000000000003,-3.1086244689504383e-15,TRUE
125432,ForestDryPoor,3.95,3.950000000000004,-3.9968028886505635e-15,TRUE
125433,ForestDryPoor,1.64,1.6400000000000017,-1.7763568394002505e-15,TRUE
125434,ForestDryPoor,1.6,1.6000000000000014,-1.3322676295501878e-15,TRUE
125435,ForestDryPoor,2.53,2.530000000000002,-2.220446049250313e-15,TRUE
125684,ForestDryPoor,3.52,3.520000000000003,-3.1086244689504383e-15,TRUE
125685,ForestDryPoor,2.74,2.7400000000000024,-2.220446049250313e-15,TRUE
125686,ForestDryPoor,2.24,2.240000000000002,-1.7763568394002505e-15,TRUE
125687,ForestDryPoor,3.98,3.980000000000003,-3.1086244689504383e-15,TRUE
125688,ForestDryPoor,2.24,2.240000000000002,-1.7763568394002505e-15,TRUE
125690,ForestDryPoor,1.59,1.5900000000000014,-1.3322676295501878e-15,TRUE
125691,ForestDryPoor,3.84,3.8400000000000034,-3.552713678800501e-15,TRUE
125692,ForestDryPoor,3.55,3.5500000000000034,-3.552713678800501e-15,TRUE
125693,ForestDryPoor,2.62,2.6200000000000023,-2.220446049250313e-15,TRUE
125694,ForestDryPoor,3.57,3.570000000000003,-3.1086244689504383e-15,TRUE
125695,ForestDryPoor,3.7,3.7000000000000033,-3.1086244689504383e-15,TRUE
125696,ForestDryPoor,1.24,1.240000000000001,-1.1102230246251565e-15,TRUE
125719,ForestDryPoor,1.46,1.4600000000000013,-1.3322676295501878e-15,TRUE
125720,ForestDryPoor,3.1,3.1000000000000028,-2.6645352591003757e-15,TRUE
125721,ForestDryPoor,3.6,3.600000000000003,-3.1086244689504383e-15,TRUE
125722,ForestDryPoor,3.04,3.0400000000000027,-2.6645352591003757e-15,TRUE
125723,ForestDryPoor,1.19,1.190000000000001,-1.1102230246251565e-15,TRUE
125726,ForestDryPoor,2.09,2.0900000000000016,-1.7763568394002505e-15,TRUE
125729,ForestDryPoor,1.84,1.8400000000000016,-1.5543122344752192e-15,TRUE
125985,ForestDryPoor,1.12,1.120000000000001,-8.881784197001252e-16,TRUE
125986,ForestDryPoor,1.82,1.8200000000000016,-1.5543122344752192e-15,TRUE
125987,ForestDryPoor,2.25,2.2500000000000018,-1.7763568394002505e-15,TRUE
125988,ForestDryPoor,3.28,3.280000000000003,-3.1086244689504383e-15,TRUE
125989,ForestDryPoor,3.84,3.8400000000000034,-3.552713678800501e-15,TRUE
125990,ForestDryPoor,3.95,3.950000000000004,-3.9968028886505635e-15,TRUE
125991,ForestDryPoor,1.07,1.070000000000001,-8.881784197001252e-16,TRUE
126014,ForestDryPoor,3.35,3.350000000000003,-3.1086244689504383e-15,TRUE
126015,ForestDryPoor,1.87,1.8700000000000017,-1.5543122344752192e-15,TRUE
126016,ForestDryPoor,3.29,3.2900000000000027,-2.6645352591003757e-15,TRUE
126017,ForestDryPoor,1.83,1.8300000000000016,-1.5543122344752192e-15,TRUE
126018,ForestDryPoor,2.5,2.500000000000002,-2.220446049250313e-15,TRUE
126019,ForestDryPoor,2.28,2.280000000000002,-2.220446049250313e-15,TRUE
126021,ForestDryPoor,1.28,1.2800000000000011,-1.1102230246251565e-15,TRUE
126025,OpenWetRich,1.46,1.4600000000000013,-1.3322676295501878e-15,TRUE
126280,ForestDryPoor,1.66,1.6600000000000017,-1.7763568394002505e-15,TRUE
126282,ForestDryPoor,1.99,1.9900000000000015,-1.5543122344752192e-15,TRUE
126283,ForestDryPoor,3.63,3.630000000000003,-3.1086244689504383e-15,TRUE
126284,ForestDryPoor,2.96,2.960000000000002,-2.220446049250313e-15,TRUE
126285,ForestDryPoor,3.87,3.870000000000004,-3.9968028886505635e-15,TRUE
126286,ForestDryPoor,2.19,2.190000000000002,-2.220446049250313e-15,TRUE
126308,ForestDryPoor,1.7,1.7000000000000015,-1.5543122344752192e-15,TRUE
126309,ForestDryPoor,2.48,2.480000000000002,-2.220446049250313e-15,TRUE
126310,ForestDryPoor,2.54,2.5400000000000023,-2.220446049250313e-15,TRUE
126311,ForestDryPoor,3.84,3.8400000000000034,-3.552713678800501e-15,TRUE
126312,ForestDryPoor,3.08,3.0800000000000027,-2.6645352591003757e-15,TRUE
126313,ForestDryPoor,3.85,3.850000000000003,-3.1086244689504383e-15,TRUE
126314,ForestDryPoor,3.04,3.0400000000000027,-2.6645352591003757e-15,TRUE
126319,OpenWetRich,1.37,1.3700000000000012,-1.1102230246251565e-15,TRUE
126576,ForestDryPoor,1.66,1.6600000000000017,-1.7763568394002505e-15,TRUE
126577,ForestDryPoor,1.1,1.100000000000001,-8.881784197001252e-16,TRUE
126578,ForestDryPoor,2.67,2.6700000000000026,-2.6645352591003757e-15,TRUE
126579,ForestDryPoor,3.6,3.600000000000003,-3.1086244689504383e-15,TRUE
126580,ForestDryPoor,3.63,3.630000000000003,-3.1086244689504383e-15,TRUE
126581,ForestDryPoor,3.12,3.1200000000000028,-2.6645352591003757e-15,TRUE
126598,ForestDryPoor,1.01,1.010000000000001,-8.881784197001252e-16,TRUE
126599,ForestDryPoor,1.61,1.6100000000000014,-1.3322676295501878e-15,TRUE
126600,ForestDryPoor,3.19,3.190000000000003,-3.1086244689504383e-15,TRUE
126601,ForestDryPoor,3.1,3.1000000000000028,-2.6645352591003757e-15,TRUE
126602,ForestDryPoor,3.74,3.7400000000000033,-3.1086244689504383e-15,TRUE
126603,ForestDryPoor,3.74,3.7400000000000033,-3.1086244689504383e-15,TRUE
126604,ForestDryPoor,3.5,3.500000000000003,-3.1086244689504383e-15,TRUE
126605,ForestDryPoor,2.95,2.950000000000003,-2.6645352591003757e-15,TRUE
126606,ForestDryPoor,1.56,1.5600000000000014,-1.3322676295501878e-15,TRUE
126608,ForestDryPoor,1.56,1.5600000000000014,-1.3322676295501878e-15,TRUE
126609,ForestDryPoor,2.16,2.160000000000002,-1.7763568394002505e-15,TRUE
126872,ForestDryPoor,3.31,3.310000000000003,-3.1086244689504383e-15,TRUE
126873,ForestDryPoor,1.57,1.5700000000000014,-1.3322676295501878e-15,TRUE
126874,ForestDryPoor,3.48,3.480000000000003,-3.1086244689504383e-15,TRUE
126875,ForestDryPoor,2.71,2.710000000000002,-2.220446049250313e-15,TRUE
126876,ForestDryPoor,3.92,3.920000000000003,-3.1086244689504383e-15,TRUE
126877,ForestDryPoor,3.14,3.140000000000003,-2.6645352591003757e-15,TRUE
126892,ForestDryPoor,2.03,2.030000000000002,-2.220446049250313e-15,TRUE
126893,ForestDryPoor,3.94,3.940000000000003,-3.1086244689504383e-15,TRUE
126894,ForestDryPoor,3.02,3.0200000000000027,-2.6645352591003757e-15,TRUE
126895,ForestDryPoor,3.22,3.220000000000003,-2.6645352591003757e-15,TRUE
126896,ForestDryPoor,3.6,3.600000000000003,-3.1086244689504383e-15,TRUE
126897,ForestDryPoor,3.86,3.860000000000003,-3.1086244689504383e-15,TRUE
126898,ForestDryPoor,3.23,3.230000000000003,-3.1086244689504383e-15,TRUE
126899,ForestDryPoor,1.8,1.8000000000000016,-1.5543122344752192e-15,TRUE
127163,ForestDryPoor,2.78,2.7800000000000025,-2.6645352591003757e-15,TRUE
127164,ForestDryPoor,1.43,1.4300000000000013,-1.3322676295501878e-15,TRUE
127167,ForestDryPoor,2.69,2.690000000000002,-2.220446049250313e-15,TRUE
127168,ForestDryPoor,1.11,1.110000000000001,-8.881784197001252e-16,TRUE
127171,ForestDryPoor,2.56,2.5600000000000023,-2.220446049250313e-15,TRUE
127172,ForestDryPoor,3.68,3.6800000000000033,-3.1086244689504383e-15,TRUE
127173,ForestDryPoor,3.76,3.7600000000000033,-3.552713678800501e-15,TRUE
127174,ForestDryPoor,1.49,1.490000000000001,-1.1102230246251565e-15,TRUE
127185,ForestDryPoor,2.91,2.910000000000003,-2.6645352591003757e-15,TRUE
127186,ForestDryPoor,2.54,2.5400000000000023,-2.220446049250313e-15,TRUE
127187,ForestDryPoor,2.32,2.320000000000002,-2.220446049250313e-15,TRUE
127188,ForestDryPoor,4,4.0000000000000036,-3.552713678800501e-15,TRUE
127189,ForestDryPoor,3.44,3.440000000000003,-3.1086244689504383e-15,TRUE
127190,ForestDryPoor,3.29,3.2900000000000027,-2.6645352591003757e-15,TRUE
127191,ForestDryPoor,3.14,3.140000000000003,-2.6645352591003757e-15,TRUE
127192,ForestDryPoor,2.32,2.320000000000002,-2.220446049250313e-15,TRUE
127193,ForestDryPoor,2.28,2.280000000000002,-2.220446049250313e-15,TRUE
127194,ForestDryPoor,2.59,2.5900000000000025,-2.6645352591003757e-15,TRUE
127210,ForestDryPoor,1.86,1.8600000000000017,-1.5543122344752192e-15,TRUE
127457,ForestDryPoor,2.01,2.0100000000000016,-1.7763568394002505e-15,TRUE
127458,ForestDryPoor,3.15,3.150000000000003,-3.1086244689504383e-15,TRUE
127459,ForestDryPoor,2.8,2.8000000000000025,-2.6645352591003757e-15,TRUE
127460,ForestDryPoor,3.04,3.0400000000000027,-2.6645352591003757e-15,TRUE
127461,ForestDryPoor,1.28,1.2800000000000011,-1.1102230246251565e-15,TRUE
127462,ForestDryPoor,1.81,1.8100000000000016,-1.5543122344752192e-15,TRUE
127463,ForestDryPoor,2.42,2.420000000000002,-2.220446049250313e-15,TRUE
127464,ForestDryPoor,3.37,3.3700000000000028,-2.6645352591003757e-15,TRUE
127466,ForestDryPoor,1.12,1.120000000000001,-8.881784197001252e-16,TRUE
127467,ForestDryPoor,3.53,3.530000000000003,-3.1086244689504383e-15,TRUE
127468,ForestDryPoor,3.12,3.1200000000000028,-2.6645352591003757e-15,TRUE
127469,ForestDryPoor,3.16,3.160000000000003,-2.6645352591003757e-15,TRUE
127478,ForestDryPoor,1.21,1.210000000000001,-1.1102230246251565e-15,TRUE
127479,ForestDryPoor,3.23,3.230000000000003,-3.1086244689504383e-15,TRUE
127480,ForestDryPoor,3.04,3.0400000000000027,-2.6645352591003757e-15,TRUE
127481,ForestDryPoor,1.53,1.5300000000000014,-1.3322676295501878e-15,TRUE
127482,ForestDryPoor,3.25,3.2500000000000027,-2.6645352591003757e-15,TRUE
127483,ForestDryPoor,3.44,3.440000000000003,-3.1086244689504383e-15,TRUE
127484,ForestDryPoor,3.77,3.770000000000003,-3.1086244689504383e-15,TRUE
127485,ForestDryPoor,2.57,2.570000000000002,-2.220446049250313e-15,TRUE
127486,ForestDryPoor,2.07,2.070000000000002,-2.220446049250313e-15,TRUE
127487,ForestDryPoor,3.89,3.8900000000000032,-3.1086244689504383e-15,TRUE
127488,ForestDryPoor,2.69,2.690000000000002,-2.220446049250313e-15,TRUE
127504,ForestDryPoor,2.87,2.8700000000000028,-2.6645352591003757e-15,TRUE
127506,ForestDryPoor,1.81,1.8100000000000016,-1.5543122344752192e-15,TRUE
127754,ForestDryPoor,3.93,3.9300000000000033,-3.1086244689504383e-15,TRUE
127755,ForestDryPoor,3.35,3.350000000000003,-3.1086244689504383e-15,TRUE
127756,ForestDryPoor,2.53,2.530000000000002,-2.220446049250313e-15,TRUE
127757,ForestDryPoor,2.73,2.730000000000002,-2.220446049250313e-15,TRUE
127758,ForestDryPoor,3.71,3.710000000000003,-3.1086244689504383e-15,TRUE
127759,ForestDryPoor,3.66,3.6600000000000033,-3.1086244689504383e-15,TRUE
127763,ForestDryPoor,2.32,2.320000000000002,-2.220446049250313e-15,TRUE
127764,ForestDryPoor,4,4.0000000000000036,-3.552713678800501e-15,TRUE
127774,ForestDryPoor,2.84,2.8400000000000025,-2.6645352591003757e-15,TRUE
127775,ForestDryPoor,3.31,3.310000000000003,-3.1086244689504383e-15,TRUE
127776,ForestDryPoor,3.47,3.4700000000000033,-3.1086244689504383e-15,TRUE
127777,ForestDryPoor,2.27,2.2700000000000022,-2.220446049250313e-15,TRUE
127778,ForestDryPoor,3.8,3.8000000000000034,-3.552713678800501e-15,TRUE
127779,ForestDryPoor,3.74,3.7400000000000033,-3.1086244689504383e-15,TRUE
127780,ForestDryPoor,1.97,1.9700000000000015,-1.5543122344752192e-15,TRUE
127782,ForestDryPoor,1.19,1.190000000000001,-1.1102230246251565e-15,TRUE
127801,ForestDryPoor,2.57,2.570000000000002,-2.220446049250313e-15,TRUE
128049,ForestDryPoor,3.87,3.870000000000004,-3.9968028886505635e-15,TRUE
128050,ForestDryPoor,3.44,3.440000000000003,-3.1086244689504383e-15,TRUE
128051,ForestDryPoor,3.36,3.360000000000003,-3.1086244689504383e-15,TRUE
128052,ForestDryPoor,2.77,2.7700000000000022,-2.220446049250313e-15,TRUE
128053,ForestDryPoor,3.62,3.620000000000003,-3.1086244689504383e-15,TRUE
128054,ForestDryPoor,3.69,3.690000000000003,-3.1086244689504383e-15,TRUE
128055,ForestDryPoor,1.87,1.8700000000000017,-1.5543122344752192e-15,TRUE
128059,ForestDryPoor,3.29,3.2900000000000027,-2.6645352591003757e-15,TRUE
128069,ForestDryPoor,1.29,1.2900000000000011,-1.1102230246251565e-15,TRUE
128070,ForestDryPoor,3.93,3.9300000000000033,-3.1086244689504383e-15,TRUE
128071,ForestDryPoor,3.27,3.270000000000003,-3.1086244689504383e-15,TRUE
128072,ForestDryPoor,3.35,3.350000000000003,-3.1086244689504383e-15,TRUE
128073,ForestDryPoor,2.85,2.8500000000000023,-2.220446049250313e-15,TRUE
128074,ForestDryPoor,3.47,3.4700000000000033,-3.1086244689504383e-15,TRUE
128075,ForestDryPoor,3.35,3.350000000000003,-3.1086244689504383e-15,TRUE
128076,ForestDryPoor,3.33,3.3300000000000027,-2.6645352591003757e-15,TRUE
128077,ForestDryPoor,3.54,3.540000000000003,-3.1086244689504383e-15,TRUE
128078,ForestDryPoor,1.51,1.5100000000000011,-1.1102230246251565e-15,TRUE
128092,ForestDryPoor,2.87,2.8700000000000028,-2.6645352591003757e-15,TRUE
128093,ForestDryPoor,3.09,3.0900000000000025,-2.6645352591003757e-15,TRUE
128095,ForestDryPoor,2.01,2.0100000000000016,-1.7763568394002505e-15,TRUE
128344,ForestDryPoor,2.15,2.150000000000002,-2.220446049250313e-15,TRUE
128345,ForestDryPoor,3.41,3.410000000000003,-2.6645352591003757e-15,TRUE
128346,ForestDryPoor,2.58,2.5800000000000023,-2.220446049250313e-15,TRUE
128348,ForestDryPoor,2.97,2.9700000000000024,-2.220446049250313e-15,TRUE
128349,ForestDryPoor,3.41,3.410000000000003,-2.6645352591003757e-15,TRUE
128350,ForestDryPoor,2.99,2.990000000000003,-2.6645352591003757e-15,TRUE
128354,ForestDryPoor,3.43,3.4300000000000033,-3.1086244689504383e-15,TRUE
128363,ForestDryPoor,1.64,1.6400000000000017,-1.7763568394002505e-15,TRUE
128364,ForestDryPoor,1.62,1.6200000000000014,-1.3322676295501878e-15,TRUE
128365,ForestDryPoor,3.83,3.830000000000003,-3.1086244689504383e-15,TRUE
128366,ForestDryPoor,3.68,3.6800000000000033,-3.1086244689504383e-15,TRUE
128367,ForestDryPoor,3.66,3.6600000000000033,-3.1086244689504383e-15,TRUE
128368,ForestDryPoor,3.84,3.8400000000000034,-3.552713678800501e-15,TRUE
128369,ForestDryPoor,3.21,3.210000000000002,-2.220446049250313e-15,TRUE
128370,ForestDryPoor,3.65,3.650000000000003,-3.1086244689504383e-15,TRUE
128371,ForestDryPoor,2.2,2.200000000000002,-1.7763568394002505e-15,TRUE
128372,ForestDryPoor,3.88,3.880000000000003,-3.1086244689504383e-15,TRUE
128373,ForestDryPoor,1.6,1.6000000000000014,-1.3322676295501878e-15,TRUE
128383,ForestDryPoor,1.21,1.210000000000001,-1.1102230246251565e-15,TRUE
128386,ForestDryPoor,1.1,1.100000000000001,-8.881784197001252e-16,TRUE
128640,ForestDryPoor,3.65,3.650000000000003,-3.1086244689504383e-15,TRUE
128641,ForestDryPoor,4,4.0000000000000036,-3.552713678800501e-15,TRUE
128642,ForestDryPoor,3.54,3.540000000000003,-3.1086244689504383e-15,TRUE
128643,ForestDryPoor,3.47,3.4700000000000033,-3.1086244689504383e-15,TRUE
128644,ForestDryPoor,3.6,3.600000000000003,-3.1086244689504383e-15,TRUE
128645,ForestDryPoor,2.78,2.7800000000000025,-2.6645352591003757e-15,TRUE
128646,ForestDryPoor,1.43,1.4300000000000013,-1.3322676295501878e-15,TRUE
128647,ForestDryPoor,1.05,1.050000000000001,-8.881784197001252e-16,TRUE
128649,ForestDryPoor,2.05,2.0500000000000016,-1.7763568394002505e-15,TRUE
128655,ForestDryPoor,1.2,1.200000000000001,-1.1102230246251565e-15,TRUE
128658,ForestDryPoor,3.53,3.530000000000003,-3.1086244689504383e-15,TRUE
128659,ForestDryPoor,3.36,3.360000000000003,-3.1086244689504383e-15,TRUE
128660,ForestDryPoor,3.04,3.0400000000000027,-2.6645352591003757e-15,TRUE
128661,ForestDryPoor,2.97,2.9700000000000024,-2.220446049250313e-15,TRUE
128662,ForestDryPoor,3.45,3.450000000000003,-2.6645352591003757e-15,TRUE
128663,ForestDryPoor,3.92,3.920000000000003,-3.1086244689504383e-15,TRUE
128664,ForestDryPoor,3.36,3.360000000000003,-3.1086244689504383e-15,TRUE
128665,ForestDryPoor,3.58,3.580000000000003,-3.1086244689504383e-15,TRUE
128666,ForestDryPoor,2.3,2.300000000000002,-2.220446049250313e-15,TRUE
128667,ForestDryPoor,1.21,1.210000000000001,-1.1102230246251565e-15,TRUE
128678,ForestDryPoor,1.13,1.130000000000001,-1.1102230246251565e-15,TRUE
128681,ForestDryPoor,3.05,3.0500000000000025,-2.6645352591003757e-15,TRUE
128935,ForestDryPoor,1.72,1.7200000000000015,-1.5543122344752192e-15,TRUE
128936,ForestDryPoor,3.21,3.210000000000002,-2.220446049250313e-15,TRUE
128937,ForestDryPoor,3.54,3.540000000000003,-3.1086244689504383e-15,TRUE
128938,ForestDryPoor,3.62,3.620000000000003,-3.1086244689504383e-15,TRUE
128939,ForestDryPoor,3.77,3.770000000000003,-3.1086244689504383e-15,TRUE
128940,ForestDryPoor,3.58,3.580000000000003,-3.1086244689504383e-15,TRUE
128941,ForestDryPoor,3.01,3.0100000000000025,-2.6645352591003757e-15,TRUE
128942,ForestDryPoor,1.99,1.9900000000000015,-1.5543122344752192e-15,TRUE
128943,ForestDryPoor,1.49,1.490000000000001,-1.1102230246251565e-15,TRUE
128944,OpenWetRich,1.03,1.030000000000001,-8.881784197001252e-16,TRUE
128950,ForestDryPoor,1.03,1.030000000000001,-8.881784197001252e-16,TRUE
128952,ForestDryPoor,1.3,1.3000000000000012,-1.1102230246251565e-15,TRUE
128953,ForestDryPoor,3.94,3.940000000000003,-3.1086244689504383e-15,TRUE
128954,ForestDryPoor,4,4.0000000000000036,-3.552713678800501e-15,TRUE
128955,ForestDryPoor,3.19,3.190000000000003,-3.1086244689504383e-15,TRUE
128956,ForestDryPoor,3.95,3.950000000000004,-3.9968028886505635e-15,TRUE
128957,ForestDryPoor,3.72,3.7200000000000033,-3.1086244689504383e-15,TRUE
128958,ForestDryPoor,3.89,3.8900000000000032,-3.1086244689504383e-15,TRUE
128959,ForestDryPoor,2.85,2.8500000000000023,-2.220446049250313e-15,TRUE
128960,ForestDryPoor,1.87,1.8700000000000017,-1.5543122344752192e-15,TRUE
128966,OpenWetRich,1.83,1.8300000000000016,-1.5543122344752192e-15,TRUE
128974,ForestDryPoor,1.19,1.190000000000001,-1.1102230246251565e-15,TRUE
128975,ForestDryPoor,1.75,1.7500000000000016,-1.5543122344752192e-15,TRUE
129230,ForestDryPoor,2.85,2.8500000000000023,-2.220446049250313e-15,TRUE
129231,ForestDryPoor,1.93,1.9300000000000015,-1.5543122344752192e-15,TRUE
129232,ForestDryPoor,2.5,2.500000000000002,-2.220446049250313e-15,TRUE
129233,ForestDryPoor,1.66,1.6600000000000017,-1.7763568394002505e-15,TRUE
129234,ForestDryPoor,3.44,3.440000000000003,-3.1086244689504383e-15,TRUE
129235,ForestDryPoor,3.6,3.600000000000003,-3.1086244689504383e-15,TRUE
129236,ForestDryPoor,3.8,3.8000000000000034,-3.552713678800501e-15,TRUE
129237,ForestDryPoor,3.87,3.870000000000004,-3.9968028886505635e-15,TRUE
129238,ForestDryPoor,3.52,3.520000000000003,-3.1086244689504383e-15,TRUE
129239,ForestDryPoor,1.76,1.7600000000000016,-1.5543122344752192e-15,TRUE
129245,ForestDryPoor,1.25,1.250000000000001,-1.1102230246251565e-15,TRUE
129248,ForestDryPoor,2.56,2.5600000000000023,-2.220446049250313e-15,TRUE
129249,ForestDryPoor,3.66,3.6600000000000033,-3.1086244689504383e-15,TRUE
129250,ForestDryPoor,1.58,1.5800000000000014,-1.3322676295501878e-15,TRUE
129251,ForestDryPoor,3.07,3.070000000000003,-3.1086244689504383e-15,TRUE
129252,ForestDryPoor,2.95,2.950000000000003,-2.6645352591003757e-15,TRUE
129253,ForestDryPoor,3.25,3.2500000000000027,-2.6645352591003757e-15,TRUE
129254,ForestDryPoor,2.58,2.5800000000000023,-2.220446049250313e-15,TRUE
129268,ForestDryPoor,1.21,1.210000000000001,-1.1102230246251565e-15,TRUE
129269,ForestDryPoor,3.52,3.520000000000003,-3.1086244689504383e-15,TRUE
129527,ForestDryPoor,2.95,2.950000000000003,-2.6645352591003757e-15,TRUE
129528,ForestDryPoor,3.98,3.980000000000003,-3.1086244689504383e-15,TRUE
129529,ForestDryPoor,3.8,3.8000000000000034,-3.552713678800501e-15,TRUE
129530,ForestDryPoor,3.73,3.730000000000003,-3.1086244689504383e-15,TRUE
129531,ForestDryPoor,3.9,3.900000000000003,-3.1086244689504383e-15,TRUE
129532,ForestDryPoor,3.87,3.870000000000004,-3.9968028886505635e-15,TRUE
129533,ForestDryPoor,3.84,3.8400000000000034,-3.552713678800501e-15,TRUE
129534,ForestDryPoor,2.88,2.8800000000000026,-2.6645352591003757e-15,TRUE
129539,ForestDryPoor,2.44,2.440000000000002,-2.220446049250313e-15,TRUE
129540,ForestDryPoor,2.41,2.410000000000002,-1.7763568394002505e-15,TRUE
129543,ForestDryPoor,1.02,1.020000000000001,-8.881784197001252e-16,TRUE
129544,ForestDryPoor,2.12,2.120000000000002,-1.7763568394002505e-15,TRUE
129545,ForestDryPoor,3.3,3.300000000000003,-3.1086244689504383e-15,TRUE
129546,ForestDryPoor,3,3.0000000000000027,-2.6645352591003757e-15,TRUE
129547,ForestDryPoor,1.98,1.9800000000000015,-1.5543122344752192e-15,TRUE
129548,ForestDryPoor,1.46,1.4600000000000013,-1.3322676295501878e-15,TRUE
129553,ForestDryPoor,1.06,1.060000000000001,-8.881784197001252e-16,TRUE
129557,ForestDryPoor,1.99,1.9900000000000015,-1.5543122344752192e-15,TRUE
129558,ForestDryPoor,3.64,3.6400000000000032,-3.1086244689504383e-15,TRUE
129562,ForestDryPoor,3.1,3.1000000000000028,-2.6645352591003757e-15,TRUE
129823,ForestDryPoor,3.73,3.730000000000003,-3.1086244689504383e-15,TRUE
129824,ForestDryPoor,3.81,3.810000000000003,-3.1086244689504383e-15,TRUE
129825,ForestDryPoor,3.9,3.900000000000003,-3.1086244689504383e-15,TRUE
129826,ForestDryPoor,3.99,3.990000000000004,-3.9968028886505635e-15,TRUE
129827,ForestDryPoor,3.72,3.7200000000000033,-3.1086244689504383e-15,TRUE
129828,ForestDryPoor,3.25,3.2500000000000027,-2.6645352591003757e-15,TRUE
129829,ForestDryPoor,3.83,3.830000000000003,-3.1086244689504383e-15,TRUE
129840,ForestDryPoor,1.02,1.020000000000001,-8.881784197001252e-16,TRUE
129841,ForestDryPoor,1.18,1.180000000000001,-1.1102230246251565e-15,TRUE
129843,ForestDryPoor,1.5,1.500000000000001,-1.1102230246251565e-15,TRUE
129844,ForestDryPoor,2.67,2.6700000000000026,-2.6645352591003757e-15,TRUE
129845,ForestDryPoor,1.37,1.3700000000000012,-1.1102230246251565e-15,TRUE
129846,OpenWetRich,1.26,1.2600000000000011,-1.1102230246251565e-15,TRUE
129848,ForestDryPoor,1.24,1.240000000000001,-1.1102230246251565e-15,TRUE
129849,ForestDryPoor,1.6,1.6000000000000014,-1.3322676295501878e-15,TRUE
129852,ForestDryPoor,1.26,1.2600000000000011,-1.1102230246251565e-15,TRUE
129853,ForestDryPoor,1.89,1.8900000000000017,-1.7763568394002505e-15,TRUE
129857,ForestDryPoor,1.38,1.3800000000000012,-1.3322676295501878e-15,TRUE
130118,ForestDryPoor,3.81,3.810000000000003,-3.1086244689504383e-15,TRUE
130119,ForestDryPoor,2.98,2.980000000000002,-2.220446049250313e-15,TRUE
130120,ForestDryPoor,2.51,2.5100000000000025,-2.6645352591003757e-15,TRUE
130121,ForestDryPoor,3.08,3.0800000000000027,-2.6645352591003757e-15,TRUE
130122,ForestDryPoor,3.65,3.650000000000003,-3.1086244689504383e-15,TRUE
130123,ForestDryPoor,3.69,3.690000000000003,-3.1086244689504383e-15,TRUE
130124,ForestDryPoor,3.84,3.8400000000000034,-3.552713678800501e-15,TRUE
130125,ForestDryPoor,3.04,3.0400000000000027,-2.6645352591003757e-15,TRUE
130132,ForestWetRich,1.06,1.060000000000001,-8.881784197001252e-16,TRUE
130138,ForestDryPoor,3.06,3.0600000000000027,-2.6645352591003757e-15,TRUE
130139,ForestDryPoor,2.33,2.330000000000002,-1.7763568394002505e-15,TRUE
130144,ForestDryPoor,1.26,1.2600000000000011,-1.1102230246251565e-15,TRUE
130150,ForestDryPoor,1.11,1.110000000000001,-8.881784197001252e-16,TRUE
130417,ForestDryPoor,3.04,3.0400000000000027,-2.6645352591003757e-15,TRUE
130418,ForestDryPoor,3.79,3.790000000000003,-3.1086244689504383e-15,TRUE
130419,ForestDryPoor,3.95,3.950000000000004,-3.9968028886505635e-15,TRUE
130420,ForestDryPoor,2.56,2.5600000000000023,-2.220446049250313e-15,TRUE
130421,ForestDryPoor,1.56,1.5600000000000014,-1.3322676295501878e-15,TRUE
130422,ForestDryPoor,1.81,1.8100000000000016,-1.5543122344752192e-15,TRUE
130423,ForestDryPoor,1.34,1.3400000000000012,-1.1102230246251565e-15,TRUE
130429,ForestDryPoor,2.6,2.6000000000000023,-2.220446049250313e-15,TRUE
130430,ForestDryPoor,2.08,2.080000000000002,-1.7763568394002505e-15,TRUE
130433,ForestDryPoor,1.93,1.9300000000000015,-1.5543122344752192e-15,TRUE
130434,ForestDryPoor,1.03,1.030000000000001,-8.881784197001252e-16,TRUE
130438,ForestDryPoor,1.42,1.4200000000000013,-1.3322676295501878e-15,TRUE
130444,ForestDryPoor,1.53,1.5300000000000014,-1.3322676295501878e-15,TRUE
130712,ForestDryPoor,1.88,1.8800000000000017,-1.7763568394002505e-15,TRUE
130713,ForestDryPoor,3.12,3.1200000000000028,-2.6645352591003757e-15,TRUE
130714,ForestDryPoor,3.83,3.830000000000003,-3.1086244689504383e-15,TRUE
130715,ForestDryPoor,2.08,2.080000000000002,-1.7763568394002505e-15,TRUE
130716,ForestDryPoor,3.33,3.3300000000000027,-2.6645352591003757e-15,TRUE
130717,ForestDryPoor,3.98,3.980000000000003,-3.1086244689504383e-15,TRUE
130718,ForestDryPoor,3.41,3.410000000000003,-2.6645352591003757e-15,TRUE
130719,ForestDryPoor,1.63,1.6300000000000014,-1.5543122344752192e-15,TRUE
130733,ForestDryPoor,1.67,1.6700000000000017,-1.7763568394002505e-15,TRUE
130734,ForestDryPoor,1.17,1.170000000000001,-1.1102230246251565e-15,TRUE
130735,ForestDryPoor,2.71,2.710000000000002,-2.220446049250313e-15,TRUE
130736,ForestDryPoor,2.13,2.1300000000000017,-1.7763568394002505e-15,TRUE
130739,ForestDryPoor,2.21,2.2100000000000017,-1.7763568394002505e-15,TRUE
131008,ForestDryPoor,1.72,1.7200000000000015,-1.5543122344752192e-15,TRUE
131009,ForestDryPoor,2.29,2.290000000000002,-1.7763568394002505e-15,TRUE
131010,ForestDryPoor,3.73,3.730000000000003,-3.1086244689504383e-15,TRUE
131011,ForestDryPoor,3.97,3.9700000000000033,-3.1086244689504383e-15,TRUE
131012,ForestDryPoor,2.9,2.9000000000000026,-2.6645352591003757e-15,TRUE
131013,ForestDryPoor,1.79,1.7900000000000016,-1.5543122344752192e-15,TRUE
131014,ForestDryPoor,3.27,3.270000000000003,-3.1086244689504383e-15,TRUE
131015,ForestDryPoor,3.41,3.410000000000003,-2.6645352591003757e-15,TRUE
131016,ForestDryPoor,2.26,2.260000000000002,-2.220446049250313e-15,TRUE
131019,ForestWetRich,1.64,1.6400000000000017,-1.7763568394002505e-15,TRUE
131021,OpenWetRich,1.35,1.3500000000000012,-1.1102230246251565e-15,TRUE
131024,ForestDryPoor,2.31,2.3100000000000023,-2.220446049250313e-15,TRUE
131025,ForestDryPoor,1.38,1.3800000000000012,-1.3322676295501878e-15,TRUE
131028,ForestDryPoor,2.59,2.5900000000000025,-2.6645352591003757e-15,TRUE
131029,ForestDryPoor,2.01,2.0100000000000016,-1.7763568394002505e-15,TRUE
131030,ForestDryPoor,1.53,1.5300000000000014,-1.3322676295501878e-15,TRUE
131031,ForestDryPoor,3.45,3.450000000000003,-2.6645352591003757e-15,TRUE
131032,ForestDryPoor,2.98,2.980000000000002,-2.220446049250313e-15,TRUE
131033,ForestDryPoor,3.68,3.6800000000000033,-3.1086244689504383e-15,TRUE
131034,ForestDryPoor,3.07,3.070000000000003,-3.1086244689504383e-15,TRUE
131309,ForestDryPoor,1.73,1.7300000000000015,-1.5543122344752192e-15,TRUE
131310,ForestDryPoor,1.35,1.3500000000000012,-1.1102230246251565e-15,TRUE
131311,ForestDryPoor,1.14,1.140000000000001,-1.1102230246251565e-15,TRUE
131312,ForestDryPoor,2.7,2.7000000000000024,-2.220446049250313e-15,TRUE
131313,ForestDryPoor,1.46,1.4600000000000013,-1.3322676295501878e-15,TRUE
131317,ForestDryPoor,1.86,1.8600000000000017,-1.5543122344752192e-15,TRUE
131318,ForestDryPoor,2.4,2.400000000000002,-2.220446049250313e-15,TRUE
131319,ForestDryPoor,2.74,2.7400000000000024,-2.220446049250313e-15,TRUE
131320,ForestDryPoor,2.35,2.3500000000000023,-2.220446049250313e-15,TRUE
131323,ForestDryPoor,1.48,1.480000000000001,-1.1102230246251565e-15,TRUE
131327,ForestDryPoor,1.25,1.250000000000001,-1.1102230246251565e-15,TRUE
131328,ForestDryPoor,2.22,2.220000000000002,-1.7763568394002505e-15,TRUE
131329,ForestDryPoor,1.78,1.7800000000000016,-1.5543122344752192e-15,TRUE
131607,ForestDryPoor,1.37,1.3700000000000012,-1.1102230246251565e-15,TRUE
131608,ForestDryPoor,1.08,1.080000000000001,-8.881784197001252e-16,TRUE
131609,ForestDryPoor,2.97,2.9700000000000024,-2.220446049250313e-15,TRUE
131610,ForestDryPoor,1.68,1.6800000000000015,-1.5543122344752192e-15,TRUE
131611,ForestDryPoor,2.44,2.440000000000002,-2.220446049250313e-15,TRUE
131612,ForestDryPoor,3.06,3.0600000000000027,-2.6645352591003757e-15,TRUE
131613,ForestDryPoor,1.42,1.4200000000000013,-1.3322676295501878e-15,TRUE
131614,ForestDryPoor,1.67,1.6700000000000017,-1.7763568394002505e-15,TRUE
131615,ForestDryPoor,3.04,3.0400000000000027,-2.6645352591003757e-15,TRUE
131619,ForestDryPoor,2.01,2.0100000000000016,-1.7763568394002505e-15,TRUE
131620,ForestDryPoor,2.3,2.300000000000002,-2.220446049250313e-15,TRUE
131622,ForestDryPoor,1.67,1.6700000000000017,-1.7763568394002505e-15,TRUE
131902,ForestDryPoor,1.95,1.9500000000000015,-1.5543122344752192e-15,TRUE
131903,ForestDryPoor,3.46,3.460000000000003,-3.1086244689504383e-15,TRUE
131904,ForestDryPoor,2.94,2.9400000000000026,-2.6645352591003757e-15,TRUE
132197,ForestDryPoor,3.83,3.830000000000003,-3.1086244689504383e-15,TRUE
132198,ForestDryPoor,3.57,3.570000000000003,-3.1086244689504383e-15,TRUE
132199,ForestDryPoor,1.75,1.7500000000000016,-1.5543122344752192e-15,TRUE
132200,ForestDryPoor,1.16,1.160000000000001,-1.1102230246251565e-15,TRUE
132201,ForestDryPoor,2.13,2.1300000000000017,-1.7763568394002505e-15,TRUE
132494,ForestDryPoor,1.94,1.9400000000000015,-1.5543122344752192e-15,TRUE
132495,ForestDryPoor,3,3.0000000000000027,-2.6645352591003757e-15,TRUE
