coarse_cell_id	landuse	restored_ha	biodiversity	existing_nature_contact_edges
36740	ForestDryPoor	2.58000000	195.04952478	0.00000000
37035	ForestDryPoor	2.46000000	186.52775286	0.00000000
37328	ForestDryPoor	3.03000000	162.57064253	0.00000000
37329	ForestDryPoor	2.29000000	130.55769634	0.00000000
37330	ForestDryPoor	2.50000000	172.54467876	0.00000000
37625	ForestDryPoor	2.66000000	120.85592457	0.00000000
37920	ForestDryPoor	2.01000000	88.02604486	0.00000000
40812	ForestDryPoor	2.08000000	488.88614634	53.00000000
41403	ForestDryPoor	1.35000000	362.53354236	68.00000000
41694	ForestDryPoor	1.20000000	223.92351788	0.00000000
41695	ForestDryPoor	2.36000000	643.10135944	5.00000000
41696	ForestDryPoor	2.25000000	710.56082840	10.00000000
41697	ForestDryPoor	2.45000000	806.93733160	38.00000000
41698	ForestDryPoor	2.62000000	926.79167973	2.00000000
41699	ForestDryPoor	2.47000000	705.47167097	0.00000000
41700	ForestDryPoor	2.82000000	571.69990382	28.00000000
41987	ForestDryPoor	1.79000000	263.86274038	21.00000000
41988	ForestDryPoor	2.34000000	328.53150724	51.00000000
41989	ForestDryPoor	3.14000000	608.91530942	12.00000000
41990	ForestDryPoor	3.25000000	908.47937515	0.00000000
41991	ForestDryPoor	3.03000000	1042.85044436	0.00000000
41992	ForestDryPoor	1.63000000	560.21061565	0.00000000
41993	ForestDryPoor	2.87000000	908.19882037	0.00000000
42282	ForestDryPoor	3.66000000	688.42125268	0.00000000
42283	ForestDryPoor	3.45000000	730.95285237	0.00000000
42284	ForestDryPoor	3.58000000	949.28913234	0.00000000
42575	ForestDryPoor	2.07000000	473.09178731	0.00000000
42576	ForestDryPoor	3.03000000	701.24253336	6.00000000
42577	ForestDryPoor	1.82000000	428.03866650	3.00000000
42578	ForestDryPoor	2.47000000	721.76451092	21.00000000
42579	ForestDryPoor	3.03000000	868.04640360	0.00000000
42870	ForestDryPoor	1.32000000	336.24976049	22.00000000
42871	ForestDryPoor	1.11000000	326.47327224	29.00000000
42872	ForestDryPoor	1.79000000	527.61348250	23.00000000
42873	ForestDryPoor	2.17000000	684.87608591	1.00000000
43165	ForestDryPoor	2.42000000	644.73740458	14.00000000
43166	ForestDryPoor	1.67000000	500.89059468	32.00000000
69125	ForestDryPoor	2.38000000	579.16613072	15.00000000
69420	ForestDryPoor	3.67000000	1095.40210162	8.00000000
77335	ForestDryPoor	1.32000000	278.47979188	0.00000000
77336	ForestDryPoor	2.83000000	463.15783436	9.00000000
77351	ForestDryPoor	2.17000000	785.05038466	8.00000000
77354	ForestDryPoor	1.56000000	208.99870145	0.00000000
77355	ForestDryPoor	2.67000000	312.10488971	4.00000000
77356	ForestDryPoor	2.93000000	474.20994399	28.00000000
77357	ForestDryPoor	2.93000000	835.67226502	1.00000000
77358	ForestDryPoor	1.64000000	523.47048086	3.00000000
77362	ForestDryPoor	1.83000000	424.32072854	18.00000000
77363	ForestDryPoor	3.15000000	700.43210209	10.00000000
77366	ForestDryPoor	2.16000000	335.15095443	14.00000000
77646	ForestDryPoor	1.53000000	503.24826593	22.00000000
77647	ForestDryPoor	2.08000000	648.43541834	2.00000000
77648	ForestDryPoor	1.66000000	406.23381254	3.00000000
77649	ForestDryPoor	2.82000000	333.41436278	0.00000000
77650	ForestDryPoor	4.00000000	391.25580559	0.00000000
77651	ForestDryPoor	3.85000000	431.69091582	11.00000000
77652	ForestDryPoor	2.43000000	393.26501703	17.00000000
77653	ForestDryPoor	1.38000000	218.61356736	6.00000000
77655	ForestDryPoor	2.29000000	283.33090033	13.00000000
77657	ForestDryPoor	1.19000000	145.83890331	72.00000000
77658	ForestDryPoor	1.39000000	159.72234418	27.00000000
77662	ForestDryPoor	2.40000000	121.97259380	23.00000000
77939	ForestDryPoor	1.41000000	408.34188868	0.00000000
77940	ForestDryPoor	1.14000000	343.44665128	8.00000000
77942	ForestDryPoor	1.47000000	444.70645723	0.00000000
77943	ForestDryPoor	3.88000000	719.16364298	0.00000000
77944	ForestDryPoor	3.51000000	291.68802837	3.00000000
77945	ForestDryPoor	3.17000000	201.82650804	7.00000000
77946	ForestDryPoor	2.64000000	160.94314422	5.00000000
77950	ForestDryPoor	2.22000000	185.90881262	12.00000000
77951	ForestDryPoor	2.81000000	279.31159944	64.00000000
77952	ForestDryPoor	1.13000000	113.67808599	19.00000000
77955	ForestDryPoor	1.02000000	97.98005487	16.00000000
77957	ForestDryPoor	3.63000000	266.28957665	19.00000000
77959	ForestDryPoor	1.82000000	160.97220799	18.00000000
78247	ForestDryPoor	2.47000000	205.05092853	36.00000000
78251	ForestDryPoor	2.32000000	239.50653236	43.00000000
78542	ForestDryPoor	2.20000000	134.65322888	21.00000000
78543	ForestDryPoor	1.52000000	75.93028077	17.00000000
78547	ForestDryPoor	1.69000000	262.47216716	39.00000000
78821	ForestDryPoor	1.37000000	172.12173613	0.00000000
79116	ForestDryPoor	2.11000000	267.97043187	0.00000000
79117	ForestDryPoor	3.26000000	416.69899500	0.00000000
79118	ForestDryPoor	1.23000000	158.89433702	6.00000000
79405	ForestDryPoor	2.58000000	395.52676554	23.00000000
79407	ForestDryPoor	1.07000000	178.15308013	13.00000000
79411	ForestDryPoor	1.79000000	273.71940680	0.00000000
79412	ForestDryPoor	2.27000000	374.00209948	0.00000000
79413	ForestDryPoor	2.92000000	412.96249139	6.00000000
79414	ForestDryPoor	2.94000000	364.85806604	2.00000000
79700	ForestDryPoor	1.64000000	275.48716518	9.00000000
79701	ForestDryPoor	1.81000000	330.36253065	0.00000000
79702	ForestDryPoor	2.50000000	482.22036501	19.00000000
79707	ForestDryPoor	2.75000000	590.24890916	0.00000000
79708	ForestDryPoor	2.91000000	542.96089047	0.00000000
79710	ForestDryPoor	3.20000000	344.14323189	2.00000000
79711	ForestDryPoor	2.12000000	207.77186902	0.00000000
79995	ForestDryPoor	2.57000000	465.97603644	4.00000000
79996	ForestDryPoor	1.97000000	383.89053742	13.00000000
79997	ForestDryPoor	1.22000000	251.72348204	0.00000000
80002	ForestDryPoor	3.21000000	767.27032985	15.00000000
80003	ForestDryPoor	3.04000000	686.37146006	0.00000000
80004	ForestDryPoor	1.13000000	214.65688270	14.00000000
80005	ForestDryPoor	1.84000000	245.34845063	13.00000000
80006	ForestDryPoor	3.82000000	400.25422886	1.00000000
80291	ForestDryPoor	1.94000000	296.13706884	35.00000000
80293	ForestDryPoor	1.40000000	331.31011332	63.00000000
80295	ForestDryPoor	2.13000000	647.88325714	3.00000000
80296	ForestDryPoor	1.56000000	437.90694752	0.00000000
80297	ForestDryPoor	1.07000000	276.49845407	49.00000000
80298	ForestDryPoor	2.06000000	468.27709684	42.00000000
80299	ForestDryPoor	3.40000000	637.58582085	0.00000000
80300	ForestDryPoor	3.45000000	486.03145097	8.00000000
80301	ForestDryPoor	1.95000000	194.22225039	37.00000000
80302	ForestDryPoor	3.63000000	298.49829162	21.00000000
80303	ForestDryPoor	2.92000000	250.83674889	15.00000000
80587	ForestDryPoor	2.13000000	419.72330191	0.00000000
80588	ForestDryPoor	1.88000000	480.09365964	5.00000000
80589	ForestDryPoor	1.91000000	523.12133825	21.00000000
80591	ForestDryPoor	1.04000000	309.55214306	0.00000000
80592	ForestDryPoor	1.23000000	351.82480367	0.00000000
80594	ForestDryPoor	1.00000000	186.03274268	9.00000000
80595	ForestDryPoor	2.35000000	325.73797600	21.00000000
80596	ForestDryPoor	3.48000000	489.98989043	19.00000000
80597	ForestDryPoor	3.23000000	456.43350219	0.00000000
80598	ForestDryPoor	3.76000000	540.50586085	0.00000000
80599	ForestDryPoor	2.15000000	276.87927159	0.00000000
80886	ForestDryPoor	1.25000000	342.31798200	0.00000000
80891	ForestDryPoor	1.58000000	218.07982895	24.00000000
80892	ForestDryPoor	1.85000000	261.22243223	16.00000000
80893	ForestDryPoor	1.34000000	202.51245394	8.00000000
80894	ForestDryPoor	2.40000000	343.09878302	18.00000000
80895	ForestDryPoor	2.21000000	224.05545382	0.00000000
80896	ForestDryPoor	1.39000000	128.53001557	0.00000000
81177	ForestDryPoor	1.30000000	248.28589888	0.00000000
81178	ForestDryPoor	1.18000000	269.32720000	18.00000000
81182	ForestDryPoor	1.64000000	298.70199954	0.00000000
81183	ForestDryPoor	1.66000000	240.79625643	0.00000000
81191	ForestDryPoor	2.34000000	244.92045433	0.00000000
81192	ForestDryPoor	3.51000000	388.29845238	0.00000000
81193	ForestDryPoor	1.92000000	219.66729200	0.00000000
81194	ForestDryPoor	1.22000000	178.92932556	0.00000000
81476	ForestDryPoor	3.20000000	645.00475216	0.00000000
81477	ForestDryPoor	2.08000000	371.39173449	0.00000000
81479	ForestDryPoor	1.04000000	81.85140397	10.00000000
81480	ForestDryPoor	1.59000000	161.34574095	76.00000000
81481	ForestDryPoor	2.56000000	318.65485973	7.00000000
81488	ForestDryPoor	1.96000000	307.24415823	4.00000000
81489	ForestDryPoor	1.66000000	299.05084390	0.00000000
81771	ForestDryPoor	2.48000000	380.33824664	0.00000000
81772	ForestDryPoor	2.86000000	401.83129506	0.00000000
81773	ForestDryPoor	1.31000000	155.32721877	0.00000000
81774	ForestDryPoor	1.51000000	140.94934360	0.00000000
81776	ForestDryPoor	3.54000000	349.61804076	0.00000000
82067	ForestDryPoor	1.76000000	226.26034835	0.00000000
82068	ForestDryPoor	2.17000000	233.59136830	0.00000000
82069	ForestDryPoor	1.40000000	164.80590000	0.00000000
82070	ForestDryPoor	1.16000000	124.22453133	0.00000000
82071	ForestDryPoor	2.82000000	191.40616950	0.00000000
82363	ForestDryPoor	1.49000000	250.87213387	0.00000000
82365	ForestDryPoor	2.12000000	399.49644101	0.00000000
82366	ForestDryPoor	2.50000000	373.32783057	0.00000000
82659	ForestDryPoor	1.55000000	383.21061891	0.00000000
82660	ForestDryPoor	2.65000000	609.64808258	0.00000000
82955	ForestDryPoor	1.44000000	374.49690606	0.00000000
83841	ForestDryPoor	1.85000000	378.44873424	7.00000000
83842	ForestDryPoor	1.94000000	266.36178752	2.00000000
83843	ForestDryPoor	1.40000000	109.40776092	38.00000000
83849	ForestDryPoor	2.07000000	168.92042393	12.00000000
84136	ForestDryPoor	2.61000000	501.03774699	33.00000000
84137	ForestDryPoor	3.75000000	502.87005933	0.00000000
84138	ForestDryPoor	1.53000000	143.67123568	10.00000000
84430	ForestDryPoor	2.24000000	490.10422144	38.00000000
84431	ForestDryPoor	4.00000000	684.03114282	0.00000000
84432	ForestDryPoor	3.50000000	453.78699796	0.00000000
84448	ForestDryPoor	1.97000000	265.67396473	0.00000000
84449	ForestDryPoor	1.54000000	205.12150386	0.00000000
84450	ForestDryPoor	1.11000000	247.60881628	0.00000000
84731	ForestDryPoor	2.00000000	258.02475377	38.00000000
84734	ForestDryPoor	1.92000000	201.24210433	0.00000000
84742	ForestDryPoor	3.27000000	485.65365138	0.00000000
84743	ForestDryPoor	2.66000000	361.75588699	0.00000000
84744	ForestDryPoor	2.83000000	375.93765121	0.00000000
84745	ForestDryPoor	1.13000000	150.46324703	0.00000000
84746	ForestDryPoor	1.66000000	251.45630708	0.00000000
85022	ForestDryPoor	1.51000000	265.76346047	27.00000000
85027	ForestDryPoor	2.97000000	418.57175447	5.00000000
85028	ForestDryPoor	2.92000000	390.85819942	0.00000000
85029	ForestDryPoor	2.28000000	375.76248925	3.00000000
85030	ForestDryPoor	2.35000000	434.61981758	0.00000000
85031	ForestDryPoor	1.59000000	352.00105812	11.00000000
85032	ForestDryPoor	2.30000000	567.08038539	2.00000000
85037	ForestDryPoor	1.42000000	238.44622094	35.00000000
85038	ForestDryPoor	2.97000000	411.98994079	9.00000000
85039	ForestDryPoor	3.69000000	512.46442872	19.00000000
85040	ForestDryPoor	3.74000000	475.30496350	0.00000000
85041	ForestDryPoor	3.57000000	461.58202077	0.00000000
85042	ForestDryPoor	1.15000000	139.37420887	0.00000000
85318	ForestDryPoor	1.15000000	227.06950139	10.00000000
85323	ForestDryPoor	2.39000000	460.03269182	3.00000000
85330	ForestDryPoor	2.11000000	479.40632795	32.00000000
85331	ForestDryPoor	2.56000000	481.79145420	63.00000000
85332	ForestDryPoor	1.72000000	291.27419670	86.00000000
85333	ForestDryPoor	1.54000000	204.81863086	28.00000000
85334	ForestDryPoor	2.43000000	262.86102638	16.00000000
85337	ForestDryPoor	2.80000000	351.58418412	0.00000000
85616	ForestDryPoor	1.18000000	194.32422431	0.00000000
85617	ForestDryPoor	2.80000000	520.27163808	13.00000000
85618	ForestDryPoor	2.04000000	426.76529165	0.00000000
85620	ForestDryPoor	3.55000000	1005.63979973	0.00000000
85621	ForestDryPoor	1.72000000	537.55695587	0.00000000
85629	ForestDryPoor	1.03000000	78.63353844	26.00000000
85632	ForestDryPoor	1.56000000	144.34328639	10.00000000
85633	ForestDryPoor	1.60000000	149.08730291	0.00000000
85654	ForestDryPoor	1.97000000	211.69253023	0.00000000
85913	ForestDryPoor	3.01000000	686.78998805	0.00000000
85916	ForestDryPoor	2.93000000	912.91825676	3.00000000
85917	ForestDryPoor	3.29000000	947.77348152	17.00000000
85918	ForestDryPoor	2.55000000	692.94807950	23.00000000
85927	ForestDryPoor	1.11000000	103.75704939	28.00000000
85928	ForestDryPoor	1.45000000	143.86563570	11.00000000
85929	ForestDryPoor	1.60000000	143.35037914	0.00000000
85930	ForestDryPoor	2.10000000	176.82579925	0.00000000
85931	ForestDryPoor	1.87000000	160.99489152	0.00000000
85949	ForestDryPoor	2.45000000	378.75694205	0.00000000
86207	ForestDryPoor	1.03000000	164.59677588	0.00000000
86208	ForestDryPoor	3.01000000	702.00532971	0.00000000
86212	ForestDryPoor	2.92000000	767.71379381	25.00000000
86213	ForestDryPoor	3.27000000	747.95078564	17.00000000
86214	ForestDryPoor	1.83000000	353.72247701	10.00000000
86221	ForestDryPoor	2.26000000	152.78485265	24.00000000
86222	ForestDryPoor	2.60000000	267.80500830	0.00000000
86225	ForestDryPoor	1.00000000	98.79598125	0.00000000
86244	ForestDryPoor	2.29000000	360.12344704	0.00000000
86503	ForestDryPoor	1.18000000	225.84290724	0.00000000
86504	ForestDryPoor	1.20000000	267.32237020	23.00000000
86505	ForestDryPoor	1.78000000	444.35742455	22.00000000
86506	ForestDryPoor	1.85000000	460.28072593	25.00000000
86508	ForestDryPoor	1.10000000	228.89655400	0.00000000
86509	ForestDryPoor	3.48000000	642.58214315	0.00000000
86510	ForestDryPoor	1.12000000	159.14031654	0.00000000
86511	ForestDryPoor	2.23000000	305.58839804	18.00000000
86516	ForestDryPoor	1.57000000	118.28864742	15.00000000
86517	ForestDryPoor	1.59000000	170.44583178	0.00000000
86524	ForestDryPoor	2.80000000	242.46847166	0.00000000
86539	ForestDryPoor	1.81000000	320.82145086	0.00000000
86819	ForestDryPoor	2.64000000	234.77236076	0.00000000
86821	ForestDryPoor	3.64000000	295.08764035	2.00000000
86822	ForestDryPoor	1.17000000	89.22251698	0.00000000
86823	ForestDryPoor	2.00000000	168.19573474	0.00000000
86835	ForestDryPoor	2.51000000	663.85731561	0.00000000
87104	ForestDryPoor	1.65000000	264.28379835	10.00000000
87113	ForestDryPoor	2.16000000	276.45672237	14.00000000
87114	ForestDryPoor	1.54000000	150.78104154	25.00000000
87116	ForestDryPoor	3.06000000	247.89512156	26.00000000
87117	ForestDryPoor	3.91000000	333.84021580	0.00000000
87118	ForestDryPoor	3.50000000	393.43780986	0.00000000
87119	ForestDryPoor	2.16000000	268.36619851	0.00000000
87130	ForestDryPoor	2.07000000	574.99242323	0.00000000
87408	ForestDryPoor	1.18000000	164.13067944	2.00000000
87409	ForestDryPoor	1.44000000	190.10283768	2.00000000
87411	ForestDryPoor	2.90000000	189.05424214	23.00000000
87412	ForestDryPoor	3.42000000	347.09530773	0.00000000
87413	ForestDryPoor	2.88000000	347.90812244	1.00000000
87414	ForestDryPoor	2.50000000	314.81557604	0.00000000
87415	ForestDryPoor	2.94000000	372.47055888	0.00000000
87416	ForestDryPoor	2.74000000	326.50349803	17.00000000
87421	ForestDryPoor	1.40000000	127.37642139	0.00000000
87423	ForestDryPoor	1.84000000	181.84305520	0.00000000
87424	ForestDryPoor	1.64000000	389.25479238	0.00000000
87425	ForestDryPoor	3.05000000	888.60988551	0.00000000
87705	ForestDryPoor	1.81000000	186.32251174	24.00000000
87706	ForestDryPoor	1.29000000	99.63247643	0.00000000
87707	ForestDryPoor	2.51000000	276.14334161	4.00000000
87711	ForestDryPoor	1.07000000	134.34636083	34.00000000
87712	ForestDryPoor	1.56000000	136.97320105	23.00000000
87713	ForestDryPoor	3.68000000	314.66556960	0.00000000
87714	ForestDryPoor	3.72000000	348.41472275	0.00000000
87715	ForestDryPoor	3.68000000	385.42091208	0.00000000
87716	ForestDryPoor	3.43000000	403.33790790	0.00000000
87717	ForestDryPoor	1.23000000	128.42982071	0.00000000
87718	ForestDryPoor	2.18000000	221.71670937	0.00000000
87719	ForestDryPoor	3.61000000	649.00827233	0.00000000
87720	ForestDryPoor	1.89000000	556.14832921	0.00000000
88003	ForestDryPoor	1.69000000	226.09053424	34.00000000
88008	ForestDryPoor	3.71000000	361.31840461	11.00000000
88009	ForestDryPoor	4.00000000	423.82356001	0.00000000
88010	ForestDryPoor	3.77000000	418.17187114	0.00000000
88011	ForestDryPoor	3.51000000	424.80250660	0.00000000
88012	ForestDryPoor	3.60000000	423.76676901	0.00000000
88013	ForestDryPoor	2.26000000	269.92358835	0.00000000
88014	ForestDryPoor	3.78000000	486.94348796	0.00000000
88015	ForestDryPoor	1.53000000	308.08820235	0.00000000
88304	ForestDryPoor	2.95000000	305.67258192	0.00000000
88305	ForestDryPoor	3.82000000	349.10880038	0.00000000
88306	ForestDryPoor	3.10000000	305.26028973	0.00000000
88307	ForestDryPoor	3.58000000	413.05582321	0.00000000
88308	ForestDryPoor	3.69000000	414.52444763	0.00000000
88309	ForestDryPoor	3.61000000	357.32360131	0.00000000
88310	ForestDryPoor	1.59000000	214.50220560	0.00000000
88605	ForestDryPoor	3.49000000	396.01436015	0.00000000
88606	ForestDryPoor	2.83000000	743.11679181	0.00000000
88900	ForestDryPoor	3.49000000	384.99180069	0.00000000
88901	ForestDryPoor	2.91000000	644.18370855	0.00000000
89194	ForestDryPoor	3.41000000	256.97696984	0.00000000
89195	ForestDryPoor	3.49000000	347.95879748	0.00000000
89196	ForestDryPoor	1.84000000	360.73611165	0.00000000
89491	ForestDryPoor	3.25000000	580.84543840	0.00000000
89495	ForestDryPoor	1.15000000	315.14367411	5.00000000
89786	ForestDryPoor	3.77000000	402.15012859	0.00000000
89787	ForestDryPoor	1.52000000	224.74478098	0.00000000
90082	ForestDryPoor	1.28000000	105.87829852	0.00000000
94202	ForestDryPoor	1.27000000	272.12763072	0.00000000
94497	ForestDryPoor	2.46000000	500.65474391	0.00000000
94498	ForestDryPoor	1.11000000	271.24732366	6.00000000
94790	ForestDryPoor	2.93000000	538.12105098	0.00000000
94791	ForestDryPoor	3.70000000	567.32717876	0.00000000
94792	ForestDryPoor	3.09000000	661.85010074	0.00000000
94797	ForestDryPoor	1.05000000	330.73686052	0.00000000
95084	ForestDryPoor	1.22000000	342.40322204	0.00000000
95085	ForestDryPoor	3.76000000	1049.79186334	0.00000000
95086	ForestDryPoor	3.74000000	1030.87269768	0.00000000
95087	ForestDryPoor	3.43000000	981.21104326	4.00000000
95088	ForestDryPoor	1.58000000	544.26758884	15.00000000
95090	ForestDryPoor	3.58000000	1364.54628650	15.00000000
95091	ForestDryPoor	3.71000000	1180.70047302	0.00000000
95092	ForestDryPoor	3.49000000	1004.64099739	0.00000000
95093	ForestDryPoor	3.43000000	895.60865992	0.00000000
95380	ForestDryPoor	1.61000000	501.93995872	0.00000000
95381	ForestDryPoor	1.83000000	562.84061740	0.00000000
95382	ForestDryPoor	3.65000000	1218.98741558	0.00000000
95383	ForestDryPoor	2.71000000	960.44903261	18.00000000
95385	ForestDryPoor	1.37000000	524.58658508	21.00000000
95386	ForestDryPoor	3.69000000	1457.62792950	0.00000000
95387	ForestDryPoor	1.82000000	663.20055944	0.00000000
95388	ForestDryPoor	2.93000000	747.06819988	0.00000000
96266	ForestDryPoor	3.82000000	1222.42990205	0.00000000
96267	ForestDryPoor	3.80000000	1112.79760797	0.00000000
96268	ForestDryPoor	2.48000000	950.72354175	17.00000000
96561	ForestDryPoor	1.65000000	426.37265550	30.00000000
96562	ForestDryPoor	2.51000000	580.15374072	21.00000000
96885	ForestDryPoor	2.80000000	496.61084976	14.00000000
97152	ForestDryPoor	1.15000000	385.37691869	23.00000000
97153	ForestDryPoor	1.34000000	433.32279554	38.00000000
97180	ForestDryPoor	1.88000000	319.40037624	0.00000000
97457	ForestDryPoor	2.33000000	279.48660679	14.00000000
99222	ForestDryPoor	1.79000000	127.93202613	7.00000000
99223	ForestDryPoor	1.48000000	84.17787508	19.00000000
99517	ForestDryPoor	1.20000000	87.78954887	0.00000000
99518	ForestDryPoor	2.17000000	141.74337063	0.00000000
99519	ForestDryPoor	2.16000000	137.97817946	8.00000000
100095	ForestDryPoor	1.99000000	662.63092190	4.00000000
100688	ForestDryPoor	1.20000000	445.50068671	6.00000000
100984	ForestDryPoor	2.86000000	1119.76223139	43.00000000
100985	ForestDryPoor	1.05000000	409.42868987	0.00000000
128647	ForestDryPoor	1.05000000	130.59096519	0.00000000
5592	ForestDryRich	1.21000000	89.88506105	0.00000000
5593	ForestDryRich	2.00000000	158.76577835	0.00000000
5888	ForestDryRich	3.26000000	285.75316344	0.00000000
6183	ForestDryRich	3.45000000	328.69767159	0.00000000
6184	ForestDryRich	2.65000000	232.41366428	0.00000000
6478	ForestDryRich	2.84000000	268.83682308	0.00000000
6479	ForestDryRich	4.00000000	337.02375451	0.00000000
15023	ForestDryRich	1.56000000	155.50369252	0.00000000
19429	ForestDryRich	1.37000000	159.00660324	0.00000000
24992	ForestDryRich	1.82000000	159.78214985	0.00000000
24993	ForestDryRich	2.69000000	223.82790390	0.00000000
25287	ForestDryRich	1.81000000	165.33249735	0.00000000
25288	ForestDryRich	3.95000000	347.77926513	0.00000000
29707	ForestDryRich	1.33000000	172.63886839	0.00000000
30002	ForestDryRich	3.74000000	466.19854896	0.00000000
30297	ForestDryRich	2.88000000	309.11097699	0.00000000
30298	ForestDryRich	1.67000000	263.28096116	0.00000000
30592	ForestDryRich	2.52000000	307.44810232	0.00000000
30593	ForestDryRich	1.69000000	270.86123634	0.00000000
30859	ForestDryRich	1.03000000	136.59238998	0.00000000
30887	ForestDryRich	1.89000000	263.63084785	0.00000000
32088	ForestDryRich	1.51000000	359.00423470	0.00000000
41712	ForestDryRich	2.40000000	592.24785189	0.00000000
42003	ForestDryRich	1.56000000	344.76028625	0.00000000
42004	ForestDryRich	2.92000000	733.31803303	0.00000000
42005	ForestDryRich	3.16000000	832.23990680	0.00000000
42006	ForestDryRich	2.84000000	697.82683449	0.00000000
42007	ForestDryRich	2.71000000	599.83178695	0.00000000
42298	ForestDryRich	1.50000000	288.95037381	0.00000000
42299	ForestDryRich	2.10000000	502.81011941	0.00000000
42300	ForestDryRich	1.73000000	432.57243460	0.00000000
43213	ForestDryRich	2.48000000	786.24216208	0.00000000
72652	ForestDryRich	2.61000000	1112.81329988	0.00000000
73806	ForestDryRich	1.16000000	231.23340829	0.00000000
74724	ForestDryRich	1.75000000	686.99492910	0.00000000
75015	ForestDryRich	1.20000000	392.59729384	0.00000000
75019	ForestDryRich	2.09000000	934.12144698	0.00000000
75611	ForestDryRich	2.29000000	1032.67219619	0.00000000
85619	ForestDryRich	2.10000000	488.38052879	14.00000000
85912	ForestDryRich	2.80000000	474.59352947	58.00000000
86830	ForestDryRich	2.52000000	152.53898182	0.00000000
88026	ForestDryRich	1.77000000	458.49009085	12.00000000
90379	ForestDryRich	2.27000000	85.99818033	0.00000000
90383	ForestDryRich	2.63000000	193.02033148	0.00000000
90384	ForestDryRich	2.98000000	335.24794035	0.00000000
90385	ForestDryRich	3.42000000	479.79118509	0.00000000
90386	ForestDryRich	1.67000000	219.90227058	0.00000000
90674	ForestDryRich	3.63000000	127.74012035	0.00000000
90675	ForestDryRich	3.60000000	135.57358796	0.00000000
90676	ForestDryRich	2.78000000	109.38023364	0.00000000
90677	ForestDryRich	2.40000000	104.81189175	0.00000000
90678	ForestDryRich	2.78000000	102.19862740	0.00000000
90681	ForestDryRich	3.95000000	440.87999473	0.00000000
90976	ForestDryRich	3.70000000	316.18573092	0.00000000
91271	ForestDryRich	3.70000000	172.91252448	0.00000000
91566	ForestDryRich	3.41000000	86.97687660	0.00000000
91861	ForestDryRich	3.34000000	214.27785602	0.00000000
92156	ForestDryRich	3.24000000	378.19288932	0.00000000
92157	ForestDryRich	1.28000000	181.62293606	0.00000000
92451	ForestDryRich	2.04000000	268.39388370	0.00000000
92452	ForestDryRich	1.27000000	173.88410850	0.00000000
97739	ForestDryRich	1.32000000	411.94713264	0.00000000
105123	ForestDryRich	1.63000000	544.17895547	0.00000000
105124	ForestDryRich	3.25000000	1041.20807166	0.00000000
105419	ForestDryRich	3.44000000	849.56893902	0.00000000
105420	ForestDryRich	2.20000000	625.75505322	0.00000000
105715	ForestDryRich	1.19000000	314.11506468	0.00000000
108367	ForestDryRich	1.37000000	593.06657042	0.00000000
108660	ForestDryRich	2.38000000	1114.03161172	0.00000000
108666	ForestDryRich	1.11000000	413.88313132	0.00000000
108667	ForestDryRich	1.68000000	529.46407561	0.00000000
108668	ForestDryRich	1.66000000	349.57726121	0.00000000
108669	ForestDryRich	1.31000000	261.59014247	0.00000000
108955	ForestDryRich	2.78000000	1244.54004238	3.00000000
108956	ForestDryRich	1.76000000	797.63915862	8.00000000
109249	ForestDryRich	1.74000000	784.50934042	0.00000000
109250	ForestDryRich	2.34000000	976.99840646	21.00000000
109543	ForestDryRich	2.95000000	1063.91609045	0.00000000
109544	ForestDryRich	1.80000000	783.43976783	0.00000000
112490	ForestDryRich	1.88000000	617.60738807	0.00000000
127457	ForestDryRich	2.01000000	37.40235304	0.00000000
127458	ForestDryRich	3.15000000	205.56755665	0.00000000
127459	ForestDryRich	2.80000000	244.65354209	0.00000000
127460	ForestDryRich	3.04000000	290.87327529	0.00000000
127461	ForestDryRich	1.28000000	149.72063396	0.00000000
128354	ForestDryRich	3.43000000	326.98726752	0.00000000
128649	ForestDryRich	2.05000000	191.66263644	0.00000000
130444	ForestDryRich	1.53000000	151.75200638	0.00000000
22987	ForestWetPoor	3.87000000	347.90398640	0.00000000
22988	ForestWetPoor	3.92000000	423.64249779	0.00000000
22989	ForestWetPoor	3.63000000	404.74617588	0.00000000
22990	ForestWetPoor	2.48000000	191.86288883	0.00000000
22991	ForestWetPoor	2.95000000	235.90569390	0.00000000
22992	ForestWetPoor	3.20000000	317.55717721	0.00000000
22993	ForestWetPoor	3.34000000	248.26717497	0.00000000
25363	ForestWetPoor	1.77000000	85.33252387	0.00000000
25364	ForestWetPoor	3.94000000	164.90578616	0.00000000
25365	ForestWetPoor	1.87000000	78.26746618	0.00000000
25649	ForestWetPoor	2.52000000	139.63632273	0.00000000
25650	ForestWetPoor	3.97000000	229.75391591	0.00000000
25651	ForestWetPoor	3.88000000	254.74950085	0.00000000
25652	ForestWetPoor	3.75000000	244.85319575	0.00000000
25657	ForestWetPoor	1.75000000	99.50653742	0.00000000
25658	ForestWetPoor	3.60000000	217.86331592	0.00000000
25659	ForestWetPoor	2.79000000	233.60957578	0.00000000
25660	ForestWetPoor	3.24000000	356.31020754	0.00000000
25944	ForestWetPoor	3.96000000	266.50611890	0.00000000
25945	ForestWetPoor	3.96000000	271.57929131	0.00000000
25946	ForestWetPoor	3.87000000	319.48634465	0.00000000
25947	ForestWetPoor	3.91000000	331.35925498	0.00000000
25948	ForestWetPoor	1.74000000	79.69540317	0.00000000
25949	ForestWetPoor	2.45000000	91.26877748	0.00000000
25950	ForestWetPoor	3.58000000	133.95286240	0.00000000
25951	ForestWetPoor	1.64000000	65.95114888	0.00000000
25952	ForestWetPoor	3.67000000	251.76789095	0.00000000
25953	ForestWetPoor	3.52000000	392.52399027	0.00000000
25954	ForestWetPoor	2.64000000	362.10681196	0.00000000
25955	ForestWetPoor	3.93000000	523.45645260	0.00000000
25956	ForestWetPoor	2.62000000	326.68328749	0.00000000
26239	ForestWetPoor	2.96000000	206.40011804	0.00000000
26240	ForestWetPoor	3.56000000	237.23486718	0.00000000
26241	ForestWetPoor	3.30000000	274.62033588	0.00000000
26242	ForestWetPoor	4.00000000	348.81694408	0.00000000
26243	ForestWetPoor	1.40000000	64.00795037	0.00000000
26245	ForestWetPoor	2.25000000	83.73289293	0.00000000
26246	ForestWetPoor	3.65000000	122.01029487	0.00000000
26247	ForestWetPoor	3.46000000	196.19026415	0.00000000
26248	ForestWetPoor	3.28000000	442.29528666	0.00000000
26249	ForestWetPoor	2.94000000	404.63326390	0.00000000
26250	ForestWetPoor	2.42000000	334.71767865	0.00000000
26251	ForestWetPoor	3.26000000	340.07116974	0.00000000
26534	ForestWetPoor	3.84000000	229.43818676	0.00000000
26535	ForestWetPoor	2.68000000	179.41129130	0.00000000
26536	ForestWetPoor	3.23000000	241.47000079	0.00000000
26537	ForestWetPoor	2.53000000	186.05785753	0.00000000
26538	ForestWetPoor	3.61000000	171.22155187	0.00000000
26540	ForestWetPoor	1.19000000	33.38951944	0.00000000
26541	ForestWetPoor	3.50000000	104.21706862	0.00000000
26542	ForestWetPoor	1.82000000	52.97076913	0.00000000
26543	ForestWetPoor	2.12000000	176.26106248	0.00000000
26544	ForestWetPoor	1.92000000	222.54603592	0.00000000
26545	ForestWetPoor	2.91000000	314.24662106	0.00000000
26546	ForestWetPoor	3.94000000	379.31194680	0.00000000
26547	ForestWetPoor	1.79000000	170.65550313	0.00000000
26778	ForestWetPoor	1.75000000	227.78441656	0.00000000
26791	ForestWetPoor	3.89000000	3.74111830	0.00000000
26792	ForestWetPoor	3.97000000	1.59825990	0.00000000
26793	ForestWetPoor	3.91000000	3.76570427	0.00000000
26794	ForestWetPoor	4.00000000	3.85238271	0.00000000
26836	ForestWetPoor	2.74000000	78.84710463	0.00000000
26837	ForestWetPoor	2.54000000	65.63423236	0.00000000
26838	ForestWetPoor	3.94000000	149.74094922	0.00000000
26839	ForestWetPoor	3.37000000	324.84847619	0.00000000
26840	ForestWetPoor	3.72000000	372.46612336	0.00000000
26841	ForestWetPoor	3.84000000	344.19309574	0.00000000
26842	ForestWetPoor	2.91000000	139.33263187	0.00000000
27089	ForestWetPoor	3.83000000	11.60084930	0.00000000
27090	ForestWetPoor	3.96000000	63.91636280	0.00000000
27131	ForestWetPoor	3.69000000	157.18767663	0.00000000
27132	ForestWetPoor	3.28000000	126.73927657	0.00000000
27133	ForestWetPoor	3.01000000	55.11447194	0.00000000
27134	ForestWetPoor	3.46000000	57.41698789	0.00000000
27135	ForestWetPoor	4.00000000	95.28961479	0.00000000
27136	ForestWetPoor	2.48000000	22.32837652	0.00000000
27137	ForestWetPoor	3.49000000	97.56703321	0.00000000
27385	ForestWetPoor	1.60000000	54.02094590	0.00000000
27426	ForestWetPoor	2.70000000	162.34184507	0.00000000
27427	ForestWetPoor	3.67000000	183.57350062	0.00000000
27428	ForestWetPoor	3.21000000	147.19872202	0.00000000
27429	ForestWetPoor	2.52000000	62.19744020	0.00000000
27430	ForestWetPoor	2.77000000	64.23194441	0.00000000
27431	ForestWetPoor	3.30000000	98.27388817	0.00000000
27432	ForestWetPoor	3.52000000	223.01496682	0.00000000
27722	ForestWetPoor	3.01000000	234.19950630	0.00000000
27723	ForestWetPoor	3.49000000	234.09591269	0.00000000
27724	ForestWetPoor	3.78000000	203.36426246	0.00000000
27725	ForestWetPoor	4.00000000	209.68258137	0.00000000
27726	ForestWetPoor	3.84000000	248.37045256	0.00000000
27727	ForestWetPoor	3.61000000	323.78853927	0.00000000
28526	ForestWetPoor	1.55000000	239.89713546	0.00000000
28603	ForestWetPoor	2.55000000	535.70955311	0.00000000
28604	ForestWetPoor	3.88000000	230.74724742	0.00000000
28821	ForestWetPoor	1.49000000	232.80045443	0.00000000
28895	ForestWetPoor	3.23000000	515.11268601	0.00000000
28896	ForestWetPoor	3.37000000	822.60117880	0.00000000
28897	ForestWetPoor	3.17000000	768.23719025	0.00000000
28898	ForestWetPoor	3.55000000	860.32833137	0.00000000
28899	ForestWetPoor	4.00000000	771.16457334	0.00000000
29095	ForestWetPoor	1.87000000	408.02890871	0.00000000
29191	ForestWetPoor	1.20000000	290.81542258	0.00000000
29193	ForestWetPoor	1.69000000	406.56611852	0.00000000
29194	ForestWetPoor	3.14000000	748.67491940	0.00000000
29489	ForestWetPoor	2.29000000	520.76110477	0.00000000
30037	ForestWetPoor	1.55000000	472.47521965	0.00000000
30038	ForestWetPoor	1.63000000	448.28284935	0.00000000
30039	ForestWetPoor	2.55000000	564.64308495	0.00000000
30040	ForestWetPoor	1.24000000	135.23885418	0.00000000
30335	ForestWetPoor	3.07000000	501.02821519	0.00000000
30617	ForestWetPoor	1.51000000	167.62503802	0.00000000
31761	ForestWetPoor	1.50000000	293.55696246	0.00000000
31762	ForestWetPoor	1.55000000	360.16172331	0.00000000
32056	ForestWetPoor	1.17000000	250.24044295	0.00000000
32057	ForestWetPoor	1.27000000	341.76142915	0.00000000
39691	ForestWetPoor	1.70000000	276.54826017	0.00000000
39951	ForestWetPoor	1.74000000	426.42316913	0.00000000
39952	ForestWetPoor	3.42000000	945.32023935	0.00000000
39953	ForestWetPoor	3.86000000	998.24128699	0.00000000
39986	ForestWetPoor	2.31000000	591.61552567	0.00000000
40247	ForestWetPoor	1.02000000	319.00329646	0.00000000
40248	ForestWetPoor	1.90000000	555.24678010	0.00000000
41165	ForestWetPoor	1.27000000	362.52139931	0.00000000
41167	ForestWetPoor	1.59000000	487.55986147	0.00000000
41461	ForestWetPoor	1.45000000	462.10588197	0.00000000
41462	ForestWetPoor	1.80000000	459.97622000	0.00000000
41463	ForestWetPoor	2.82000000	600.38813223	0.00000000
41755	ForestWetPoor	3.29000000	758.69490458	0.00000000
41756	ForestWetPoor	2.76000000	768.56841466	0.00000000
41757	ForestWetPoor	2.16000000	562.46451721	0.00000000
41758	ForestWetPoor	2.48000000	525.30092224	0.00000000
42050	ForestWetPoor	3.41000000	813.37408036	0.00000000
42051	ForestWetPoor	2.42000000	663.66473558	0.00000000
42345	ForestWetPoor	3.16000000	696.93789762	0.00000000
42346	ForestWetPoor	1.11000000	219.18686372	0.00000000
55553	ForestWetPoor	3.79000000	867.45426786	0.00000000
55554	ForestWetPoor	3.40000000	758.87715364	0.00000000
55555	ForestWetPoor	3.44000000	832.09942407	0.00000000
55848	ForestWetPoor	1.76000000	410.02705410	0.00000000
55849	ForestWetPoor	2.38000000	615.96622521	0.00000000
55850	ForestWetPoor	1.61000000	422.28964019	0.00000000
56143	ForestWetPoor	1.77000000	390.00944057	0.00000000
56144	ForestWetPoor	1.18000000	300.91560191	0.00000000
56145	ForestWetPoor	1.61000000	395.58968882	0.00000000
56439	ForestWetPoor	1.61000000	379.40869915	0.00000000
56440	ForestWetPoor	2.37000000	510.02279257	0.00000000
60261	ForestWetPoor	2.29000000	587.22618963	0.00000000
60262	ForestWetPoor	3.71000000	953.23469374	0.00000000
60263	ForestWetPoor	3.66000000	898.57233442	0.00000000
60556	ForestWetPoor	2.49000000	660.11693368	0.00000000
60557	ForestWetPoor	3.71000000	928.85941253	0.00000000
60558	ForestWetPoor	3.77000000	901.78546296	0.00000000
60848	ForestWetPoor	1.26000000	339.67688192	0.00000000
60849	ForestWetPoor	2.02000000	578.49214377	0.00000000
60851	ForestWetPoor	1.89000000	494.88639345	0.00000000
60852	ForestWetPoor	3.74000000	844.82803160	0.00000000
60853	ForestWetPoor	3.63000000	834.79926517	0.00000000
61144	ForestWetPoor	1.18000000	314.05853555	0.00000000
61145	ForestWetPoor	1.12000000	309.91389898	0.00000000
61146	ForestWetPoor	1.37000000	291.97924063	0.00000000
64990	ForestWetPoor	3.48000000	1202.42889706	0.00000000
64991	ForestWetPoor	4.00000000	1279.42905882	0.00000000
65285	ForestWetPoor	3.00000000	1084.94690147	0.00000000
65286	ForestWetPoor	2.97000000	965.74549918	0.00000000
65580	ForestWetPoor	2.63000000	936.40935000	6.00000000
65581	ForestWetPoor	3.88000000	1263.10874353	0.00000000
65876	ForestWetPoor	3.66000000	1074.62149670	0.00000000
67945	ForestWetPoor	1.98000000	377.37666772	19.00000000
72654	ForestWetPoor	1.10000000	359.24435316	0.00000000
72655	ForestWetPoor	3.65000000	909.89778584	0.00000000
72948	ForestWetPoor	1.03000000	430.49831916	0.00000000
72950	ForestWetPoor	1.09000000	267.57456443	0.00000000
73245	ForestWetPoor	1.07000000	254.35716161	0.00000000
74124	ForestWetPoor	2.59000000	930.04504401	0.00000000
74128	ForestWetPoor	3.71000000	1133.63989532	0.00000000
74423	ForestWetPoor	1.36000000	437.54674060	0.00000000
75594	ForestWetPoor	2.15000000	741.71704996	0.00000000
75602	ForestWetPoor	1.55000000	428.80354174	0.00000000
75603	ForestWetPoor	1.79000000	423.46139326	0.00000000
75889	ForestWetPoor	2.00000000	707.36261535	0.00000000
75895	ForestWetPoor	2.68000000	1335.85261714	0.00000000
75896	ForestWetPoor	3.37000000	1560.86154059	0.00000000
75897	ForestWetPoor	2.46000000	826.67937845	0.00000000
75905	ForestWetPoor	1.52000000	714.72866185	0.00000000
76190	ForestWetPoor	1.78000000	796.48172551	0.00000000
76191	ForestWetPoor	3.14000000	1278.62312007	0.00000000
76192	ForestWetPoor	3.57000000	1007.42284030	0.00000000
76199	ForestWetPoor	2.28000000	963.24165891	0.00000000
76200	ForestWetPoor	2.28000000	997.11512867	0.00000000
76484	ForestWetPoor	1.10000000	440.11491303	0.00000000
76485	ForestWetPoor	1.88000000	742.79811255	0.00000000
76486	ForestWetPoor	2.75000000	950.95295295	0.00000000
76487	ForestWetPoor	3.16000000	839.13523209	0.00000000
76494	ForestWetPoor	3.14000000	1060.43040949	0.00000000
76495	ForestWetPoor	1.28000000	454.90929143	0.00000000
76771	ForestWetPoor	1.19000000	479.27548949	0.00000000
76772	ForestWetPoor	1.20000000	518.53216615	0.00000000
76775	ForestWetPoor	2.43000000	710.08660241	0.00000000
76776	ForestWetPoor	2.72000000	802.29330980	0.00000000
76777	ForestWetPoor	1.07000000	294.86794936	0.00000000
76779	ForestWetPoor	1.66000000	551.00426749	0.00000000
76780	ForestWetPoor	2.15000000	727.93063423	0.00000000
76781	ForestWetPoor	1.95000000	631.36910143	0.00000000
76789	ForestWetPoor	1.07000000	271.52820539	0.00000000
77068	ForestWetPoor	1.18000000	314.15432249	0.00000000
77069	ForestWetPoor	3.16000000	740.32638713	0.00000000
77070	ForestWetPoor	3.44000000	751.29136173	0.00000000
77071	ForestWetPoor	3.71000000	857.41480163	0.00000000
77072	ForestWetPoor	1.89000000	393.81471931	0.00000000
77073	ForestWetPoor	2.33000000	451.41647267	0.00000000
77074	ForestWetPoor	2.12000000	440.78750043	0.00000000
77075	ForestWetPoor	2.00000000	535.16398048	0.00000000
83265	ForestWetPoor	3.07000000	340.50849852	0.00000000
83266	ForestWetPoor	1.48000000	199.23414778	0.00000000
83560	ForestWetPoor	1.75000000	163.94923763	0.00000000
83561	ForestWetPoor	2.00000000	228.12143971	0.00000000
85328	ForestWetPoor	1.51000000	415.81403677	0.00000000
93330	ForestWetPoor	1.56000000	141.42803701	0.00000000
93331	ForestWetPoor	1.25000000	119.53596874	0.00000000
93626	ForestWetPoor	1.89000000	184.11113096	0.00000000
93920	ForestWetPoor	2.11000000	270.89668391	0.00000000
93921	ForestWetPoor	2.88000000	327.15023562	0.00000000
93922	ForestWetPoor	1.31000000	118.33657081	0.00000000
93923	ForestWetPoor	1.04000000	79.37215200	0.00000000
93924	ForestWetPoor	2.34000000	166.58724146	0.00000000
94215	ForestWetPoor	2.19000000	521.37238797	12.00000000
94216	ForestWetPoor	1.42000000	228.62279944	18.00000000
94217	ForestWetPoor	3.34000000	418.73799118	0.00000000
94218	ForestWetPoor	3.43000000	346.19902765	0.00000000
94219	ForestWetPoor	2.51000000	193.45017585	0.00000000
94511	ForestWetPoor	1.00000000	293.81152160	27.00000000
94512	ForestWetPoor	3.04000000	532.68461563	14.00000000
94513	ForestWetPoor	2.30000000	279.69729551	27.00000000
94514	ForestWetPoor	2.37000000	247.09437562	15.00000000
94806	ForestWetPoor	1.57000000	650.75578306	20.00000000
94807	ForestWetPoor	1.70000000	545.34668151	25.00000000
94808	ForestWetPoor	1.21000000	232.37182030	34.00000000
94810	ForestWetPoor	1.76000000	178.53420183	0.00000000
94811	ForestWetPoor	2.44000000	154.64976224	0.00000000
94812	ForestWetPoor	2.13000000	130.71045667	13.00000000
95389	ForestWetPoor	2.36000000	496.44826794	14.00000000
95684	ForestWetPoor	2.82000000	685.35286120	19.00000000
95965	ForestWetPoor	2.04000000	484.39043330	26.00000000
95974	ForestWetPoor	2.09000000	954.15290932	4.00000000
96258	ForestWetPoor	1.71000000	427.56758093	0.00000000
96259	ForestWetPoor	2.82000000	706.96899734	24.00000000
96260	ForestWetPoor	1.19000000	291.41335293	53.00000000
96269	ForestWetPoor	2.81000000	1336.12873290	0.00000000
96270	ForestWetPoor	1.75000000	882.48681994	27.00000000
96555	ForestWetPoor	3.54000000	885.23547642	0.00000000
96556	ForestWetPoor	3.78000000	854.55368235	0.00000000
96849	ForestWetPoor	2.29000000	570.53873863	0.00000000
96850	ForestWetPoor	3.86000000	973.34623775	0.00000000
96851	ForestWetPoor	2.81000000	616.38837025	0.00000000
96853	ForestWetPoor	2.44000000	612.30244424	0.00000000
96880	ForestWetPoor	2.36000000	242.68451817	23.00000000
96884	ForestWetPoor	2.54000000	462.32950687	18.00000000
97145	ForestWetPoor	2.18000000	463.40545408	0.00000000
97146	ForestWetPoor	3.43000000	787.84768124	0.00000000
97147	ForestWetPoor	2.15000000	516.68502563	0.00000000
97148	ForestWetPoor	3.03000000	776.56669903	0.00000000
97149	ForestWetPoor	1.89000000	572.23068789	0.00000000
97175	ForestWetPoor	3.13000000	288.37414707	18.00000000
97176	ForestWetPoor	1.97000000	177.40410412	17.00000000
97441	ForestWetPoor	1.50000000	417.31126012	0.00000000
99204	ForestWetPoor	2.88000000	989.40896637	0.00000000
99499	ForestWetPoor	1.67000000	574.00614910	0.00000000
99793	ForestWetPoor	2.77000000	715.14718473	0.00000000
99794	ForestWetPoor	3.01000000	929.49307135	0.00000000
99797	ForestWetPoor	2.40000000	674.76725458	0.00000000
99799	ForestWetPoor	1.00000000	304.54298994	0.00000000
99816	ForestWetPoor	2.70000000	287.16281565	11.00000000
100092	ForestWetPoor	1.82000000	490.71960479	8.00000000
100093	ForestWetPoor	2.51000000	784.29815916	9.00000000
100097	ForestWetPoor	2.33000000	783.31368996	0.00000000
100388	ForestWetPoor	1.10000000	386.02211627	11.00000000
100980	ForestWetPoor	2.76000000	1038.22587036	27.00000000
101568	ForestWetPoor	2.36000000	990.87570232	6.00000000
101863	ForestWetPoor	1.02000000	390.03592408	0.00000000
101865	ForestWetPoor	1.99000000	842.15248799	34.00000000
101867	ForestWetPoor	1.76000000	647.22472348	22.00000000
102163	ForestWetPoor	2.24000000	893.41904992	20.00000000
102454	ForestWetPoor	1.59000000	521.79791871	0.00000000
102455	ForestWetPoor	2.89000000	1010.72681065	10.00000000
102459	ForestWetPoor	2.40000000	949.15753409	11.00000000
102751	ForestWetPoor	1.70000000	546.66607869	17.00000000
102753	ForestWetPoor	1.93000000	682.96715029	25.00000000
102754	ForestWetPoor	1.80000000	652.10091877	27.00000000
102755	ForestWetPoor	3.05000000	1083.11967438	0.00000000
103046	ForestWetPoor	3.43000000	914.49118040	0.00000000
103049	ForestWetPoor	1.62000000	517.51550710	0.00000000
103050	ForestWetPoor	2.25000000	711.50249295	0.00000000
103341	ForestWetPoor	1.99000000	402.68815173	0.00000000
103345	ForestWetPoor	2.70000000	714.14864904	0.00000000
103640	ForestWetPoor	2.89000000	784.78841676	0.00000000
104231	ForestWetPoor	3.22000000	838.98445062	0.00000000
104232	ForestWetPoor	1.50000000	477.67034219	0.00000000
107483	ForestWetPoor	2.43000000	701.89170802	0.00000000
108075	ForestWetPoor	1.13000000	380.94546512	0.00000000
108663	ForestWetPoor	1.27000000	536.93198429	0.00000000
111021	ForestWetPoor	1.30000000	230.92383951	0.00000000
113666	ForestWetPoor	2.00000000	470.85569850	0.00000000
113960	ForestWetPoor	1.07000000	351.34302945	0.00000000
114255	ForestWetPoor	2.50000000	843.84340262	0.00000000
117489	ForestWetPoor	3.02000000	314.02911309	0.00000000
118372	ForestWetPoor	1.07000000	170.34686746	0.00000000
119254	ForestWetPoor	1.80000000	243.86561310	0.00000000
120134	ForestWetPoor	2.39000000	926.81526689	0.00000000
125395	ForestWetPoor	3.10000000	996.22702440	0.00000000
125396	ForestWetPoor	2.88000000	841.61322619	19.00000000
125690	ForestWetPoor	1.59000000	570.10928584	0.00000000
125985	ForestWetPoor	1.12000000	370.20611192	0.00000000
7363	ForestWetRich	2.49000000	182.98588301	0.00000000
7364	ForestWetRich	3.56000000	177.42048394	0.00000000
7365	ForestWetRich	1.57000000	84.20860622	0.00000000
7366	ForestWetRich	1.00000000	46.36547783	0.00000000
7658	ForestWetRich	3.44000000	239.68288698	0.00000000
7659	ForestWetRich	2.48000000	165.28522871	0.00000000
7660	ForestWetRich	3.56000000	233.19980529	0.00000000
7661	ForestWetRich	2.57000000	123.09068725	0.00000000
10895	ForestWetRich	3.66000000	358.95032482	0.00000000
10896	ForestWetRich	3.36000000	407.55064085	0.00000000
10897	ForestWetRich	1.72000000	230.99904654	0.00000000
11189	ForestWetRich	3.67000000	271.67371082	0.00000000
11190	ForestWetRich	3.59000000	325.53479873	0.00000000
11191	ForestWetRich	3.63000000	488.27853758	0.00000000
11484	ForestWetRich	3.83000000	244.45808893	0.00000000
11485	ForestWetRich	3.55000000	288.87275096	0.00000000
11486	ForestWetRich	2.50000000	265.09111627	0.00000000
11487	ForestWetRich	1.73000000	220.63557693	0.00000000
16768	ForestWetRich	3.26000000	336.28201241	0.00000000
16769	ForestWetRich	1.69000000	210.01738799	0.00000000
18846	ForestWetRich	2.39000000	137.66073918	0.00000000
18847	ForestWetRich	3.83000000	370.65087342	0.00000000
18848	ForestWetRich	3.95000000	356.88718106	0.00000000
18849	ForestWetRich	3.06000000	239.75657099	0.00000000
18850	ForestWetRich	1.42000000	87.14008535	0.00000000
19141	ForestWetRich	3.25000000	292.08585892	0.00000000
19142	ForestWetRich	4.00000000	409.21018674	0.00000000
19143	ForestWetRich	2.84000000	317.56918917	0.00000000
19144	ForestWetRich	3.00000000	265.48641604	0.00000000
19438	ForestWetRich	1.03000000	128.42664905	0.00000000
19439	ForestWetRich	1.46000000	173.60271074	0.00000000
20311	ForestWetRich	1.49000000	130.76242457	0.00000000
20312	ForestWetRich	1.07000000	94.46804848	0.00000000
20313	ForestWetRich	1.64000000	117.65925857	0.00000000
20314	ForestWetRich	3.38000000	191.26231556	0.00000000
20604	ForestWetRich	1.58000000	102.54295076	0.00000000
20605	ForestWetRich	1.55000000	105.91065092	0.00000000
20606	ForestWetRich	3.00000000	246.95778378	0.00000000
20607	ForestWetRich	2.90000000	246.56995276	0.00000000
20608	ForestWetRich	3.27000000	207.86263251	0.00000000
20609	ForestWetRich	3.92000000	170.89222858	0.00000000
20899	ForestWetRich	2.25000000	125.71678125	0.00000000
20900	ForestWetRich	3.60000000	286.97306266	0.00000000
20903	ForestWetRich	3.56000000	211.26398546	0.00000000
20904	ForestWetRich	4.00000000	190.77302893	0.00000000
21195	ForestWetRich	1.33000000	106.40946766	0.00000000
21198	ForestWetRich	3.45000000	213.68680713	0.00000000
21199	ForestWetRich	3.26000000	163.70310996	0.00000000
21490	ForestWetRich	1.51000000	109.81365737	0.00000000
21491	ForestWetRich	3.18000000	229.48622107	0.00000000
21492	ForestWetRich	2.62000000	204.51693623	0.00000000
21493	ForestWetRich	3.92000000	246.70303981	0.00000000
21786	ForestWetRich	2.03000000	210.11448213	0.00000000
21787	ForestWetRich	2.95000000	301.56156620	0.00000000
21788	ForestWetRich	3.94000000	383.58044588	0.00000000
22081	ForestWetRich	1.09000000	111.77693075	0.00000000
22082	ForestWetRich	2.34000000	215.08714955	0.00000000
22083	ForestWetRich	3.69000000	298.13175839	0.00000000
22377	ForestWetRich	1.06000000	107.40695180	0.00000000
22378	ForestWetRich	2.74000000	236.51635949	0.00000000
22672	ForestWetRich	3.63000000	418.88482276	0.00000000
22673	ForestWetRich	3.78000000	368.28462538	0.00000000
22966	ForestWetRich	2.10000000	239.43952712	0.00000000
22967	ForestWetRich	3.88000000	411.86134160	0.00000000
22968	ForestWetRich	3.94000000	320.08438006	0.00000000
23260	ForestWetRich	1.85000000	296.31711819	0.00000000
23261	ForestWetRich	3.16000000	372.62560771	0.00000000
23262	ForestWetRich	3.78000000	305.93528639	0.00000000
23263	ForestWetRich	3.81000000	267.22992337	0.00000000
23554	ForestWetRich	1.04000000	162.73034505	0.00000000
23555	ForestWetRich	2.50000000	437.44100582	0.00000000
23556	ForestWetRich	3.45000000	486.03422207	0.00000000
23557	ForestWetRich	3.61000000	393.72119835	0.00000000
23558	ForestWetRich	3.94000000	217.38031018	0.00000000
23850	ForestWetRich	2.76000000	466.52035559	0.00000000
23851	ForestWetRich	3.43000000	532.49584631	0.00000000
23852	ForestWetRich	3.74000000	423.19113603	0.00000000
23853	ForestWetRich	3.73000000	198.62555789	0.00000000
24146	ForestWetRich	3.34000000	481.47568308	0.00000000
24147	ForestWetRich	4.00000000	406.66003362	0.00000000
24148	ForestWetRich	3.97000000	259.02773774	0.00000000
24441	ForestWetRich	2.21000000	342.52296286	0.00000000
24442	ForestWetRich	3.78000000	446.99746266	0.00000000
24443	ForestWetRich	3.78000000	256.42072129	0.00000000
24736	ForestWetRich	2.48000000	391.69231097	0.00000000
24737	ForestWetRich	4.00000000	574.84528478	0.00000000
24738	ForestWetRich	4.00000000	358.47084473	0.00000000
25031	ForestWetRich	2.86000000	539.21954917	0.00000000
25032	ForestWetRich	4.00000000	700.10204912	0.00000000
25033	ForestWetRich	3.69000000	461.10093812	0.00000000
25321	ForestWetRich	1.22000000	37.25906127	0.00000000
25322	ForestWetRich	1.20000000	101.11574645	0.00000000
25323	ForestWetRich	1.12000000	133.58161626	0.00000000
25325	ForestWetRich	2.57000000	478.05704851	0.00000000
25326	ForestWetRich	3.77000000	689.46768373	0.00000000
25327	ForestWetRich	3.53000000	556.07236187	0.00000000
25328	ForestWetRich	3.13000000	327.84147566	0.00000000
25617	ForestWetRich	2.79000000	190.03774996	0.00000000
25618	ForestWetRich	3.19000000	309.98833724	0.00000000
25619	ForestWetRich	3.11000000	406.06744057	0.00000000
25620	ForestWetRich	3.50000000	570.73428716	0.00000000
25621	ForestWetRich	3.54000000	583.10983688	0.00000000
25913	ForestWetRich	3.99000000	314.60600288	0.00000000
25914	ForestWetRich	3.97000000	354.97580546	0.00000000
25915	ForestWetRich	3.88000000	367.49037020	0.00000000
25916	ForestWetRich	3.87000000	339.52161400	0.00000000
27097	ForestWetRich	2.09000000	74.66774488	0.00000000
28610	ForestWetRich	1.07000000	215.11126291	0.00000000
28611	ForestWetRich	1.28000000	246.92313575	0.00000000
28834	ForestWetRich	2.07000000	105.51986504	0.00000000
28835	ForestWetRich	1.38000000	65.37641692	0.00000000
28904	ForestWetRich	2.50000000	457.85919974	0.00000000
28905	ForestWetRich	2.45000000	467.89597184	0.00000000
28906	ForestWetRich	2.53000000	475.40912769	0.00000000
29129	ForestWetRich	3.89000000	245.71176193	0.00000000
29130	ForestWetRich	4.00000000	235.71238575	0.00000000
29131	ForestWetRich	3.56000000	268.85229355	0.00000000
29132	ForestWetRich	1.04000000	86.57986935	0.00000000
29199	ForestWetRich	3.94000000	452.03806205	0.00000000
29200	ForestWetRich	2.74000000	450.13929577	0.00000000
29201	ForestWetRich	1.41000000	237.18036580	0.00000000
29424	ForestWetRich	3.93000000	478.18165987	0.00000000
29425	ForestWetRich	3.98000000	408.93322260	0.00000000
29426	ForestWetRich	3.32000000	357.26676447	0.00000000
29427	ForestWetRich	3.79000000	350.44879061	0.00000000
29430	ForestWetRich	2.28000000	243.81573530	0.00000000
29715	ForestWetRich	1.76000000	307.23219034	0.00000000
29716	ForestWetRich	3.64000000	606.94012016	0.00000000
29717	ForestWetRich	1.51000000	255.87326931	0.00000000
29719	ForestWetRich	2.85000000	530.36409381	0.00000000
29720	ForestWetRich	3.52000000	635.28069645	0.00000000
29721	ForestWetRich	2.71000000	479.70717599	0.00000000
29722	ForestWetRich	3.83000000	424.53976771	0.00000000
30011	ForestWetRich	1.36000000	301.54319592	0.00000000
30012	ForestWetRich	2.53000000	460.85213826	0.00000000
30013	ForestWetRich	2.61000000	541.42449597	0.00000000
30014	ForestWetRich	1.96000000	442.60120939	0.00000000
30015	ForestWetRich	1.25000000	259.37276637	0.00000000
30017	ForestWetRich	1.91000000	322.06152430	0.00000000
30908	ForestWetRich	1.30000000	207.60048127	0.00000000
30909	ForestWetRich	1.17000000	155.00679154	0.00000000
31211	ForestWetRich	2.44000000	683.52714144	0.00000000
31448	ForestWetRich	2.74000000	931.41655455	0.00000000
31449	ForestWetRich	2.40000000	846.13904260	0.00000000
31450	ForestWetRich	1.81000000	553.65923505	0.00000000
31505	ForestWetRich	1.77000000	430.94738876	0.00000000
31797	ForestWetRich	1.09000000	319.07331932	0.00000000
31798	ForestWetRich	1.48000000	356.56052840	0.00000000
31799	ForestWetRich	1.33000000	388.78849256	0.00000000
31800	ForestWetRich	1.33000000	323.65183779	0.00000000
40813	ForestWetRich	3.33000000	721.95155022	33.00000000
41109	ForestWetRich	2.35000000	444.36925534	35.00000000
41405	ForestWetRich	2.55000000	541.27005755	14.00000000
42013	ForestWetRich	1.35000000	371.58128017	0.00000000
42014	ForestWetRich	2.47000000	786.83589746	0.00000000
42015	ForestWetRich	1.53000000	429.64316133	0.00000000
60560	ForestWetRich	1.30000000	262.24791103	3.00000000
60561	ForestWetRich	1.02000000	224.53487469	0.00000000
61437	ForestWetRich	2.81000000	698.20924513	0.00000000
61438	ForestWetRich	1.41000000	368.40881134	0.00000000
61445	ForestWetRich	1.80000000	402.60874129	3.00000000
61446	ForestWetRich	2.63000000	621.03282290	0.00000000
61447	ForestWetRich	1.79000000	399.46190594	0.00000000
69418	ForestWetRich	2.94000000	675.03440766	0.00000000
69419	ForestWetRich	3.47000000	951.02661691	0.00000000
69713	ForestWetRich	1.27000000	351.59186096	12.00000000
69714	ForestWetRich	1.76000000	566.21106885	29.00000000
69715	ForestWetRich	2.31000000	733.25902547	16.00000000
70002	ForestWetRich	1.62000000	559.51257413	0.00000000
70008	ForestWetRich	1.28000000	361.30477689	0.00000000
70296	ForestWetRich	1.09000000	379.34042130	0.00000000
70297	ForestWetRich	2.18000000	778.30495309	0.00000000
70303	ForestWetRich	2.81000000	765.43107257	0.00000000
70304	ForestWetRich	2.04000000	596.29144076	0.00000000
70307	ForestWetRich	1.58000000	571.87150211	0.00000000
70590	ForestWetRich	1.76000000	569.89518846	0.00000000
70591	ForestWetRich	1.89000000	668.65879441	0.00000000
70595	ForestWetRich	2.86000000	633.08354723	4.00000000
70596	ForestWetRich	3.20000000	737.75483069	0.00000000
70597	ForestWetRich	3.06000000	656.70127044	0.00000000
70598	ForestWetRich	2.32000000	539.06012336	0.00000000
70599	ForestWetRich	3.22000000	710.38651857	0.00000000
70600	ForestWetRich	2.27000000	607.88576501	10.00000000
70601	ForestWetRich	1.67000000	486.05926587	14.00000000
70602	ForestWetRich	1.33000000	418.56583339	47.00000000
70897	ForestWetRich	1.56000000	399.06460230	0.00000000
71766	ForestWetRich	2.44000000	896.52625144	0.00000000
71767	ForestWetRich	2.60000000	1010.59337380	0.00000000
75017	ForestWetRich	1.44000000	545.66451934	0.00000000
75317	ForestWetRich	1.25000000	518.16578588	0.00000000
75585	ForestWetRich	1.58000000	273.59597837	0.00000000
75586	ForestWetRich	1.33000000	251.87804162	0.00000000
75607	ForestWetRich	2.83000000	1111.93404719	0.00000000
75881	ForestWetRich	1.56000000	474.47687992	0.00000000
76470	ForestWetRich	1.13000000	417.05998689	0.00000000
76478	ForestWetRich	1.07000000	431.44798082	0.00000000
76479	ForestWetRich	2.77000000	1140.92441778	0.00000000
76755	ForestWetRich	1.01000000	241.30214929	0.00000000
77042	ForestWetRich	1.35000000	150.14080446	50.00000000
77043	ForestWetRich	3.52000000	296.00818459	13.00000000
77044	ForestWetRich	1.97000000	183.22835249	0.00000000
77054	ForestWetRich	1.26000000	402.60101914	0.00000000
77055	ForestWetRich	1.17000000	439.31948785	0.00000000
77064	ForestWetRich	3.17000000	1515.04927949	0.00000000
77065	ForestWetRich	2.29000000	1023.54854707	0.00000000
77337	ForestWetRich	3.46000000	379.93783211	7.00000000
77338	ForestWetRich	1.37000000	134.29428654	36.00000000
77339	ForestWetRich	1.10000000	106.37606176	0.00000000
77360	ForestWetRich	2.95000000	825.67641171	0.00000000
77631	ForestWetRich	2.19000000	252.51512472	13.00000000
81180	ForestWetRich	1.79000000	411.19481198	4.00000000
81473	ForestWetRich	2.11000000	431.85485699	26.00000000
81494	ForestWetRich	1.07000000	254.26038894	0.00000000
81767	ForestWetRich	1.28000000	218.47960292	0.00000000
81768	ForestWetRich	2.41000000	434.36279186	0.00000000
81789	ForestWetRich	2.37000000	583.43320279	0.00000000
81790	ForestWetRich	2.35000000	692.15425194	0.00000000
81791	ForestWetRich	2.22000000	680.62490455	0.00000000
81792	ForestWetRich	1.25000000	370.33539041	0.00000000
82082	ForestWetRich	3.05000000	609.25011147	0.00000000
82083	ForestWetRich	3.63000000	787.48902381	0.00000000
82084	ForestWetRich	1.81000000	481.18223630	0.00000000
82085	ForestWetRich	2.03000000	643.13740037	0.00000000
82086	ForestWetRich	3.00000000	918.42251941	0.00000000
82087	ForestWetRich	2.85000000	776.10460383	0.00000000
82088	ForestWetRich	1.44000000	331.87541276	0.00000000
82089	ForestWetRich	1.12000000	110.11429531	0.00000000
82090	ForestWetRich	1.18000000	96.12941043	0.00000000
82378	ForestWetRich	2.48000000	545.42265043	0.00000000
82379	ForestWetRich	2.85000000	692.12906729	0.00000000
82382	ForestWetRich	4.00000000	1073.75751700	0.00000000
82383	ForestWetRich	3.55000000	713.87051558	0.00000000
82676	ForestWetRich	1.01000000	250.12902229	0.00000000
82677	ForestWetRich	3.58000000	616.77294736	0.00000000
82678	ForestWetRich	3.20000000	292.51455790	0.00000000
83270	ForestWetRich	1.00000000	66.09527248	0.00000000
83271	ForestWetRich	1.82000000	194.63215093	0.00000000
83566	ForestWetRich	2.43000000	454.84129861	0.00000000
83567	ForestWetRich	3.65000000	636.08286263	0.00000000
83568	ForestWetRich	3.51000000	413.11253689	0.00000000
83592	ForestWetRich	1.39000000	242.72689181	0.00000000
83862	ForestWetRich	1.68000000	294.74935123	0.00000000
83863	ForestWetRich	3.24000000	513.40581404	0.00000000
83887	ForestWetRich	3.37000000	849.28467016	0.00000000
83888	ForestWetRich	2.74000000	712.08190451	0.00000000
84158	ForestWetRich	1.21000000	191.06835831	0.00000000
84169	ForestWetRich	2.25000000	191.30874376	0.00000000
84170	ForestWetRich	1.28000000	162.09214575	0.00000000
84182	ForestWetRich	2.45000000	649.01369250	0.00000000
84183	ForestWetRich	3.25000000	849.80782650	0.00000000
84184	ForestWetRich	3.63000000	866.32370938	0.00000000
84433	ForestWetRich	2.76000000	319.50073534	10.00000000
84443	ForestWetRich	1.62000000	241.48874388	0.00000000
84444	ForestWetRich	1.68000000	233.82978585	1.00000000
84445	ForestWetRich	1.28000000	147.85472919	29.00000000
84446	ForestWetRich	1.15000000	169.26700876	28.00000000
84464	ForestWetRich	1.17000000	98.24007310	0.00000000
84465	ForestWetRich	1.23000000	173.45835166	0.00000000
84466	ForestWetRich	2.91000000	445.68135053	0.00000000
84477	ForestWetRich	1.43000000	392.50547861	0.00000000
84478	ForestWetRich	1.54000000	429.20347147	0.00000000
84479	ForestWetRich	3.87000000	1162.13866687	0.00000000
84480	ForestWetRich	2.27000000	766.16062472	0.00000000
84736	ForestWetRich	1.88000000	380.21038270	0.00000000
84737	ForestWetRich	3.26000000	673.20439533	8.00000000
84738	ForestWetRich	2.32000000	509.45054683	3.00000000
84739	ForestWetRich	2.59000000	556.68983126	8.00000000
84740	ForestWetRich	2.82000000	549.29631223	25.00000000
84741	ForestWetRich	3.31000000	568.38409106	10.00000000
84761	ForestWetRich	2.02000000	260.81924503	0.00000000
84773	ForestWetRich	3.15000000	933.47386004	0.00000000
84774	ForestWetRich	3.35000000	1132.03422586	0.00000000
84775	ForestWetRich	3.90000000	1266.69267742	0.00000000
84776	ForestWetRich	1.55000000	420.15282498	0.00000000
85024	ForestWetRich	2.45000000	433.61011164	8.00000000
85025	ForestWetRich	2.92000000	480.51773240	0.00000000
85026	ForestWetRich	3.19000000	509.34970732	18.00000000
85319	ForestWetRich	1.38000000	257.02930493	8.00000000
85909	ForestWetRich	1.86000000	287.55079437	7.00000000
86227	ForestWetRich	1.92000000	160.88466050	0.00000000
86228	ForestWetRich	2.00000000	146.59311917	0.00000000
87127	ForestWetRich	1.67000000	161.57365451	0.00000000
87723	ForestWetRich	3.38000000	1155.22887112	0.00000000
87724	ForestWetRich	1.72000000	613.17588177	0.00000000
88018	ForestWetRich	2.75000000	930.21461178	0.00000000
88019	ForestWetRich	3.82000000	1395.90394974	0.00000000
88020	ForestWetRich	2.02000000	838.12909070	0.00000000
88021	ForestWetRich	2.55000000	1159.46551467	0.00000000
88314	ForestWetRich	1.71000000	622.32710485	0.00000000
88316	ForestWetRich	1.21000000	557.32806425	0.00000000
88609	ForestWetRich	3.89000000	1380.61744390	0.00000000
88610	ForestWetRich	1.62000000	615.54234476	0.00000000
88611	ForestWetRich	3.70000000	1556.82414348	0.00000000
88612	ForestWetRich	1.51000000	667.64556639	0.00000000
88613	ForestWetRich	1.41000000	605.95754551	0.00000000
88903	ForestWetRich	1.20000000	416.97121876	0.00000000
88904	ForestWetRich	3.97000000	1394.44480669	0.00000000
88906	ForestWetRich	2.84000000	1216.71631973	0.00000000
88907	ForestWetRich	1.30000000	559.57780428	0.00000000
89199	ForestWetRich	3.52000000	1036.47149398	0.00000000
89200	ForestWetRich	3.38000000	985.79203976	0.00000000
89201	ForestWetRich	1.76000000	544.30764405	0.00000000
89202	ForestWetRich	2.03000000	763.74493186	0.00000000
89212	ForestWetRich	1.10000000	292.39224824	0.00000000
89213	ForestWetRich	1.26000000	322.14783395	0.00000000
89214	ForestWetRich	1.42000000	273.74178221	0.00000000
89508	ForestWetRich	1.62000000	415.46494704	0.00000000
91864	ForestWetRich	1.67000000	301.07223253	0.00000000
91867	ForestWetRich	1.30000000	418.10199447	0.00000000
92160	ForestWetRich	1.91000000	634.64452924	0.00000000
92161	ForestWetRich	1.51000000	535.74293284	0.00000000
92162	ForestWetRich	1.92000000	790.99698814	0.00000000
92163	ForestWetRich	2.37000000	934.75972019	0.00000000
92164	ForestWetRich	2.01000000	613.22808481	0.00000000
92456	ForestWetRich	1.07000000	397.94562391	10.00000000
92457	ForestWetRich	1.55000000	684.26340996	16.00000000
92458	ForestWetRich	3.33000000	1374.36039434	0.00000000
92459	ForestWetRich	3.18000000	1066.07445434	0.00000000
92460	ForestWetRich	1.84000000	462.34822474	0.00000000
92461	ForestWetRich	2.52000000	304.06088233	0.00000000
92749	ForestWetRich	1.06000000	277.42258369	0.00000000
92754	ForestWetRich	2.24000000	708.89188186	26.00000000
92755	ForestWetRich	3.70000000	957.16545217	0.00000000
92756	ForestWetRich	3.46000000	643.45880443	0.00000000
93042	ForestWetRich	1.56000000	233.24694801	0.00000000
93043	ForestWetRich	2.92000000	472.51340039	0.00000000
93044	ForestWetRich	1.25000000	254.87792348	5.00000000
93045	ForestWetRich	1.67000000	510.55371112	24.00000000
93046	ForestWetRich	1.58000000	652.57494554	22.00000000
93051	ForestWetRich	2.37000000	462.77699620	0.00000000
93052	ForestWetRich	2.97000000	457.25210651	0.00000000
93053	ForestWetRich	1.87000000	287.09457530	0.00000000
93337	ForestWetRich	1.25000000	98.57124852	0.00000000
93338	ForestWetRich	3.85000000	465.70010205	0.00000000
93339	ForestWetRich	3.83000000	539.56431344	13.00000000
93347	ForestWetRich	1.05000000	168.14897313	0.00000000
93348	ForestWetRich	1.63000000	259.18929766	0.00000000
93349	ForestWetRich	1.63000000	280.14265872	0.00000000
93636	ForestWetRich	1.00000000	210.58167850	0.00000000
93917	ForestWetRich	1.25000000	82.71176205	0.00000000
93918	ForestWetRich	2.97000000	222.09581960	0.00000000
93919	ForestWetRich	1.51000000	208.67118280	0.00000000
93931	ForestWetRich	2.35000000	429.26179470	0.00000000
93932	ForestWetRich	3.55000000	644.26194347	0.00000000
94211	ForestWetRich	1.79000000	154.93335144	0.00000000
94212	ForestWetRich	3.68000000	447.15702063	0.00000000
94213	ForestWetRich	3.94000000	829.86353148	0.00000000
94214	ForestWetRich	3.76000000	951.62988832	7.00000000
94224	ForestWetRich	1.27000000	137.76643474	0.00000000
94226	ForestWetRich	3.00000000	398.80858797	0.00000000
94227	ForestWetRich	2.96000000	381.69640316	0.00000000
94503	ForestWetRich	3.27000000	1017.87521019	0.00000000
94504	ForestWetRich	3.68000000	953.85313308	0.00000000
94505	ForestWetRich	3.61000000	527.44790234	0.00000000
94506	ForestWetRich	4.00000000	523.15845466	0.00000000
94507	ForestWetRich	3.20000000	719.19813556	1.00000000
94508	ForestWetRich	1.53000000	458.42535362	4.00000000
94519	ForestWetRich	1.45000000	154.91732652	0.00000000
94521	ForestWetRich	1.90000000	224.83640173	0.00000000
94522	ForestWetRich	2.29000000	257.36298459	0.00000000
94799	ForestWetRich	3.89000000	955.24996378	0.00000000
94800	ForestWetRich	3.14000000	533.87470543	0.00000000
94801	ForestWetRich	3.48000000	665.41888026	0.00000000
94802	ForestWetRich	2.21000000	686.56480393	26.00000000
94813	ForestWetRich	3.02000000	250.61606418	0.00000000
94814	ForestWetRich	3.10000000	333.52195026	6.00000000
95094	ForestWetRich	3.47000000	750.95085010	0.00000000
95095	ForestWetRich	3.01000000	580.94057683	0.00000000
95096	ForestWetRich	2.65000000	620.95748280	13.00000000
95099	ForestWetRich	1.19000000	522.54394609	3.00000000
95390	ForestWetRich	1.97000000	406.90891642	8.00000000
95391	ForestWetRich	2.03000000	474.77554609	46.00000000
95406	ForestWetRich	1.10000000	99.16051278	0.00000000
95677	ForestWetRich	1.06000000	402.46621921	14.00000000
95678	ForestWetRich	1.54000000	585.08523266	14.00000000
95685	ForestWetRich	1.45000000	269.94554217	52.00000000
95686	ForestWetRich	1.58000000	341.85433199	30.00000000
95687	ForestWetRich	2.08000000	423.03886751	0.00000000
95701	ForestWetRich	2.50000000	127.00140803	3.00000000
95972	ForestWetRich	2.99000000	1070.86739855	3.00000000
95973	ForestWetRich	3.29000000	1291.97392804	2.00000000
95978	ForestWetRich	1.10000000	407.32419680	52.00000000
95981	ForestWetRich	2.38000000	345.01373364	34.00000000
95982	ForestWetRich	3.77000000	534.04734148	0.00000000
95983	ForestWetRich	1.66000000	222.41336172	0.00000000
95993	ForestWetRich	1.69000000	108.97762759	12.00000000
96273	ForestWetRich	2.79000000	1057.50716347	15.00000000
96274	ForestWetRich	2.35000000	701.99836254	17.00000000
96275	ForestWetRich	2.11000000	352.70198249	25.00000000
96276	ForestWetRich	2.01000000	204.25591581	24.00000000
96277	ForestWetRich	3.60000000	306.07853112	0.00000000
96288	ForestWetRich	1.60000000	116.28529140	0.00000000
96567	ForestWetRich	2.50000000	1108.00962018	38.00000000
96568	ForestWetRich	1.69000000	656.59390968	0.00000000
96569	ForestWetRich	2.14000000	519.11675656	0.00000000
96571	ForestWetRich	1.40000000	179.85664797	0.00000000
96572	ForestWetRich	1.84000000	131.98256808	0.00000000
96573	ForestWetRich	2.54000000	132.70662434	0.00000000
96583	ForestWetRich	3.28000000	358.08519907	0.00000000
96863	ForestWetRich	2.72000000	992.01319299	0.00000000
97158	ForestWetRich	3.24000000	990.31532452	0.00000000
97159	ForestWetRich	3.16000000	688.56688625	0.00000000
97160	ForestWetRich	2.58000000	434.51829997	0.00000000
97447	ForestWetRich	1.89000000	660.57128623	5.00000000
97452	ForestWetRich	3.08000000	824.95220931	19.00000000
97453	ForestWetRich	1.37000000	372.60821438	5.00000000
97458	ForestWetRich	1.49000000	117.39272146	0.00000000
97729	ForestWetRich	2.13000000	737.96396453	0.00000000
97742	ForestWetRich	1.70000000	530.08779578	44.00000000
97743	ForestWetRich	2.93000000	866.51370350	6.00000000
97753	ForestWetRich	1.25000000	87.59312593	10.00000000
98024	ForestWetRich	2.46000000	802.53461529	0.00000000
98026	ForestWetRich	1.24000000	430.93774843	0.00000000
98030	ForestWetRich	1.78000000	837.60148930	0.00000000
98325	ForestWetRich	2.31000000	1265.39022651	19.00000000
98326	ForestWetRich	2.00000000	1144.30818590	27.00000000
98327	ForestWetRich	2.75000000	1519.75249271	21.00000000
98625	ForestWetRich	1.39000000	448.85287175	6.00000000
98916	ForestWetRich	1.02000000	586.82433009	20.00000000
98922	ForestWetRich	1.22000000	455.72556522	0.00000000
99211	ForestWetRich	1.18000000	588.98888224	3.00000000
99220	ForestWetRich	1.17000000	253.41840210	0.00000000
99505	ForestWetRich	2.47000000	1032.53215382	17.00000000
99506	ForestWetRich	2.36000000	1064.30686769	0.00000000
99801	ForestWetRich	1.06000000	359.19274099	2.00000000
101575	ForestWetRich	1.20000000	436.72067296	6.00000000
101871	ForestWetRich	2.28000000	818.36886129	7.00000000
102166	ForestWetRich	1.95000000	694.72987356	19.00000000
102168	ForestWetRich	3.00000000	1154.91992600	0.00000000
102462	ForestWetRich	2.66000000	1040.65989501	21.00000000
102463	ForestWetRich	2.72000000	983.68156842	4.00000000
102756	ForestWetRich	1.36000000	458.42440335	0.00000000
102757	ForestWetRich	3.04000000	1157.45015598	13.00000000
102758	ForestWetRich	1.51000000	598.00813237	27.00000000
102759	ForestWetRich	1.81000000	661.38417091	6.00000000
105701	ForestWetRich	2.63000000	673.28612146	0.00000000
108369	ForestWetRich	2.96000000	1054.93876802	0.00000000
109836	ForestWetRich	1.57000000	529.81968826	0.00000000
109837	ForestWetRich	3.73000000	1375.22719549	0.00000000
110723	ForestWetRich	2.72000000	820.29494105	13.00000000
111018	ForestWetRich	2.78000000	745.39589591	0.00000000
111313	ForestWetRich	2.59000000	823.25177797	0.00000000
111607	ForestWetRich	2.77000000	1115.11953657	0.00000000
111608	ForestWetRich	1.42000000	453.99663512	0.00000000
111609	ForestWetRich	3.33000000	817.61459460	0.00000000
111907	ForestWetRich	2.83000000	376.88986120	0.00000000
111908	ForestWetRich	1.53000000	211.70319992	0.00000000
112201	ForestWetRich	2.91000000	431.58949627	0.00000000
112202	ForestWetRich	1.33000000	203.99949564	0.00000000
115135	ForestWetRich	1.89000000	156.91020722	0.00000000
115430	ForestWetRich	1.14000000	96.13647463	0.00000000
122731	ForestWetRich	3.20000000	985.01718822	0.00000000
123620	ForestWetRich	1.14000000	393.28536607	0.00000000
124211	ForestWetRich	2.03000000	666.42525076	0.00000000
125099	ForestWetRich	1.06000000	335.63728581	0.00000000
126576	ForestWetRich	1.66000000	402.22139865	0.00000000
126577	ForestWetRich	1.10000000	237.82482447	16.00000000
126609	ForestWetRich	2.16000000	244.64256185	0.00000000
128350	ForestWetRich	2.99000000	379.24057606	24.00000000
130713	ForestWetRich	3.12000000	145.27081482	0.00000000
7341	OpenDryPoor	1.10000000	37.69335332	12.00000000
7953	OpenDryPoor	3.89000000	289.47309730	0.00000000
7954	OpenDryPoor	3.48000000	307.66046935	0.00000000
7955	OpenDryPoor	3.63000000	263.79199689	0.00000000
7956	OpenDryPoor	2.39000000	139.39420717	10.00000000
8248	OpenDryPoor	3.80000000	341.45976161	0.00000000
8249	OpenDryPoor	2.64000000	195.91303980	0.00000000
8250	OpenDryPoor	2.94000000	198.21530972	4.00000000
8251	OpenDryPoor	2.25000000	141.08812850	1.00000000
8542	OpenDryPoor	3.78000000	196.43753102	0.00000000
8543	OpenDryPoor	3.90000000	315.93039941	0.00000000
8544	OpenDryPoor	3.32000000	245.58430352	14.00000000
8837	OpenDryPoor	3.76000000	156.62124634	0.00000000
8838	OpenDryPoor	3.65000000	211.32949245	0.00000000
8839	OpenDryPoor	2.57000000	146.63427170	40.00000000
9131	OpenDryPoor	3.72000000	233.52723939	0.00000000
9132	OpenDryPoor	3.55000000	229.57988832	0.00000000
9133	OpenDryPoor	3.23000000	164.83483287	16.00000000
9426	OpenDryPoor	3.32000000	307.47375527	27.00000000
9427	OpenDryPoor	3.65000000	365.30081086	0.00000000
10015	OpenDryPoor	2.61000000	381.82030319	10.00000000
11169	OpenDryPoor	2.01000000	126.04965549	36.00000000
12640	OpenDryPoor	1.24000000	58.13527675	6.00000000
12935	OpenDryPoor	2.85000000	122.40188154	13.00000000
13234	OpenDryPoor	2.01000000	180.56787170	28.00000000
13254	OpenDryPoor	1.96000000	33.00848247	22.00000000
13528	OpenDryPoor	3.00000000	300.27238040	33.00000000
13529	OpenDryPoor	3.63000000	322.91218150	21.00000000
13549	OpenDryPoor	1.24000000	20.88291755	0.00000000
13823	OpenDryPoor	3.89000000	344.75274091	0.00000000
13824	OpenDryPoor	3.65000000	296.45390745	0.00000000
14118	OpenDryPoor	3.92000000	171.92969948	0.00000000
14119	OpenDryPoor	3.80000000	202.60257331	0.00000000
14413	OpenDryPoor	3.00000000	109.61724647	13.00000000
14708	OpenDryPoor	1.68000000	41.65977939	24.00000000
15003	OpenDryPoor	1.97000000	42.17079249	32.00000000
15317	OpenDryPoor	3.47000000	446.25981534	26.00000000
15612	OpenDryPoor	1.77000000	330.04808710	17.00000000
15896	OpenDryPoor	1.39000000	80.14462261	0.00000000
15897	OpenDryPoor	2.50000000	144.14499714	2.00000000
15907	OpenDryPoor	2.06000000	277.34342521	0.00000000
16185	OpenDryPoor	2.99000000	242.41111234	29.00000000
16191	OpenDryPoor	3.00000000	172.97400552	0.00000000
16192	OpenDryPoor	3.82000000	220.25355664	0.00000000
16201	OpenDryPoor	2.99000000	285.54890462	27.00000000
16202	OpenDryPoor	1.00000000	98.09509634	13.00000000
17085	OpenDryPoor	3.21000000	88.88388869	28.00000000
23281	OpenDryPoor	3.91000000	316.42842861	2.00000000
23282	OpenDryPoor	2.69000000	243.69223415	58.00000000
23576	OpenDryPoor	3.86000000	325.81169064	12.00000000
23871	OpenDryPoor	3.77000000	211.29238317	0.00000000
23872	OpenDryPoor	1.78000000	129.27327814	0.00000000
23873	OpenDryPoor	3.32000000	257.97866021	0.00000000
23874	OpenDryPoor	3.99000000	359.65267275	0.00000000
24167	OpenDryPoor	2.49000000	129.98476372	0.00000000
24168	OpenDryPoor	2.49000000	120.14762277	0.00000000
24169	OpenDryPoor	2.67000000	110.95190732	0.00000000
24994	OpenDryPoor	3.44000000	279.69962016	23.00000000
25289	OpenDryPoor	3.28000000	227.22273054	29.00000000
25313	OpenDryPoor	1.19000000	234.93485763	5.00000000
28302	OpenDryPoor	2.30000000	88.24575785	20.00000000
28584	OpenDryPoor	3.33000000	142.30099143	6.00000000
28585	OpenDryPoor	2.15000000	93.08825917	26.00000000
28586	OpenDryPoor	3.31000000	130.37936340	1.00000000
28597	OpenDryPoor	3.22000000	112.40115898	17.00000000
28881	OpenDryPoor	3.63000000	127.92398878	11.00000000
30911	OpenDryPoor	1.76000000	188.35353745	42.00000000
31495	OpenDryPoor	3.29000000	418.83780068	20.00000000
31496	OpenDryPoor	1.24000000	154.27075169	6.00000000
31497	OpenDryPoor	1.29000000	158.71946024	26.00000000
31760	OpenDryPoor	1.01000000	133.82076507	4.00000000
31790	OpenDryPoor	1.10000000	152.26057203	0.00000000
31793	OpenDryPoor	1.65000000	399.96341400	39.00000000
32089	OpenDryPoor	1.95000000	434.93012642	18.00000000
35867	OpenDryPoor	1.73000000	76.58200734	23.00000000
36448	OpenDryPoor	1.52000000	144.29512014	8.00000000
36456	OpenDryPoor	3.88000000	245.98251211	6.00000000
36458	OpenDryPoor	1.66000000	114.17438321	19.00000000
36749	OpenDryPoor	3.12000000	204.56065514	38.00000000
37042	OpenDryPoor	3.07000000	347.95855290	18.00000000
38780	OpenDryPoor	1.02000000	176.20257213	8.00000000
38781	OpenDryPoor	1.80000000	274.15330003	32.00000000
38782	OpenDryPoor	1.05000000	151.46672186	0.00000000
38789	OpenDryPoor	1.13000000	74.68618381	8.00000000
38790	OpenDryPoor	2.29000000	146.24337973	26.00000000
38809	OpenDryPoor	1.27000000	267.47335785	49.00000000
38810	OpenDryPoor	3.81000000	629.78929952	11.00000000
39077	OpenDryPoor	2.62000000	387.60919433	8.00000000
39079	OpenDryPoor	1.33000000	94.23430693	33.00000000
39080	OpenDryPoor	1.44000000	120.90383295	31.00000000
39083	OpenDryPoor	2.20000000	93.24035850	17.00000000
39104	OpenDryPoor	3.37000000	573.47584895	12.00000000
39105	OpenDryPoor	3.68000000	531.50528256	8.00000000
39370	OpenDryPoor	1.92000000	390.46796975	44.00000000
39371	OpenDryPoor	3.30000000	630.56941385	26.00000000
39398	OpenDryPoor	1.56000000	278.50555961	59.00000000
41732	OpenDryPoor	2.02000000	461.02265019	29.00000000
41733	OpenDryPoor	1.93000000	408.48626454	32.00000000
41734	OpenDryPoor	3.05000000	614.68748365	10.00000000
42029	OpenDryPoor	2.99000000	608.63076889	2.00000000
42035	OpenDryPoor	2.29000000	421.56691891	24.00000000
42324	OpenDryPoor	2.43000000	496.09899464	20.00000000
42585	OpenDryPoor	3.03000000	513.78620505	20.00000000
42586	OpenDryPoor	3.26000000	339.40893759	13.00000000
43164	OpenDryPoor	3.06000000	629.78033250	26.00000000
43438	OpenDryPoor	1.43000000	118.09196515	40.00000000
43733	OpenDryPoor	2.48000000	156.46760198	23.00000000
43803	OpenDryPoor	1.99000000	713.21175175	0.00000000
43804	OpenDryPoor	3.78000000	1131.24487765	0.00000000
44098	OpenDryPoor	1.30000000	476.86615949	11.00000000
44099	OpenDryPoor	3.05000000	784.10227121	0.00000000
44638	OpenDryPoor	3.04000000	152.54402650	26.00000000
44920	OpenDryPoor	1.04000000	104.59649193	33.00000000
45212	OpenDryPoor	2.55000000	179.33093631	28.00000000
45523	OpenDryPoor	2.10000000	17.86627634	47.00000000
45819	OpenDryPoor	2.50000000	55.92276192	16.00000000
45820	OpenDryPoor	2.01000000	114.62573452	14.00000000
46081	OpenDryPoor	3.04000000	249.91211132	26.00000000
46089	OpenDryPoor	2.26000000	181.20209371	38.00000000
46376	OpenDryPoor	1.27000000	107.86638220	14.00000000
48452	OpenDryPoor	1.77000000	171.65308311	11.00000000
54655	OpenDryPoor	2.25000000	153.97432309	15.00000000
54951	OpenDryPoor	3.38000000	398.34249359	37.00000000
55228	OpenDryPoor	3.61000000	296.86829071	27.00000000
57032	OpenDryPoor	1.09000000	209.36169524	15.00000000
61742	OpenDryPoor	3.64000000	735.81134149	11.00000000
70003	OpenDryPoor	1.76000000	574.87518349	11.00000000
71482	OpenDryPoor	2.94000000	544.11624772	9.00000000
71483	OpenDryPoor	1.28000000	225.10850058	19.00000000
71778	OpenDryPoor	1.03000000	180.87457803	6.00000000
72061	OpenDryPoor	3.70000000	1551.03652016	12.00000000
72062	OpenDryPoor	1.11000000	484.36127754	46.00000000
72356	OpenDryPoor	2.22000000	958.34608877	0.00000000
72357	OpenDryPoor	1.23000000	543.37235590	21.00000000
72359	OpenDryPoor	2.11000000	789.07440043	27.00000000
72365	OpenDryPoor	1.44000000	278.09326024	24.00000000
73831	OpenDryPoor	2.55000000	769.88866611	0.00000000
74125	OpenDryPoor	3.71000000	1238.72363357	0.00000000
74126	OpenDryPoor	3.05000000	1034.23221686	17.00000000
74420	OpenDryPoor	1.97000000	770.13074605	32.00000000
74421	OpenDryPoor	1.07000000	397.75174400	23.00000000
74716	OpenDryPoor	2.09000000	899.19741316	8.00000000
75006	OpenDryPoor	2.10000000	775.15766393	7.00000000
75011	OpenDryPoor	3.11000000	1404.11437069	7.00000000
75300	OpenDryPoor	1.52000000	448.48066955	24.00000000
75595	OpenDryPoor	1.74000000	621.22242173	7.00000000
75596	OpenDryPoor	2.27000000	822.52452637	15.00000000
75597	OpenDryPoor	3.19000000	1283.35820038	9.00000000
76179	OpenDryPoor	1.35000000	875.92015036	5.00000000
76181	OpenDryPoor	1.37000000	746.61391023	23.00000000
76473	OpenDryPoor	1.20000000	717.70981747	18.00000000
77076	OpenDryPoor	2.37000000	519.79876867	56.00000000
81787	OpenDryPoor	1.60000000	314.23453868	112.00000000
81788	OpenDryPoor	2.56000000	557.41763153	18.00000000
85071	OpenDryPoor	1.02000000	269.41664513	41.00000000
86805	OpenDryPoor	1.52000000	212.22979419	5.00000000
86806	OpenDryPoor	1.49000000	229.53198231	26.00000000
87427	OpenDryPoor	3.24000000	1070.03718129	27.00000000
87428	OpenDryPoor	1.42000000	460.52177583	0.00000000
88318	OpenDryPoor	2.31000000	1129.82714796	16.00000000
88905	OpenDryPoor	1.98000000	681.26271576	26.00000000
93911	OpenDryPoor	1.45000000	574.54828378	4.00000000
94206	OpenDryPoor	1.44000000	564.39646891	4.00000000
94207	OpenDryPoor	2.08000000	748.29459564	12.00000000
94796	OpenDryPoor	1.97000000	651.55908819	92.00000000
94798	OpenDryPoor	3.27000000	1000.55863669	20.00000000
95966	OpenDryPoor	3.63000000	754.10348679	4.00000000
95967	OpenDryPoor	3.80000000	869.16623207	20.00000000
95968	OpenDryPoor	1.91000000	525.11019181	42.00000000
95969	OpenDryPoor	1.54000000	538.67159165	40.00000000
95970	OpenDryPoor	2.88000000	1037.74937851	15.00000000
95971	OpenDryPoor	1.75000000	607.94376667	21.00000000
95989	OpenDryPoor	1.66000000	493.57476441	22.00000000
96261	OpenDryPoor	4.00000000	949.42355847	0.00000000
96262	OpenDryPoor	4.00000000	1002.65898854	0.00000000
96263	OpenDryPoor	3.25000000	807.10384377	25.00000000
96264	OpenDryPoor	1.09000000	320.39280723	32.00000000
96265	OpenDryPoor	2.36000000	775.18560288	5.00000000
96289	OpenDryPoor	2.93000000	222.44022568	17.00000000
96554	OpenDryPoor	2.11000000	530.60449349	24.00000000
96557	OpenDryPoor	3.98000000	940.52956826	0.00000000
96558	OpenDryPoor	3.52000000	843.58796718	27.00000000
96589	OpenDryPoor	2.37000000	429.83785001	30.00000000
96852	OpenDryPoor	1.38000000	321.18401296	45.00000000
96886	OpenDryPoor	1.74000000	322.67260901	21.00000000
97157	OpenDryPoor	3.49000000	1086.74195948	37.00000000
97738	OpenDryPoor	1.33000000	499.87388601	23.00000000
97740	OpenDryPoor	1.17000000	378.61904087	44.00000000
98031	OpenDryPoor	2.47000000	1219.87015214	47.00000000
98032	OpenDryPoor	2.36000000	1119.63378520	35.00000000
98915	OpenDryPoor	1.12000000	623.16340152	39.00000000
99502	OpenDryPoor	2.70000000	774.89963631	31.00000000
100088	OpenDryPoor	3.09000000	666.19514168	27.00000000
100392	OpenDryPoor	2.05000000	729.06213301	35.00000000
100682	OpenDryPoor	1.34000000	445.22442586	46.00000000
101567	OpenDryPoor	1.83000000	661.38595663	8.00000000
101569	OpenDryPoor	2.37000000	997.13685924	37.00000000
101869	OpenDryPoor	2.40000000	955.00291843	47.00000000
102165	OpenDryPoor	2.61000000	1002.44152103	60.00000000
102461	OpenDryPoor	1.71000000	609.82354726	53.00000000
105702	OpenDryPoor	2.11000000	560.84386248	13.00000000
105703	OpenDryPoor	1.07000000	280.54930474	35.00000000
106288	OpenDryPoor	1.65000000	308.98416158	10.00000000
107182	OpenDryPoor	2.72000000	829.99205536	36.00000000
107773	OpenDryPoor	1.96000000	642.74774977	28.00000000
108068	OpenDryPoor	3.29000000	1094.42159516	21.00000000
108071	OpenDryPoor	2.30000000	968.60795712	25.00000000
111900	OpenDryPoor	1.59000000	607.44918770	9.00000000
111901	OpenDryPoor	1.63000000	640.73403953	32.00000000
112487	OpenDryPoor	2.27000000	763.07228150	36.00000000
112779	OpenDryPoor	2.55000000	505.58573884	17.00000000
112780	OpenDryPoor	3.76000000	1198.55409800	0.00000000
113959	OpenDryPoor	2.37000000	751.44464991	27.00000000
114550	OpenDryPoor	2.16000000	689.25973547	22.00000000
114842	OpenDryPoor	3.65000000	700.24349091	30.00000000
115136	OpenDryPoor	3.00000000	396.40456889	0.00000000
115137	OpenDryPoor	2.97000000	483.34531853	43.00000000
116306	OpenDryPoor	1.59000000	493.79020179	15.00000000
116598	OpenDryPoor	2.18000000	642.72811036	14.00000000
116599	OpenDryPoor	2.10000000	703.51444717	16.00000000
116600	OpenDryPoor	1.92000000	645.11881226	0.00000000
116601	OpenDryPoor	3.21000000	921.19148395	24.00000000
116602	OpenDryPoor	3.20000000	845.35518990	0.00000000
116603	OpenDryPoor	3.17000000	741.58958315	0.00000000
116604	OpenDryPoor	3.38000000	470.44600613	0.00000000
119837	OpenDryPoor	1.03000000	368.32873509	31.00000000
121254	OpenDryPoor	2.71000000	1075.92677478	37.00000000
121319	OpenDryPoor	1.62000000	180.29071274	29.00000000
121550	OpenDryPoor	2.67000000	770.24685454	34.00000000
122728	OpenDryPoor	2.08000000	461.46468299	50.00000000
122729	OpenDryPoor	1.96000000	498.78933011	38.00000000
123030	OpenDryPoor	1.68000000	518.17218324	7.00000000
123325	OpenDryPoor	1.66000000	526.00630687	32.00000000
123326	OpenDryPoor	2.04000000	641.55772005	27.00000000
123327	OpenDryPoor	1.44000000	425.77075015	7.00000000
123621	OpenDryPoor	1.11000000	372.79501300	21.00000000
123917	OpenDryPoor	2.79000000	902.91372351	19.00000000
124210	OpenDryPoor	3.13000000	960.63635640	26.00000000
124213	OpenDryPoor	2.55000000	711.98741478	8.00000000
124506	OpenDryPoor	1.97000000	616.20950487	14.00000000
124508	OpenDryPoor	1.10000000	308.29313349	23.00000000
125393	OpenDryPoor	2.06000000	638.60536816	29.00000000
125688	OpenDryPoor	2.24000000	718.04591739	40.00000000
126282	OpenDryPoor	1.99000000	450.07652708	26.00000000
127167	OpenDryPoor	2.69000000	382.18009412	45.00000000
127462	OpenDryPoor	1.81000000	257.84843891	6.00000000
130714	OpenDryPoor	3.83000000	118.82159290	0.00000000
130715	OpenDryPoor	2.08000000	70.65524749	0.00000000
130716	OpenDryPoor	3.33000000	91.84585813	0.00000000
130717	OpenDryPoor	3.98000000	164.56621704	0.00000000
131012	OpenDryPoor	2.90000000	231.44496025	0.00000000
131013	OpenDryPoor	1.79000000	161.80962378	0.00000000
131014	OpenDryPoor	3.27000000	230.04193764	0.00000000
131015	OpenDryPoor	3.41000000	151.13884580	0.00000000
131310	OpenDryPoor	1.35000000	54.01934934	0.00000000
131311	OpenDryPoor	1.14000000	29.93676038	0.00000000
131312	OpenDryPoor	2.70000000	117.74221105	0.00000000
131607	OpenDryPoor	1.37000000	29.36525319	0.00000000
131608	OpenDryPoor	1.08000000	102.77093279	0.00000000
32927	OpenDryRich	1.59000000	151.91884504	14.00000000
32928	OpenDryRich	3.56000000	343.16230589	12.00000000
33221	OpenDryRich	1.10000000	53.49903579	18.00000000
33222	OpenDryRich	3.43000000	173.72531070	22.00000000
33223	OpenDryRich	1.37000000	102.81004694	45.00000000
33516	OpenDryRich	2.74000000	166.28698950	19.00000000
33517	OpenDryRich	3.20000000	216.94147527	65.00000000
33518	OpenDryRich	3.50000000	257.40732730	24.00000000
33813	OpenDryRich	2.51000000	145.79724940	38.00000000
34108	OpenDryRich	3.04000000	139.92328095	17.00000000
41994	OpenDryRich	3.21000000	821.37245752	34.00000000
42874	OpenDryRich	3.45000000	1047.54602439	19.00000000
43169	OpenDryRich	1.60000000	450.68758098	36.00000000
43170	OpenDryRich	2.39000000	589.76341141	32.00000000
43171	OpenDryRich	2.40000000	581.28414380	0.00000000
86209	OpenDryRich	1.10000000	281.76976722	24.00000000
86808	OpenDryRich	1.10000000	166.10390879	7.00000000
87722	OpenDryRich	1.11000000	379.09844344	22.00000000
95988	OpenDryRich	2.10000000	552.64421533	11.00000000
96860	OpenDryRich	1.03000000	432.16769195	54.00000000
110724	OpenDryRich	2.29000000	607.69603411	8.00000000
120959	OpenDryRich	1.42000000	538.02250020	30.00000000
121843	OpenDryRich	1.08000000	363.67846027	41.00000000
122434	OpenDryRich	1.09000000	324.92815748	30.00000000
123912	OpenDryRich	1.68000000	297.67296968	17.00000000
93343	OpenWetPoor	1.76000000	498.21881265	15.00000000
96881	OpenWetPoor	1.37000000	126.47151907	23.00000000
97172	OpenWetPoor	3.12000000	500.74517925	55.00000000
97173	OpenWetPoor	3.48000000	419.96703612	23.00000000
98620	OpenWetPoor	2.07000000	1187.01512599	25.00000000
98621	OpenWetPoor	1.95000000	1155.64778964	7.00000000
100684	OpenWetPoor	1.09000000	413.38202702	17.00000000
101571	OpenWetPoor	1.03000000	344.00573810	25.00000000
102160	OpenWetPoor	1.54000000	611.64682600	67.00000000
123619	OpenWetPoor	2.19000000	767.25893819	26.00000000
123622	OpenWetPoor	1.51000000	488.81803621	17.00000000
126319	OpenWetPoor	1.37000000	125.21412470	26.00000000
128092	OpenWetPoor	2.87000000	388.65269089	9.00000000
128678	OpenWetPoor	1.13000000	248.48383017	17.00000000
131317	OpenWetPoor	1.86000000	447.11849043	22.00000000
3523	OpenWetRich	3.70000000	215.27335133	0.00000000
3524	OpenWetRich	3.17000000	199.48917365	0.00000000
3818	OpenWetRich	3.84000000	240.04725382	0.00000000
3819	OpenWetRich	3.30000000	254.43990160	0.00000000
4113	OpenWetRich	3.93000000	260.48609704	0.00000000
4114	OpenWetRich	2.00000000	169.31285754	0.00000000
4408	OpenWetRich	3.21000000	183.80716649	0.00000000
4409	OpenWetRich	2.00000000	150.69992767	0.00000000
4703	OpenWetRich	3.79000000	188.77002083	0.00000000
4704	OpenWetRich	1.61000000	115.03572529	6.00000000
5298	OpenWetRich	3.05000000	213.12159616	28.00000000
5299	OpenWetRich	2.78000000	169.70286240	28.00000000
5594	OpenWetRich	3.89000000	302.56340530	0.00000000
5595	OpenWetRich	1.40000000	77.94608589	27.00000000
5889	OpenWetRich	1.44000000	129.68807730	0.00000000
5890	OpenWetRich	1.46000000	92.14625006	0.00000000
5891	OpenWetRich	1.15000000	71.55327414	19.00000000
6165	OpenWetRich	1.74000000	131.85184514	0.00000000
6166	OpenWetRich	2.76000000	144.47473452	0.00000000
6167	OpenWetRich	1.73000000	49.85438113	0.00000000
6185	OpenWetRich	3.12000000	195.49912611	0.00000000
6186	OpenWetRich	3.67000000	211.40779661	0.00000000
6188	OpenWetRich	2.77000000	29.55458080	20.00000000
6189	OpenWetRich	1.32000000	33.34605220	14.00000000
6461	OpenWetRich	2.58000000	204.93303513	0.00000000
6462	OpenWetRich	3.85000000	284.48374897	0.00000000
6463	OpenWetRich	3.78000000	191.49279079	0.00000000
6487	OpenWetRich	1.51000000	161.68159163	6.00000000
6754	OpenWetRich	1.15000000	33.96018900	0.00000000
6755	OpenWetRich	2.18000000	161.19209336	0.00000000
6756	OpenWetRich	2.98000000	245.39553707	0.00000000
6757	OpenWetRich	3.82000000	299.80951177	0.00000000
6758	OpenWetRich	3.88000000	291.32229021	0.00000000
6773	OpenWetRich	2.74000000	230.72844195	17.00000000
6774	OpenWetRich	3.68000000	268.67377384	0.00000000
7050	OpenWetRich	1.31000000	92.09318739	0.00000000
7051	OpenWetRich	2.28000000	156.06073131	0.00000000
7052	OpenWetRich	2.97000000	206.33298284	0.00000000
7053	OpenWetRich	3.87000000	244.94745837	0.00000000
7068	OpenWetRich	2.72000000	211.27531534	8.00000000
7069	OpenWetRich	3.69000000	222.75717720	0.00000000
7344	OpenWetRich	1.42000000	45.86584755	0.00000000
7345	OpenWetRich	2.43000000	161.72687973	0.00000000
7346	OpenWetRich	3.37000000	225.22129885	0.00000000
7347	OpenWetRich	3.18000000	206.42716564	0.00000000
7348	OpenWetRich	3.50000000	213.33160703	0.00000000
7638	OpenWetRich	2.11000000	50.77146094	0.00000000
7639	OpenWetRich	1.18000000	14.53122556	0.00000000
7640	OpenWetRich	1.78000000	51.71869112	0.00000000
7641	OpenWetRich	3.27000000	217.90239696	0.00000000
7642	OpenWetRich	3.81000000	249.14506862	0.00000000
7933	OpenWetRich	1.26000000	11.79507155	0.00000000
7934	OpenWetRich	2.61000000	31.12416120	0.00000000
7935	OpenWetRich	3.72000000	45.81030275	0.00000000
7936	OpenWetRich	3.39000000	67.69943928	16.00000000
7937	OpenWetRich	3.20000000	60.64554331	28.00000000
7952	OpenWetRich	2.21000000	148.87147131	15.00000000
8229	OpenWetRich	2.18000000	20.62454798	0.00000000
8230	OpenWetRich	2.92000000	29.40833969	0.00000000
8231	OpenWetRich	1.99000000	19.27180248	55.00000000
8246	OpenWetRich	1.84000000	98.65608932	31.00000000
8247	OpenWetRich	3.89000000	234.40702794	6.00000000
8524	OpenWetRich	1.87000000	15.54048557	23.00000000
8525	OpenWetRich	2.77000000	25.82637135	28.00000000
8540	OpenWetRich	1.70000000	28.66033374	26.00000000
8819	OpenWetRich	3.12000000	3.13695259	33.00000000
8820	OpenWetRich	3.39000000	5.25355031	13.00000000
8834	OpenWetRich	3.30000000	87.52387692	22.00000000
8835	OpenWetRich	3.65000000	54.16204623	6.00000000
9129	OpenWetRich	3.85000000	250.97832964	0.00000000
9130	OpenWetRich	4.00000000	249.96874529	0.00000000
9408	OpenWetRich	2.64000000	19.16413825	19.00000000
9409	OpenWetRich	2.63000000	0.11486213	7.00000000
9423	OpenWetRich	2.60000000	210.58296552	15.00000000
9424	OpenWetRich	3.85000000	342.88403421	0.00000000
9425	OpenWetRich	3.78000000	305.97201170	0.00000000
9703	OpenWetRich	3.42000000	14.49919206	13.00000000
9717	OpenWetRich	3.19000000	234.35796389	26.00000000
9718	OpenWetRich	3.87000000	363.06029780	0.00000000
9719	OpenWetRich	2.42000000	248.85859437	31.00000000
9720	OpenWetRich	1.37000000	137.73098965	32.00000000
10010	OpenWetRich	1.94000000	118.76976863	35.00000000
10011	OpenWetRich	3.88000000	289.62508179	5.00000000
10012	OpenWetRich	3.88000000	387.42241720	0.00000000
10013	OpenWetRich	2.99000000	318.67931700	0.00000000
10014	OpenWetRich	2.93000000	302.20523238	20.00000000
10293	OpenWetRich	3.19000000	3.41682129	13.00000000
10304	OpenWetRich	2.90000000	225.46518706	28.00000000
10305	OpenWetRich	3.82000000	370.63722249	3.00000000
10306	OpenWetRich	3.77000000	380.63828229	0.00000000
10307	OpenWetRich	2.42000000	235.18103213	0.00000000
10597	OpenWetRich	1.34000000	82.05559446	15.00000000
10598	OpenWetRich	3.01000000	212.18177953	20.00000000
10599	OpenWetRich	3.68000000	286.86416844	0.00000000
10600	OpenWetRich	3.43000000	349.09662999	0.00000000
10601	OpenWetRich	3.33000000	331.07644556	0.00000000
10602	OpenWetRich	3.46000000	382.44446483	0.00000000
10878	OpenWetRich	1.36000000	106.63712178	10.00000000
10879	OpenWetRich	2.37000000	1.66620502	27.00000000
10892	OpenWetRich	2.99000000	169.46592166	0.00000000
10893	OpenWetRich	3.81000000	263.34288456	0.00000000
10894	OpenWetRich	3.55000000	271.11813788	0.00000000
11170	OpenWetRich	2.44000000	241.65195413	18.00000000
11172	OpenWetRich	2.72000000	240.22248730	11.00000000
11173	OpenWetRich	2.56000000	213.27424373	0.00000000
11174	OpenWetRich	1.80000000	71.64681566	0.00000000
11464	OpenWetRich	2.99000000	151.43555753	0.00000000
11465	OpenWetRich	3.44000000	312.66598383	0.00000000
11466	OpenWetRich	3.60000000	319.87761834	0.00000000
11467	OpenWetRich	3.86000000	330.23876911	0.00000000
11468	OpenWetRich	3.79000000	315.74585285	0.00000000
11757	OpenWetRich	1.30000000	29.98634435	0.00000000
11758	OpenWetRich	3.02000000	26.89420617	7.00000000
11759	OpenWetRich	3.03000000	17.92343135	22.00000000
11761	OpenWetRich	3.73000000	314.26585526	0.00000000
11762	OpenWetRich	3.56000000	296.58449825	0.00000000
11763	OpenWetRich	3.88000000	225.77078154	0.00000000
11775	OpenWetRich	1.07000000	5.37038170	7.00000000
12051	OpenWetRich	1.34000000	34.55028844	17.00000000
12053	OpenWetRich	1.16000000	3.29483736	55.00000000
12054	OpenWetRich	3.19000000	0.00000000	14.00000000
12055	OpenWetRich	3.23000000	2.50434724	34.00000000
12056	OpenWetRich	3.17000000	79.03950829	41.00000000
12070	OpenWetRich	2.87000000	166.75135533	12.00000000
12346	OpenWetRich	1.15000000	34.35189076	34.00000000
12348	OpenWetRich	2.68000000	14.79203209	36.00000000
12349	OpenWetRich	3.72000000	0.00000000	14.00000000
12350	OpenWetRich	3.81000000	21.96269565	4.00000000
12364	OpenWetRich	2.85000000	228.76852493	11.00000000
12365	OpenWetRich	3.93000000	315.45974745	0.00000000
12366	OpenWetRich	3.83000000	295.83563472	0.00000000
12641	OpenWetRich	1.86000000	81.46124680	21.00000000
12642	OpenWetRich	2.46000000	115.41969351	22.00000000
12643	OpenWetRich	2.48000000	137.12260598	26.00000000
12644	OpenWetRich	1.77000000	61.04365925	23.00000000
12645	OpenWetRich	2.85000000	81.27850634	42.00000000
12648	OpenWetRich	3.29000000	29.17132666	26.00000000
12658	OpenWetRich	2.38000000	191.44746436	5.00000000
12659	OpenWetRich	2.20000000	181.21606884	45.00000000
12661	OpenWetRich	3.10000000	252.50838988	3.00000000
12937	OpenWetRich	2.63000000	172.67943494	0.00000000
12938	OpenWetRich	3.43000000	300.71247138	0.00000000
12939	OpenWetRich	3.37000000	281.56640326	13.00000000
12940	OpenWetRich	3.17000000	262.81841950	0.00000000
12941	OpenWetRich	2.94000000	192.39391473	0.00000000
12942	OpenWetRich	2.07000000	61.15936560	0.00000000
12943	OpenWetRich	1.50000000	19.50930094	34.00000000
12952	OpenWetRich	1.18000000	81.03575305	0.00000000
12953	OpenWetRich	3.85000000	314.21989888	0.00000000
12954	OpenWetRich	3.56000000	295.59528365	9.00000000
12955	OpenWetRich	1.51000000	125.29001607	34.00000000
12956	OpenWetRich	3.13000000	253.60301172	8.00000000
13235	OpenWetRich	3.14000000	276.50791899	0.00000000
13236	OpenWetRich	3.02000000	232.33054832	0.00000000
13237	OpenWetRich	2.99000000	138.82016069	0.00000000
13247	OpenWetRich	1.12000000	21.94343337	0.00000000
13248	OpenWetRich	3.76000000	260.12350938	0.00000000
13249	OpenWetRich	3.70000000	293.88476675	0.00000000
13250	OpenWetRich	2.76000000	216.25408039	41.00000000
13251	OpenWetRich	3.76000000	244.39431399	0.00000000
13530	OpenWetRich	3.69000000	312.38133393	0.00000000
13531	OpenWetRich	3.55000000	253.32144327	0.00000000
13532	OpenWetRich	1.23000000	65.64792026	1.00000000
13825	OpenWetRich	3.91000000	300.38526715	0.00000000
13826	OpenWetRich	2.60000000	167.85662949	0.00000000
14120	OpenWetRich	3.68000000	169.36413533	0.00000000
14121	OpenWetRich	1.94000000	75.30932402	1.00000000
14416	OpenWetRich	1.29000000	18.72955477	5.00000000
15593	OpenWetRich	1.00000000	44.05825797	0.00000000
15594	OpenWetRich	3.05000000	147.82262623	0.00000000
15595	OpenWetRich	2.10000000	93.75289474	2.00000000
15610	OpenWetRich	3.74000000	290.75313628	14.00000000
15611	OpenWetRich	3.14000000	304.77866484	31.00000000
15888	OpenWetRich	2.65000000	125.19654969	0.00000000
15890	OpenWetRich	2.65000000	175.36524980	11.00000000
15905	OpenWetRich	3.93000000	379.56362688	1.00000000
15906	OpenWetRich	2.93000000	288.46339791	48.00000000
16180	OpenWetRich	3.10000000	332.13358296	0.00000000
16181	OpenWetRich	3.62000000	247.83451956	0.00000000
16183	OpenWetRich	3.55000000	211.05976922	15.00000000
16184	OpenWetRich	1.55000000	122.81958821	32.00000000
16200	OpenWetRich	3.96000000	353.93155784	0.00000000
16475	OpenWetRich	3.03000000	377.42110318	0.00000000
16476	OpenWetRich	1.63000000	179.13554622	0.00000000
16477	OpenWetRich	1.64000000	148.50378725	0.00000000
16478	OpenWetRich	2.66000000	159.63193530	19.00000000
16479	OpenWetRich	1.52000000	130.05282612	8.00000000
16480	OpenWetRich	2.55000000	233.70130917	0.00000000
16491	OpenWetRich	3.32000000	0.00000000	11.00000000
16495	OpenWetRich	3.31000000	323.63694958	18.00000000
16496	OpenWetRich	3.23000000	323.80730440	3.00000000
16770	OpenWetRich	2.34000000	307.25797426	19.00000000
16771	OpenWetRich	2.38000000	288.06317795	23.00000000
16772	OpenWetRich	2.62000000	328.52842024	0.00000000
16773	OpenWetRich	2.94000000	238.56268271	14.00000000
16786	OpenWetRich	3.62000000	0.02814158	8.00000000
16790	OpenWetRich	1.80000000	88.18821829	31.00000000
17063	OpenWetRich	2.79000000	329.76357467	0.00000000
17064	OpenWetRich	3.66000000	459.96244612	10.00000000
17065	OpenWetRich	3.65000000	482.22626456	21.00000000
17066	OpenWetRich	1.70000000	196.28606308	62.00000000
17067	OpenWetRich	2.27000000	268.91750928	43.00000000
17068	OpenWetRich	3.30000000	212.86950541	20.00000000
17069	OpenWetRich	3.32000000	216.00414771	16.00000000
17358	OpenWetRich	1.62000000	111.33439505	0.00000000
17359	OpenWetRich	3.74000000	410.47464551	0.00000000
17360	OpenWetRich	3.86000000	446.65571674	0.00000000
17361	OpenWetRich	3.67000000	413.07173507	8.00000000
17362	OpenWetRich	3.64000000	238.20501532	13.00000000
17363	OpenWetRich	3.17000000	103.25141554	22.00000000
17364	OpenWetRich	3.50000000	169.41609910	0.00000000
17365	OpenWetRich	1.15000000	62.19566058	13.00000000
17660	OpenWetRich	3.47000000	162.76353729	0.00000000
17661	OpenWetRich	1.19000000	53.61386519	36.00000000
17955	OpenWetRich	2.63000000	97.69743047	1.00000000
17956	OpenWetRich	1.97000000	70.85238912	35.00000000
18250	OpenWetRich	2.11000000	73.23818337	0.00000000
18545	OpenWetRich	1.01000000	37.79667196	0.00000000
18841	OpenWetRich	1.46000000	58.58830561	0.00000000
18842	OpenWetRich	3.16000000	67.95118799	0.00000000
19135	OpenWetRich	3.17000000	203.79967122	3.00000000
19136	OpenWetRich	3.84000000	121.25408054	0.00000000
19430	OpenWetRich	2.02000000	156.15786707	0.00000000
19431	OpenWetRich	2.93000000	107.85295871	0.00000000
19725	OpenWetRich	1.44000000	72.65232040	0.00000000
19726	OpenWetRich	3.49000000	133.82954842	0.00000000
19732	OpenWetRich	3.12000000	453.19437369	11.00000000
19733	OpenWetRich	3.76000000	600.32510709	0.00000000
20020	OpenWetRich	1.90000000	65.45033642	0.00000000
20021	OpenWetRich	3.48000000	94.44089784	2.00000000
20027	OpenWetRich	2.78000000	415.78567804	0.00000000
20028	OpenWetRich	3.67000000	569.88453044	0.00000000
20029	OpenWetRich	3.03000000	393.68421108	0.00000000
20315	OpenWetRich	3.12000000	97.66933787	0.00000000
20316	OpenWetRich	1.22000000	28.17963911	34.00000000
20317	OpenWetRich	1.44000000	27.14127954	16.00000000
20322	OpenWetRich	2.74000000	336.96782585	5.00000000
20323	OpenWetRich	3.30000000	402.15706317	0.00000000
20324	OpenWetRich	4.00000000	494.53662260	0.00000000
20325	OpenWetRich	1.45000000	175.64870954	0.00000000
20611	OpenWetRich	3.67000000	72.57304354	16.00000000
20612	OpenWetRich	3.14000000	91.31259779	0.00000000
20613	OpenWetRich	1.64000000	45.42168380	4.00000000
20617	OpenWetRich	2.10000000	228.15782516	25.00000000
20618	OpenWetRich	3.14000000	388.44433628	0.00000000
20619	OpenWetRich	3.92000000	511.66539552	0.00000000
20620	OpenWetRich	3.62000000	430.33434529	0.00000000
20908	OpenWetRich	2.15000000	41.36601071	2.00000000
20913	OpenWetRich	3.94000000	441.03614135	1.00000000
20914	OpenWetRich	3.69000000	421.23536431	0.00000000
20915	OpenWetRich	4.00000000	351.39003792	0.00000000
21203	OpenWetRich	1.54000000	27.01719686	3.00000000
21208	OpenWetRich	3.29000000	253.23865162	19.00000000
21209	OpenWetRich	3.87000000	286.96167854	0.00000000
21210	OpenWetRich	3.49000000	249.35949370	0.00000000
21498	OpenWetRich	1.65000000	28.94699656	2.00000000
21503	OpenWetRich	1.83000000	97.08767864	15.00000000
21504	OpenWetRich	3.72000000	210.32519562	0.00000000
21793	OpenWetRich	1.02000000	22.64053544	0.00000000
22088	OpenWetRich	1.59000000	20.91264275	0.00000000
22383	OpenWetRich	1.98000000	26.78103388	4.00000000
22406	OpenWetRich	1.93000000	30.23574063	60.00000000
22678	OpenWetRich	1.58000000	29.19637034	4.00000000
22701	OpenWetRich	3.88000000	0.91641639	16.00000000
22973	OpenWetRich	1.80000000	36.47892266	4.00000000
23274	OpenWetRich	3.05000000	173.25930385	2.00000000
23569	OpenWetRich	3.71000000	291.48199419	2.00000000
23570	OpenWetRich	3.23000000	207.00620982	0.00000000
23857	OpenWetRich	1.16000000	10.96635840	12.00000000
23864	OpenWetRich	3.23000000	256.49991414	0.00000000
23865	OpenWetRich	3.77000000	296.19596149	0.00000000
24158	OpenWetRich	1.30000000	105.33370737	0.00000000
24159	OpenWetRich	4.00000000	323.63641802	0.00000000
24160	OpenWetRich	3.97000000	297.58489779	0.00000000
24453	OpenWetRich	2.31000000	179.11988731	0.00000000
24454	OpenWetRich	4.00000000	300.18751064	0.00000000
25034	OpenWetRich	3.92000000	320.07563016	0.00000000
25035	OpenWetRich	2.43000000	111.87687514	5.00000000
25318	OpenWetRich	2.43000000	249.82325664	0.00000000
25329	OpenWetRich	4.00000000	321.86174318	0.00000000
25330	OpenWetRich	2.14000000	92.21535281	10.00000000
25603	OpenWetRich	1.46000000	298.48621061	0.00000000
25604	OpenWetRich	1.36000000	277.04277862	26.00000000
25606	OpenWetRich	2.27000000	468.82274631	0.00000000
25607	OpenWetRich	1.21000000	266.32904711	0.00000000
25611	OpenWetRich	2.96000000	357.68144861	0.00000000
25612	OpenWetRich	3.82000000	386.23636710	0.00000000
25613	OpenWetRich	3.36000000	228.49348583	0.00000000
25622	OpenWetRich	2.57000000	263.59475996	0.00000000
25623	OpenWetRich	2.73000000	213.94747923	0.00000000
25624	OpenWetRich	3.08000000	185.86923002	0.00000000
25625	OpenWetRich	1.46000000	62.11526762	0.00000000
25877	OpenWetRich	1.63000000	73.88380797	0.00000000
25899	OpenWetRich	1.46000000	317.31718019	1.00000000
25900	OpenWetRich	2.35000000	458.45588984	0.00000000
25901	OpenWetRich	1.77000000	331.82996682	0.00000000
25902	OpenWetRich	3.53000000	477.82686053	0.00000000
25903	OpenWetRich	3.38000000	450.92091876	0.00000000
25904	OpenWetRich	3.45000000	491.49117046	0.00000000
25905	OpenWetRich	3.91000000	458.04968608	0.00000000
25906	OpenWetRich	3.69000000	381.89514020	0.00000000
25907	OpenWetRich	3.74000000	290.61682488	0.00000000
25917	OpenWetRich	3.97000000	283.16124412	0.00000000
25918	OpenWetRich	3.94000000	249.55696113	0.00000000
25919	OpenWetRich	4.00000000	226.22447765	0.00000000
25920	OpenWetRich	2.72000000	131.45238114	2.00000000
26172	OpenWetRich	3.31000000	444.00568632	0.00000000
26173	OpenWetRich	3.44000000	291.34330750	0.00000000
26193	OpenWetRich	2.75000000	558.57952666	0.00000000
26194	OpenWetRich	2.83000000	645.54379884	0.00000000
26195	OpenWetRich	3.85000000	745.60415672	0.00000000
26196	OpenWetRich	2.35000000	367.98669989	0.00000000
26197	OpenWetRich	3.90000000	224.31295357	0.00000000
26198	OpenWetRich	3.42000000	151.36706008	0.00000000
26199	OpenWetRich	3.71000000	208.02235581	0.00000000
26200	OpenWetRich	3.90000000	234.22794640	0.00000000
26212	OpenWetRich	3.54000000	165.67389854	2.00000000
26213	OpenWetRich	3.61000000	209.55497636	0.00000000
26214	OpenWetRich	3.92000000	195.73096189	0.00000000
26215	OpenWetRich	1.82000000	62.93377967	2.00000000
26466	OpenWetRich	1.29000000	187.67134130	0.00000000
26467	OpenWetRich	1.82000000	261.96982969	0.00000000
26484	OpenWetRich	1.03000000	110.33081224	0.00000000
26485	OpenWetRich	2.28000000	290.94562315	0.00000000
26486	OpenWetRich	1.65000000	252.68133623	20.00000000
26487	OpenWetRich	2.51000000	349.76961160	36.00000000
26488	OpenWetRich	3.64000000	490.48594197	0.00000000
26489	OpenWetRich	3.87000000	568.14434459	0.00000000
26490	OpenWetRich	3.61000000	369.50531738	0.00000000
26495	OpenWetRich	3.93000000	34.12855510	0.00000000
26507	OpenWetRich	2.46000000	74.52305514	24.00000000
26508	OpenWetRich	3.52000000	171.64983964	2.00000000
26509	OpenWetRich	3.35000000	167.23522600	0.00000000
26761	OpenWetRich	2.30000000	330.75022204	23.00000000
26779	OpenWetRich	1.98000000	215.11109881	12.00000000
26780	OpenWetRich	1.30000000	159.00738684	43.00000000
26782	OpenWetRich	1.82000000	280.36064060	29.00000000
26783	OpenWetRich	3.94000000	497.54089803	0.00000000
26784	OpenWetRich	3.98000000	432.90012444	0.00000000
26790	OpenWetRich	3.81000000	3.66418029	0.00000000
26802	OpenWetRich	3.76000000	126.24085670	0.00000000
26803	OpenWetRich	3.28000000	152.43330888	0.00000000
26804	OpenWetRich	1.41000000	77.35134121	0.00000000
26831	OpenWetRich	1.90000000	93.44454224	55.00000000
26832	OpenWetRich	3.12000000	113.11545194	9.00000000
27062	OpenWetRich	1.01000000	182.66534532	0.00000000
27071	OpenWetRich	1.93000000	158.71598761	0.00000000
27072	OpenWetRich	2.16000000	190.08703064	0.00000000
27073	OpenWetRich	3.15000000	415.56784653	0.00000000
27074	OpenWetRich	1.99000000	224.28066982	34.00000000
27075	OpenWetRich	3.08000000	303.17390269	36.00000000
27076	OpenWetRich	3.66000000	463.76387917	28.00000000
27077	OpenWetRich	3.84000000	541.51074872	8.00000000
27078	OpenWetRich	3.86000000	418.41036561	0.00000000
27079	OpenWetRich	3.92000000	294.50295058	0.00000000
27094	OpenWetRich	2.37000000	54.56333099	6.00000000
27095	OpenWetRich	1.87000000	61.53881461	5.00000000
27102	OpenWetRich	1.35000000	30.12530195	5.00000000
27103	OpenWetRich	2.53000000	26.11074923	14.00000000
27104	OpenWetRich	1.74000000	11.02918969	17.00000000
27125	OpenWetRich	1.90000000	150.26528691	4.00000000
27127	OpenWetRich	3.77000000	244.47656081	0.00000000
27357	OpenWetRich	2.93000000	537.41499778	0.00000000
27358	OpenWetRich	2.03000000	352.19446326	19.00000000
27359	OpenWetRich	1.09000000	166.16175251	3.00000000
27365	OpenWetRich	2.06000000	174.42413583	0.00000000
27366	OpenWetRich	3.53000000	299.99135498	0.00000000
27367	OpenWetRich	3.79000000	312.25490418	0.00000000
27368	OpenWetRich	3.96000000	427.01671624	0.00000000
27369	OpenWetRich	3.89000000	417.12500042	0.00000000
27370	OpenWetRich	3.90000000	359.53406456	0.00000000
27371	OpenWetRich	3.94000000	396.73137274	0.00000000
27372	OpenWetRich	3.94000000	350.70151799	0.00000000
27373	OpenWetRich	3.76000000	207.67656444	0.00000000
27397	OpenWetRich	2.86000000	125.80367593	0.00000000
27422	OpenWetRich	3.48000000	275.93966672	3.00000000
27423	OpenWetRich	3.19000000	243.25670199	0.00000000
27424	OpenWetRich	1.66000000	110.49254886	1.00000000
27425	OpenWetRich	1.44000000	87.87380099	2.00000000
27651	OpenWetRich	1.29000000	244.59510917	0.00000000
27652	OpenWetRich	3.55000000	695.65818179	0.00000000
27653	OpenWetRich	3.10000000	479.41549625	27.00000000
27654	OpenWetRich	1.65000000	212.11318877	44.00000000
27655	OpenWetRich	1.64000000	194.29204506	22.00000000
27656	OpenWetRich	3.43000000	312.03302886	19.00000000
27657	OpenWetRich	1.22000000	31.38940952	14.00000000
27659	OpenWetRich	2.48000000	161.87120873	0.00000000
27660	OpenWetRich	3.83000000	315.68418117	0.00000000
27661	OpenWetRich	3.93000000	353.40599414	0.00000000
27662	OpenWetRich	4.00000000	390.19747147	0.00000000
27663	OpenWetRich	4.00000000	309.98419726	0.00000000
27664	OpenWetRich	3.91000000	247.87732918	0.00000000
27665	OpenWetRich	3.88000000	224.22099500	0.00000000
27678	OpenWetRich	1.64000000	44.27051322	1.00000000
27681	OpenWetRich	1.69000000	87.74441751	0.00000000
27687	OpenWetRich	2.40000000	167.96620493	22.00000000
27688	OpenWetRich	2.83000000	251.54173073	25.00000000
27692	OpenWetRich	1.10000000	61.44854430	0.00000000
27696	OpenWetRich	3.39000000	71.23811237	17.00000000
27697	OpenWetRich	1.30000000	28.31916002	22.00000000
27710	OpenWetRich	1.02000000	27.96486759	20.00000000
27711	OpenWetRich	1.70000000	32.09059957	22.00000000
27942	OpenWetRich	2.63000000	342.86230946	17.00000000
27943	OpenWetRich	1.22000000	187.13902697	0.00000000
27944	OpenWetRich	1.72000000	289.71531685	0.00000000
27946	OpenWetRich	1.21000000	215.80814130	0.00000000
27947	OpenWetRich	1.72000000	328.30202814	4.00000000
27948	OpenWetRich	1.65000000	243.35095240	5.00000000
27949	OpenWetRich	1.32000000	158.80858951	26.00000000
27954	OpenWetRich	1.61000000	93.39859433	9.00000000
27955	OpenWetRich	2.62000000	167.48321985	3.00000000
27956	OpenWetRich	3.77000000	316.84446503	0.00000000
27957	OpenWetRich	3.79000000	295.90250727	0.00000000
27971	OpenWetRich	1.46000000	11.30992606	2.00000000
27973	OpenWetRich	1.32000000	37.52601634	0.00000000
27974	OpenWetRich	3.59000000	188.58453135	0.00000000
27975	OpenWetRich	3.97000000	213.75257752	0.00000000
27976	OpenWetRich	3.58000000	191.54531390	0.00000000
27981	OpenWetRich	2.45000000	333.26978362	34.00000000
27982	OpenWetRich	3.82000000	338.51080724	0.00000000
27983	OpenWetRich	2.01000000	154.59036496	14.00000000
27986	OpenWetRich	2.02000000	193.79205846	4.00000000
27987	OpenWetRich	2.63000000	193.26651864	0.00000000
27993	OpenWetRich	1.73000000	47.93311234	10.00000000
28002	OpenWetRich	1.76000000	23.32475060	20.00000000
28003	OpenWetRich	1.77000000	31.73545474	16.00000000
28004	OpenWetRich	3.09000000	66.54186296	19.00000000
28005	OpenWetRich	2.64000000	77.08994152	1.00000000
28006	OpenWetRich	3.11000000	75.79167961	0.00000000
28007	OpenWetRich	1.99000000	54.74374644	26.00000000
28008	OpenWetRich	2.63000000	123.72268432	10.00000000
28009	OpenWetRich	3.11000000	254.46223406	27.00000000
28016	OpenWetRich	2.45000000	219.76514240	24.00000000
28017	OpenWetRich	2.81000000	257.00110492	0.00000000
28236	OpenWetRich	3.06000000	421.10888431	25.00000000
28237	OpenWetRich	3.04000000	391.82535733	5.00000000
28238	OpenWetRich	1.35000000	205.88771312	0.00000000
28251	OpenWetRich	2.70000000	184.92503775	0.00000000
28266	OpenWetRich	1.02000000	29.19745185	1.00000000
28267	OpenWetRich	1.95000000	79.27951298	0.00000000
28268	OpenWetRich	3.60000000	143.81629434	0.00000000
28269	OpenWetRich	3.95000000	207.99473167	0.00000000
28270	OpenWetRich	3.78000000	215.35116396	0.00000000
28271	OpenWetRich	3.72000000	219.61076001	0.00000000
28273	OpenWetRich	1.16000000	153.59278927	24.00000000
28274	OpenWetRich	2.70000000	323.18407592	22.00000000
28275	OpenWetRich	3.53000000	510.36299186	10.00000000
28276	OpenWetRich	3.38000000	547.38745026	0.00000000
28277	OpenWetRich	3.20000000	326.85888132	0.00000000
28278	OpenWetRich	1.09000000	110.82617434	0.00000000
28280	OpenWetRich	1.57000000	145.36175506	9.00000000
28281	OpenWetRich	2.99000000	261.58459482	6.00000000
28282	OpenWetRich	3.54000000	265.50568905	0.00000000
28288	OpenWetRich	1.40000000	46.90380083	0.00000000
28289	OpenWetRich	2.57000000	113.28261066	19.00000000
28290	OpenWetRich	1.81000000	80.37603023	17.00000000
28292	OpenWetRich	3.71000000	116.64758450	12.00000000
28293	OpenWetRich	2.22000000	15.48077863	23.00000000
28294	OpenWetRich	3.20000000	20.39128590	7.00000000
28300	OpenWetRich	2.00000000	59.69497206	21.00000000
28303	OpenWetRich	1.98000000	82.31321681	10.00000000
28305	OpenWetRich	1.29000000	74.31817030	0.00000000
28306	OpenWetRich	1.39000000	87.63112067	5.00000000
28311	OpenWetRich	1.72000000	149.04529071	0.00000000
28312	OpenWetRich	1.34000000	107.92409126	0.00000000
28560	OpenWetRich	1.39000000	55.08974675	0.00000000
28561	OpenWetRich	3.85000000	162.27517739	0.00000000
28562	OpenWetRich	3.16000000	143.78216832	0.00000000
28563	OpenWetRich	3.19000000	137.96311032	0.00000000
28564	OpenWetRich	3.80000000	165.25523406	0.00000000
28565	OpenWetRich	3.70000000	211.96894822	0.00000000
28566	OpenWetRich	3.59000000	206.24183246	0.00000000
28567	OpenWetRich	2.19000000	137.82026312	12.00000000
28568	OpenWetRich	1.86000000	199.73681003	6.00000000
28569	OpenWetRich	2.99000000	312.58629737	0.00000000
28570	OpenWetRich	3.10000000	419.01021371	0.00000000
28571	OpenWetRich	3.70000000	354.61523152	0.00000000
28572	OpenWetRich	2.41000000	173.07058574	0.00000000
28574	OpenWetRich	3.51000000	386.08138570	0.00000000
28575	OpenWetRich	3.65000000	263.15378537	0.00000000
28576	OpenWetRich	1.90000000	113.45215340	0.00000000
28577	OpenWetRich	2.34000000	147.11493019	0.00000000
28592	OpenWetRich	1.34000000	13.79349238	10.00000000
28601	OpenWetRich	3.33000000	429.75036606	4.00000000
28602	OpenWetRich	2.51000000	391.30159835	23.00000000
28606	OpenWetRich	3.23000000	167.58450757	0.00000000
28607	OpenWetRich	1.90000000	109.89277761	0.00000000
28850	OpenWetRich	2.21000000	4.02230601	11.00000000
28853	OpenWetRich	1.99000000	80.51880854	0.00000000
28854	OpenWetRich	3.58000000	161.77687995	0.00000000
28855	OpenWetRich	3.66000000	173.25613915	0.00000000
28856	OpenWetRich	3.99000000	182.85101305	0.00000000
28857	OpenWetRich	3.59000000	143.21509140	0.00000000
28858	OpenWetRich	2.84000000	125.46653309	26.00000000
28859	OpenWetRich	3.81000000	159.37763752	0.00000000
28860	OpenWetRich	3.85000000	146.57811286	0.00000000
28861	OpenWetRich	1.15000000	26.79397901	0.00000000
28862	OpenWetRich	2.50000000	59.98702605	0.00000000
28864	OpenWetRich	1.87000000	100.71032003	0.00000000
28865	OpenWetRich	3.17000000	207.42062904	0.00000000
28866	OpenWetRich	2.75000000	155.97966690	0.00000000
28867	OpenWetRich	1.94000000	104.32404996	0.00000000
28869	OpenWetRich	1.16000000	115.74375211	0.00000000
28891	OpenWetRich	1.34000000	44.68917678	0.00000000
28892	OpenWetRich	1.44000000	38.93509775	12.00000000
29099	OpenWetRich	1.93000000	366.79901617	77.00000000
29100	OpenWetRich	1.24000000	243.37098272	19.00000000
29137	OpenWetRich	2.84000000	237.02324663	4.00000000
29147	OpenWetRich	3.66000000	166.95750838	0.00000000
29148	OpenWetRich	2.56000000	166.31019747	0.00000000
29149	OpenWetRich	3.87000000	332.93001849	0.00000000
29150	OpenWetRich	3.22000000	275.71658005	0.00000000
29151	OpenWetRich	2.30000000	132.19503336	0.00000000
29153	OpenWetRich	1.92000000	137.48672007	19.00000000
29154	OpenWetRich	3.92000000	169.45268364	1.00000000
29155	OpenWetRich	2.55000000	101.44525245	0.00000000
29159	OpenWetRich	1.26000000	28.60680407	0.00000000
29187	OpenWetRich	1.02000000	15.97711173	0.00000000
29389	OpenWetRich	1.66000000	403.66702221	0.00000000
29390	OpenWetRich	3.11000000	781.86178954	11.00000000
29393	OpenWetRich	1.74000000	449.51982743	55.00000000
29394	OpenWetRich	3.84000000	845.39767040	19.00000000
29395	OpenWetRich	2.57000000	530.78333660	0.00000000
29428	OpenWetRich	1.08000000	104.06962188	1.00000000
29442	OpenWetRich	3.85000000	245.99403410	0.00000000
29443	OpenWetRich	2.42000000	207.22840372	0.00000000
29444	OpenWetRich	3.20000000	314.19769896	1.00000000
29445	OpenWetRich	1.93000000	240.28844050	20.00000000
29447	OpenWetRich	2.93000000	601.06162657	30.00000000
29448	OpenWetRich	2.28000000	414.19606823	0.00000000
29449	OpenWetRich	1.57000000	137.15649309	0.00000000
29450	OpenWetRich	2.72000000	102.48268083	0.00000000
29683	OpenWetRich	1.29000000	280.13667041	0.00000000
29684	OpenWetRich	3.63000000	920.81718659	5.00000000
29685	OpenWetRich	2.91000000	836.57052833	57.00000000
29687	OpenWetRich	1.99000000	508.13570149	48.00000000
29688	OpenWetRich	3.59000000	863.18046254	24.00000000
29689	OpenWetRich	3.32000000	655.89982740	22.00000000
29690	OpenWetRich	3.21000000	613.93084397	57.00000000
29691	OpenWetRich	1.38000000	292.25779691	81.00000000
29723	OpenWetRich	3.82000000	429.60646337	0.00000000
29724	OpenWetRich	3.69000000	526.64572967	1.00000000
29737	OpenWetRich	3.92000000	306.08934716	0.00000000
29738	OpenWetRich	3.38000000	339.56408865	7.00000000
29739	OpenWetRich	1.43000000	174.63213882	19.00000000
29741	OpenWetRich	3.56000000	952.39659912	7.00000000
29742	OpenWetRich	3.19000000	811.85018930	0.00000000
29743	OpenWetRich	2.71000000	597.20264830	0.00000000
29744	OpenWetRich	3.04000000	519.51100919	0.00000000
29745	OpenWetRich	1.69000000	92.76400636	0.00000000
29785	OpenWetRich	1.55000000	39.08868285	4.00000000
29978	OpenWetRich	3.12000000	680.75801825	24.00000000
29979	OpenWetRich	3.28000000	786.62508346	7.00000000
29981	OpenWetRich	2.49000000	731.12556397	61.00000000
29982	OpenWetRich	2.85000000	643.17250710	45.00000000
30018	OpenWetRich	2.32000000	248.38899772	12.00000000
30019	OpenWetRich	2.83000000	378.99371447	0.00000000
30022	OpenWetRich	1.24000000	134.10842797	0.00000000
30023	OpenWetRich	3.33000000	221.25553035	5.00000000
30024	OpenWetRich	2.63000000	99.45272104	2.00000000
30025	OpenWetRich	1.18000000	56.94832175	0.00000000
30026	OpenWetRich	3.04000000	146.38267508	0.00000000
30032	OpenWetRich	3.63000000	369.00805944	16.00000000
30033	OpenWetRich	1.32000000	209.82410770	24.00000000
30035	OpenWetRich	1.73000000	584.53648059	22.00000000
30036	OpenWetRich	1.89000000	608.86669543	0.00000000
30079	OpenWetRich	1.75000000	45.23551047	53.00000000
30080	OpenWetRich	1.75000000	47.72960901	0.00000000
30272	OpenWetRich	3.22000000	518.94101471	23.00000000
30273	OpenWetRich	1.04000000	223.74760568	19.00000000
30274	OpenWetRich	1.19000000	270.77687890	25.00000000
30275	OpenWetRich	2.69000000	649.36474403	65.00000000
30276	OpenWetRich	1.69000000	441.95216036	0.00000000
30278	OpenWetRich	2.18000000	351.39106728	10.00000000
30279	OpenWetRich	1.41000000	229.86471824	47.00000000
30315	OpenWetRich	1.16000000	96.94765214	0.00000000
30317	OpenWetRich	1.16000000	87.22462294	16.00000000
30318	OpenWetRich	3.16000000	221.63082460	6.00000000
30319	OpenWetRich	3.74000000	228.99125435	0.00000000
30320	OpenWetRich	3.63000000	381.74882129	0.00000000
30321	OpenWetRich	3.68000000	395.21688714	0.00000000
30322	OpenWetRich	3.76000000	317.74773709	0.00000000
30323	OpenWetRich	3.98000000	173.90051721	0.00000000
30324	OpenWetRich	3.98000000	175.52073259	0.00000000
30325	OpenWetRich	3.98000000	166.82465246	0.00000000
30326	OpenWetRich	3.78000000	294.30084769	0.00000000
30327	OpenWetRich	2.74000000	500.82662960	22.00000000
30362	OpenWetRich	3.56000000	3.37932569	19.00000000
30365	OpenWetRich	3.82000000	93.87093431	6.00000000
30366	OpenWetRich	3.08000000	73.06359916	23.00000000
30374	OpenWetRich	1.07000000	28.69998562	0.00000000
30375	OpenWetRich	1.34000000	47.24301868	0.00000000
30568	OpenWetRich	3.11000000	574.54285845	22.00000000
30569	OpenWetRich	2.90000000	590.96785244	78.00000000
30610	OpenWetRich	2.99000000	295.32969421	0.00000000
30611	OpenWetRich	3.93000000	535.44667821	0.00000000
30612	OpenWetRich	2.50000000	340.44522593	0.00000000
30618	OpenWetRich	3.70000000	301.98676989	0.00000000
30619	OpenWetRich	3.67000000	246.98415014	0.00000000
30620	OpenWetRich	3.45000000	366.22670011	0.00000000
30621	OpenWetRich	3.21000000	640.67658903	0.00000000
30622	OpenWetRich	1.59000000	410.72138343	11.00000000
30657	OpenWetRich	2.73000000	2.59144920	39.00000000
30660	OpenWetRich	3.66000000	78.24609961	7.00000000
30860	OpenWetRich	1.65000000	188.45109057	0.00000000
30861	OpenWetRich	3.87000000	483.22918625	14.00000000
30863	OpenWetRich	2.37000000	334.40965279	34.00000000
30864	OpenWetRich	3.57000000	520.96472836	15.00000000
30904	OpenWetRich	1.87000000	167.42898551	16.00000000
30905	OpenWetRich	3.34000000	458.49765916	30.00000000
30906	OpenWetRich	3.11000000	466.22346196	24.00000000
30907	OpenWetRich	3.45000000	522.96271212	3.00000000
30912	OpenWetRich	3.04000000	361.76147505	0.00000000
30913	OpenWetRich	3.66000000	385.60756881	0.00000000
30914	OpenWetRich	3.78000000	456.69575006	0.00000000
30915	OpenWetRich	3.79000000	767.77707039	3.00000000
30916	OpenWetRich	3.38000000	893.47636000	0.00000000
30917	OpenWetRich	1.74000000	535.22332602	34.00000000
31156	OpenWetRich	1.40000000	277.05294213	25.00000000
31157	OpenWetRich	1.16000000	183.30513510	33.00000000
31165	OpenWetRich	1.04000000	144.60048714	14.00000000
31166	OpenWetRich	1.19000000	173.61617285	18.00000000
31167	OpenWetRich	1.86000000	285.27948909	10.00000000
31168	OpenWetRich	2.43000000	347.28871285	8.00000000
31198	OpenWetRich	2.36000000	182.93582179	1.00000000
31199	OpenWetRich	3.26000000	286.00864336	27.00000000
31200	OpenWetRich	3.17000000	423.11113326	33.00000000
31202	OpenWetRich	1.76000000	258.08141573	9.00000000
31203	OpenWetRich	3.53000000	456.78511680	0.00000000
31204	OpenWetRich	3.58000000	491.62123220	0.00000000
31205	OpenWetRich	3.92000000	474.13570373	0.00000000
31206	OpenWetRich	3.85000000	678.95681360	0.00000000
31207	OpenWetRich	3.63000000	740.43325745	0.00000000
31208	OpenWetRich	3.72000000	703.38193226	0.00000000
31209	OpenWetRich	2.98000000	516.37334794	10.00000000
31210	OpenWetRich	2.34000000	541.52223630	44.00000000
31451	OpenWetRich	3.12000000	710.86664662	18.00000000
31452	OpenWetRich	2.81000000	532.07403935	41.00000000
31453	OpenWetRich	2.98000000	432.91290116	15.00000000
31456	OpenWetRich	1.96000000	150.61742039	31.00000000
31494	OpenWetRich	2.26000000	291.71192278	0.00000000
31498	OpenWetRich	3.34000000	651.73488684	3.00000000
31499	OpenWetRich	3.85000000	949.08492581	0.00000000
31500	OpenWetRich	3.83000000	1142.60276246	0.00000000
31501	OpenWetRich	3.72000000	1102.53638002	0.00000000
31502	OpenWetRich	1.54000000	368.08851983	0.00000000
31503	OpenWetRich	1.80000000	379.73187755	14.00000000
31746	OpenWetRich	1.14000000	281.33467110	50.00000000
31747	OpenWetRich	1.54000000	306.26331179	7.00000000
31755	OpenWetRich	3.08000000	283.64333087	17.00000000
31794	OpenWetRich	3.37000000	818.57285042	0.00000000
31795	OpenWetRich	3.46000000	1093.68584024	16.00000000
31796	OpenWetRich	2.36000000	772.98548153	41.00000000
32048	OpenWetRich	1.18000000	116.93937115	42.00000000
32049	OpenWetRich	3.13000000	263.87677094	17.00000000
32091	OpenWetRich	3.10000000	1044.11826212	18.00000000
32092	OpenWetRich	1.74000000	616.86720460	0.00000000
32338	OpenWetRich	2.46000000	333.86712324	13.00000000
32339	OpenWetRich	1.90000000	228.14098958	24.00000000
32340	OpenWetRich	1.43000000	110.99534190	18.00000000
32341	OpenWetRich	1.91000000	140.53912422	17.00000000
32342	OpenWetRich	1.05000000	97.79672652	0.00000000
32629	OpenWetRich	2.10000000	248.24252551	18.00000000
32634	OpenWetRich	2.16000000	243.41406811	16.00000000
32635	OpenWetRich	2.76000000	218.59869162	15.00000000
32636	OpenWetRich	2.44000000	198.61877138	31.00000000
32637	OpenWetRich	1.72000000	165.37627424	12.00000000
32929	OpenWetRich	2.80000000	215.21414153	10.00000000
32930	OpenWetRich	2.02000000	124.70910579	59.00000000
32931	OpenWetRich	1.94000000	149.26297592	69.00000000
33218	OpenWetRich	1.57000000	85.83246141	0.00000000
33224	OpenWetRich	2.79000000	213.76626442	33.00000000
33513	OpenWetRich	2.07000000	123.19746536	0.00000000
33514	OpenWetRich	1.83000000	144.29273236	27.00000000
33519	OpenWetRich	1.87000000	126.45459300	28.00000000
33809	OpenWetRich	2.40000000	200.95868610	28.00000000
33810	OpenWetRich	1.78000000	134.65675212	8.00000000
34104	OpenWetRich	2.42000000	193.17829551	0.00000000
34404	OpenWetRich	2.89000000	125.03310524	21.00000000
34985	OpenWetRich	3.10000000	176.31438924	21.00000000
34991	OpenWetRich	1.86000000	108.49571556	28.00000000
35280	OpenWetRich	3.46000000	226.55445268	0.00000000
35286	OpenWetRich	3.58000000	412.13496358	18.00000000
35575	OpenWetRich	2.61000000	199.97841608	3.00000000
35876	OpenWetRich	3.39000000	470.52463667	28.00000000
35877	OpenWetRich	2.25000000	291.05260859	64.00000000
35878	OpenWetRich	3.05000000	395.44410688	7.00000000
36164	OpenWetRich	3.21000000	270.45268233	18.00000000
36165	OpenWetRich	1.04000000	95.99951528	77.00000000
36168	OpenWetRich	1.10000000	87.81241098	6.00000000
36171	OpenWetRich	3.67000000	493.13800669	48.00000000
36172	OpenWetRich	1.63000000	216.59442813	96.00000000
36173	OpenWetRich	2.49000000	290.92143013	59.00000000
36464	OpenWetRich	2.59000000	150.62065042	11.00000000
36465	OpenWetRich	3.69000000	285.20351456	0.00000000
36466	OpenWetRich	2.16000000	266.97046136	4.00000000
36467	OpenWetRich	1.79000000	210.31968417	27.00000000
36468	OpenWetRich	3.82000000	361.35343440	15.00000000
36469	OpenWetRich	2.40000000	133.75656196	65.00000000
36741	OpenWetRich	3.03000000	314.49831748	44.00000000
36743	OpenWetRich	3.30000000	369.87255889	31.00000000
36744	OpenWetRich	1.72000000	200.83320076	29.00000000
36751	OpenWetRich	2.56000000	139.41792192	7.00000000
36757	OpenWetRich	1.76000000	69.64687148	29.00000000
36761	OpenWetRich	1.24000000	23.28197945	30.00000000
36762	OpenWetRich	2.50000000	82.35975734	27.00000000
37037	OpenWetRich	2.81000000	296.70996085	57.00000000
37038	OpenWetRich	3.45000000	404.06297656	21.00000000
37039	OpenWetRich	3.83000000	562.47537593	11.00000000
37043	OpenWetRich	2.99000000	334.47168452	21.00000000
37044	OpenWetRich	1.65000000	149.21523241	29.00000000
37326	OpenWetRich	1.25000000	63.98426097	32.00000000
37327	OpenWetRich	2.89000000	146.96261972	53.00000000
37333	OpenWetRich	2.84000000	336.22734519	53.00000000
37334	OpenWetRich	2.73000000	453.47964911	39.00000000
37335	OpenWetRich	3.77000000	567.49749618	9.00000000
37336	OpenWetRich	3.34000000	421.00332499	17.00000000
37337	OpenWetRich	1.44000000	176.80093439	33.00000000
37623	OpenWetRich	3.25000000	218.18903708	25.00000000
37629	OpenWetRich	1.09000000	171.58307892	27.00000000
37630	OpenWetRich	1.20000000	180.49354018	40.00000000
37633	OpenWetRich	1.00000000	138.17795376	5.00000000
37634	OpenWetRich	1.06000000	97.50098314	23.00000000
37635	OpenWetRich	1.44000000	109.20363020	22.00000000
37928	OpenWetRich	3.15000000	320.50808285	29.00000000
38221	OpenWetRich	1.12000000	128.54130094	44.00000000
38222	OpenWetRich	3.57000000	283.04476240	25.00000000
38512	OpenWetRich	1.06000000	215.61366065	11.00000000
38515	OpenWetRich	1.65000000	245.03311909	65.00000000
39073	OpenWetRich	1.09000000	214.82352150	17.00000000
39368	OpenWetRich	3.06000000	542.29126439	8.00000000
39397	OpenWetRich	1.92000000	384.39246100	31.00000000
39665	OpenWetRich	2.10000000	481.97081615	23.00000000
39666	OpenWetRich	2.32000000	586.77687467	0.00000000
39667	OpenWetRich	2.73000000	637.84246509	0.00000000
39958	OpenWetRich	3.00000000	247.80064430	16.00000000
39959	OpenWetRich	2.52000000	373.86999412	9.00000000
39960	OpenWetRich	1.64000000	325.49255188	42.00000000
39961	OpenWetRich	1.00000000	203.57630340	48.00000000
39963	OpenWetRich	1.33000000	247.53002758	34.00000000
39964	OpenWetRich	3.06000000	564.10672673	21.00000000
39965	OpenWetRich	3.07000000	556.56106862	10.00000000
39966	OpenWetRich	3.70000000	706.35520468	7.00000000
39967	OpenWetRich	1.73000000	289.77046959	21.00000000
39968	OpenWetRich	1.15000000	116.27866250	15.00000000
39969	OpenWetRich	3.05000000	290.89071480	19.00000000
39989	OpenWetRich	1.51000000	217.26591941	26.00000000
40249	OpenWetRich	3.29000000	856.69967418	17.00000000
40250	OpenWetRich	2.15000000	272.77841787	4.00000000
40254	OpenWetRich	3.40000000	471.23284073	6.00000000
40255	OpenWetRich	1.77000000	355.01937029	40.00000000
40257	OpenWetRich	1.46000000	313.58082099	23.00000000
40263	OpenWetRich	3.09000000	448.17909105	39.00000000
40284	OpenWetRich	2.08000000	429.52628731	23.00000000
40544	OpenWetRich	2.38000000	666.75485700	13.00000000
40545	OpenWetRich	3.18000000	499.11527912	7.00000000
40549	OpenWetRich	1.99000000	260.59750195	15.00000000
40551	OpenWetRich	2.64000000	565.03173483	44.00000000
40556	OpenWetRich	1.36000000	263.99065191	38.00000000
40559	OpenWetRich	1.46000000	191.45674844	7.00000000
40577	OpenWetRich	1.28000000	416.19758018	5.00000000
40578	OpenWetRich	1.33000000	394.82330685	12.00000000
40579	OpenWetRich	2.34000000	574.17176125	3.00000000
40826	OpenWetRich	1.77000000	309.36340381	23.00000000
40828	OpenWetRich	1.02000000	120.67991580	17.00000000
40844	OpenWetRich	2.78000000	360.72610409	47.00000000
40845	OpenWetRich	3.68000000	612.18903913	24.00000000
40846	OpenWetRich	1.87000000	374.20475891	49.00000000
40848	OpenWetRich	2.31000000	464.69087862	53.00000000
40849	OpenWetRich	1.95000000	372.97130799	24.00000000
40850	OpenWetRich	1.29000000	252.18792239	10.00000000
40855	OpenWetRich	3.08000000	283.82569530	19.00000000
40872	OpenWetRich	1.58000000	484.29803725	0.00000000
40873	OpenWetRich	2.44000000	705.91856826	42.00000000
40874	OpenWetRich	3.72000000	917.42550747	0.00000000
41118	OpenWetRich	1.96000000	266.08119186	32.00000000
41119	OpenWetRich	2.48000000	539.70966430	24.00000000
41120	OpenWetRich	3.82000000	1028.95440633	0.00000000
41121	OpenWetRich	3.56000000	876.71660031	20.00000000
41124	OpenWetRich	1.52000000	245.50333374	41.00000000
41125	OpenWetRich	2.99000000	514.75367791	18.00000000
41140	OpenWetRich	2.59000000	334.53968591	17.00000000
41141	OpenWetRich	2.19000000	315.44238940	22.00000000
41150	OpenWetRich	2.35000000	455.91893745	27.00000000
41168	OpenWetRich	1.45000000	392.70059514	22.00000000
41412	OpenWetRich	2.95000000	434.01185937	16.00000000
41419	OpenWetRich	2.76000000	418.51042693	44.00000000
41420	OpenWetRich	1.14000000	197.16700103	0.00000000
41438	OpenWetRich	2.42000000	491.58714844	3.00000000
41439	OpenWetRich	2.73000000	512.23490828	23.00000000
41440	OpenWetRich	1.64000000	250.52492285	34.00000000
41442	OpenWetRich	1.51000000	209.40341526	24.00000000
41443	OpenWetRich	2.12000000	358.49194142	13.00000000
41444	OpenWetRich	2.28000000	506.72024356	28.00000000
41445	OpenWetRich	2.47000000	535.49480815	36.00000000
41446	OpenWetRich	3.58000000	668.57539150	0.00000000
41447	OpenWetRich	3.66000000	682.14209248	9.00000000
41448	OpenWetRich	2.59000000	403.69221352	28.00000000
41685	OpenWetRich	1.01000000	157.26953295	9.00000000
41707	OpenWetRich	3.74000000	570.23953920	19.00000000
41710	OpenWetRich	1.74000000	450.60482186	44.00000000
41711	OpenWetRich	2.65000000	671.33462308	6.00000000
41715	OpenWetRich	1.58000000	226.69461578	1.00000000
41736	OpenWetRich	3.51000000	279.74965970	21.00000000
41741	OpenWetRich	1.32000000	260.42325495	31.00000000
41742	OpenWetRich	2.86000000	640.25785247	22.00000000
41743	OpenWetRich	2.92000000	541.32869009	0.00000000
41744	OpenWetRich	1.85000000	248.17843275	20.00000000
41745	OpenWetRich	2.14000000	321.37362590	32.00000000
41746	OpenWetRich	3.25000000	474.95238018	10.00000000
41996	OpenWetRich	2.69000000	354.05793374	22.00000000
41997	OpenWetRich	3.38000000	243.38991357	14.00000000
41998	OpenWetRich	2.37000000	29.75145178	21.00000000
42001	OpenWetRich	1.75000000	84.82551824	33.00000000
42002	OpenWetRich	1.01000000	147.49513125	29.00000000
42010	OpenWetRich	2.08000000	310.83302939	8.00000000
42034	OpenWetRich	2.49000000	412.15492292	23.00000000
42036	OpenWetRich	3.88000000	785.46505285	2.00000000
42037	OpenWetRich	3.73000000	829.41734071	0.00000000
42038	OpenWetRich	2.60000000	471.87219377	12.00000000
42041	OpenWetRich	2.18000000	306.06236704	33.00000000
42042	OpenWetRich	3.40000000	499.25282532	13.00000000
42288	OpenWetRich	1.70000000	543.61620693	38.00000000
42289	OpenWetRich	2.03000000	554.79103720	43.00000000
42290	OpenWetRich	2.28000000	390.52664992	56.00000000
42291	OpenWetRich	1.75000000	233.09842424	7.00000000
42306	OpenWetRich	3.22000000	895.53482705	11.00000000
42315	OpenWetRich	1.74000000	209.86763419	13.00000000
42316	OpenWetRich	3.16000000	381.86558595	23.00000000
42317	OpenWetRich	3.90000000	460.94102291	11.00000000
42331	OpenWetRich	2.80000000	554.47405790	0.00000000
42332	OpenWetRich	2.87000000	446.60639803	14.00000000
42333	OpenWetRich	1.65000000	206.87766711	47.00000000
42338	OpenWetRich	2.80000000	476.78721076	33.00000000
42340	OpenWetRich	1.73000000	298.92759938	24.00000000
42344	OpenWetRich	1.81000000	372.99900423	5.00000000
42347	OpenWetRich	1.27000000	236.05360203	31.00000000
42583	OpenWetRich	1.56000000	504.82087362	6.00000000
42584	OpenWetRich	3.29000000	892.63311808	0.00000000
42601	OpenWetRich	1.14000000	307.54758274	0.00000000
42612	OpenWetRich	2.50000000	265.28188159	32.00000000
42634	OpenWetRich	2.46000000	473.70866361	53.00000000
42877	OpenWetRich	2.89000000	889.64369864	2.00000000
42878	OpenWetRich	3.68000000	979.95848893	21.00000000
42879	OpenWetRich	3.36000000	531.26562014	33.00000000
42903	OpenWetRich	2.08000000	396.54432715	51.00000000
42907	OpenWetRich	1.42000000	108.71611154	38.00000000
42920	OpenWetRich	2.25000000	179.60173083	54.00000000
42929	OpenWetRich	1.11000000	207.30118913	6.00000000
42930	OpenWetRich	3.57000000	676.18328549	19.00000000
42931	OpenWetRich	3.60000000	556.72831059	12.00000000
42932	OpenWetRich	2.40000000	335.52028515	12.00000000
43172	OpenWetRich	3.44000000	807.56230335	0.00000000
43173	OpenWetRich	1.44000000	276.37365096	48.00000000
43174	OpenWetRich	2.83000000	178.09416068	31.00000000
43198	OpenWetRich	1.54000000	304.30921567	11.00000000
43214	OpenWetRich	3.59000000	663.97287205	18.00000000
43223	OpenWetRich	3.30000000	351.77632169	26.00000000
43229	OpenWetRich	2.68000000	173.66705473	22.00000000
43460	OpenWetRich	1.30000000	317.83001122	12.00000000
43461	OpenWetRich	2.40000000	627.63914681	4.00000000
43462	OpenWetRich	2.91000000	788.43995135	2.00000000
43463	OpenWetRich	2.85000000	746.49893838	0.00000000
43464	OpenWetRich	1.45000000	312.06848000	0.00000000
43468	OpenWetRich	2.94000000	151.51043754	36.00000000
43509	OpenWetRich	3.14000000	828.32314516	2.00000000
43520	OpenWetRich	3.50000000	367.65828085	14.00000000
43521	OpenWetRich	1.40000000	92.60191989	26.00000000
43524	OpenWetRich	2.94000000	249.97781711	13.00000000
43732	OpenWetRich	2.39000000	95.48095820	22.00000000
43757	OpenWetRich	2.94000000	663.87537904	0.00000000
43766	OpenWetRich	1.55000000	156.66715248	31.00000000
43767	OpenWetRich	2.78000000	296.53559129	14.00000000
43816	OpenWetRich	2.55000000	147.78094715	24.00000000
44047	OpenWetRich	1.54000000	90.91507040	28.00000000
44333	OpenWetRich	1.09000000	129.56687985	22.00000000
44356	OpenWetRich	1.69000000	221.60605300	20.00000000
44627	OpenWetRich	2.37000000	282.04957168	33.00000000
44628	OpenWetRich	1.21000000	116.28065899	26.00000000
44922	OpenWetRich	2.20000000	234.99389442	8.00000000
45503	OpenWetRich	3.54000000	102.48478422	27.00000000
45504	OpenWetRich	2.65000000	69.11797474	35.00000000
45796	OpenWetRich	2.69000000	211.12623744	20.00000000
45797	OpenWetRich	2.10000000	156.97160510	10.00000000
45798	OpenWetRich	1.86000000	117.24093601	15.00000000
45802	OpenWetRich	2.32000000	85.52311325	31.00000000
46082	OpenWetRich	1.60000000	136.24629204	12.00000000
46091	OpenWetRich	1.98000000	145.75501034	9.00000000
46381	OpenWetRich	1.65000000	81.42259514	11.00000000
46384	OpenWetRich	3.00000000	267.61279158	36.00000000
46389	OpenWetRich	2.58000000	105.04729618	19.00000000
46673	OpenWetRich	2.26000000	238.97688338	26.00000000
46674	OpenWetRich	2.39000000	217.45098421	66.00000000
46675	OpenWetRich	1.72000000	132.57066745	41.00000000
46677	OpenWetRich	1.60000000	176.37134154	23.00000000
46678	OpenWetRich	1.57000000	127.55467814	27.00000000
46679	OpenWetRich	1.27000000	107.32753685	32.00000000
46965	OpenWetRich	1.60000000	87.82000195	15.00000000
47575	OpenWetRich	1.58000000	118.40445285	54.00000000
47576	OpenWetRich	2.19000000	146.36645267	37.00000000
47846	OpenWetRich	1.59000000	26.91017594	27.00000000
47848	OpenWetRich	1.24000000	63.92473017	13.00000000
48142	OpenWetRich	2.11000000	44.10462411	23.00000000
48156	OpenWetRich	3.08000000	352.59610074	23.00000000
52570	OpenWetRich	2.69000000	151.25563173	25.00000000
52891	OpenWetRich	1.43000000	228.09490170	10.00000000
53478	OpenWetRich	1.74000000	85.04944017	34.00000000
53775	OpenWetRich	1.36000000	93.74051729	17.00000000
54377	OpenWetRich	3.54000000	482.37898080	13.00000000
54378	OpenWetRich	1.32000000	190.01789385	22.00000000
54943	OpenWetRich	2.07000000	361.45147384	28.00000000
55227	OpenWetRich	1.31000000	129.63710604	5.00000000
55520	OpenWetRich	2.30000000	205.78361211	13.00000000
55521	OpenWetRich	2.81000000	304.31945649	27.00000000
55522	OpenWetRich	1.09000000	102.30034729	56.00000000
55523	OpenWetRich	1.56000000	127.01117195	38.00000000
55524	OpenWetRich	1.07000000	124.75889220	47.00000000
55530	OpenWetRich	1.26000000	104.81611684	50.00000000
55533	OpenWetRich	2.62000000	337.49068175	14.00000000
55557	OpenWetRich	3.35000000	625.60622356	14.00000000
55558	OpenWetRich	2.21000000	343.11234639	35.00000000
55559	OpenWetRich	1.74000000	235.18441749	43.00000000
55816	OpenWetRich	1.85000000	109.33615560	49.00000000
55818	OpenWetRich	1.06000000	84.26403296	11.00000000
55819	OpenWetRich	2.07000000	228.45651971	4.00000000
56124	OpenWetRich	1.48000000	132.89258457	8.00000000
56129	OpenWetRich	1.12000000	31.71881126	33.00000000
56147	OpenWetRich	1.52000000	335.69810641	25.00000000
56148	OpenWetRich	3.19000000	606.58237701	25.00000000
56149	OpenWetRich	3.71000000	503.92903505	14.00000000
56150	OpenWetRich	2.26000000	334.52382415	30.00000000
56441	OpenWetRich	1.88000000	401.10592833	47.00000000
56442	OpenWetRich	3.15000000	649.82849467	14.00000000
56443	OpenWetRich	3.71000000	648.77385767	11.00000000
56444	OpenWetRich	1.14000000	151.36510791	0.00000000
57022	OpenWetRich	1.59000000	336.24014695	18.00000000
57023	OpenWetRich	3.94000000	943.64898621	0.00000000
57315	OpenWetRich	1.76000000	360.53280465	0.00000000
57316	OpenWetRich	2.65000000	625.94482230	0.00000000
57318	OpenWetRich	3.72000000	889.67034892	19.00000000
57319	OpenWetRich	3.39000000	766.33760385	30.00000000
57611	OpenWetRich	3.45000000	837.31544558	0.00000000
57612	OpenWetRich	2.98000000	763.02686912	16.00000000
57613	OpenWetRich	1.69000000	423.20900045	34.00000000
57614	OpenWetRich	3.71000000	882.64006852	0.00000000
57906	OpenWetRich	2.37000000	586.61115100	22.00000000
57907	OpenWetRich	2.77000000	686.84495891	27.00000000
57908	OpenWetRich	1.38000000	351.31141593	39.00000000
57909	OpenWetRich	3.76000000	906.18413489	0.00000000
58201	OpenWetRich	1.95000000	471.90969741	15.00000000
58202	OpenWetRich	3.09000000	853.87066170	35.00000000
58203	OpenWetRich	1.27000000	336.79901328	22.00000000
58204	OpenWetRich	3.20000000	732.68220313	0.00000000
58496	OpenWetRich	2.33000000	609.90798865	0.00000000
58497	OpenWetRich	2.99000000	822.30418876	39.00000000
58498	OpenWetRich	3.18000000	787.01635219	20.00000000
58790	OpenWetRich	2.51000000	553.91489792	19.00000000
58791	OpenWetRich	3.74000000	940.19338430	0.00000000
58792	OpenWetRich	1.37000000	359.43875851	23.00000000
59084	OpenWetRich	2.07000000	439.95289727	0.00000000
59085	OpenWetRich	3.83000000	914.42856569	0.00000000
59086	OpenWetRich	3.75000000	933.81508071	0.00000000
59374	OpenWetRich	2.31000000	357.99507513	16.00000000
59375	OpenWetRich	3.03000000	626.26868212	1.00000000
59669	OpenWetRich	2.58000000	514.30213417	24.00000000
59670	OpenWetRich	2.97000000	782.44185943	12.00000000
59671	OpenWetRich	2.74000000	707.67925328	11.00000000
59673	OpenWetRich	3.25000000	681.51493248	33.00000000
59676	OpenWetRich	3.70000000	641.93683055	28.00000000
59681	OpenWetRich	1.89000000	368.52265497	7.00000000
59962	OpenWetRich	1.90000000	290.61344813	52.00000000
59963	OpenWetRich	1.05000000	160.64362352	0.00000000
59964	OpenWetRich	3.33000000	826.05991668	0.00000000
59965	OpenWetRich	3.05000000	868.72095811	0.00000000
59966	OpenWetRich	2.05000000	539.51536783	26.00000000
59967	OpenWetRich	3.55000000	962.12805058	24.00000000
59968	OpenWetRich	3.70000000	904.10125750	0.00000000
59971	OpenWetRich	2.23000000	388.15857561	32.00000000
60260	OpenWetRich	2.01000000	517.14537216	0.00000000
60270	OpenWetRich	1.38000000	221.50321554	24.00000000
61154	OpenWetRich	1.35000000	184.82372282	8.00000000
61155	OpenWetRich	1.29000000	221.47180968	8.00000000
61740	OpenWetRich	1.64000000	376.68972217	43.00000000
61741	OpenWetRich	2.43000000	562.13545354	26.00000000
62035	OpenWetRich	3.57000000	786.35734358	19.00000000
62036	OpenWetRich	1.14000000	279.29703253	29.00000000
62037	OpenWetRich	3.87000000	955.39387500	0.00000000
62038	OpenWetRich	2.44000000	541.11733387	0.00000000
62327	OpenWetRich	2.03000000	178.24473654	9.00000000
62328	OpenWetRich	2.69000000	267.06382828	14.00000000
62330	OpenWetRich	4.00000000	903.55115641	0.00000000
62331	OpenWetRich	2.23000000	583.56810735	20.00000000
62332	OpenWetRich	2.15000000	546.68124311	11.00000000
62333	OpenWetRich	3.98000000	931.14366791	0.00000000
62334	OpenWetRich	1.46000000	284.73195686	0.00000000
62626	OpenWetRich	3.93000000	896.91192291	8.00000000
62627	OpenWetRich	1.42000000	324.15168931	24.00000000
62921	OpenWetRich	3.90000000	877.07007992	0.00000000
63217	OpenWetRich	3.19000000	696.60041377	0.00000000
63218	OpenWetRich	1.45000000	322.84773429	20.00000000
63219	OpenWetRich	3.63000000	717.11019044	17.00000000
63509	OpenWetRich	3.78000000	177.07064868	34.00000000
63513	OpenWetRich	2.73000000	592.71028619	9.00000000
63514	OpenWetRich	2.26000000	446.20476110	14.00000000
63808	OpenWetRich	3.74000000	819.59860721	13.00000000
63809	OpenWetRich	1.43000000	314.55681973	25.00000000
64103	OpenWetRich	2.98000000	649.13101096	10.00000000
64104	OpenWetRich	1.21000000	260.44617992	25.00000000
64398	OpenWetRich	2.05000000	444.65291986	40.00000000
64400	OpenWetRich	3.73000000	850.70937614	12.00000000
64402	OpenWetRich	2.32000000	194.96008052	32.00000000
64693	OpenWetRich	3.64000000	869.37423828	3.00000000
64695	OpenWetRich	3.38000000	1064.67234043	28.00000000
64696	OpenWetRich	4.00000000	1048.65465834	0.00000000
64698	OpenWetRich	3.30000000	324.43029872	32.00000000
64988	OpenWetRich	3.11000000	833.21567723	0.00000000
65283	OpenWetRich	1.96000000	549.08521042	0.00000000
65578	OpenWetRich	3.67000000	1015.39460302	0.00000000
65873	OpenWetRich	3.67000000	876.52302614	0.00000000
65874	OpenWetRich	1.21000000	332.02848948	17.00000000
66168	OpenWetRich	2.82000000	590.64765294	0.00000000
66169	OpenWetRich	1.43000000	297.34905657	32.00000000
66170	OpenWetRich	1.88000000	361.02686039	0.00000000
66457	OpenWetRich	1.42000000	195.34343130	0.00000000
66458	OpenWetRich	1.11000000	154.98506346	0.00000000
66463	OpenWetRich	3.78000000	744.35022382	0.00000000
66464	OpenWetRich	1.10000000	230.52615178	5.00000000
66465	OpenWetRich	3.10000000	561.47489974	34.00000000
66466	OpenWetRich	3.67000000	549.35722092	16.00000000
66751	OpenWetRich	3.71000000	451.29057492	37.00000000
66752	OpenWetRich	2.85000000	388.48136808	50.00000000
66753	OpenWetRich	3.45000000	471.33965577	14.00000000
66755	OpenWetRich	2.26000000	319.74686734	9.00000000
66756	OpenWetRich	1.61000000	184.38109627	25.00000000
66757	OpenWetRich	1.08000000	138.41067270	23.00000000
66758	OpenWetRich	2.77000000	550.51608848	2.00000000
66759	OpenWetRich	2.65000000	572.99651305	21.00000000
66761	OpenWetRich	3.14000000	581.91617195	29.00000000
67046	OpenWetRich	3.64000000	444.14462951	12.00000000
67047	OpenWetRich	2.86000000	359.47579108	25.00000000
67048	OpenWetRich	2.77000000	346.17405514	29.00000000
67049	OpenWetRich	3.82000000	485.17641500	14.00000000
67643	OpenWetRich	1.84000000	402.47675881	0.00000000
67644	OpenWetRich	1.59000000	365.19150847	2.00000000
67645	OpenWetRich	2.51000000	589.55077127	28.00000000
67646	OpenWetRich	3.66000000	863.55660979	0.00000000
67938	OpenWetRich	2.51000000	545.71292370	0.00000000
67939	OpenWetRich	1.56000000	350.25880873	19.00000000
67940	OpenWetRich	2.50000000	570.63107229	27.00000000
67941	OpenWetRich	3.83000000	858.43633840	0.00000000
68233	OpenWetRich	2.36000000	538.74552495	0.00000000
68234	OpenWetRich	1.52000000	391.40659671	15.00000000
68235	OpenWetRich	2.84000000	702.70068817	24.00000000
68236	OpenWetRich	2.98000000	636.02799011	0.00000000
68528	OpenWetRich	1.24000000	298.82817125	0.00000000
68530	OpenWetRich	3.18000000	847.01910462	24.00000000
68531	OpenWetRich	3.84000000	885.64408457	0.00000000
68823	OpenWetRich	2.66000000	613.56526260	0.00000000
68824	OpenWetRich	1.08000000	267.63438818	20.00000000
68825	OpenWetRich	3.31000000	834.77146197	11.00000000
69118	OpenWetRich	3.83000000	900.34159563	0.00000000
69119	OpenWetRich	1.49000000	341.53320172	23.00000000
69120	OpenWetRich	3.48000000	761.36302189	20.00000000
69412	OpenWetRich	1.91000000	509.97046069	0.00000000
69413	OpenWetRich	4.00000000	1077.81572360	0.00000000
69414	OpenWetRich	1.38000000	328.60328759	23.00000000
69707	OpenWetRich	2.61000000	798.10711444	0.00000000
69708	OpenWetRich	2.95000000	888.16334085	1.00000000
69710	OpenWetRich	2.41000000	616.76921532	6.00000000
69711	OpenWetRich	2.96000000	803.37239446	23.00000000
69712	OpenWetRich	1.42000000	357.10200312	11.00000000
70302	OpenWetRich	2.33000000	613.85540584	12.00000000
71182	OpenWetRich	2.97000000	925.75950133	13.00000000
71183	OpenWetRich	2.08000000	542.76571390	0.00000000
71465	OpenWetRich	1.79000000	247.47159674	23.00000000
71470	OpenWetRich	2.44000000	630.08444122	0.00000000
71471	OpenWetRich	1.31000000	399.87482489	0.00000000
71476	OpenWetRich	2.05000000	565.06975307	18.00000000
71477	OpenWetRich	2.99000000	743.11576483	0.00000000
71761	OpenWetRich	1.34000000	157.10680098	43.00000000
71762	OpenWetRich	1.64000000	270.11088975	22.00000000
71765	OpenWetRich	3.41000000	1008.05789575	18.00000000
71770	OpenWetRich	1.22000000	356.50456405	34.00000000
71771	OpenWetRich	3.87000000	994.42113134	3.00000000
71779	OpenWetRich	1.41000000	243.33319278	25.00000000
72057	OpenWetRich	2.32000000	351.41966731	10.00000000
72058	OpenWetRich	1.48000000	288.17389753	32.00000000
72060	OpenWetRich	3.04000000	1093.62422125	17.00000000
72065	OpenWetRich	3.30000000	1001.58988282	6.00000000
72360	OpenWetRich	3.80000000	1023.78783480	0.00000000
72947	OpenWetRich	2.00000000	840.97958391	28.00000000
73242	OpenWetRich	1.44000000	527.73107497	37.00000000
73243	OpenWetRich	3.32000000	1248.13108704	19.00000000
73537	OpenWetRich	3.45000000	1128.48184286	18.00000000
73538	OpenWetRich	3.87000000	1380.14045062	0.00000000
73541	OpenWetRich	2.55000000	601.55624129	14.00000000
73542	OpenWetRich	3.29000000	729.71726058	0.00000000
73832	OpenWetRich	3.59000000	1151.78596138	0.00000000
73833	OpenWetRich	3.38000000	1149.10213263	0.00000000
73836	OpenWetRich	1.39000000	375.24331436	5.00000000
73837	OpenWetRich	3.16000000	764.64380029	0.00000000
74127	OpenWetRich	3.02000000	955.76701144	0.00000000
74132	OpenWetRich	3.76000000	1009.94697278	0.00000000
74418	OpenWetRich	1.82000000	719.57654813	0.00000000
74419	OpenWetRich	2.12000000	860.75451835	47.00000000
74422	OpenWetRich	2.83000000	949.96289944	3.00000000
74426	OpenWetRich	1.62000000	504.42460805	17.00000000
74427	OpenWetRich	3.04000000	880.77597726	21.00000000
74428	OpenWetRich	3.19000000	928.16444981	0.00000000
74712	OpenWetRich	2.36000000	978.02451643	4.00000000
74713	OpenWetRich	1.27000000	539.13266233	27.00000000
74717	OpenWetRich	2.63000000	953.05679171	18.00000000
74719	OpenWetRich	2.01000000	625.64051508	30.00000000
74720	OpenWetRich	2.60000000	851.44117663	0.00000000
74721	OpenWetRich	1.54000000	503.78331902	5.00000000
74723	OpenWetRich	3.07000000	1115.18123670	1.00000000
75007	OpenWetRich	3.03000000	1219.57699216	0.00000000
75008	OpenWetRich	2.80000000	1198.59903648	0.00000000
75009	OpenWetRich	3.05000000	1412.60584547	0.00000000
75012	OpenWetRich	2.32000000	935.61403262	30.00000000
75020	OpenWetRich	2.08000000	976.27292454	2.00000000
75022	OpenWetRich	1.08000000	398.20306699	18.00000000
75301	OpenWetRich	2.73000000	964.06716435	29.00000000
75302	OpenWetRich	3.33000000	1293.43804405	0.00000000
75303	OpenWetRich	2.77000000	1245.97114203	0.00000000
75304	OpenWetRich	3.83000000	1861.98542243	0.00000000
75305	OpenWetRich	2.58000000	1193.68666365	26.00000000
75306	OpenWetRich	1.15000000	477.00226711	10.00000000
75315	OpenWetRich	1.22000000	584.64830452	102.00000000
75316	OpenWetRich	1.98000000	900.10771243	35.00000000
75598	OpenWetRich	2.04000000	954.89297538	5.00000000
75599	OpenWetRich	2.04000000	1034.18298009	32.00000000
75610	OpenWetRich	1.77000000	835.13729728	51.00000000
75887	OpenWetRich	1.63000000	761.67727921	4.00000000
75888	OpenWetRich	2.23000000	735.15692800	10.00000000
82064	OpenWetRich	1.05000000	140.55526516	27.00000000
83542	OpenWetRich	2.85000000	728.81297435	0.00000000
83543	OpenWetRich	1.01000000	272.89372394	15.00000000
83859	OpenWetRich	1.23000000	281.82738425	1.00000000
83860	OpenWetRich	1.09000000	230.05917133	17.00000000
84772	OpenWetRich	3.35000000	926.45498541	5.00000000
85067	OpenWetRich	3.20000000	685.16896714	52.00000000
85068	OpenWetRich	3.33000000	780.44974345	27.00000000
85069	OpenWetRich	1.89000000	550.64417423	50.00000000
85070	OpenWetRich	3.44000000	925.35256018	5.00000000
85360	OpenWetRich	1.02000000	111.89011460	0.00000000
85361	OpenWetRich	2.33000000	215.66764559	0.00000000
85362	OpenWetRich	3.65000000	377.15143238	18.00000000
85363	OpenWetRich	3.09000000	316.32755123	34.00000000
85365	OpenWetRich	2.79000000	537.20924866	0.00000000
85366	OpenWetRich	2.62000000	572.66503059	0.00000000
85655	OpenWetRich	1.75000000	148.16478860	0.00000000
85656	OpenWetRich	1.64000000	135.08761524	0.00000000
85657	OpenWetRich	2.98000000	162.28805133	0.00000000
85658	OpenWetRich	3.81000000	343.06499179	0.00000000
85659	OpenWetRich	2.43000000	264.46677162	65.00000000
85660	OpenWetRich	2.51000000	429.30521145	10.00000000
85661	OpenWetRich	2.37000000	384.24489722	0.00000000
85914	OpenWetRich	2.82000000	739.49616640	13.00000000
85915	OpenWetRich	2.35000000	662.55227545	35.00000000
85952	OpenWetRich	1.01000000	59.51377446	0.00000000
85953	OpenWetRich	3.72000000	272.86787071	0.00000000
85954	OpenWetRich	4.00000000	349.23803154	0.00000000
85955	OpenWetRich	3.14000000	171.96008955	8.00000000
86210	OpenWetRich	3.32000000	926.38296627	17.00000000
86247	OpenWetRich	1.16000000	106.73896654	0.00000000
86248	OpenWetRich	3.95000000	358.71706597	0.00000000
86249	OpenWetRich	3.86000000	355.25209834	0.00000000
86250	OpenWetRich	2.55000000	326.28224350	0.00000000
86543	OpenWetRich	2.11000000	243.76239830	0.00000000
86544	OpenWetRich	1.77000000	295.97037765	0.00000000
86807	OpenWetRich	1.18000000	176.63742742	16.00000000
87102	OpenWetRich	1.23000000	186.39099005	0.00000000
87131	OpenWetRich	1.39000000	428.76342866	33.00000000
87132	OpenWetRich	3.47000000	1121.15900167	0.00000000
87134	OpenWetRich	2.95000000	902.47635039	0.00000000
87135	OpenWetRich	1.56000000	523.19460250	1.00000000
87136	OpenWetRich	1.17000000	366.97819319	7.00000000
87430	OpenWetRich	1.61000000	554.75646186	0.00000000
87431	OpenWetRich	1.37000000	450.14520291	23.00000000
87725	OpenWetRich	1.69000000	636.10536545	0.00000000
87726	OpenWetRich	1.44000000	636.63537725	20.00000000
93637	OpenWetRich	3.28000000	660.57519136	24.00000000
93638	OpenWetRich	3.75000000	791.89217726	0.00000000
93639	OpenWetRich	3.35000000	666.01641605	5.00000000
93640	OpenWetRich	1.04000000	147.88091540	25.00000000
93933	OpenWetRich	1.97000000	346.50480737	0.00000000
93934	OpenWetRich	1.78000000	263.47900111	0.00000000
93935	OpenWetRich	3.01000000	228.29986764	7.00000000
93936	OpenWetRich	2.29000000	194.56062873	34.00000000
94231	OpenWetRich	1.29000000	80.20182458	0.00000000
94232	OpenWetRich	2.20000000	185.36544680	0.00000000
94529	OpenWetRich	1.39000000	228.51210313	12.00000000
95111	OpenWetRich	1.58000000	143.27095735	9.00000000
95682	OpenWetRich	1.75000000	737.31300625	12.00000000
95683	OpenWetRich	3.49000000	1148.87014372	13.00000000
95995	OpenWetRich	1.70000000	112.30714329	38.00000000
95996	OpenWetRich	2.93000000	171.59192463	25.00000000
96290	OpenWetRich	3.56000000	303.92356403	0.00000000
96291	OpenWetRich	3.65000000	331.23766969	0.00000000
96292	OpenWetRich	3.31000000	305.76510019	0.00000000
96293	OpenWetRich	1.42000000	164.28279444	0.00000000
96574	OpenWetRich	2.23000000	153.98048188	13.00000000
96575	OpenWetRich	1.48000000	129.46456496	7.00000000
96581	OpenWetRich	1.02000000	276.76221227	8.00000000
96582	OpenWetRich	3.01000000	669.86081410	4.00000000
96585	OpenWetRich	3.80000000	400.04922957	0.00000000
96586	OpenWetRich	3.88000000	402.28065517	0.00000000
96587	OpenWetRich	3.48000000	488.15111850	11.00000000
96588	OpenWetRich	3.80000000	653.02327566	0.00000000
96862	OpenWetRich	3.65000000	1472.40135605	12.00000000
96876	OpenWetRich	1.29000000	308.61352751	33.00000000
96877	OpenWetRich	3.85000000	772.53578312	0.00000000
96882	OpenWetRich	2.36000000	367.08255862	43.00000000
96883	OpenWetRich	3.52000000	647.88509000	15.00000000
97177	OpenWetRich	1.07000000	134.64289373	21.00000000
97461	OpenWetRich	1.00000000	79.50278560	21.00000000
98033	OpenWetRich	2.57000000	1099.45321737	4.00000000
98034	OpenWetRich	1.39000000	523.03147176	9.00000000
98614	OpenWetRich	3.22000000	1010.81087602	25.00000000
98909	OpenWetRich	3.04000000	991.91203928	28.00000000
99795	OpenWetRich	3.02000000	919.61690806	42.00000000
99796	OpenWetRich	1.21000000	335.10353024	20.00000000
100096	OpenWetRich	1.80000000	581.72131020	41.00000000
100393	OpenWetRich	1.86000000	679.79780363	16.00000000
100983	OpenWetRich	1.02000000	373.03880781	17.00000000
101278	OpenWetRich	2.01000000	752.44395180	3.00000000
101279	OpenWetRich	2.74000000	1019.02184144	15.00000000
101280	OpenWetRich	2.11000000	840.57676853	1.00000000
103048	OpenWetRich	1.92000000	661.30701807	32.00000000
103348	OpenWetRich	2.89000000	1150.04288039	16.00000000
104531	OpenWetRich	2.61000000	974.21437027	32.00000000
104534	OpenWetRich	2.09000000	587.21843210	23.00000000
104825	OpenWetRich	1.84000000	714.75948476	13.00000000
104827	OpenWetRich	1.89000000	623.36167875	20.00000000
104828	OpenWetRich	2.43000000	789.28395783	13.00000000
105120	OpenWetRich	2.31000000	846.22993930	24.00000000
105410	OpenWetRich	2.35000000	612.88365153	49.00000000
105412	OpenWetRich	1.60000000	432.87355902	26.00000000
105700	OpenWetRich	2.72000000	671.05678912	34.00000000
105704	OpenWetRich	2.45000000	740.74791688	64.00000000
105705	OpenWetRich	1.82000000	523.62897493	49.00000000
105707	OpenWetRich	3.02000000	865.57340322	22.00000000
105710	OpenWetRich	2.54000000	749.62668515	38.00000000
105993	OpenWetRich	2.82000000	554.84723546	26.00000000
106000	OpenWetRich	3.21000000	864.18086703	23.00000000
106002	OpenWetRich	2.59000000	732.04521607	19.00000000
106003	OpenWetRich	2.19000000	569.78743295	10.00000000
106004	OpenWetRich	2.70000000	685.22043846	30.00000000
106297	OpenWetRich	2.14000000	550.63858264	29.00000000
106299	OpenWetRich	3.02000000	778.88560919	18.00000000
106593	OpenWetRich	2.04000000	611.79541887	14.00000000
106594	OpenWetRich	2.25000000	680.82502517	23.00000000
106595	OpenWetRich	1.64000000	435.68188052	46.00000000
106889	OpenWetRich	1.71000000	579.90506421	46.00000000
106890	OpenWetRich	2.60000000	781.08392103	37.00000000
107184	OpenWetRich	1.61000000	546.57453500	25.00000000
107185	OpenWetRich	3.03000000	995.02581523	19.00000000
107186	OpenWetRich	2.65000000	892.14253092	29.00000000
107480	OpenWetRich	2.74000000	946.21548316	43.00000000
107481	OpenWetRich	3.39000000	1163.30377167	13.00000000
107482	OpenWetRich	1.69000000	555.85228302	24.00000000
107775	OpenWetRich	1.18000000	466.55222320	37.00000000
107776	OpenWetRich	2.08000000	806.45050610	9.00000000
108070	OpenWetRich	1.05000000	440.91559646	29.00000000
108364	OpenWetRich	2.65000000	1043.98698310	20.00000000
108374	OpenWetRich	1.37000000	277.27387403	25.00000000
108662	OpenWetRich	2.32000000	1074.12250487	41.00000000
108957	OpenWetRich	2.44000000	1099.60615632	29.00000000
108958	OpenWetRich	2.07000000	831.45595985	8.00000000
108962	OpenWetRich	2.38000000	654.65086984	8.00000000
109251	OpenWetRich	2.51000000	982.08718035	13.00000000
109252	OpenWetRich	1.90000000	718.54600278	30.00000000
109255	OpenWetRich	1.41000000	401.52185144	44.00000000
109257	OpenWetRich	2.64000000	606.49168482	31.00000000
109546	OpenWetRich	2.46000000	958.58254082	6.00000000
109841	OpenWetRich	2.02000000	733.28573564	19.00000000
109842	OpenWetRich	2.34000000	722.96870369	8.00000000
109843	OpenWetRich	3.01000000	923.92894304	47.00000000
110134	OpenWetRich	3.28000000	1165.09921218	21.00000000
110135	OpenWetRich	1.98000000	614.07365647	0.00000000
110136	OpenWetRich	1.29000000	427.52450853	9.00000000
110138	OpenWetRich	3.16000000	977.07693689	18.00000000
110139	OpenWetRich	2.52000000	665.52934123	24.00000000
110429	OpenWetRich	3.32000000	977.32619302	13.00000000
110433	OpenWetRich	1.99000000	560.44463944	10.00000000
110727	OpenWetRich	1.64000000	367.79408232	30.00000000
110729	OpenWetRich	1.16000000	314.23092486	10.00000000
111022	OpenWetRich	1.09000000	212.68596900	6.00000000
111023	OpenWetRich	2.12000000	479.16640928	3.00000000
111318	OpenWetRich	2.34000000	427.49500360	0.00000000
111613	OpenWetRich	1.84000000	233.46609187	11.00000000
112193	OpenWetRich	2.63000000	960.84146585	0.00000000
112194	OpenWetRich	3.38000000	1358.43210169	0.00000000
112196	OpenWetRich	2.63000000	1044.72942479	10.00000000
112488	OpenWetRich	1.84000000	622.22653747	18.00000000
112496	OpenWetRich	2.63000000	455.65530764	30.00000000
112781	OpenWetRich	3.66000000	1285.54319586	13.00000000
113371	OpenWetRich	1.19000000	303.77532758	43.00000000
114246	OpenWetRich	2.84000000	537.69835367	32.00000000
114551	OpenWetRich	3.84000000	1238.19661328	0.00000000
114552	OpenWetRich	3.13000000	773.88433198	11.00000000
114846	OpenWetRich	1.84000000	560.77405255	25.00000000
114851	OpenWetRich	1.70000000	235.64871837	25.00000000
114852	OpenWetRich	1.87000000	340.10829752	14.00000000
115139	OpenWetRich	1.76000000	504.35265530	39.00000000
115140	OpenWetRich	1.34000000	361.87824431	30.00000000
115141	OpenWetRich	1.44000000	304.26310304	34.00000000
115142	OpenWetRich	2.19000000	389.27351300	22.00000000
115147	OpenWetRich	2.04000000	381.41221745	18.00000000
115434	OpenWetRich	2.74000000	580.89686159	26.00000000
115721	OpenWetRich	2.08000000	449.53130580	18.00000000
116010	OpenWetRich	1.46000000	455.93434741	20.00000000
116016	OpenWetRich	2.42000000	541.77291403	27.00000000
116018	OpenWetRich	1.97000000	220.20486800	41.00000000
116311	OpenWetRich	2.55000000	439.00918553	32.00000000
116605	OpenWetRich	1.99000000	239.65245055	9.00000000
116891	OpenWetRich	1.04000000	293.62086606	0.00000000
116892	OpenWetRich	2.76000000	783.46755169	21.00000000
116893	OpenWetRich	1.67000000	470.18066854	14.00000000
116902	OpenWetRich	1.93000000	106.52206096	4.00000000
117784	OpenWetRich	1.25000000	119.03862684	16.00000000
118078	OpenWetRich	1.11000000	146.38937462	43.00000000
118666	OpenWetRich	2.13000000	353.00456134	23.00000000
119542	OpenWetRich	2.03000000	717.22294687	10.00000000
119550	OpenWetRich	1.09000000	146.56679487	13.00000000
120132	OpenWetRich	2.12000000	750.78431018	25.00000000
120133	OpenWetRich	1.90000000	728.45007691	45.00000000
120136	OpenWetRich	2.37000000	707.17751227	21.00000000
120137	OpenWetRich	2.28000000	608.74383394	42.00000000
120138	OpenWetRich	2.08000000	443.63142368	25.00000000
120139	OpenWetRich	1.61000000	248.45858078	22.00000000
121025	OpenWetRich	1.35000000	122.67748278	25.00000000
121320	OpenWetRich	1.56000000	149.16951885	14.00000000
121612	OpenWetRich	1.08000000	107.61102421	47.00000000
121613	OpenWetRich	3.13000000	352.26692604	8.00000000
121615	OpenWetRich	2.28000000	211.85351291	0.00000000
121906	OpenWetRich	2.03000000	170.89240172	31.00000000
121910	OpenWetRich	2.07000000	148.21509886	8.00000000
122494	OpenWetRich	2.08000000	63.87177538	46.00000000
122495	OpenWetRich	1.47000000	63.37316809	39.00000000
122789	OpenWetRich	1.48000000	50.39964051	34.00000000
123082	OpenWetRich	2.11000000	38.82591163	33.00000000
123083	OpenWetRich	2.53000000	120.93717379	23.00000000
123376	OpenWetRich	1.55000000	19.20391713	27.00000000
123669	OpenWetRich	2.37000000	38.52175750	37.00000000
123670	OpenWetRich	1.86000000	32.94299859	54.00000000
123671	OpenWetRich	3.57000000	50.51553090	26.00000000
123910	OpenWetRich	1.54000000	133.33827184	37.00000000
123963	OpenWetRich	1.92000000	47.11738540	42.00000000
124247	OpenWetRich	2.62000000	20.27783701	54.00000000
124258	OpenWetRich	1.32000000	37.69474588	36.00000000
124513	OpenWetRich	2.32000000	19.77129412	36.00000000
124542	OpenWetRich	2.04000000	15.78885019	46.00000000
124550	OpenWetRich	1.29000000	28.81462463	17.00000000
124551	OpenWetRich	1.43000000	41.17242727	33.00000000
124808	OpenWetRich	3.37000000	416.83218238	0.00000000
124844	OpenWetRich	1.82000000	31.21406886	9.00000000
125094	OpenWetRich	3.29000000	119.67167089	59.00000000
125103	OpenWetRich	2.93000000	424.99814239	58.00000000
125139	OpenWetRich	1.39000000	21.42030652	45.00000000
125397	OpenWetRich	3.82000000	740.47190800	0.00000000
125398	OpenWetRich	1.90000000	289.54753827	33.00000000
125434	OpenWetRich	1.60000000	23.97001259	36.00000000
125693	OpenWetRich	2.62000000	557.91886130	19.00000000
125723	OpenWetRich	1.19000000	0.14636218	40.00000000
125729	OpenWetRich	1.84000000	61.24629958	39.00000000
126014	OpenWetRich	3.35000000	83.15400288	23.00000000
126015	OpenWetRich	1.87000000	26.05287456	0.00000000
126019	OpenWetRich	2.28000000	144.40704891	35.00000000
126021	OpenWetRich	1.28000000	110.01845825	17.00000000
126025	OpenWetRich	1.46000000	77.97391064	40.00000000
126310	OpenWetRich	2.54000000	98.74349429	3.00000000
126599	OpenWetRich	1.61000000	102.09872432	24.00000000
126605	OpenWetRich	2.95000000	291.94417635	49.00000000
126606	OpenWetRich	1.56000000	176.74921029	23.00000000
126608	OpenWetRich	1.56000000	157.52441549	18.00000000
126873	OpenWetRich	1.57000000	186.90430893	28.00000000
126894	OpenWetRich	3.02000000	164.84205920	33.00000000
126899	OpenWetRich	1.80000000	164.30146894	24.00000000
127161	OpenWetRich	1.39000000	24.78883604	58.00000000
127168	OpenWetRich	1.11000000	135.03383855	39.00000000
127189	OpenWetRich	3.44000000	125.56319107	1.00000000
127194	OpenWetRich	2.59000000	286.23962129	39.00000000
127484	OpenWetRich	3.77000000	121.45798905	12.00000000
127485	OpenWetRich	2.57000000	103.49775179	52.00000000
127486	OpenWetRich	2.07000000	84.07198300	31.00000000
127488	OpenWetRich	2.69000000	168.45164696	30.00000000
127780	OpenWetRich	1.97000000	79.55250181	26.00000000
127782	OpenWetRich	1.19000000	54.97882901	57.00000000
127800	OpenWetRich	1.40000000	60.47137909	39.00000000
128077	OpenWetRich	3.54000000	170.30972865	27.00000000
128078	OpenWetRich	1.51000000	84.02003951	29.00000000
128093	OpenWetRich	3.09000000	248.08245048	9.00000000
128349	OpenWetRich	3.41000000	371.23946236	14.00000000
128383	OpenWetRich	1.21000000	308.65006776	48.00000000
128386	OpenWetRich	1.10000000	153.78122693	21.00000000
128645	OpenWetRich	2.78000000	241.49516591	36.00000000
128646	OpenWetRich	1.43000000	139.15688038	43.00000000
128944	OpenWetRich	1.03000000	97.20769415	33.00000000
128960	OpenWetRich	1.87000000	128.28578704	25.00000000
128966	OpenWetRich	1.83000000	403.94365448	44.00000000
129238	OpenWetRich	3.52000000	302.81077123	20.00000000
129245	OpenWetRich	1.25000000	143.16021476	24.00000000
129268	OpenWetRich	1.21000000	131.71121423	22.00000000
129533	OpenWetRich	3.84000000	285.68580332	0.00000000
129540	OpenWetRich	2.41000000	281.80784060	31.00000000
129543	OpenWetRich	1.02000000	117.69167194	21.00000000
129544	OpenWetRich	2.12000000	264.68951025	31.00000000
129548	OpenWetRich	1.46000000	138.04135062	32.00000000
129553	OpenWetRich	1.06000000	196.86042928	26.00000000
129557	OpenWetRich	1.99000000	402.34960678	42.00000000
129562	OpenWetRich	3.10000000	405.81589283	28.00000000
129828	OpenWetRich	3.25000000	79.68925336	0.00000000
129840	OpenWetRich	1.02000000	161.74849588	36.00000000
129841	OpenWetRich	1.18000000	156.53183562	29.00000000
129843	OpenWetRich	1.50000000	215.88872746	17.00000000
129844	OpenWetRich	2.67000000	371.53081256	52.00000000
129846	OpenWetRich	1.26000000	198.00180615	57.00000000
129848	OpenWetRich	1.24000000	255.72681363	29.00000000
129849	OpenWetRich	1.60000000	365.62688778	42.00000000
129853	OpenWetRich	1.89000000	258.14289335	50.00000000
129857	OpenWetRich	1.38000000	140.34851591	28.00000000
130123	OpenWetRich	3.69000000	113.73212568	0.00000000
130138	OpenWetRich	3.06000000	669.61719727	17.00000000
130139	OpenWetRich	2.33000000	501.03334828	12.00000000
130144	OpenWetRich	1.26000000	282.57050344	39.00000000
130150	OpenWetRich	1.11000000	106.91290179	20.00000000
130418	OpenWetRich	3.79000000	118.19796352	0.00000000
130429	OpenWetRich	2.60000000	600.58565374	19.00000000
130430	OpenWetRich	2.08000000	520.02005545	33.00000000
130433	OpenWetRich	1.93000000	449.48799863	37.00000000
130434	OpenWetRich	1.03000000	239.51042186	8.00000000
130438	OpenWetRich	1.42000000	257.66414874	60.00000000
130733	OpenWetRich	1.67000000	276.65057601	74.00000000
130734	OpenWetRich	1.17000000	234.52893501	51.00000000
131021	OpenWetRich	1.35000000	376.71884597	38.00000000
131024	OpenWetRich	2.31000000	509.28704671	28.00000000
131025	OpenWetRich	1.38000000	287.10571788	34.00000000
131028	OpenWetRich	2.59000000	434.06209861	31.00000000
131029	OpenWetRich	2.01000000	337.33185430	19.00000000
131032	OpenWetRich	2.98000000	391.87758900	11.00000000
131320	OpenWetRich	2.35000000	416.58516588	26.00000000
131323	OpenWetRich	1.48000000	228.75160536	0.00000000
131327	OpenWetRich	1.25000000	174.83858833	3.00000000
131328	OpenWetRich	2.22000000	187.34451254	12.00000000
131329	OpenWetRich	1.78000000	94.75412971	39.00000000
131609	OpenWetRich	2.97000000	460.91291679	0.00000000
131610	OpenWetRich	1.68000000	357.02699302	14.00000000
131620	OpenWetRich	2.30000000	337.43360318	19.00000000
131622	OpenWetRich	1.67000000	208.19839488	36.00000000
131904	OpenWetRich	2.94000000	297.09195996	49.00000000
132199	OpenWetRich	1.75000000	170.23720150	42.00000000
132200	OpenWetRich	1.16000000	113.48783632	21.00000000
132201	OpenWetRich	2.13000000	218.64211434	22.00000000
